ARM GAS  C:\Users\a_hae\AppData\Local\Temp\ccOS17hD.s 			page 1


   1              		.cpu cortex-m0plus
   2              		.arch armv6s-m
   3              		.fpu softvfp
   4              		.eabi_attribute 20, 1
   5              		.eabi_attribute 21, 1
   6              		.eabi_attribute 23, 3
   7              		.eabi_attribute 24, 1
   8              		.eabi_attribute 25, 1
   9              		.eabi_attribute 26, 1
  10              		.eabi_attribute 30, 6
  11              		.eabi_attribute 34, 0
  12              		.eabi_attribute 18, 4
  13              		.file	"ble_app.c"
  14              		.text
  15              	.Ltext0:
  16              		.cfi_sections	.debug_frame
  17              		.file 1 "Core/Src/ble_app.c"
  18              		.section	.text.__NVIC_SystemReset,"ax",%progbits
  19              		.align	1
  20              		.syntax unified
  21              		.code	16
  22              		.thumb_func
  24              	__NVIC_SystemReset:
  25              	.LFB39:
  26              		.file 2 "Drivers/CMSIS/Include/core_cm0plus.h"
   1:Drivers/CMSIS/Include/core_cm0plus.h **** /**************************************************************************//**
   2:Drivers/CMSIS/Include/core_cm0plus.h ****  * @file     core_cm0plus.h
   3:Drivers/CMSIS/Include/core_cm0plus.h ****  * @brief    CMSIS Cortex-M0+ Core Peripheral Access Layer Header File
   4:Drivers/CMSIS/Include/core_cm0plus.h ****  * @version  V5.0.7
   5:Drivers/CMSIS/Include/core_cm0plus.h ****  * @date     13. March 2019
   6:Drivers/CMSIS/Include/core_cm0plus.h ****  ******************************************************************************/
   7:Drivers/CMSIS/Include/core_cm0plus.h **** /*
   8:Drivers/CMSIS/Include/core_cm0plus.h ****  * Copyright (c) 2009-2019 Arm Limited. All rights reserved.
   9:Drivers/CMSIS/Include/core_cm0plus.h ****  *
  10:Drivers/CMSIS/Include/core_cm0plus.h ****  * SPDX-License-Identifier: Apache-2.0
  11:Drivers/CMSIS/Include/core_cm0plus.h ****  *
  12:Drivers/CMSIS/Include/core_cm0plus.h ****  * Licensed under the Apache License, Version 2.0 (the License); you may
  13:Drivers/CMSIS/Include/core_cm0plus.h ****  * not use this file except in compliance with the License.
  14:Drivers/CMSIS/Include/core_cm0plus.h ****  * You may obtain a copy of the License at
  15:Drivers/CMSIS/Include/core_cm0plus.h ****  *
  16:Drivers/CMSIS/Include/core_cm0plus.h ****  * www.apache.org/licenses/LICENSE-2.0
  17:Drivers/CMSIS/Include/core_cm0plus.h ****  *
  18:Drivers/CMSIS/Include/core_cm0plus.h ****  * Unless required by applicable law or agreed to in writing, software
  19:Drivers/CMSIS/Include/core_cm0plus.h ****  * distributed under the License is distributed on an AS IS BASIS, WITHOUT
  20:Drivers/CMSIS/Include/core_cm0plus.h ****  * WARRANTIES OR CONDITIONS OF ANY KIND, either express or implied.
  21:Drivers/CMSIS/Include/core_cm0plus.h ****  * See the License for the specific language governing permissions and
  22:Drivers/CMSIS/Include/core_cm0plus.h ****  * limitations under the License.
  23:Drivers/CMSIS/Include/core_cm0plus.h ****  */
  24:Drivers/CMSIS/Include/core_cm0plus.h **** 
  25:Drivers/CMSIS/Include/core_cm0plus.h **** #if   defined ( __ICCARM__ )
  26:Drivers/CMSIS/Include/core_cm0plus.h ****   #pragma system_include         /* treat file as system include file for MISRA check */
  27:Drivers/CMSIS/Include/core_cm0plus.h **** #elif defined (__clang__)
  28:Drivers/CMSIS/Include/core_cm0plus.h ****   #pragma clang system_header   /* treat file as system include file */
  29:Drivers/CMSIS/Include/core_cm0plus.h **** #endif
  30:Drivers/CMSIS/Include/core_cm0plus.h **** 
  31:Drivers/CMSIS/Include/core_cm0plus.h **** #ifndef __CORE_CM0PLUS_H_GENERIC
  32:Drivers/CMSIS/Include/core_cm0plus.h **** #define __CORE_CM0PLUS_H_GENERIC
ARM GAS  C:\Users\a_hae\AppData\Local\Temp\ccOS17hD.s 			page 2


  33:Drivers/CMSIS/Include/core_cm0plus.h **** 
  34:Drivers/CMSIS/Include/core_cm0plus.h **** #include <stdint.h>
  35:Drivers/CMSIS/Include/core_cm0plus.h **** 
  36:Drivers/CMSIS/Include/core_cm0plus.h **** #ifdef __cplusplus
  37:Drivers/CMSIS/Include/core_cm0plus.h ****  extern "C" {
  38:Drivers/CMSIS/Include/core_cm0plus.h **** #endif
  39:Drivers/CMSIS/Include/core_cm0plus.h **** 
  40:Drivers/CMSIS/Include/core_cm0plus.h **** /**
  41:Drivers/CMSIS/Include/core_cm0plus.h ****   \page CMSIS_MISRA_Exceptions  MISRA-C:2004 Compliance Exceptions
  42:Drivers/CMSIS/Include/core_cm0plus.h ****   CMSIS violates the following MISRA-C:2004 rules:
  43:Drivers/CMSIS/Include/core_cm0plus.h **** 
  44:Drivers/CMSIS/Include/core_cm0plus.h ****    \li Required Rule 8.5, object/function definition in header file.<br>
  45:Drivers/CMSIS/Include/core_cm0plus.h ****      Function definitions in header files are used to allow 'inlining'.
  46:Drivers/CMSIS/Include/core_cm0plus.h **** 
  47:Drivers/CMSIS/Include/core_cm0plus.h ****    \li Required Rule 18.4, declaration of union type or object of union type: '{...}'.<br>
  48:Drivers/CMSIS/Include/core_cm0plus.h ****      Unions are used for effective representation of core registers.
  49:Drivers/CMSIS/Include/core_cm0plus.h **** 
  50:Drivers/CMSIS/Include/core_cm0plus.h ****    \li Advisory Rule 19.7, Function-like macro defined.<br>
  51:Drivers/CMSIS/Include/core_cm0plus.h ****      Function-like macros are used to allow more efficient code.
  52:Drivers/CMSIS/Include/core_cm0plus.h ****  */
  53:Drivers/CMSIS/Include/core_cm0plus.h **** 
  54:Drivers/CMSIS/Include/core_cm0plus.h **** 
  55:Drivers/CMSIS/Include/core_cm0plus.h **** /*******************************************************************************
  56:Drivers/CMSIS/Include/core_cm0plus.h ****  *                 CMSIS definitions
  57:Drivers/CMSIS/Include/core_cm0plus.h ****  ******************************************************************************/
  58:Drivers/CMSIS/Include/core_cm0plus.h **** /**
  59:Drivers/CMSIS/Include/core_cm0plus.h ****   \ingroup Cortex-M0+
  60:Drivers/CMSIS/Include/core_cm0plus.h ****   @{
  61:Drivers/CMSIS/Include/core_cm0plus.h ****  */
  62:Drivers/CMSIS/Include/core_cm0plus.h **** 
  63:Drivers/CMSIS/Include/core_cm0plus.h **** #include "cmsis_version.h"
  64:Drivers/CMSIS/Include/core_cm0plus.h ****  
  65:Drivers/CMSIS/Include/core_cm0plus.h **** /*  CMSIS CM0+ definitions */
  66:Drivers/CMSIS/Include/core_cm0plus.h **** #define __CM0PLUS_CMSIS_VERSION_MAIN (__CM_CMSIS_VERSION_MAIN)                  /*!< \deprecated [3
  67:Drivers/CMSIS/Include/core_cm0plus.h **** #define __CM0PLUS_CMSIS_VERSION_SUB  (__CM_CMSIS_VERSION_SUB)                   /*!< \deprecated [1
  68:Drivers/CMSIS/Include/core_cm0plus.h **** #define __CM0PLUS_CMSIS_VERSION      ((__CM0PLUS_CMSIS_VERSION_MAIN << 16U) | \
  69:Drivers/CMSIS/Include/core_cm0plus.h ****                                        __CM0PLUS_CMSIS_VERSION_SUB           )  /*!< \deprecated CM
  70:Drivers/CMSIS/Include/core_cm0plus.h **** 
  71:Drivers/CMSIS/Include/core_cm0plus.h **** #define __CORTEX_M                   (0U)                                       /*!< Cortex-M Core 
  72:Drivers/CMSIS/Include/core_cm0plus.h **** 
  73:Drivers/CMSIS/Include/core_cm0plus.h **** /** __FPU_USED indicates whether an FPU is used or not.
  74:Drivers/CMSIS/Include/core_cm0plus.h ****     This core does not support an FPU at all
  75:Drivers/CMSIS/Include/core_cm0plus.h **** */
  76:Drivers/CMSIS/Include/core_cm0plus.h **** #define __FPU_USED       0U
  77:Drivers/CMSIS/Include/core_cm0plus.h **** 
  78:Drivers/CMSIS/Include/core_cm0plus.h **** #if defined ( __CC_ARM )
  79:Drivers/CMSIS/Include/core_cm0plus.h ****   #if defined __TARGET_FPU_VFP
  80:Drivers/CMSIS/Include/core_cm0plus.h ****     #error "Compiler generates FPU instructions for a device without an FPU (check __FPU_PRESENT)"
  81:Drivers/CMSIS/Include/core_cm0plus.h ****   #endif
  82:Drivers/CMSIS/Include/core_cm0plus.h **** 
  83:Drivers/CMSIS/Include/core_cm0plus.h **** #elif defined (__ARMCC_VERSION) && (__ARMCC_VERSION >= 6010050)
  84:Drivers/CMSIS/Include/core_cm0plus.h ****   #if defined __ARM_FP
  85:Drivers/CMSIS/Include/core_cm0plus.h ****     #error "Compiler generates FPU instructions for a device without an FPU (check __FPU_PRESENT)"
  86:Drivers/CMSIS/Include/core_cm0plus.h ****   #endif
  87:Drivers/CMSIS/Include/core_cm0plus.h **** 
  88:Drivers/CMSIS/Include/core_cm0plus.h **** #elif defined ( __GNUC__ )
  89:Drivers/CMSIS/Include/core_cm0plus.h ****   #if defined (__VFP_FP__) && !defined(__SOFTFP__)
ARM GAS  C:\Users\a_hae\AppData\Local\Temp\ccOS17hD.s 			page 3


  90:Drivers/CMSIS/Include/core_cm0plus.h ****     #error "Compiler generates FPU instructions for a device without an FPU (check __FPU_PRESENT)"
  91:Drivers/CMSIS/Include/core_cm0plus.h ****   #endif
  92:Drivers/CMSIS/Include/core_cm0plus.h **** 
  93:Drivers/CMSIS/Include/core_cm0plus.h **** #elif defined ( __ICCARM__ )
  94:Drivers/CMSIS/Include/core_cm0plus.h ****   #if defined __ARMVFP__
  95:Drivers/CMSIS/Include/core_cm0plus.h ****     #error "Compiler generates FPU instructions for a device without an FPU (check __FPU_PRESENT)"
  96:Drivers/CMSIS/Include/core_cm0plus.h ****   #endif
  97:Drivers/CMSIS/Include/core_cm0plus.h **** 
  98:Drivers/CMSIS/Include/core_cm0plus.h **** #elif defined ( __TI_ARM__ )
  99:Drivers/CMSIS/Include/core_cm0plus.h ****   #if defined __TI_VFP_SUPPORT__
 100:Drivers/CMSIS/Include/core_cm0plus.h ****     #error "Compiler generates FPU instructions for a device without an FPU (check __FPU_PRESENT)"
 101:Drivers/CMSIS/Include/core_cm0plus.h ****   #endif
 102:Drivers/CMSIS/Include/core_cm0plus.h **** 
 103:Drivers/CMSIS/Include/core_cm0plus.h **** #elif defined ( __TASKING__ )
 104:Drivers/CMSIS/Include/core_cm0plus.h ****   #if defined __FPU_VFP__
 105:Drivers/CMSIS/Include/core_cm0plus.h ****     #error "Compiler generates FPU instructions for a device without an FPU (check __FPU_PRESENT)"
 106:Drivers/CMSIS/Include/core_cm0plus.h ****   #endif
 107:Drivers/CMSIS/Include/core_cm0plus.h **** 
 108:Drivers/CMSIS/Include/core_cm0plus.h **** #elif defined ( __CSMC__ )
 109:Drivers/CMSIS/Include/core_cm0plus.h ****   #if ( __CSMC__ & 0x400U)
 110:Drivers/CMSIS/Include/core_cm0plus.h ****     #error "Compiler generates FPU instructions for a device without an FPU (check __FPU_PRESENT)"
 111:Drivers/CMSIS/Include/core_cm0plus.h ****   #endif
 112:Drivers/CMSIS/Include/core_cm0plus.h **** 
 113:Drivers/CMSIS/Include/core_cm0plus.h **** #endif
 114:Drivers/CMSIS/Include/core_cm0plus.h **** 
 115:Drivers/CMSIS/Include/core_cm0plus.h **** #include "cmsis_compiler.h"               /* CMSIS compiler specific defines */
 116:Drivers/CMSIS/Include/core_cm0plus.h **** 
 117:Drivers/CMSIS/Include/core_cm0plus.h **** 
 118:Drivers/CMSIS/Include/core_cm0plus.h **** #ifdef __cplusplus
 119:Drivers/CMSIS/Include/core_cm0plus.h **** }
 120:Drivers/CMSIS/Include/core_cm0plus.h **** #endif
 121:Drivers/CMSIS/Include/core_cm0plus.h **** 
 122:Drivers/CMSIS/Include/core_cm0plus.h **** #endif /* __CORE_CM0PLUS_H_GENERIC */
 123:Drivers/CMSIS/Include/core_cm0plus.h **** 
 124:Drivers/CMSIS/Include/core_cm0plus.h **** #ifndef __CMSIS_GENERIC
 125:Drivers/CMSIS/Include/core_cm0plus.h **** 
 126:Drivers/CMSIS/Include/core_cm0plus.h **** #ifndef __CORE_CM0PLUS_H_DEPENDANT
 127:Drivers/CMSIS/Include/core_cm0plus.h **** #define __CORE_CM0PLUS_H_DEPENDANT
 128:Drivers/CMSIS/Include/core_cm0plus.h **** 
 129:Drivers/CMSIS/Include/core_cm0plus.h **** #ifdef __cplusplus
 130:Drivers/CMSIS/Include/core_cm0plus.h ****  extern "C" {
 131:Drivers/CMSIS/Include/core_cm0plus.h **** #endif
 132:Drivers/CMSIS/Include/core_cm0plus.h **** 
 133:Drivers/CMSIS/Include/core_cm0plus.h **** /* check device defines and use defaults */
 134:Drivers/CMSIS/Include/core_cm0plus.h **** #if defined __CHECK_DEVICE_DEFINES
 135:Drivers/CMSIS/Include/core_cm0plus.h ****   #ifndef __CM0PLUS_REV
 136:Drivers/CMSIS/Include/core_cm0plus.h ****     #define __CM0PLUS_REV             0x0000U
 137:Drivers/CMSIS/Include/core_cm0plus.h ****     #warning "__CM0PLUS_REV not defined in device header file; using default!"
 138:Drivers/CMSIS/Include/core_cm0plus.h ****   #endif
 139:Drivers/CMSIS/Include/core_cm0plus.h **** 
 140:Drivers/CMSIS/Include/core_cm0plus.h ****   #ifndef __MPU_PRESENT
 141:Drivers/CMSIS/Include/core_cm0plus.h ****     #define __MPU_PRESENT             0U
 142:Drivers/CMSIS/Include/core_cm0plus.h ****     #warning "__MPU_PRESENT not defined in device header file; using default!"
 143:Drivers/CMSIS/Include/core_cm0plus.h ****   #endif
 144:Drivers/CMSIS/Include/core_cm0plus.h **** 
 145:Drivers/CMSIS/Include/core_cm0plus.h ****   #ifndef __VTOR_PRESENT
 146:Drivers/CMSIS/Include/core_cm0plus.h ****     #define __VTOR_PRESENT            0U
ARM GAS  C:\Users\a_hae\AppData\Local\Temp\ccOS17hD.s 			page 4


 147:Drivers/CMSIS/Include/core_cm0plus.h ****     #warning "__VTOR_PRESENT not defined in device header file; using default!"
 148:Drivers/CMSIS/Include/core_cm0plus.h ****   #endif
 149:Drivers/CMSIS/Include/core_cm0plus.h **** 
 150:Drivers/CMSIS/Include/core_cm0plus.h ****   #ifndef __NVIC_PRIO_BITS
 151:Drivers/CMSIS/Include/core_cm0plus.h ****     #define __NVIC_PRIO_BITS          2U
 152:Drivers/CMSIS/Include/core_cm0plus.h ****     #warning "__NVIC_PRIO_BITS not defined in device header file; using default!"
 153:Drivers/CMSIS/Include/core_cm0plus.h ****   #endif
 154:Drivers/CMSIS/Include/core_cm0plus.h **** 
 155:Drivers/CMSIS/Include/core_cm0plus.h ****   #ifndef __Vendor_SysTickConfig
 156:Drivers/CMSIS/Include/core_cm0plus.h ****     #define __Vendor_SysTickConfig    0U
 157:Drivers/CMSIS/Include/core_cm0plus.h ****     #warning "__Vendor_SysTickConfig not defined in device header file; using default!"
 158:Drivers/CMSIS/Include/core_cm0plus.h ****   #endif
 159:Drivers/CMSIS/Include/core_cm0plus.h **** #endif
 160:Drivers/CMSIS/Include/core_cm0plus.h **** 
 161:Drivers/CMSIS/Include/core_cm0plus.h **** /* IO definitions (access restrictions to peripheral registers) */
 162:Drivers/CMSIS/Include/core_cm0plus.h **** /**
 163:Drivers/CMSIS/Include/core_cm0plus.h ****     \defgroup CMSIS_glob_defs CMSIS Global Defines
 164:Drivers/CMSIS/Include/core_cm0plus.h **** 
 165:Drivers/CMSIS/Include/core_cm0plus.h ****     <strong>IO Type Qualifiers</strong> are used
 166:Drivers/CMSIS/Include/core_cm0plus.h ****     \li to specify the access to peripheral variables.
 167:Drivers/CMSIS/Include/core_cm0plus.h ****     \li for automatic generation of peripheral register debug information.
 168:Drivers/CMSIS/Include/core_cm0plus.h **** */
 169:Drivers/CMSIS/Include/core_cm0plus.h **** #ifdef __cplusplus
 170:Drivers/CMSIS/Include/core_cm0plus.h ****   #define   __I     volatile             /*!< Defines 'read only' permissions */
 171:Drivers/CMSIS/Include/core_cm0plus.h **** #else
 172:Drivers/CMSIS/Include/core_cm0plus.h ****   #define   __I     volatile const       /*!< Defines 'read only' permissions */
 173:Drivers/CMSIS/Include/core_cm0plus.h **** #endif
 174:Drivers/CMSIS/Include/core_cm0plus.h **** #define     __O     volatile             /*!< Defines 'write only' permissions */
 175:Drivers/CMSIS/Include/core_cm0plus.h **** #define     __IO    volatile             /*!< Defines 'read / write' permissions */
 176:Drivers/CMSIS/Include/core_cm0plus.h **** 
 177:Drivers/CMSIS/Include/core_cm0plus.h **** /* following defines should be used for structure members */
 178:Drivers/CMSIS/Include/core_cm0plus.h **** #define     __IM     volatile const      /*! Defines 'read only' structure member permissions */
 179:Drivers/CMSIS/Include/core_cm0plus.h **** #define     __OM     volatile            /*! Defines 'write only' structure member permissions */
 180:Drivers/CMSIS/Include/core_cm0plus.h **** #define     __IOM    volatile            /*! Defines 'read / write' structure member permissions */
 181:Drivers/CMSIS/Include/core_cm0plus.h **** 
 182:Drivers/CMSIS/Include/core_cm0plus.h **** /*@} end of group Cortex-M0+ */
 183:Drivers/CMSIS/Include/core_cm0plus.h **** 
 184:Drivers/CMSIS/Include/core_cm0plus.h **** 
 185:Drivers/CMSIS/Include/core_cm0plus.h **** 
 186:Drivers/CMSIS/Include/core_cm0plus.h **** /*******************************************************************************
 187:Drivers/CMSIS/Include/core_cm0plus.h ****  *                 Register Abstraction
 188:Drivers/CMSIS/Include/core_cm0plus.h ****   Core Register contain:
 189:Drivers/CMSIS/Include/core_cm0plus.h ****   - Core Register
 190:Drivers/CMSIS/Include/core_cm0plus.h ****   - Core NVIC Register
 191:Drivers/CMSIS/Include/core_cm0plus.h ****   - Core SCB Register
 192:Drivers/CMSIS/Include/core_cm0plus.h ****   - Core SysTick Register
 193:Drivers/CMSIS/Include/core_cm0plus.h ****   - Core MPU Register
 194:Drivers/CMSIS/Include/core_cm0plus.h ****  ******************************************************************************/
 195:Drivers/CMSIS/Include/core_cm0plus.h **** /**
 196:Drivers/CMSIS/Include/core_cm0plus.h ****   \defgroup CMSIS_core_register Defines and Type Definitions
 197:Drivers/CMSIS/Include/core_cm0plus.h ****   \brief Type definitions and defines for Cortex-M processor based devices.
 198:Drivers/CMSIS/Include/core_cm0plus.h **** */
 199:Drivers/CMSIS/Include/core_cm0plus.h **** 
 200:Drivers/CMSIS/Include/core_cm0plus.h **** /**
 201:Drivers/CMSIS/Include/core_cm0plus.h ****   \ingroup    CMSIS_core_register
 202:Drivers/CMSIS/Include/core_cm0plus.h ****   \defgroup   CMSIS_CORE  Status and Control Registers
 203:Drivers/CMSIS/Include/core_cm0plus.h ****   \brief      Core Register type definitions.
ARM GAS  C:\Users\a_hae\AppData\Local\Temp\ccOS17hD.s 			page 5


 204:Drivers/CMSIS/Include/core_cm0plus.h ****   @{
 205:Drivers/CMSIS/Include/core_cm0plus.h ****  */
 206:Drivers/CMSIS/Include/core_cm0plus.h **** 
 207:Drivers/CMSIS/Include/core_cm0plus.h **** /**
 208:Drivers/CMSIS/Include/core_cm0plus.h ****   \brief  Union type to access the Application Program Status Register (APSR).
 209:Drivers/CMSIS/Include/core_cm0plus.h ****  */
 210:Drivers/CMSIS/Include/core_cm0plus.h **** typedef union
 211:Drivers/CMSIS/Include/core_cm0plus.h **** {
 212:Drivers/CMSIS/Include/core_cm0plus.h ****   struct
 213:Drivers/CMSIS/Include/core_cm0plus.h ****   {
 214:Drivers/CMSIS/Include/core_cm0plus.h ****     uint32_t _reserved0:28;              /*!< bit:  0..27  Reserved */
 215:Drivers/CMSIS/Include/core_cm0plus.h ****     uint32_t V:1;                        /*!< bit:     28  Overflow condition code flag */
 216:Drivers/CMSIS/Include/core_cm0plus.h ****     uint32_t C:1;                        /*!< bit:     29  Carry condition code flag */
 217:Drivers/CMSIS/Include/core_cm0plus.h ****     uint32_t Z:1;                        /*!< bit:     30  Zero condition code flag */
 218:Drivers/CMSIS/Include/core_cm0plus.h ****     uint32_t N:1;                        /*!< bit:     31  Negative condition code flag */
 219:Drivers/CMSIS/Include/core_cm0plus.h ****   } b;                                   /*!< Structure used for bit  access */
 220:Drivers/CMSIS/Include/core_cm0plus.h ****   uint32_t w;                            /*!< Type      used for word access */
 221:Drivers/CMSIS/Include/core_cm0plus.h **** } APSR_Type;
 222:Drivers/CMSIS/Include/core_cm0plus.h **** 
 223:Drivers/CMSIS/Include/core_cm0plus.h **** /* APSR Register Definitions */
 224:Drivers/CMSIS/Include/core_cm0plus.h **** #define APSR_N_Pos                         31U                                            /*!< APSR
 225:Drivers/CMSIS/Include/core_cm0plus.h **** #define APSR_N_Msk                         (1UL << APSR_N_Pos)                            /*!< APSR
 226:Drivers/CMSIS/Include/core_cm0plus.h **** 
 227:Drivers/CMSIS/Include/core_cm0plus.h **** #define APSR_Z_Pos                         30U                                            /*!< APSR
 228:Drivers/CMSIS/Include/core_cm0plus.h **** #define APSR_Z_Msk                         (1UL << APSR_Z_Pos)                            /*!< APSR
 229:Drivers/CMSIS/Include/core_cm0plus.h **** 
 230:Drivers/CMSIS/Include/core_cm0plus.h **** #define APSR_C_Pos                         29U                                            /*!< APSR
 231:Drivers/CMSIS/Include/core_cm0plus.h **** #define APSR_C_Msk                         (1UL << APSR_C_Pos)                            /*!< APSR
 232:Drivers/CMSIS/Include/core_cm0plus.h **** 
 233:Drivers/CMSIS/Include/core_cm0plus.h **** #define APSR_V_Pos                         28U                                            /*!< APSR
 234:Drivers/CMSIS/Include/core_cm0plus.h **** #define APSR_V_Msk                         (1UL << APSR_V_Pos)                            /*!< APSR
 235:Drivers/CMSIS/Include/core_cm0plus.h **** 
 236:Drivers/CMSIS/Include/core_cm0plus.h **** 
 237:Drivers/CMSIS/Include/core_cm0plus.h **** /**
 238:Drivers/CMSIS/Include/core_cm0plus.h ****   \brief  Union type to access the Interrupt Program Status Register (IPSR).
 239:Drivers/CMSIS/Include/core_cm0plus.h ****  */
 240:Drivers/CMSIS/Include/core_cm0plus.h **** typedef union
 241:Drivers/CMSIS/Include/core_cm0plus.h **** {
 242:Drivers/CMSIS/Include/core_cm0plus.h ****   struct
 243:Drivers/CMSIS/Include/core_cm0plus.h ****   {
 244:Drivers/CMSIS/Include/core_cm0plus.h ****     uint32_t ISR:9;                      /*!< bit:  0.. 8  Exception number */
 245:Drivers/CMSIS/Include/core_cm0plus.h ****     uint32_t _reserved0:23;              /*!< bit:  9..31  Reserved */
 246:Drivers/CMSIS/Include/core_cm0plus.h ****   } b;                                   /*!< Structure used for bit  access */
 247:Drivers/CMSIS/Include/core_cm0plus.h ****   uint32_t w;                            /*!< Type      used for word access */
 248:Drivers/CMSIS/Include/core_cm0plus.h **** } IPSR_Type;
 249:Drivers/CMSIS/Include/core_cm0plus.h **** 
 250:Drivers/CMSIS/Include/core_cm0plus.h **** /* IPSR Register Definitions */
 251:Drivers/CMSIS/Include/core_cm0plus.h **** #define IPSR_ISR_Pos                        0U                                            /*!< IPSR
 252:Drivers/CMSIS/Include/core_cm0plus.h **** #define IPSR_ISR_Msk                       (0x1FFUL /*<< IPSR_ISR_Pos*/)                  /*!< IPSR
 253:Drivers/CMSIS/Include/core_cm0plus.h **** 
 254:Drivers/CMSIS/Include/core_cm0plus.h **** 
 255:Drivers/CMSIS/Include/core_cm0plus.h **** /**
 256:Drivers/CMSIS/Include/core_cm0plus.h ****   \brief  Union type to access the Special-Purpose Program Status Registers (xPSR).
 257:Drivers/CMSIS/Include/core_cm0plus.h ****  */
 258:Drivers/CMSIS/Include/core_cm0plus.h **** typedef union
 259:Drivers/CMSIS/Include/core_cm0plus.h **** {
 260:Drivers/CMSIS/Include/core_cm0plus.h ****   struct
ARM GAS  C:\Users\a_hae\AppData\Local\Temp\ccOS17hD.s 			page 6


 261:Drivers/CMSIS/Include/core_cm0plus.h ****   {
 262:Drivers/CMSIS/Include/core_cm0plus.h ****     uint32_t ISR:9;                      /*!< bit:  0.. 8  Exception number */
 263:Drivers/CMSIS/Include/core_cm0plus.h ****     uint32_t _reserved0:15;              /*!< bit:  9..23  Reserved */
 264:Drivers/CMSIS/Include/core_cm0plus.h ****     uint32_t T:1;                        /*!< bit:     24  Thumb bit        (read 0) */
 265:Drivers/CMSIS/Include/core_cm0plus.h ****     uint32_t _reserved1:3;               /*!< bit: 25..27  Reserved */
 266:Drivers/CMSIS/Include/core_cm0plus.h ****     uint32_t V:1;                        /*!< bit:     28  Overflow condition code flag */
 267:Drivers/CMSIS/Include/core_cm0plus.h ****     uint32_t C:1;                        /*!< bit:     29  Carry condition code flag */
 268:Drivers/CMSIS/Include/core_cm0plus.h ****     uint32_t Z:1;                        /*!< bit:     30  Zero condition code flag */
 269:Drivers/CMSIS/Include/core_cm0plus.h ****     uint32_t N:1;                        /*!< bit:     31  Negative condition code flag */
 270:Drivers/CMSIS/Include/core_cm0plus.h ****   } b;                                   /*!< Structure used for bit  access */
 271:Drivers/CMSIS/Include/core_cm0plus.h ****   uint32_t w;                            /*!< Type      used for word access */
 272:Drivers/CMSIS/Include/core_cm0plus.h **** } xPSR_Type;
 273:Drivers/CMSIS/Include/core_cm0plus.h **** 
 274:Drivers/CMSIS/Include/core_cm0plus.h **** /* xPSR Register Definitions */
 275:Drivers/CMSIS/Include/core_cm0plus.h **** #define xPSR_N_Pos                         31U                                            /*!< xPSR
 276:Drivers/CMSIS/Include/core_cm0plus.h **** #define xPSR_N_Msk                         (1UL << xPSR_N_Pos)                            /*!< xPSR
 277:Drivers/CMSIS/Include/core_cm0plus.h **** 
 278:Drivers/CMSIS/Include/core_cm0plus.h **** #define xPSR_Z_Pos                         30U                                            /*!< xPSR
 279:Drivers/CMSIS/Include/core_cm0plus.h **** #define xPSR_Z_Msk                         (1UL << xPSR_Z_Pos)                            /*!< xPSR
 280:Drivers/CMSIS/Include/core_cm0plus.h **** 
 281:Drivers/CMSIS/Include/core_cm0plus.h **** #define xPSR_C_Pos                         29U                                            /*!< xPSR
 282:Drivers/CMSIS/Include/core_cm0plus.h **** #define xPSR_C_Msk                         (1UL << xPSR_C_Pos)                            /*!< xPSR
 283:Drivers/CMSIS/Include/core_cm0plus.h **** 
 284:Drivers/CMSIS/Include/core_cm0plus.h **** #define xPSR_V_Pos                         28U                                            /*!< xPSR
 285:Drivers/CMSIS/Include/core_cm0plus.h **** #define xPSR_V_Msk                         (1UL << xPSR_V_Pos)                            /*!< xPSR
 286:Drivers/CMSIS/Include/core_cm0plus.h **** 
 287:Drivers/CMSIS/Include/core_cm0plus.h **** #define xPSR_T_Pos                         24U                                            /*!< xPSR
 288:Drivers/CMSIS/Include/core_cm0plus.h **** #define xPSR_T_Msk                         (1UL << xPSR_T_Pos)                            /*!< xPSR
 289:Drivers/CMSIS/Include/core_cm0plus.h **** 
 290:Drivers/CMSIS/Include/core_cm0plus.h **** #define xPSR_ISR_Pos                        0U                                            /*!< xPSR
 291:Drivers/CMSIS/Include/core_cm0plus.h **** #define xPSR_ISR_Msk                       (0x1FFUL /*<< xPSR_ISR_Pos*/)                  /*!< xPSR
 292:Drivers/CMSIS/Include/core_cm0plus.h **** 
 293:Drivers/CMSIS/Include/core_cm0plus.h **** 
 294:Drivers/CMSIS/Include/core_cm0plus.h **** /**
 295:Drivers/CMSIS/Include/core_cm0plus.h ****   \brief  Union type to access the Control Registers (CONTROL).
 296:Drivers/CMSIS/Include/core_cm0plus.h ****  */
 297:Drivers/CMSIS/Include/core_cm0plus.h **** typedef union
 298:Drivers/CMSIS/Include/core_cm0plus.h **** {
 299:Drivers/CMSIS/Include/core_cm0plus.h ****   struct
 300:Drivers/CMSIS/Include/core_cm0plus.h ****   {
 301:Drivers/CMSIS/Include/core_cm0plus.h ****     uint32_t nPRIV:1;                    /*!< bit:      0  Execution privilege in Thread mode */
 302:Drivers/CMSIS/Include/core_cm0plus.h ****     uint32_t SPSEL:1;                    /*!< bit:      1  Stack to be used */
 303:Drivers/CMSIS/Include/core_cm0plus.h ****     uint32_t _reserved1:30;              /*!< bit:  2..31  Reserved */
 304:Drivers/CMSIS/Include/core_cm0plus.h ****   } b;                                   /*!< Structure used for bit  access */
 305:Drivers/CMSIS/Include/core_cm0plus.h ****   uint32_t w;                            /*!< Type      used for word access */
 306:Drivers/CMSIS/Include/core_cm0plus.h **** } CONTROL_Type;
 307:Drivers/CMSIS/Include/core_cm0plus.h **** 
 308:Drivers/CMSIS/Include/core_cm0plus.h **** /* CONTROL Register Definitions */
 309:Drivers/CMSIS/Include/core_cm0plus.h **** #define CONTROL_SPSEL_Pos                   1U                                            /*!< CONT
 310:Drivers/CMSIS/Include/core_cm0plus.h **** #define CONTROL_SPSEL_Msk                  (1UL << CONTROL_SPSEL_Pos)                     /*!< CONT
 311:Drivers/CMSIS/Include/core_cm0plus.h **** 
 312:Drivers/CMSIS/Include/core_cm0plus.h **** #define CONTROL_nPRIV_Pos                   0U                                            /*!< CONT
 313:Drivers/CMSIS/Include/core_cm0plus.h **** #define CONTROL_nPRIV_Msk                  (1UL /*<< CONTROL_nPRIV_Pos*/)                 /*!< CONT
 314:Drivers/CMSIS/Include/core_cm0plus.h **** 
 315:Drivers/CMSIS/Include/core_cm0plus.h **** /*@} end of group CMSIS_CORE */
 316:Drivers/CMSIS/Include/core_cm0plus.h **** 
 317:Drivers/CMSIS/Include/core_cm0plus.h **** 
ARM GAS  C:\Users\a_hae\AppData\Local\Temp\ccOS17hD.s 			page 7


 318:Drivers/CMSIS/Include/core_cm0plus.h **** /**
 319:Drivers/CMSIS/Include/core_cm0plus.h ****   \ingroup    CMSIS_core_register
 320:Drivers/CMSIS/Include/core_cm0plus.h ****   \defgroup   CMSIS_NVIC  Nested Vectored Interrupt Controller (NVIC)
 321:Drivers/CMSIS/Include/core_cm0plus.h ****   \brief      Type definitions for the NVIC Registers
 322:Drivers/CMSIS/Include/core_cm0plus.h ****   @{
 323:Drivers/CMSIS/Include/core_cm0plus.h ****  */
 324:Drivers/CMSIS/Include/core_cm0plus.h **** 
 325:Drivers/CMSIS/Include/core_cm0plus.h **** /**
 326:Drivers/CMSIS/Include/core_cm0plus.h ****   \brief  Structure type to access the Nested Vectored Interrupt Controller (NVIC).
 327:Drivers/CMSIS/Include/core_cm0plus.h ****  */
 328:Drivers/CMSIS/Include/core_cm0plus.h **** typedef struct
 329:Drivers/CMSIS/Include/core_cm0plus.h **** {
 330:Drivers/CMSIS/Include/core_cm0plus.h ****   __IOM uint32_t ISER[1U];               /*!< Offset: 0x000 (R/W)  Interrupt Set Enable Register */
 331:Drivers/CMSIS/Include/core_cm0plus.h ****         uint32_t RESERVED0[31U];
 332:Drivers/CMSIS/Include/core_cm0plus.h ****   __IOM uint32_t ICER[1U];               /*!< Offset: 0x080 (R/W)  Interrupt Clear Enable Register 
 333:Drivers/CMSIS/Include/core_cm0plus.h ****         uint32_t RESERVED1[31U];
 334:Drivers/CMSIS/Include/core_cm0plus.h ****   __IOM uint32_t ISPR[1U];               /*!< Offset: 0x100 (R/W)  Interrupt Set Pending Register *
 335:Drivers/CMSIS/Include/core_cm0plus.h ****         uint32_t RESERVED2[31U];
 336:Drivers/CMSIS/Include/core_cm0plus.h ****   __IOM uint32_t ICPR[1U];               /*!< Offset: 0x180 (R/W)  Interrupt Clear Pending Register
 337:Drivers/CMSIS/Include/core_cm0plus.h ****         uint32_t RESERVED3[31U];
 338:Drivers/CMSIS/Include/core_cm0plus.h ****         uint32_t RESERVED4[64U];
 339:Drivers/CMSIS/Include/core_cm0plus.h ****   __IOM uint32_t IP[8U];                 /*!< Offset: 0x300 (R/W)  Interrupt Priority Register */
 340:Drivers/CMSIS/Include/core_cm0plus.h **** }  NVIC_Type;
 341:Drivers/CMSIS/Include/core_cm0plus.h **** 
 342:Drivers/CMSIS/Include/core_cm0plus.h **** /*@} end of group CMSIS_NVIC */
 343:Drivers/CMSIS/Include/core_cm0plus.h **** 
 344:Drivers/CMSIS/Include/core_cm0plus.h **** 
 345:Drivers/CMSIS/Include/core_cm0plus.h **** /**
 346:Drivers/CMSIS/Include/core_cm0plus.h ****   \ingroup  CMSIS_core_register
 347:Drivers/CMSIS/Include/core_cm0plus.h ****   \defgroup CMSIS_SCB     System Control Block (SCB)
 348:Drivers/CMSIS/Include/core_cm0plus.h ****   \brief    Type definitions for the System Control Block Registers
 349:Drivers/CMSIS/Include/core_cm0plus.h ****   @{
 350:Drivers/CMSIS/Include/core_cm0plus.h ****  */
 351:Drivers/CMSIS/Include/core_cm0plus.h **** 
 352:Drivers/CMSIS/Include/core_cm0plus.h **** /**
 353:Drivers/CMSIS/Include/core_cm0plus.h ****   \brief  Structure type to access the System Control Block (SCB).
 354:Drivers/CMSIS/Include/core_cm0plus.h ****  */
 355:Drivers/CMSIS/Include/core_cm0plus.h **** typedef struct
 356:Drivers/CMSIS/Include/core_cm0plus.h **** {
 357:Drivers/CMSIS/Include/core_cm0plus.h ****   __IM  uint32_t CPUID;                  /*!< Offset: 0x000 (R/ )  CPUID Base Register */
 358:Drivers/CMSIS/Include/core_cm0plus.h ****   __IOM uint32_t ICSR;                   /*!< Offset: 0x004 (R/W)  Interrupt Control and State Regi
 359:Drivers/CMSIS/Include/core_cm0plus.h **** #if defined (__VTOR_PRESENT) && (__VTOR_PRESENT == 1U)
 360:Drivers/CMSIS/Include/core_cm0plus.h ****   __IOM uint32_t VTOR;                   /*!< Offset: 0x008 (R/W)  Vector Table Offset Register */
 361:Drivers/CMSIS/Include/core_cm0plus.h **** #else
 362:Drivers/CMSIS/Include/core_cm0plus.h ****         uint32_t RESERVED0;
 363:Drivers/CMSIS/Include/core_cm0plus.h **** #endif
 364:Drivers/CMSIS/Include/core_cm0plus.h ****   __IOM uint32_t AIRCR;                  /*!< Offset: 0x00C (R/W)  Application Interrupt and Reset 
 365:Drivers/CMSIS/Include/core_cm0plus.h ****   __IOM uint32_t SCR;                    /*!< Offset: 0x010 (R/W)  System Control Register */
 366:Drivers/CMSIS/Include/core_cm0plus.h ****   __IOM uint32_t CCR;                    /*!< Offset: 0x014 (R/W)  Configuration Control Register *
 367:Drivers/CMSIS/Include/core_cm0plus.h ****         uint32_t RESERVED1;
 368:Drivers/CMSIS/Include/core_cm0plus.h ****   __IOM uint32_t SHP[2U];                /*!< Offset: 0x01C (R/W)  System Handlers Priority Registe
 369:Drivers/CMSIS/Include/core_cm0plus.h ****   __IOM uint32_t SHCSR;                  /*!< Offset: 0x024 (R/W)  System Handler Control and State
 370:Drivers/CMSIS/Include/core_cm0plus.h **** } SCB_Type;
 371:Drivers/CMSIS/Include/core_cm0plus.h **** 
 372:Drivers/CMSIS/Include/core_cm0plus.h **** /* SCB CPUID Register Definitions */
 373:Drivers/CMSIS/Include/core_cm0plus.h **** #define SCB_CPUID_IMPLEMENTER_Pos          24U                                            /*!< SCB 
 374:Drivers/CMSIS/Include/core_cm0plus.h **** #define SCB_CPUID_IMPLEMENTER_Msk          (0xFFUL << SCB_CPUID_IMPLEMENTER_Pos)          /*!< SCB 
ARM GAS  C:\Users\a_hae\AppData\Local\Temp\ccOS17hD.s 			page 8


 375:Drivers/CMSIS/Include/core_cm0plus.h **** 
 376:Drivers/CMSIS/Include/core_cm0plus.h **** #define SCB_CPUID_VARIANT_Pos              20U                                            /*!< SCB 
 377:Drivers/CMSIS/Include/core_cm0plus.h **** #define SCB_CPUID_VARIANT_Msk              (0xFUL << SCB_CPUID_VARIANT_Pos)               /*!< SCB 
 378:Drivers/CMSIS/Include/core_cm0plus.h **** 
 379:Drivers/CMSIS/Include/core_cm0plus.h **** #define SCB_CPUID_ARCHITECTURE_Pos         16U                                            /*!< SCB 
 380:Drivers/CMSIS/Include/core_cm0plus.h **** #define SCB_CPUID_ARCHITECTURE_Msk         (0xFUL << SCB_CPUID_ARCHITECTURE_Pos)          /*!< SCB 
 381:Drivers/CMSIS/Include/core_cm0plus.h **** 
 382:Drivers/CMSIS/Include/core_cm0plus.h **** #define SCB_CPUID_PARTNO_Pos                4U                                            /*!< SCB 
 383:Drivers/CMSIS/Include/core_cm0plus.h **** #define SCB_CPUID_PARTNO_Msk               (0xFFFUL << SCB_CPUID_PARTNO_Pos)              /*!< SCB 
 384:Drivers/CMSIS/Include/core_cm0plus.h **** 
 385:Drivers/CMSIS/Include/core_cm0plus.h **** #define SCB_CPUID_REVISION_Pos              0U                                            /*!< SCB 
 386:Drivers/CMSIS/Include/core_cm0plus.h **** #define SCB_CPUID_REVISION_Msk             (0xFUL /*<< SCB_CPUID_REVISION_Pos*/)          /*!< SCB 
 387:Drivers/CMSIS/Include/core_cm0plus.h **** 
 388:Drivers/CMSIS/Include/core_cm0plus.h **** /* SCB Interrupt Control State Register Definitions */
 389:Drivers/CMSIS/Include/core_cm0plus.h **** #define SCB_ICSR_NMIPENDSET_Pos            31U                                            /*!< SCB 
 390:Drivers/CMSIS/Include/core_cm0plus.h **** #define SCB_ICSR_NMIPENDSET_Msk            (1UL << SCB_ICSR_NMIPENDSET_Pos)               /*!< SCB 
 391:Drivers/CMSIS/Include/core_cm0plus.h **** 
 392:Drivers/CMSIS/Include/core_cm0plus.h **** #define SCB_ICSR_PENDSVSET_Pos             28U                                            /*!< SCB 
 393:Drivers/CMSIS/Include/core_cm0plus.h **** #define SCB_ICSR_PENDSVSET_Msk             (1UL << SCB_ICSR_PENDSVSET_Pos)                /*!< SCB 
 394:Drivers/CMSIS/Include/core_cm0plus.h **** 
 395:Drivers/CMSIS/Include/core_cm0plus.h **** #define SCB_ICSR_PENDSVCLR_Pos             27U                                            /*!< SCB 
 396:Drivers/CMSIS/Include/core_cm0plus.h **** #define SCB_ICSR_PENDSVCLR_Msk             (1UL << SCB_ICSR_PENDSVCLR_Pos)                /*!< SCB 
 397:Drivers/CMSIS/Include/core_cm0plus.h **** 
 398:Drivers/CMSIS/Include/core_cm0plus.h **** #define SCB_ICSR_PENDSTSET_Pos             26U                                            /*!< SCB 
 399:Drivers/CMSIS/Include/core_cm0plus.h **** #define SCB_ICSR_PENDSTSET_Msk             (1UL << SCB_ICSR_PENDSTSET_Pos)                /*!< SCB 
 400:Drivers/CMSIS/Include/core_cm0plus.h **** 
 401:Drivers/CMSIS/Include/core_cm0plus.h **** #define SCB_ICSR_PENDSTCLR_Pos             25U                                            /*!< SCB 
 402:Drivers/CMSIS/Include/core_cm0plus.h **** #define SCB_ICSR_PENDSTCLR_Msk             (1UL << SCB_ICSR_PENDSTCLR_Pos)                /*!< SCB 
 403:Drivers/CMSIS/Include/core_cm0plus.h **** 
 404:Drivers/CMSIS/Include/core_cm0plus.h **** #define SCB_ICSR_ISRPREEMPT_Pos            23U                                            /*!< SCB 
 405:Drivers/CMSIS/Include/core_cm0plus.h **** #define SCB_ICSR_ISRPREEMPT_Msk            (1UL << SCB_ICSR_ISRPREEMPT_Pos)               /*!< SCB 
 406:Drivers/CMSIS/Include/core_cm0plus.h **** 
 407:Drivers/CMSIS/Include/core_cm0plus.h **** #define SCB_ICSR_ISRPENDING_Pos            22U                                            /*!< SCB 
 408:Drivers/CMSIS/Include/core_cm0plus.h **** #define SCB_ICSR_ISRPENDING_Msk            (1UL << SCB_ICSR_ISRPENDING_Pos)               /*!< SCB 
 409:Drivers/CMSIS/Include/core_cm0plus.h **** 
 410:Drivers/CMSIS/Include/core_cm0plus.h **** #define SCB_ICSR_VECTPENDING_Pos           12U                                            /*!< SCB 
 411:Drivers/CMSIS/Include/core_cm0plus.h **** #define SCB_ICSR_VECTPENDING_Msk           (0x1FFUL << SCB_ICSR_VECTPENDING_Pos)          /*!< SCB 
 412:Drivers/CMSIS/Include/core_cm0plus.h **** 
 413:Drivers/CMSIS/Include/core_cm0plus.h **** #define SCB_ICSR_VECTACTIVE_Pos             0U                                            /*!< SCB 
 414:Drivers/CMSIS/Include/core_cm0plus.h **** #define SCB_ICSR_VECTACTIVE_Msk            (0x1FFUL /*<< SCB_ICSR_VECTACTIVE_Pos*/)       /*!< SCB 
 415:Drivers/CMSIS/Include/core_cm0plus.h **** 
 416:Drivers/CMSIS/Include/core_cm0plus.h **** #if defined (__VTOR_PRESENT) && (__VTOR_PRESENT == 1U)
 417:Drivers/CMSIS/Include/core_cm0plus.h **** /* SCB Interrupt Control State Register Definitions */
 418:Drivers/CMSIS/Include/core_cm0plus.h **** #define SCB_VTOR_TBLOFF_Pos                 8U                                            /*!< SCB 
 419:Drivers/CMSIS/Include/core_cm0plus.h **** #define SCB_VTOR_TBLOFF_Msk                (0xFFFFFFUL << SCB_VTOR_TBLOFF_Pos)            /*!< SCB 
 420:Drivers/CMSIS/Include/core_cm0plus.h **** #endif
 421:Drivers/CMSIS/Include/core_cm0plus.h **** 
 422:Drivers/CMSIS/Include/core_cm0plus.h **** /* SCB Application Interrupt and Reset Control Register Definitions */
 423:Drivers/CMSIS/Include/core_cm0plus.h **** #define SCB_AIRCR_VECTKEY_Pos              16U                                            /*!< SCB 
 424:Drivers/CMSIS/Include/core_cm0plus.h **** #define SCB_AIRCR_VECTKEY_Msk              (0xFFFFUL << SCB_AIRCR_VECTKEY_Pos)            /*!< SCB 
 425:Drivers/CMSIS/Include/core_cm0plus.h **** 
 426:Drivers/CMSIS/Include/core_cm0plus.h **** #define SCB_AIRCR_VECTKEYSTAT_Pos          16U                                            /*!< SCB 
 427:Drivers/CMSIS/Include/core_cm0plus.h **** #define SCB_AIRCR_VECTKEYSTAT_Msk          (0xFFFFUL << SCB_AIRCR_VECTKEYSTAT_Pos)        /*!< SCB 
 428:Drivers/CMSIS/Include/core_cm0plus.h **** 
 429:Drivers/CMSIS/Include/core_cm0plus.h **** #define SCB_AIRCR_ENDIANESS_Pos            15U                                            /*!< SCB 
 430:Drivers/CMSIS/Include/core_cm0plus.h **** #define SCB_AIRCR_ENDIANESS_Msk            (1UL << SCB_AIRCR_ENDIANESS_Pos)               /*!< SCB 
 431:Drivers/CMSIS/Include/core_cm0plus.h **** 
ARM GAS  C:\Users\a_hae\AppData\Local\Temp\ccOS17hD.s 			page 9


 432:Drivers/CMSIS/Include/core_cm0plus.h **** #define SCB_AIRCR_SYSRESETREQ_Pos           2U                                            /*!< SCB 
 433:Drivers/CMSIS/Include/core_cm0plus.h **** #define SCB_AIRCR_SYSRESETREQ_Msk          (1UL << SCB_AIRCR_SYSRESETREQ_Pos)             /*!< SCB 
 434:Drivers/CMSIS/Include/core_cm0plus.h **** 
 435:Drivers/CMSIS/Include/core_cm0plus.h **** #define SCB_AIRCR_VECTCLRACTIVE_Pos         1U                                            /*!< SCB 
 436:Drivers/CMSIS/Include/core_cm0plus.h **** #define SCB_AIRCR_VECTCLRACTIVE_Msk        (1UL << SCB_AIRCR_VECTCLRACTIVE_Pos)           /*!< SCB 
 437:Drivers/CMSIS/Include/core_cm0plus.h **** 
 438:Drivers/CMSIS/Include/core_cm0plus.h **** /* SCB System Control Register Definitions */
 439:Drivers/CMSIS/Include/core_cm0plus.h **** #define SCB_SCR_SEVONPEND_Pos               4U                                            /*!< SCB 
 440:Drivers/CMSIS/Include/core_cm0plus.h **** #define SCB_SCR_SEVONPEND_Msk              (1UL << SCB_SCR_SEVONPEND_Pos)                 /*!< SCB 
 441:Drivers/CMSIS/Include/core_cm0plus.h **** 
 442:Drivers/CMSIS/Include/core_cm0plus.h **** #define SCB_SCR_SLEEPDEEP_Pos               2U                                            /*!< SCB 
 443:Drivers/CMSIS/Include/core_cm0plus.h **** #define SCB_SCR_SLEEPDEEP_Msk              (1UL << SCB_SCR_SLEEPDEEP_Pos)                 /*!< SCB 
 444:Drivers/CMSIS/Include/core_cm0plus.h **** 
 445:Drivers/CMSIS/Include/core_cm0plus.h **** #define SCB_SCR_SLEEPONEXIT_Pos             1U                                            /*!< SCB 
 446:Drivers/CMSIS/Include/core_cm0plus.h **** #define SCB_SCR_SLEEPONEXIT_Msk            (1UL << SCB_SCR_SLEEPONEXIT_Pos)               /*!< SCB 
 447:Drivers/CMSIS/Include/core_cm0plus.h **** 
 448:Drivers/CMSIS/Include/core_cm0plus.h **** /* SCB Configuration Control Register Definitions */
 449:Drivers/CMSIS/Include/core_cm0plus.h **** #define SCB_CCR_STKALIGN_Pos                9U                                            /*!< SCB 
 450:Drivers/CMSIS/Include/core_cm0plus.h **** #define SCB_CCR_STKALIGN_Msk               (1UL << SCB_CCR_STKALIGN_Pos)                  /*!< SCB 
 451:Drivers/CMSIS/Include/core_cm0plus.h **** 
 452:Drivers/CMSIS/Include/core_cm0plus.h **** #define SCB_CCR_UNALIGN_TRP_Pos             3U                                            /*!< SCB 
 453:Drivers/CMSIS/Include/core_cm0plus.h **** #define SCB_CCR_UNALIGN_TRP_Msk            (1UL << SCB_CCR_UNALIGN_TRP_Pos)               /*!< SCB 
 454:Drivers/CMSIS/Include/core_cm0plus.h **** 
 455:Drivers/CMSIS/Include/core_cm0plus.h **** /* SCB System Handler Control and State Register Definitions */
 456:Drivers/CMSIS/Include/core_cm0plus.h **** #define SCB_SHCSR_SVCALLPENDED_Pos         15U                                            /*!< SCB 
 457:Drivers/CMSIS/Include/core_cm0plus.h **** #define SCB_SHCSR_SVCALLPENDED_Msk         (1UL << SCB_SHCSR_SVCALLPENDED_Pos)            /*!< SCB 
 458:Drivers/CMSIS/Include/core_cm0plus.h **** 
 459:Drivers/CMSIS/Include/core_cm0plus.h **** /*@} end of group CMSIS_SCB */
 460:Drivers/CMSIS/Include/core_cm0plus.h **** 
 461:Drivers/CMSIS/Include/core_cm0plus.h **** 
 462:Drivers/CMSIS/Include/core_cm0plus.h **** /**
 463:Drivers/CMSIS/Include/core_cm0plus.h ****   \ingroup  CMSIS_core_register
 464:Drivers/CMSIS/Include/core_cm0plus.h ****   \defgroup CMSIS_SysTick     System Tick Timer (SysTick)
 465:Drivers/CMSIS/Include/core_cm0plus.h ****   \brief    Type definitions for the System Timer Registers.
 466:Drivers/CMSIS/Include/core_cm0plus.h ****   @{
 467:Drivers/CMSIS/Include/core_cm0plus.h ****  */
 468:Drivers/CMSIS/Include/core_cm0plus.h **** 
 469:Drivers/CMSIS/Include/core_cm0plus.h **** /**
 470:Drivers/CMSIS/Include/core_cm0plus.h ****   \brief  Structure type to access the System Timer (SysTick).
 471:Drivers/CMSIS/Include/core_cm0plus.h ****  */
 472:Drivers/CMSIS/Include/core_cm0plus.h **** typedef struct
 473:Drivers/CMSIS/Include/core_cm0plus.h **** {
 474:Drivers/CMSIS/Include/core_cm0plus.h ****   __IOM uint32_t CTRL;                   /*!< Offset: 0x000 (R/W)  SysTick Control and Status Regis
 475:Drivers/CMSIS/Include/core_cm0plus.h ****   __IOM uint32_t LOAD;                   /*!< Offset: 0x004 (R/W)  SysTick Reload Value Register */
 476:Drivers/CMSIS/Include/core_cm0plus.h ****   __IOM uint32_t VAL;                    /*!< Offset: 0x008 (R/W)  SysTick Current Value Register *
 477:Drivers/CMSIS/Include/core_cm0plus.h ****   __IM  uint32_t CALIB;                  /*!< Offset: 0x00C (R/ )  SysTick Calibration Register */
 478:Drivers/CMSIS/Include/core_cm0plus.h **** } SysTick_Type;
 479:Drivers/CMSIS/Include/core_cm0plus.h **** 
 480:Drivers/CMSIS/Include/core_cm0plus.h **** /* SysTick Control / Status Register Definitions */
 481:Drivers/CMSIS/Include/core_cm0plus.h **** #define SysTick_CTRL_COUNTFLAG_Pos         16U                                            /*!< SysT
 482:Drivers/CMSIS/Include/core_cm0plus.h **** #define SysTick_CTRL_COUNTFLAG_Msk         (1UL << SysTick_CTRL_COUNTFLAG_Pos)            /*!< SysT
 483:Drivers/CMSIS/Include/core_cm0plus.h **** 
 484:Drivers/CMSIS/Include/core_cm0plus.h **** #define SysTick_CTRL_CLKSOURCE_Pos          2U                                            /*!< SysT
 485:Drivers/CMSIS/Include/core_cm0plus.h **** #define SysTick_CTRL_CLKSOURCE_Msk         (1UL << SysTick_CTRL_CLKSOURCE_Pos)            /*!< SysT
 486:Drivers/CMSIS/Include/core_cm0plus.h **** 
 487:Drivers/CMSIS/Include/core_cm0plus.h **** #define SysTick_CTRL_TICKINT_Pos            1U                                            /*!< SysT
 488:Drivers/CMSIS/Include/core_cm0plus.h **** #define SysTick_CTRL_TICKINT_Msk           (1UL << SysTick_CTRL_TICKINT_Pos)              /*!< SysT
ARM GAS  C:\Users\a_hae\AppData\Local\Temp\ccOS17hD.s 			page 10


 489:Drivers/CMSIS/Include/core_cm0plus.h **** 
 490:Drivers/CMSIS/Include/core_cm0plus.h **** #define SysTick_CTRL_ENABLE_Pos             0U                                            /*!< SysT
 491:Drivers/CMSIS/Include/core_cm0plus.h **** #define SysTick_CTRL_ENABLE_Msk            (1UL /*<< SysTick_CTRL_ENABLE_Pos*/)           /*!< SysT
 492:Drivers/CMSIS/Include/core_cm0plus.h **** 
 493:Drivers/CMSIS/Include/core_cm0plus.h **** /* SysTick Reload Register Definitions */
 494:Drivers/CMSIS/Include/core_cm0plus.h **** #define SysTick_LOAD_RELOAD_Pos             0U                                            /*!< SysT
 495:Drivers/CMSIS/Include/core_cm0plus.h **** #define SysTick_LOAD_RELOAD_Msk            (0xFFFFFFUL /*<< SysTick_LOAD_RELOAD_Pos*/)    /*!< SysT
 496:Drivers/CMSIS/Include/core_cm0plus.h **** 
 497:Drivers/CMSIS/Include/core_cm0plus.h **** /* SysTick Current Register Definitions */
 498:Drivers/CMSIS/Include/core_cm0plus.h **** #define SysTick_VAL_CURRENT_Pos             0U                                            /*!< SysT
 499:Drivers/CMSIS/Include/core_cm0plus.h **** #define SysTick_VAL_CURRENT_Msk            (0xFFFFFFUL /*<< SysTick_VAL_CURRENT_Pos*/)    /*!< SysT
 500:Drivers/CMSIS/Include/core_cm0plus.h **** 
 501:Drivers/CMSIS/Include/core_cm0plus.h **** /* SysTick Calibration Register Definitions */
 502:Drivers/CMSIS/Include/core_cm0plus.h **** #define SysTick_CALIB_NOREF_Pos            31U                                            /*!< SysT
 503:Drivers/CMSIS/Include/core_cm0plus.h **** #define SysTick_CALIB_NOREF_Msk            (1UL << SysTick_CALIB_NOREF_Pos)               /*!< SysT
 504:Drivers/CMSIS/Include/core_cm0plus.h **** 
 505:Drivers/CMSIS/Include/core_cm0plus.h **** #define SysTick_CALIB_SKEW_Pos             30U                                            /*!< SysT
 506:Drivers/CMSIS/Include/core_cm0plus.h **** #define SysTick_CALIB_SKEW_Msk             (1UL << SysTick_CALIB_SKEW_Pos)                /*!< SysT
 507:Drivers/CMSIS/Include/core_cm0plus.h **** 
 508:Drivers/CMSIS/Include/core_cm0plus.h **** #define SysTick_CALIB_TENMS_Pos             0U                                            /*!< SysT
 509:Drivers/CMSIS/Include/core_cm0plus.h **** #define SysTick_CALIB_TENMS_Msk            (0xFFFFFFUL /*<< SysTick_CALIB_TENMS_Pos*/)    /*!< SysT
 510:Drivers/CMSIS/Include/core_cm0plus.h **** 
 511:Drivers/CMSIS/Include/core_cm0plus.h **** /*@} end of group CMSIS_SysTick */
 512:Drivers/CMSIS/Include/core_cm0plus.h **** 
 513:Drivers/CMSIS/Include/core_cm0plus.h **** #if defined (__MPU_PRESENT) && (__MPU_PRESENT == 1U)
 514:Drivers/CMSIS/Include/core_cm0plus.h **** /**
 515:Drivers/CMSIS/Include/core_cm0plus.h ****   \ingroup  CMSIS_core_register
 516:Drivers/CMSIS/Include/core_cm0plus.h ****   \defgroup CMSIS_MPU     Memory Protection Unit (MPU)
 517:Drivers/CMSIS/Include/core_cm0plus.h ****   \brief    Type definitions for the Memory Protection Unit (MPU)
 518:Drivers/CMSIS/Include/core_cm0plus.h ****   @{
 519:Drivers/CMSIS/Include/core_cm0plus.h ****  */
 520:Drivers/CMSIS/Include/core_cm0plus.h **** 
 521:Drivers/CMSIS/Include/core_cm0plus.h **** /**
 522:Drivers/CMSIS/Include/core_cm0plus.h ****   \brief  Structure type to access the Memory Protection Unit (MPU).
 523:Drivers/CMSIS/Include/core_cm0plus.h ****  */
 524:Drivers/CMSIS/Include/core_cm0plus.h **** typedef struct
 525:Drivers/CMSIS/Include/core_cm0plus.h **** {
 526:Drivers/CMSIS/Include/core_cm0plus.h ****   __IM  uint32_t TYPE;                   /*!< Offset: 0x000 (R/ )  MPU Type Register */
 527:Drivers/CMSIS/Include/core_cm0plus.h ****   __IOM uint32_t CTRL;                   /*!< Offset: 0x004 (R/W)  MPU Control Register */
 528:Drivers/CMSIS/Include/core_cm0plus.h ****   __IOM uint32_t RNR;                    /*!< Offset: 0x008 (R/W)  MPU Region RNRber Register */
 529:Drivers/CMSIS/Include/core_cm0plus.h ****   __IOM uint32_t RBAR;                   /*!< Offset: 0x00C (R/W)  MPU Region Base Address Register
 530:Drivers/CMSIS/Include/core_cm0plus.h ****   __IOM uint32_t RASR;                   /*!< Offset: 0x010 (R/W)  MPU Region Attribute and Size Re
 531:Drivers/CMSIS/Include/core_cm0plus.h **** } MPU_Type;
 532:Drivers/CMSIS/Include/core_cm0plus.h **** 
 533:Drivers/CMSIS/Include/core_cm0plus.h **** #define MPU_TYPE_RALIASES                  1U
 534:Drivers/CMSIS/Include/core_cm0plus.h **** 
 535:Drivers/CMSIS/Include/core_cm0plus.h **** /* MPU Type Register Definitions */
 536:Drivers/CMSIS/Include/core_cm0plus.h **** #define MPU_TYPE_IREGION_Pos               16U                                            /*!< MPU 
 537:Drivers/CMSIS/Include/core_cm0plus.h **** #define MPU_TYPE_IREGION_Msk               (0xFFUL << MPU_TYPE_IREGION_Pos)               /*!< MPU 
 538:Drivers/CMSIS/Include/core_cm0plus.h **** 
 539:Drivers/CMSIS/Include/core_cm0plus.h **** #define MPU_TYPE_DREGION_Pos                8U                                            /*!< MPU 
 540:Drivers/CMSIS/Include/core_cm0plus.h **** #define MPU_TYPE_DREGION_Msk               (0xFFUL << MPU_TYPE_DREGION_Pos)               /*!< MPU 
 541:Drivers/CMSIS/Include/core_cm0plus.h **** 
 542:Drivers/CMSIS/Include/core_cm0plus.h **** #define MPU_TYPE_SEPARATE_Pos               0U                                            /*!< MPU 
 543:Drivers/CMSIS/Include/core_cm0plus.h **** #define MPU_TYPE_SEPARATE_Msk              (1UL /*<< MPU_TYPE_SEPARATE_Pos*/)             /*!< MPU 
 544:Drivers/CMSIS/Include/core_cm0plus.h **** 
 545:Drivers/CMSIS/Include/core_cm0plus.h **** /* MPU Control Register Definitions */
ARM GAS  C:\Users\a_hae\AppData\Local\Temp\ccOS17hD.s 			page 11


 546:Drivers/CMSIS/Include/core_cm0plus.h **** #define MPU_CTRL_PRIVDEFENA_Pos             2U                                            /*!< MPU 
 547:Drivers/CMSIS/Include/core_cm0plus.h **** #define MPU_CTRL_PRIVDEFENA_Msk            (1UL << MPU_CTRL_PRIVDEFENA_Pos)               /*!< MPU 
 548:Drivers/CMSIS/Include/core_cm0plus.h **** 
 549:Drivers/CMSIS/Include/core_cm0plus.h **** #define MPU_CTRL_HFNMIENA_Pos               1U                                            /*!< MPU 
 550:Drivers/CMSIS/Include/core_cm0plus.h **** #define MPU_CTRL_HFNMIENA_Msk              (1UL << MPU_CTRL_HFNMIENA_Pos)                 /*!< MPU 
 551:Drivers/CMSIS/Include/core_cm0plus.h **** 
 552:Drivers/CMSIS/Include/core_cm0plus.h **** #define MPU_CTRL_ENABLE_Pos                 0U                                            /*!< MPU 
 553:Drivers/CMSIS/Include/core_cm0plus.h **** #define MPU_CTRL_ENABLE_Msk                (1UL /*<< MPU_CTRL_ENABLE_Pos*/)               /*!< MPU 
 554:Drivers/CMSIS/Include/core_cm0plus.h **** 
 555:Drivers/CMSIS/Include/core_cm0plus.h **** /* MPU Region Number Register Definitions */
 556:Drivers/CMSIS/Include/core_cm0plus.h **** #define MPU_RNR_REGION_Pos                  0U                                            /*!< MPU 
 557:Drivers/CMSIS/Include/core_cm0plus.h **** #define MPU_RNR_REGION_Msk                 (0xFFUL /*<< MPU_RNR_REGION_Pos*/)             /*!< MPU 
 558:Drivers/CMSIS/Include/core_cm0plus.h **** 
 559:Drivers/CMSIS/Include/core_cm0plus.h **** /* MPU Region Base Address Register Definitions */
 560:Drivers/CMSIS/Include/core_cm0plus.h **** #define MPU_RBAR_ADDR_Pos                   8U                                            /*!< MPU 
 561:Drivers/CMSIS/Include/core_cm0plus.h **** #define MPU_RBAR_ADDR_Msk                  (0xFFFFFFUL << MPU_RBAR_ADDR_Pos)              /*!< MPU 
 562:Drivers/CMSIS/Include/core_cm0plus.h **** 
 563:Drivers/CMSIS/Include/core_cm0plus.h **** #define MPU_RBAR_VALID_Pos                  4U                                            /*!< MPU 
 564:Drivers/CMSIS/Include/core_cm0plus.h **** #define MPU_RBAR_VALID_Msk                 (1UL << MPU_RBAR_VALID_Pos)                    /*!< MPU 
 565:Drivers/CMSIS/Include/core_cm0plus.h **** 
 566:Drivers/CMSIS/Include/core_cm0plus.h **** #define MPU_RBAR_REGION_Pos                 0U                                            /*!< MPU 
 567:Drivers/CMSIS/Include/core_cm0plus.h **** #define MPU_RBAR_REGION_Msk                (0xFUL /*<< MPU_RBAR_REGION_Pos*/)             /*!< MPU 
 568:Drivers/CMSIS/Include/core_cm0plus.h **** 
 569:Drivers/CMSIS/Include/core_cm0plus.h **** /* MPU Region Attribute and Size Register Definitions */
 570:Drivers/CMSIS/Include/core_cm0plus.h **** #define MPU_RASR_ATTRS_Pos                 16U                                            /*!< MPU 
 571:Drivers/CMSIS/Include/core_cm0plus.h **** #define MPU_RASR_ATTRS_Msk                 (0xFFFFUL << MPU_RASR_ATTRS_Pos)               /*!< MPU 
 572:Drivers/CMSIS/Include/core_cm0plus.h **** 
 573:Drivers/CMSIS/Include/core_cm0plus.h **** #define MPU_RASR_XN_Pos                    28U                                            /*!< MPU 
 574:Drivers/CMSIS/Include/core_cm0plus.h **** #define MPU_RASR_XN_Msk                    (1UL << MPU_RASR_XN_Pos)                       /*!< MPU 
 575:Drivers/CMSIS/Include/core_cm0plus.h **** 
 576:Drivers/CMSIS/Include/core_cm0plus.h **** #define MPU_RASR_AP_Pos                    24U                                            /*!< MPU 
 577:Drivers/CMSIS/Include/core_cm0plus.h **** #define MPU_RASR_AP_Msk                    (0x7UL << MPU_RASR_AP_Pos)                     /*!< MPU 
 578:Drivers/CMSIS/Include/core_cm0plus.h **** 
 579:Drivers/CMSIS/Include/core_cm0plus.h **** #define MPU_RASR_TEX_Pos                   19U                                            /*!< MPU 
 580:Drivers/CMSIS/Include/core_cm0plus.h **** #define MPU_RASR_TEX_Msk                   (0x7UL << MPU_RASR_TEX_Pos)                    /*!< MPU 
 581:Drivers/CMSIS/Include/core_cm0plus.h **** 
 582:Drivers/CMSIS/Include/core_cm0plus.h **** #define MPU_RASR_S_Pos                     18U                                            /*!< MPU 
 583:Drivers/CMSIS/Include/core_cm0plus.h **** #define MPU_RASR_S_Msk                     (1UL << MPU_RASR_S_Pos)                        /*!< MPU 
 584:Drivers/CMSIS/Include/core_cm0plus.h **** 
 585:Drivers/CMSIS/Include/core_cm0plus.h **** #define MPU_RASR_C_Pos                     17U                                            /*!< MPU 
 586:Drivers/CMSIS/Include/core_cm0plus.h **** #define MPU_RASR_C_Msk                     (1UL << MPU_RASR_C_Pos)                        /*!< MPU 
 587:Drivers/CMSIS/Include/core_cm0plus.h **** 
 588:Drivers/CMSIS/Include/core_cm0plus.h **** #define MPU_RASR_B_Pos                     16U                                            /*!< MPU 
 589:Drivers/CMSIS/Include/core_cm0plus.h **** #define MPU_RASR_B_Msk                     (1UL << MPU_RASR_B_Pos)                        /*!< MPU 
 590:Drivers/CMSIS/Include/core_cm0plus.h **** 
 591:Drivers/CMSIS/Include/core_cm0plus.h **** #define MPU_RASR_SRD_Pos                    8U                                            /*!< MPU 
 592:Drivers/CMSIS/Include/core_cm0plus.h **** #define MPU_RASR_SRD_Msk                   (0xFFUL << MPU_RASR_SRD_Pos)                   /*!< MPU 
 593:Drivers/CMSIS/Include/core_cm0plus.h **** 
 594:Drivers/CMSIS/Include/core_cm0plus.h **** #define MPU_RASR_SIZE_Pos                   1U                                            /*!< MPU 
 595:Drivers/CMSIS/Include/core_cm0plus.h **** #define MPU_RASR_SIZE_Msk                  (0x1FUL << MPU_RASR_SIZE_Pos)                  /*!< MPU 
 596:Drivers/CMSIS/Include/core_cm0plus.h **** 
 597:Drivers/CMSIS/Include/core_cm0plus.h **** #define MPU_RASR_ENABLE_Pos                 0U                                            /*!< MPU 
 598:Drivers/CMSIS/Include/core_cm0plus.h **** #define MPU_RASR_ENABLE_Msk                (1UL /*<< MPU_RASR_ENABLE_Pos*/)               /*!< MPU 
 599:Drivers/CMSIS/Include/core_cm0plus.h **** 
 600:Drivers/CMSIS/Include/core_cm0plus.h **** /*@} end of group CMSIS_MPU */
 601:Drivers/CMSIS/Include/core_cm0plus.h **** #endif
 602:Drivers/CMSIS/Include/core_cm0plus.h **** 
ARM GAS  C:\Users\a_hae\AppData\Local\Temp\ccOS17hD.s 			page 12


 603:Drivers/CMSIS/Include/core_cm0plus.h **** 
 604:Drivers/CMSIS/Include/core_cm0plus.h **** /**
 605:Drivers/CMSIS/Include/core_cm0plus.h ****   \ingroup  CMSIS_core_register
 606:Drivers/CMSIS/Include/core_cm0plus.h ****   \defgroup CMSIS_CoreDebug       Core Debug Registers (CoreDebug)
 607:Drivers/CMSIS/Include/core_cm0plus.h ****   \brief    Cortex-M0+ Core Debug Registers (DCB registers, SHCSR, and DFSR) are only accessible ov
 608:Drivers/CMSIS/Include/core_cm0plus.h ****             Therefore they are not covered by the Cortex-M0+ header file.
 609:Drivers/CMSIS/Include/core_cm0plus.h ****   @{
 610:Drivers/CMSIS/Include/core_cm0plus.h ****  */
 611:Drivers/CMSIS/Include/core_cm0plus.h **** /*@} end of group CMSIS_CoreDebug */
 612:Drivers/CMSIS/Include/core_cm0plus.h **** 
 613:Drivers/CMSIS/Include/core_cm0plus.h **** 
 614:Drivers/CMSIS/Include/core_cm0plus.h **** /**
 615:Drivers/CMSIS/Include/core_cm0plus.h ****   \ingroup    CMSIS_core_register
 616:Drivers/CMSIS/Include/core_cm0plus.h ****   \defgroup   CMSIS_core_bitfield     Core register bit field macros
 617:Drivers/CMSIS/Include/core_cm0plus.h ****   \brief      Macros for use with bit field definitions (xxx_Pos, xxx_Msk).
 618:Drivers/CMSIS/Include/core_cm0plus.h ****   @{
 619:Drivers/CMSIS/Include/core_cm0plus.h ****  */
 620:Drivers/CMSIS/Include/core_cm0plus.h **** 
 621:Drivers/CMSIS/Include/core_cm0plus.h **** /**
 622:Drivers/CMSIS/Include/core_cm0plus.h ****   \brief   Mask and shift a bit field value for use in a register bit range.
 623:Drivers/CMSIS/Include/core_cm0plus.h ****   \param[in] field  Name of the register bit field.
 624:Drivers/CMSIS/Include/core_cm0plus.h ****   \param[in] value  Value of the bit field. This parameter is interpreted as an uint32_t type.
 625:Drivers/CMSIS/Include/core_cm0plus.h ****   \return           Masked and shifted value.
 626:Drivers/CMSIS/Include/core_cm0plus.h **** */
 627:Drivers/CMSIS/Include/core_cm0plus.h **** #define _VAL2FLD(field, value)    (((uint32_t)(value) << field ## _Pos) & field ## _Msk)
 628:Drivers/CMSIS/Include/core_cm0plus.h **** 
 629:Drivers/CMSIS/Include/core_cm0plus.h **** /**
 630:Drivers/CMSIS/Include/core_cm0plus.h ****   \brief     Mask and shift a register value to extract a bit filed value.
 631:Drivers/CMSIS/Include/core_cm0plus.h ****   \param[in] field  Name of the register bit field.
 632:Drivers/CMSIS/Include/core_cm0plus.h ****   \param[in] value  Value of register. This parameter is interpreted as an uint32_t type.
 633:Drivers/CMSIS/Include/core_cm0plus.h ****   \return           Masked and shifted bit field value.
 634:Drivers/CMSIS/Include/core_cm0plus.h **** */
 635:Drivers/CMSIS/Include/core_cm0plus.h **** #define _FLD2VAL(field, value)    (((uint32_t)(value) & field ## _Msk) >> field ## _Pos)
 636:Drivers/CMSIS/Include/core_cm0plus.h **** 
 637:Drivers/CMSIS/Include/core_cm0plus.h **** /*@} end of group CMSIS_core_bitfield */
 638:Drivers/CMSIS/Include/core_cm0plus.h **** 
 639:Drivers/CMSIS/Include/core_cm0plus.h **** 
 640:Drivers/CMSIS/Include/core_cm0plus.h **** /**
 641:Drivers/CMSIS/Include/core_cm0plus.h ****   \ingroup    CMSIS_core_register
 642:Drivers/CMSIS/Include/core_cm0plus.h ****   \defgroup   CMSIS_core_base     Core Definitions
 643:Drivers/CMSIS/Include/core_cm0plus.h ****   \brief      Definitions for base addresses, unions, and structures.
 644:Drivers/CMSIS/Include/core_cm0plus.h ****   @{
 645:Drivers/CMSIS/Include/core_cm0plus.h ****  */
 646:Drivers/CMSIS/Include/core_cm0plus.h **** 
 647:Drivers/CMSIS/Include/core_cm0plus.h **** /* Memory mapping of Core Hardware */
 648:Drivers/CMSIS/Include/core_cm0plus.h **** #define SCS_BASE            (0xE000E000UL)                            /*!< System Control Space Bas
 649:Drivers/CMSIS/Include/core_cm0plus.h **** #define SysTick_BASE        (SCS_BASE +  0x0010UL)                    /*!< SysTick Base Address */
 650:Drivers/CMSIS/Include/core_cm0plus.h **** #define NVIC_BASE           (SCS_BASE +  0x0100UL)                    /*!< NVIC Base Address */
 651:Drivers/CMSIS/Include/core_cm0plus.h **** #define SCB_BASE            (SCS_BASE +  0x0D00UL)                    /*!< System Control Block Bas
 652:Drivers/CMSIS/Include/core_cm0plus.h **** 
 653:Drivers/CMSIS/Include/core_cm0plus.h **** #define SCB                 ((SCB_Type       *)     SCB_BASE      )   /*!< SCB configuration struct
 654:Drivers/CMSIS/Include/core_cm0plus.h **** #define SysTick             ((SysTick_Type   *)     SysTick_BASE  )   /*!< SysTick configuration st
 655:Drivers/CMSIS/Include/core_cm0plus.h **** #define NVIC                ((NVIC_Type      *)     NVIC_BASE     )   /*!< NVIC configuration struc
 656:Drivers/CMSIS/Include/core_cm0plus.h **** 
 657:Drivers/CMSIS/Include/core_cm0plus.h **** #if defined (__MPU_PRESENT) && (__MPU_PRESENT == 1U)
 658:Drivers/CMSIS/Include/core_cm0plus.h ****   #define MPU_BASE          (SCS_BASE +  0x0D90UL)                    /*!< Memory Protection Unit *
 659:Drivers/CMSIS/Include/core_cm0plus.h ****   #define MPU               ((MPU_Type       *)     MPU_BASE      )   /*!< Memory Protection Unit *
ARM GAS  C:\Users\a_hae\AppData\Local\Temp\ccOS17hD.s 			page 13


 660:Drivers/CMSIS/Include/core_cm0plus.h **** #endif
 661:Drivers/CMSIS/Include/core_cm0plus.h **** 
 662:Drivers/CMSIS/Include/core_cm0plus.h **** /*@} */
 663:Drivers/CMSIS/Include/core_cm0plus.h **** 
 664:Drivers/CMSIS/Include/core_cm0plus.h **** 
 665:Drivers/CMSIS/Include/core_cm0plus.h **** 
 666:Drivers/CMSIS/Include/core_cm0plus.h **** /*******************************************************************************
 667:Drivers/CMSIS/Include/core_cm0plus.h ****  *                Hardware Abstraction Layer
 668:Drivers/CMSIS/Include/core_cm0plus.h ****   Core Function Interface contains:
 669:Drivers/CMSIS/Include/core_cm0plus.h ****   - Core NVIC Functions
 670:Drivers/CMSIS/Include/core_cm0plus.h ****   - Core SysTick Functions
 671:Drivers/CMSIS/Include/core_cm0plus.h ****   - Core Register Access Functions
 672:Drivers/CMSIS/Include/core_cm0plus.h ****  ******************************************************************************/
 673:Drivers/CMSIS/Include/core_cm0plus.h **** /**
 674:Drivers/CMSIS/Include/core_cm0plus.h ****   \defgroup CMSIS_Core_FunctionInterface Functions and Instructions Reference
 675:Drivers/CMSIS/Include/core_cm0plus.h **** */
 676:Drivers/CMSIS/Include/core_cm0plus.h **** 
 677:Drivers/CMSIS/Include/core_cm0plus.h **** 
 678:Drivers/CMSIS/Include/core_cm0plus.h **** 
 679:Drivers/CMSIS/Include/core_cm0plus.h **** /* ##########################   NVIC functions  #################################### */
 680:Drivers/CMSIS/Include/core_cm0plus.h **** /**
 681:Drivers/CMSIS/Include/core_cm0plus.h ****   \ingroup  CMSIS_Core_FunctionInterface
 682:Drivers/CMSIS/Include/core_cm0plus.h ****   \defgroup CMSIS_Core_NVICFunctions NVIC Functions
 683:Drivers/CMSIS/Include/core_cm0plus.h ****   \brief    Functions that manage interrupts and exceptions via the NVIC.
 684:Drivers/CMSIS/Include/core_cm0plus.h ****   @{
 685:Drivers/CMSIS/Include/core_cm0plus.h ****  */
 686:Drivers/CMSIS/Include/core_cm0plus.h **** 
 687:Drivers/CMSIS/Include/core_cm0plus.h **** #ifdef CMSIS_NVIC_VIRTUAL
 688:Drivers/CMSIS/Include/core_cm0plus.h ****   #ifndef CMSIS_NVIC_VIRTUAL_HEADER_FILE
 689:Drivers/CMSIS/Include/core_cm0plus.h ****     #define CMSIS_NVIC_VIRTUAL_HEADER_FILE "cmsis_nvic_virtual.h"
 690:Drivers/CMSIS/Include/core_cm0plus.h ****   #endif
 691:Drivers/CMSIS/Include/core_cm0plus.h ****   #include CMSIS_NVIC_VIRTUAL_HEADER_FILE
 692:Drivers/CMSIS/Include/core_cm0plus.h **** #else
 693:Drivers/CMSIS/Include/core_cm0plus.h ****   #define NVIC_SetPriorityGrouping    __NVIC_SetPriorityGrouping
 694:Drivers/CMSIS/Include/core_cm0plus.h ****   #define NVIC_GetPriorityGrouping    __NVIC_GetPriorityGrouping
 695:Drivers/CMSIS/Include/core_cm0plus.h ****   #define NVIC_EnableIRQ              __NVIC_EnableIRQ
 696:Drivers/CMSIS/Include/core_cm0plus.h ****   #define NVIC_GetEnableIRQ           __NVIC_GetEnableIRQ
 697:Drivers/CMSIS/Include/core_cm0plus.h ****   #define NVIC_DisableIRQ             __NVIC_DisableIRQ
 698:Drivers/CMSIS/Include/core_cm0plus.h ****   #define NVIC_GetPendingIRQ          __NVIC_GetPendingIRQ
 699:Drivers/CMSIS/Include/core_cm0plus.h ****   #define NVIC_SetPendingIRQ          __NVIC_SetPendingIRQ
 700:Drivers/CMSIS/Include/core_cm0plus.h ****   #define NVIC_ClearPendingIRQ        __NVIC_ClearPendingIRQ
 701:Drivers/CMSIS/Include/core_cm0plus.h **** /*#define NVIC_GetActive              __NVIC_GetActive             not available for Cortex-M0+ */
 702:Drivers/CMSIS/Include/core_cm0plus.h ****   #define NVIC_SetPriority            __NVIC_SetPriority
 703:Drivers/CMSIS/Include/core_cm0plus.h ****   #define NVIC_GetPriority            __NVIC_GetPriority
 704:Drivers/CMSIS/Include/core_cm0plus.h ****   #define NVIC_SystemReset            __NVIC_SystemReset
 705:Drivers/CMSIS/Include/core_cm0plus.h **** #endif /* CMSIS_NVIC_VIRTUAL */
 706:Drivers/CMSIS/Include/core_cm0plus.h **** 
 707:Drivers/CMSIS/Include/core_cm0plus.h **** #ifdef CMSIS_VECTAB_VIRTUAL
 708:Drivers/CMSIS/Include/core_cm0plus.h ****   #ifndef CMSIS_VECTAB_VIRTUAL_HEADER_FILE
 709:Drivers/CMSIS/Include/core_cm0plus.h ****     #define CMSIS_VECTAB_VIRTUAL_HEADER_FILE "cmsis_vectab_virtual.h"
 710:Drivers/CMSIS/Include/core_cm0plus.h ****   #endif
 711:Drivers/CMSIS/Include/core_cm0plus.h ****   #include CMSIS_VECTAB_VIRTUAL_HEADER_FILE
 712:Drivers/CMSIS/Include/core_cm0plus.h **** #else
 713:Drivers/CMSIS/Include/core_cm0plus.h ****   #define NVIC_SetVector              __NVIC_SetVector
 714:Drivers/CMSIS/Include/core_cm0plus.h ****   #define NVIC_GetVector              __NVIC_GetVector
 715:Drivers/CMSIS/Include/core_cm0plus.h **** #endif  /* (CMSIS_VECTAB_VIRTUAL) */
 716:Drivers/CMSIS/Include/core_cm0plus.h **** 
ARM GAS  C:\Users\a_hae\AppData\Local\Temp\ccOS17hD.s 			page 14


 717:Drivers/CMSIS/Include/core_cm0plus.h **** #define NVIC_USER_IRQ_OFFSET          16
 718:Drivers/CMSIS/Include/core_cm0plus.h **** 
 719:Drivers/CMSIS/Include/core_cm0plus.h **** 
 720:Drivers/CMSIS/Include/core_cm0plus.h **** /* The following EXC_RETURN values are saved the LR on exception entry */
 721:Drivers/CMSIS/Include/core_cm0plus.h **** #define EXC_RETURN_HANDLER         (0xFFFFFFF1UL)     /* return to Handler mode, uses MSP after ret
 722:Drivers/CMSIS/Include/core_cm0plus.h **** #define EXC_RETURN_THREAD_MSP      (0xFFFFFFF9UL)     /* return to Thread mode, uses MSP after retu
 723:Drivers/CMSIS/Include/core_cm0plus.h **** #define EXC_RETURN_THREAD_PSP      (0xFFFFFFFDUL)     /* return to Thread mode, uses PSP after retu
 724:Drivers/CMSIS/Include/core_cm0plus.h **** 
 725:Drivers/CMSIS/Include/core_cm0plus.h **** 
 726:Drivers/CMSIS/Include/core_cm0plus.h **** /* Interrupt Priorities are WORD accessible only under Armv6-M                  */
 727:Drivers/CMSIS/Include/core_cm0plus.h **** /* The following MACROS handle generation of the register offset and byte masks */
 728:Drivers/CMSIS/Include/core_cm0plus.h **** #define _BIT_SHIFT(IRQn)         (  ((((uint32_t)(int32_t)(IRQn))         )      &  0x03UL) * 8UL)
 729:Drivers/CMSIS/Include/core_cm0plus.h **** #define _SHP_IDX(IRQn)           ( (((((uint32_t)(int32_t)(IRQn)) & 0x0FUL)-8UL) >>    2UL)      )
 730:Drivers/CMSIS/Include/core_cm0plus.h **** #define _IP_IDX(IRQn)            (   (((uint32_t)(int32_t)(IRQn))                >>    2UL)      )
 731:Drivers/CMSIS/Include/core_cm0plus.h **** 
 732:Drivers/CMSIS/Include/core_cm0plus.h **** #define __NVIC_SetPriorityGrouping(X) (void)(X)
 733:Drivers/CMSIS/Include/core_cm0plus.h **** #define __NVIC_GetPriorityGrouping()  (0U)
 734:Drivers/CMSIS/Include/core_cm0plus.h **** 
 735:Drivers/CMSIS/Include/core_cm0plus.h **** /**
 736:Drivers/CMSIS/Include/core_cm0plus.h ****   \brief   Enable Interrupt
 737:Drivers/CMSIS/Include/core_cm0plus.h ****   \details Enables a device specific interrupt in the NVIC interrupt controller.
 738:Drivers/CMSIS/Include/core_cm0plus.h ****   \param [in]      IRQn  Device specific interrupt number.
 739:Drivers/CMSIS/Include/core_cm0plus.h ****   \note    IRQn must not be negative.
 740:Drivers/CMSIS/Include/core_cm0plus.h ****  */
 741:Drivers/CMSIS/Include/core_cm0plus.h **** __STATIC_INLINE void __NVIC_EnableIRQ(IRQn_Type IRQn)
 742:Drivers/CMSIS/Include/core_cm0plus.h **** {
 743:Drivers/CMSIS/Include/core_cm0plus.h ****   if ((int32_t)(IRQn) >= 0)
 744:Drivers/CMSIS/Include/core_cm0plus.h ****   {
 745:Drivers/CMSIS/Include/core_cm0plus.h ****     __COMPILER_BARRIER();
 746:Drivers/CMSIS/Include/core_cm0plus.h ****     NVIC->ISER[0U] = (uint32_t)(1UL << (((uint32_t)IRQn) & 0x1FUL));
 747:Drivers/CMSIS/Include/core_cm0plus.h ****     __COMPILER_BARRIER();
 748:Drivers/CMSIS/Include/core_cm0plus.h ****   }
 749:Drivers/CMSIS/Include/core_cm0plus.h **** }
 750:Drivers/CMSIS/Include/core_cm0plus.h **** 
 751:Drivers/CMSIS/Include/core_cm0plus.h **** 
 752:Drivers/CMSIS/Include/core_cm0plus.h **** /**
 753:Drivers/CMSIS/Include/core_cm0plus.h ****   \brief   Get Interrupt Enable status
 754:Drivers/CMSIS/Include/core_cm0plus.h ****   \details Returns a device specific interrupt enable status from the NVIC interrupt controller.
 755:Drivers/CMSIS/Include/core_cm0plus.h ****   \param [in]      IRQn  Device specific interrupt number.
 756:Drivers/CMSIS/Include/core_cm0plus.h ****   \return             0  Interrupt is not enabled.
 757:Drivers/CMSIS/Include/core_cm0plus.h ****   \return             1  Interrupt is enabled.
 758:Drivers/CMSIS/Include/core_cm0plus.h ****   \note    IRQn must not be negative.
 759:Drivers/CMSIS/Include/core_cm0plus.h ****  */
 760:Drivers/CMSIS/Include/core_cm0plus.h **** __STATIC_INLINE uint32_t __NVIC_GetEnableIRQ(IRQn_Type IRQn)
 761:Drivers/CMSIS/Include/core_cm0plus.h **** {
 762:Drivers/CMSIS/Include/core_cm0plus.h ****   if ((int32_t)(IRQn) >= 0)
 763:Drivers/CMSIS/Include/core_cm0plus.h ****   {
 764:Drivers/CMSIS/Include/core_cm0plus.h ****     return((uint32_t)(((NVIC->ISER[0U] & (1UL << (((uint32_t)IRQn) & 0x1FUL))) != 0UL) ? 1UL : 0UL)
 765:Drivers/CMSIS/Include/core_cm0plus.h ****   }
 766:Drivers/CMSIS/Include/core_cm0plus.h ****   else
 767:Drivers/CMSIS/Include/core_cm0plus.h ****   {
 768:Drivers/CMSIS/Include/core_cm0plus.h ****     return(0U);
 769:Drivers/CMSIS/Include/core_cm0plus.h ****   }
 770:Drivers/CMSIS/Include/core_cm0plus.h **** }
 771:Drivers/CMSIS/Include/core_cm0plus.h **** 
 772:Drivers/CMSIS/Include/core_cm0plus.h **** 
 773:Drivers/CMSIS/Include/core_cm0plus.h **** /**
ARM GAS  C:\Users\a_hae\AppData\Local\Temp\ccOS17hD.s 			page 15


 774:Drivers/CMSIS/Include/core_cm0plus.h ****   \brief   Disable Interrupt
 775:Drivers/CMSIS/Include/core_cm0plus.h ****   \details Disables a device specific interrupt in the NVIC interrupt controller.
 776:Drivers/CMSIS/Include/core_cm0plus.h ****   \param [in]      IRQn  Device specific interrupt number.
 777:Drivers/CMSIS/Include/core_cm0plus.h ****   \note    IRQn must not be negative.
 778:Drivers/CMSIS/Include/core_cm0plus.h ****  */
 779:Drivers/CMSIS/Include/core_cm0plus.h **** __STATIC_INLINE void __NVIC_DisableIRQ(IRQn_Type IRQn)
 780:Drivers/CMSIS/Include/core_cm0plus.h **** {
 781:Drivers/CMSIS/Include/core_cm0plus.h ****   if ((int32_t)(IRQn) >= 0)
 782:Drivers/CMSIS/Include/core_cm0plus.h ****   {
 783:Drivers/CMSIS/Include/core_cm0plus.h ****     NVIC->ICER[0U] = (uint32_t)(1UL << (((uint32_t)IRQn) & 0x1FUL));
 784:Drivers/CMSIS/Include/core_cm0plus.h ****     __DSB();
 785:Drivers/CMSIS/Include/core_cm0plus.h ****     __ISB();
 786:Drivers/CMSIS/Include/core_cm0plus.h ****   }
 787:Drivers/CMSIS/Include/core_cm0plus.h **** }
 788:Drivers/CMSIS/Include/core_cm0plus.h **** 
 789:Drivers/CMSIS/Include/core_cm0plus.h **** 
 790:Drivers/CMSIS/Include/core_cm0plus.h **** /**
 791:Drivers/CMSIS/Include/core_cm0plus.h ****   \brief   Get Pending Interrupt
 792:Drivers/CMSIS/Include/core_cm0plus.h ****   \details Reads the NVIC pending register and returns the pending bit for the specified device spe
 793:Drivers/CMSIS/Include/core_cm0plus.h ****   \param [in]      IRQn  Device specific interrupt number.
 794:Drivers/CMSIS/Include/core_cm0plus.h ****   \return             0  Interrupt status is not pending.
 795:Drivers/CMSIS/Include/core_cm0plus.h ****   \return             1  Interrupt status is pending.
 796:Drivers/CMSIS/Include/core_cm0plus.h ****   \note    IRQn must not be negative.
 797:Drivers/CMSIS/Include/core_cm0plus.h ****  */
 798:Drivers/CMSIS/Include/core_cm0plus.h **** __STATIC_INLINE uint32_t __NVIC_GetPendingIRQ(IRQn_Type IRQn)
 799:Drivers/CMSIS/Include/core_cm0plus.h **** {
 800:Drivers/CMSIS/Include/core_cm0plus.h ****   if ((int32_t)(IRQn) >= 0)
 801:Drivers/CMSIS/Include/core_cm0plus.h ****   {
 802:Drivers/CMSIS/Include/core_cm0plus.h ****     return((uint32_t)(((NVIC->ISPR[0U] & (1UL << (((uint32_t)IRQn) & 0x1FUL))) != 0UL) ? 1UL : 0UL)
 803:Drivers/CMSIS/Include/core_cm0plus.h ****   }
 804:Drivers/CMSIS/Include/core_cm0plus.h ****   else
 805:Drivers/CMSIS/Include/core_cm0plus.h ****   {
 806:Drivers/CMSIS/Include/core_cm0plus.h ****     return(0U);
 807:Drivers/CMSIS/Include/core_cm0plus.h ****   }
 808:Drivers/CMSIS/Include/core_cm0plus.h **** }
 809:Drivers/CMSIS/Include/core_cm0plus.h **** 
 810:Drivers/CMSIS/Include/core_cm0plus.h **** 
 811:Drivers/CMSIS/Include/core_cm0plus.h **** /**
 812:Drivers/CMSIS/Include/core_cm0plus.h ****   \brief   Set Pending Interrupt
 813:Drivers/CMSIS/Include/core_cm0plus.h ****   \details Sets the pending bit of a device specific interrupt in the NVIC pending register.
 814:Drivers/CMSIS/Include/core_cm0plus.h ****   \param [in]      IRQn  Device specific interrupt number.
 815:Drivers/CMSIS/Include/core_cm0plus.h ****   \note    IRQn must not be negative.
 816:Drivers/CMSIS/Include/core_cm0plus.h ****  */
 817:Drivers/CMSIS/Include/core_cm0plus.h **** __STATIC_INLINE void __NVIC_SetPendingIRQ(IRQn_Type IRQn)
 818:Drivers/CMSIS/Include/core_cm0plus.h **** {
 819:Drivers/CMSIS/Include/core_cm0plus.h ****   if ((int32_t)(IRQn) >= 0)
 820:Drivers/CMSIS/Include/core_cm0plus.h ****   {
 821:Drivers/CMSIS/Include/core_cm0plus.h ****     NVIC->ISPR[0U] = (uint32_t)(1UL << (((uint32_t)IRQn) & 0x1FUL));
 822:Drivers/CMSIS/Include/core_cm0plus.h ****   }
 823:Drivers/CMSIS/Include/core_cm0plus.h **** }
 824:Drivers/CMSIS/Include/core_cm0plus.h **** 
 825:Drivers/CMSIS/Include/core_cm0plus.h **** 
 826:Drivers/CMSIS/Include/core_cm0plus.h **** /**
 827:Drivers/CMSIS/Include/core_cm0plus.h ****   \brief   Clear Pending Interrupt
 828:Drivers/CMSIS/Include/core_cm0plus.h ****   \details Clears the pending bit of a device specific interrupt in the NVIC pending register.
 829:Drivers/CMSIS/Include/core_cm0plus.h ****   \param [in]      IRQn  Device specific interrupt number.
 830:Drivers/CMSIS/Include/core_cm0plus.h ****   \note    IRQn must not be negative.
ARM GAS  C:\Users\a_hae\AppData\Local\Temp\ccOS17hD.s 			page 16


 831:Drivers/CMSIS/Include/core_cm0plus.h ****  */
 832:Drivers/CMSIS/Include/core_cm0plus.h **** __STATIC_INLINE void __NVIC_ClearPendingIRQ(IRQn_Type IRQn)
 833:Drivers/CMSIS/Include/core_cm0plus.h **** {
 834:Drivers/CMSIS/Include/core_cm0plus.h ****   if ((int32_t)(IRQn) >= 0)
 835:Drivers/CMSIS/Include/core_cm0plus.h ****   {
 836:Drivers/CMSIS/Include/core_cm0plus.h ****     NVIC->ICPR[0U] = (uint32_t)(1UL << (((uint32_t)IRQn) & 0x1FUL));
 837:Drivers/CMSIS/Include/core_cm0plus.h ****   }
 838:Drivers/CMSIS/Include/core_cm0plus.h **** }
 839:Drivers/CMSIS/Include/core_cm0plus.h **** 
 840:Drivers/CMSIS/Include/core_cm0plus.h **** 
 841:Drivers/CMSIS/Include/core_cm0plus.h **** /**
 842:Drivers/CMSIS/Include/core_cm0plus.h ****   \brief   Set Interrupt Priority
 843:Drivers/CMSIS/Include/core_cm0plus.h ****   \details Sets the priority of a device specific interrupt or a processor exception.
 844:Drivers/CMSIS/Include/core_cm0plus.h ****            The interrupt number can be positive to specify a device specific interrupt,
 845:Drivers/CMSIS/Include/core_cm0plus.h ****            or negative to specify a processor exception.
 846:Drivers/CMSIS/Include/core_cm0plus.h ****   \param [in]      IRQn  Interrupt number.
 847:Drivers/CMSIS/Include/core_cm0plus.h ****   \param [in]  priority  Priority to set.
 848:Drivers/CMSIS/Include/core_cm0plus.h ****   \note    The priority cannot be set for every processor exception.
 849:Drivers/CMSIS/Include/core_cm0plus.h ****  */
 850:Drivers/CMSIS/Include/core_cm0plus.h **** __STATIC_INLINE void __NVIC_SetPriority(IRQn_Type IRQn, uint32_t priority)
 851:Drivers/CMSIS/Include/core_cm0plus.h **** {
 852:Drivers/CMSIS/Include/core_cm0plus.h ****   if ((int32_t)(IRQn) >= 0)
 853:Drivers/CMSIS/Include/core_cm0plus.h ****   {
 854:Drivers/CMSIS/Include/core_cm0plus.h ****     NVIC->IP[_IP_IDX(IRQn)]  = ((uint32_t)(NVIC->IP[_IP_IDX(IRQn)]  & ~(0xFFUL << _BIT_SHIFT(IRQn))
 855:Drivers/CMSIS/Include/core_cm0plus.h ****        (((priority << (8U - __NVIC_PRIO_BITS)) & (uint32_t)0xFFUL) << _BIT_SHIFT(IRQn)));
 856:Drivers/CMSIS/Include/core_cm0plus.h ****   }
 857:Drivers/CMSIS/Include/core_cm0plus.h ****   else
 858:Drivers/CMSIS/Include/core_cm0plus.h ****   {
 859:Drivers/CMSIS/Include/core_cm0plus.h ****     SCB->SHP[_SHP_IDX(IRQn)] = ((uint32_t)(SCB->SHP[_SHP_IDX(IRQn)] & ~(0xFFUL << _BIT_SHIFT(IRQn))
 860:Drivers/CMSIS/Include/core_cm0plus.h ****        (((priority << (8U - __NVIC_PRIO_BITS)) & (uint32_t)0xFFUL) << _BIT_SHIFT(IRQn)));
 861:Drivers/CMSIS/Include/core_cm0plus.h ****   }
 862:Drivers/CMSIS/Include/core_cm0plus.h **** }
 863:Drivers/CMSIS/Include/core_cm0plus.h **** 
 864:Drivers/CMSIS/Include/core_cm0plus.h **** 
 865:Drivers/CMSIS/Include/core_cm0plus.h **** /**
 866:Drivers/CMSIS/Include/core_cm0plus.h ****   \brief   Get Interrupt Priority
 867:Drivers/CMSIS/Include/core_cm0plus.h ****   \details Reads the priority of a device specific interrupt or a processor exception.
 868:Drivers/CMSIS/Include/core_cm0plus.h ****            The interrupt number can be positive to specify a device specific interrupt,
 869:Drivers/CMSIS/Include/core_cm0plus.h ****            or negative to specify a processor exception.
 870:Drivers/CMSIS/Include/core_cm0plus.h ****   \param [in]   IRQn  Interrupt number.
 871:Drivers/CMSIS/Include/core_cm0plus.h ****   \return             Interrupt Priority.
 872:Drivers/CMSIS/Include/core_cm0plus.h ****                       Value is aligned automatically to the implemented priority bits of the microc
 873:Drivers/CMSIS/Include/core_cm0plus.h ****  */
 874:Drivers/CMSIS/Include/core_cm0plus.h **** __STATIC_INLINE uint32_t __NVIC_GetPriority(IRQn_Type IRQn)
 875:Drivers/CMSIS/Include/core_cm0plus.h **** {
 876:Drivers/CMSIS/Include/core_cm0plus.h **** 
 877:Drivers/CMSIS/Include/core_cm0plus.h ****   if ((int32_t)(IRQn) >= 0)
 878:Drivers/CMSIS/Include/core_cm0plus.h ****   {
 879:Drivers/CMSIS/Include/core_cm0plus.h ****     return((uint32_t)(((NVIC->IP[ _IP_IDX(IRQn)] >> _BIT_SHIFT(IRQn) ) & (uint32_t)0xFFUL) >> (8U -
 880:Drivers/CMSIS/Include/core_cm0plus.h ****   }
 881:Drivers/CMSIS/Include/core_cm0plus.h ****   else
 882:Drivers/CMSIS/Include/core_cm0plus.h ****   {
 883:Drivers/CMSIS/Include/core_cm0plus.h ****     return((uint32_t)(((SCB->SHP[_SHP_IDX(IRQn)] >> _BIT_SHIFT(IRQn) ) & (uint32_t)0xFFUL) >> (8U -
 884:Drivers/CMSIS/Include/core_cm0plus.h ****   }
 885:Drivers/CMSIS/Include/core_cm0plus.h **** }
 886:Drivers/CMSIS/Include/core_cm0plus.h **** 
 887:Drivers/CMSIS/Include/core_cm0plus.h **** 
ARM GAS  C:\Users\a_hae\AppData\Local\Temp\ccOS17hD.s 			page 17


 888:Drivers/CMSIS/Include/core_cm0plus.h **** /**
 889:Drivers/CMSIS/Include/core_cm0plus.h ****   \brief   Encode Priority
 890:Drivers/CMSIS/Include/core_cm0plus.h ****   \details Encodes the priority for an interrupt with the given priority group,
 891:Drivers/CMSIS/Include/core_cm0plus.h ****            preemptive priority value, and subpriority value.
 892:Drivers/CMSIS/Include/core_cm0plus.h ****            In case of a conflict between priority grouping and available
 893:Drivers/CMSIS/Include/core_cm0plus.h ****            priority bits (__NVIC_PRIO_BITS), the smallest possible priority group is set.
 894:Drivers/CMSIS/Include/core_cm0plus.h ****   \param [in]     PriorityGroup  Used priority group.
 895:Drivers/CMSIS/Include/core_cm0plus.h ****   \param [in]   PreemptPriority  Preemptive priority value (starting from 0).
 896:Drivers/CMSIS/Include/core_cm0plus.h ****   \param [in]       SubPriority  Subpriority value (starting from 0).
 897:Drivers/CMSIS/Include/core_cm0plus.h ****   \return                        Encoded priority. Value can be used in the function \ref NVIC_SetP
 898:Drivers/CMSIS/Include/core_cm0plus.h ****  */
 899:Drivers/CMSIS/Include/core_cm0plus.h **** __STATIC_INLINE uint32_t NVIC_EncodePriority (uint32_t PriorityGroup, uint32_t PreemptPriority, uin
 900:Drivers/CMSIS/Include/core_cm0plus.h **** {
 901:Drivers/CMSIS/Include/core_cm0plus.h ****   uint32_t PriorityGroupTmp = (PriorityGroup & (uint32_t)0x07UL);   /* only values 0..7 are used   
 902:Drivers/CMSIS/Include/core_cm0plus.h ****   uint32_t PreemptPriorityBits;
 903:Drivers/CMSIS/Include/core_cm0plus.h ****   uint32_t SubPriorityBits;
 904:Drivers/CMSIS/Include/core_cm0plus.h **** 
 905:Drivers/CMSIS/Include/core_cm0plus.h ****   PreemptPriorityBits = ((7UL - PriorityGroupTmp) > (uint32_t)(__NVIC_PRIO_BITS)) ? (uint32_t)(__NV
 906:Drivers/CMSIS/Include/core_cm0plus.h ****   SubPriorityBits     = ((PriorityGroupTmp + (uint32_t)(__NVIC_PRIO_BITS)) < (uint32_t)7UL) ? (uint
 907:Drivers/CMSIS/Include/core_cm0plus.h **** 
 908:Drivers/CMSIS/Include/core_cm0plus.h ****   return (
 909:Drivers/CMSIS/Include/core_cm0plus.h ****            ((PreemptPriority & (uint32_t)((1UL << (PreemptPriorityBits)) - 1UL)) << SubPriorityBits
 910:Drivers/CMSIS/Include/core_cm0plus.h ****            ((SubPriority     & (uint32_t)((1UL << (SubPriorityBits    )) - 1UL)))
 911:Drivers/CMSIS/Include/core_cm0plus.h ****          );
 912:Drivers/CMSIS/Include/core_cm0plus.h **** }
 913:Drivers/CMSIS/Include/core_cm0plus.h **** 
 914:Drivers/CMSIS/Include/core_cm0plus.h **** 
 915:Drivers/CMSIS/Include/core_cm0plus.h **** /**
 916:Drivers/CMSIS/Include/core_cm0plus.h ****   \brief   Decode Priority
 917:Drivers/CMSIS/Include/core_cm0plus.h ****   \details Decodes an interrupt priority value with a given priority group to
 918:Drivers/CMSIS/Include/core_cm0plus.h ****            preemptive priority value and subpriority value.
 919:Drivers/CMSIS/Include/core_cm0plus.h ****            In case of a conflict between priority grouping and available
 920:Drivers/CMSIS/Include/core_cm0plus.h ****            priority bits (__NVIC_PRIO_BITS) the smallest possible priority group is set.
 921:Drivers/CMSIS/Include/core_cm0plus.h ****   \param [in]         Priority   Priority value, which can be retrieved with the function \ref NVIC
 922:Drivers/CMSIS/Include/core_cm0plus.h ****   \param [in]     PriorityGroup  Used priority group.
 923:Drivers/CMSIS/Include/core_cm0plus.h ****   \param [out] pPreemptPriority  Preemptive priority value (starting from 0).
 924:Drivers/CMSIS/Include/core_cm0plus.h ****   \param [out]     pSubPriority  Subpriority value (starting from 0).
 925:Drivers/CMSIS/Include/core_cm0plus.h ****  */
 926:Drivers/CMSIS/Include/core_cm0plus.h **** __STATIC_INLINE void NVIC_DecodePriority (uint32_t Priority, uint32_t PriorityGroup, uint32_t* cons
 927:Drivers/CMSIS/Include/core_cm0plus.h **** {
 928:Drivers/CMSIS/Include/core_cm0plus.h ****   uint32_t PriorityGroupTmp = (PriorityGroup & (uint32_t)0x07UL);   /* only values 0..7 are used   
 929:Drivers/CMSIS/Include/core_cm0plus.h ****   uint32_t PreemptPriorityBits;
 930:Drivers/CMSIS/Include/core_cm0plus.h ****   uint32_t SubPriorityBits;
 931:Drivers/CMSIS/Include/core_cm0plus.h **** 
 932:Drivers/CMSIS/Include/core_cm0plus.h ****   PreemptPriorityBits = ((7UL - PriorityGroupTmp) > (uint32_t)(__NVIC_PRIO_BITS)) ? (uint32_t)(__NV
 933:Drivers/CMSIS/Include/core_cm0plus.h ****   SubPriorityBits     = ((PriorityGroupTmp + (uint32_t)(__NVIC_PRIO_BITS)) < (uint32_t)7UL) ? (uint
 934:Drivers/CMSIS/Include/core_cm0plus.h **** 
 935:Drivers/CMSIS/Include/core_cm0plus.h ****   *pPreemptPriority = (Priority >> SubPriorityBits) & (uint32_t)((1UL << (PreemptPriorityBits)) - 1
 936:Drivers/CMSIS/Include/core_cm0plus.h ****   *pSubPriority     = (Priority                   ) & (uint32_t)((1UL << (SubPriorityBits    )) - 1
 937:Drivers/CMSIS/Include/core_cm0plus.h **** }
 938:Drivers/CMSIS/Include/core_cm0plus.h **** 
 939:Drivers/CMSIS/Include/core_cm0plus.h **** 
 940:Drivers/CMSIS/Include/core_cm0plus.h **** /**
 941:Drivers/CMSIS/Include/core_cm0plus.h ****   \brief   Set Interrupt Vector
 942:Drivers/CMSIS/Include/core_cm0plus.h ****   \details Sets an interrupt vector in SRAM based interrupt vector table.
 943:Drivers/CMSIS/Include/core_cm0plus.h ****            The interrupt number can be positive to specify a device specific interrupt,
 944:Drivers/CMSIS/Include/core_cm0plus.h ****            or negative to specify a processor exception.
ARM GAS  C:\Users\a_hae\AppData\Local\Temp\ccOS17hD.s 			page 18


 945:Drivers/CMSIS/Include/core_cm0plus.h ****            VTOR must been relocated to SRAM before.
 946:Drivers/CMSIS/Include/core_cm0plus.h ****            If VTOR is not present address 0 must be mapped to SRAM.
 947:Drivers/CMSIS/Include/core_cm0plus.h ****   \param [in]   IRQn      Interrupt number
 948:Drivers/CMSIS/Include/core_cm0plus.h ****   \param [in]   vector    Address of interrupt handler function
 949:Drivers/CMSIS/Include/core_cm0plus.h ****  */
 950:Drivers/CMSIS/Include/core_cm0plus.h **** __STATIC_INLINE void __NVIC_SetVector(IRQn_Type IRQn, uint32_t vector)
 951:Drivers/CMSIS/Include/core_cm0plus.h **** {
 952:Drivers/CMSIS/Include/core_cm0plus.h **** #if defined (__VTOR_PRESENT) && (__VTOR_PRESENT == 1U)
 953:Drivers/CMSIS/Include/core_cm0plus.h ****   uint32_t vectors = SCB->VTOR;
 954:Drivers/CMSIS/Include/core_cm0plus.h **** #else
 955:Drivers/CMSIS/Include/core_cm0plus.h ****   uint32_t vectors = 0x0U;
 956:Drivers/CMSIS/Include/core_cm0plus.h **** #endif
 957:Drivers/CMSIS/Include/core_cm0plus.h ****   (* (int *) (vectors + ((int32_t)IRQn + NVIC_USER_IRQ_OFFSET) * 4)) = vector;
 958:Drivers/CMSIS/Include/core_cm0plus.h ****   /* ARM Application Note 321 states that the M0+ does not require the architectural barrier */
 959:Drivers/CMSIS/Include/core_cm0plus.h **** }
 960:Drivers/CMSIS/Include/core_cm0plus.h **** 
 961:Drivers/CMSIS/Include/core_cm0plus.h **** 
 962:Drivers/CMSIS/Include/core_cm0plus.h **** /**
 963:Drivers/CMSIS/Include/core_cm0plus.h ****   \brief   Get Interrupt Vector
 964:Drivers/CMSIS/Include/core_cm0plus.h ****   \details Reads an interrupt vector from interrupt vector table.
 965:Drivers/CMSIS/Include/core_cm0plus.h ****            The interrupt number can be positive to specify a device specific interrupt,
 966:Drivers/CMSIS/Include/core_cm0plus.h ****            or negative to specify a processor exception.
 967:Drivers/CMSIS/Include/core_cm0plus.h ****   \param [in]   IRQn      Interrupt number.
 968:Drivers/CMSIS/Include/core_cm0plus.h ****   \return                 Address of interrupt handler function
 969:Drivers/CMSIS/Include/core_cm0plus.h ****  */
 970:Drivers/CMSIS/Include/core_cm0plus.h **** __STATIC_INLINE uint32_t __NVIC_GetVector(IRQn_Type IRQn)
 971:Drivers/CMSIS/Include/core_cm0plus.h **** {
 972:Drivers/CMSIS/Include/core_cm0plus.h **** #if defined (__VTOR_PRESENT) && (__VTOR_PRESENT == 1U)
 973:Drivers/CMSIS/Include/core_cm0plus.h ****   uint32_t vectors = SCB->VTOR;
 974:Drivers/CMSIS/Include/core_cm0plus.h **** #else
 975:Drivers/CMSIS/Include/core_cm0plus.h ****   uint32_t vectors = 0x0U;
 976:Drivers/CMSIS/Include/core_cm0plus.h **** #endif
 977:Drivers/CMSIS/Include/core_cm0plus.h ****   return (uint32_t)(* (int *) (vectors + ((int32_t)IRQn + NVIC_USER_IRQ_OFFSET) * 4));
 978:Drivers/CMSIS/Include/core_cm0plus.h **** }
 979:Drivers/CMSIS/Include/core_cm0plus.h **** 
 980:Drivers/CMSIS/Include/core_cm0plus.h **** 
 981:Drivers/CMSIS/Include/core_cm0plus.h **** /**
 982:Drivers/CMSIS/Include/core_cm0plus.h ****   \brief   System Reset
 983:Drivers/CMSIS/Include/core_cm0plus.h ****   \details Initiates a system reset request to reset the MCU.
 984:Drivers/CMSIS/Include/core_cm0plus.h ****  */
 985:Drivers/CMSIS/Include/core_cm0plus.h **** __NO_RETURN __STATIC_INLINE void __NVIC_SystemReset(void)
 986:Drivers/CMSIS/Include/core_cm0plus.h **** {
  27              		.loc 2 986 1
  28              		.cfi_startproc
  29              		@ args = 0, pretend = 0, frame = 0
  30              		@ frame_needed = 1, uses_anonymous_args = 0
  31 0000 80B5     		push	{r7, lr}
  32              	.LCFI0:
  33              		.cfi_def_cfa_offset 8
  34              		.cfi_offset 7, -8
  35              		.cfi_offset 14, -4
  36 0002 00AF     		add	r7, sp, #0
  37              	.LCFI1:
  38              		.cfi_def_cfa_register 7
  39              	.LBB17:
  40              	.LBB18:
  41              		.file 3 "Drivers/CMSIS/Include/cmsis_gcc.h"
ARM GAS  C:\Users\a_hae\AppData\Local\Temp\ccOS17hD.s 			page 19


   1:Drivers/CMSIS/Include/cmsis_gcc.h **** /**************************************************************************//**
   2:Drivers/CMSIS/Include/cmsis_gcc.h ****  * @file     cmsis_gcc.h
   3:Drivers/CMSIS/Include/cmsis_gcc.h ****  * @brief    CMSIS compiler GCC header file
   4:Drivers/CMSIS/Include/cmsis_gcc.h ****  * @version  V5.2.0
   5:Drivers/CMSIS/Include/cmsis_gcc.h ****  * @date     08. May 2019
   6:Drivers/CMSIS/Include/cmsis_gcc.h ****  ******************************************************************************/
   7:Drivers/CMSIS/Include/cmsis_gcc.h **** /*
   8:Drivers/CMSIS/Include/cmsis_gcc.h ****  * Copyright (c) 2009-2019 Arm Limited. All rights reserved.
   9:Drivers/CMSIS/Include/cmsis_gcc.h ****  *
  10:Drivers/CMSIS/Include/cmsis_gcc.h ****  * SPDX-License-Identifier: Apache-2.0
  11:Drivers/CMSIS/Include/cmsis_gcc.h ****  *
  12:Drivers/CMSIS/Include/cmsis_gcc.h ****  * Licensed under the Apache License, Version 2.0 (the License); you may
  13:Drivers/CMSIS/Include/cmsis_gcc.h ****  * not use this file except in compliance with the License.
  14:Drivers/CMSIS/Include/cmsis_gcc.h ****  * You may obtain a copy of the License at
  15:Drivers/CMSIS/Include/cmsis_gcc.h ****  *
  16:Drivers/CMSIS/Include/cmsis_gcc.h ****  * www.apache.org/licenses/LICENSE-2.0
  17:Drivers/CMSIS/Include/cmsis_gcc.h ****  *
  18:Drivers/CMSIS/Include/cmsis_gcc.h ****  * Unless required by applicable law or agreed to in writing, software
  19:Drivers/CMSIS/Include/cmsis_gcc.h ****  * distributed under the License is distributed on an AS IS BASIS, WITHOUT
  20:Drivers/CMSIS/Include/cmsis_gcc.h ****  * WARRANTIES OR CONDITIONS OF ANY KIND, either express or implied.
  21:Drivers/CMSIS/Include/cmsis_gcc.h ****  * See the License for the specific language governing permissions and
  22:Drivers/CMSIS/Include/cmsis_gcc.h ****  * limitations under the License.
  23:Drivers/CMSIS/Include/cmsis_gcc.h ****  */
  24:Drivers/CMSIS/Include/cmsis_gcc.h **** 
  25:Drivers/CMSIS/Include/cmsis_gcc.h **** #ifndef __CMSIS_GCC_H
  26:Drivers/CMSIS/Include/cmsis_gcc.h **** #define __CMSIS_GCC_H
  27:Drivers/CMSIS/Include/cmsis_gcc.h **** 
  28:Drivers/CMSIS/Include/cmsis_gcc.h **** /* ignore some GCC warnings */
  29:Drivers/CMSIS/Include/cmsis_gcc.h **** #pragma GCC diagnostic push
  30:Drivers/CMSIS/Include/cmsis_gcc.h **** #pragma GCC diagnostic ignored "-Wsign-conversion"
  31:Drivers/CMSIS/Include/cmsis_gcc.h **** #pragma GCC diagnostic ignored "-Wconversion"
  32:Drivers/CMSIS/Include/cmsis_gcc.h **** #pragma GCC diagnostic ignored "-Wunused-parameter"
  33:Drivers/CMSIS/Include/cmsis_gcc.h **** 
  34:Drivers/CMSIS/Include/cmsis_gcc.h **** /* Fallback for __has_builtin */
  35:Drivers/CMSIS/Include/cmsis_gcc.h **** #ifndef __has_builtin
  36:Drivers/CMSIS/Include/cmsis_gcc.h ****   #define __has_builtin(x) (0)
  37:Drivers/CMSIS/Include/cmsis_gcc.h **** #endif
  38:Drivers/CMSIS/Include/cmsis_gcc.h **** 
  39:Drivers/CMSIS/Include/cmsis_gcc.h **** /* CMSIS compiler specific defines */
  40:Drivers/CMSIS/Include/cmsis_gcc.h **** #ifndef   __ASM
  41:Drivers/CMSIS/Include/cmsis_gcc.h ****   #define __ASM                                  __asm
  42:Drivers/CMSIS/Include/cmsis_gcc.h **** #endif
  43:Drivers/CMSIS/Include/cmsis_gcc.h **** #ifndef   __INLINE
  44:Drivers/CMSIS/Include/cmsis_gcc.h ****   #define __INLINE                               inline
  45:Drivers/CMSIS/Include/cmsis_gcc.h **** #endif
  46:Drivers/CMSIS/Include/cmsis_gcc.h **** #ifndef   __STATIC_INLINE
  47:Drivers/CMSIS/Include/cmsis_gcc.h ****   #define __STATIC_INLINE                        static inline
  48:Drivers/CMSIS/Include/cmsis_gcc.h **** #endif
  49:Drivers/CMSIS/Include/cmsis_gcc.h **** #ifndef   __STATIC_FORCEINLINE                 
  50:Drivers/CMSIS/Include/cmsis_gcc.h ****   #define __STATIC_FORCEINLINE                   __attribute__((always_inline)) static inline
  51:Drivers/CMSIS/Include/cmsis_gcc.h **** #endif                                           
  52:Drivers/CMSIS/Include/cmsis_gcc.h **** #ifndef   __NO_RETURN
  53:Drivers/CMSIS/Include/cmsis_gcc.h ****   #define __NO_RETURN                            __attribute__((__noreturn__))
  54:Drivers/CMSIS/Include/cmsis_gcc.h **** #endif
  55:Drivers/CMSIS/Include/cmsis_gcc.h **** #ifndef   __USED
  56:Drivers/CMSIS/Include/cmsis_gcc.h ****   #define __USED                                 __attribute__((used))
  57:Drivers/CMSIS/Include/cmsis_gcc.h **** #endif
ARM GAS  C:\Users\a_hae\AppData\Local\Temp\ccOS17hD.s 			page 20


  58:Drivers/CMSIS/Include/cmsis_gcc.h **** #ifndef   __WEAK
  59:Drivers/CMSIS/Include/cmsis_gcc.h ****   #define __WEAK                                 __attribute__((weak))
  60:Drivers/CMSIS/Include/cmsis_gcc.h **** #endif
  61:Drivers/CMSIS/Include/cmsis_gcc.h **** #ifndef   __PACKED
  62:Drivers/CMSIS/Include/cmsis_gcc.h ****   #define __PACKED                               __attribute__((packed, aligned(1)))
  63:Drivers/CMSIS/Include/cmsis_gcc.h **** #endif
  64:Drivers/CMSIS/Include/cmsis_gcc.h **** #ifndef   __PACKED_STRUCT
  65:Drivers/CMSIS/Include/cmsis_gcc.h ****   #define __PACKED_STRUCT                        struct __attribute__((packed, aligned(1)))
  66:Drivers/CMSIS/Include/cmsis_gcc.h **** #endif
  67:Drivers/CMSIS/Include/cmsis_gcc.h **** #ifndef   __PACKED_UNION
  68:Drivers/CMSIS/Include/cmsis_gcc.h ****   #define __PACKED_UNION                         union __attribute__((packed, aligned(1)))
  69:Drivers/CMSIS/Include/cmsis_gcc.h **** #endif
  70:Drivers/CMSIS/Include/cmsis_gcc.h **** #ifndef   __UNALIGNED_UINT32        /* deprecated */
  71:Drivers/CMSIS/Include/cmsis_gcc.h ****   #pragma GCC diagnostic push
  72:Drivers/CMSIS/Include/cmsis_gcc.h ****   #pragma GCC diagnostic ignored "-Wpacked"
  73:Drivers/CMSIS/Include/cmsis_gcc.h ****   #pragma GCC diagnostic ignored "-Wattributes"
  74:Drivers/CMSIS/Include/cmsis_gcc.h ****   struct __attribute__((packed)) T_UINT32 { uint32_t v; };
  75:Drivers/CMSIS/Include/cmsis_gcc.h ****   #pragma GCC diagnostic pop
  76:Drivers/CMSIS/Include/cmsis_gcc.h ****   #define __UNALIGNED_UINT32(x)                  (((struct T_UINT32 *)(x))->v)
  77:Drivers/CMSIS/Include/cmsis_gcc.h **** #endif
  78:Drivers/CMSIS/Include/cmsis_gcc.h **** #ifndef   __UNALIGNED_UINT16_WRITE
  79:Drivers/CMSIS/Include/cmsis_gcc.h ****   #pragma GCC diagnostic push
  80:Drivers/CMSIS/Include/cmsis_gcc.h ****   #pragma GCC diagnostic ignored "-Wpacked"
  81:Drivers/CMSIS/Include/cmsis_gcc.h ****   #pragma GCC diagnostic ignored "-Wattributes"
  82:Drivers/CMSIS/Include/cmsis_gcc.h ****   __PACKED_STRUCT T_UINT16_WRITE { uint16_t v; };
  83:Drivers/CMSIS/Include/cmsis_gcc.h ****   #pragma GCC diagnostic pop
  84:Drivers/CMSIS/Include/cmsis_gcc.h ****   #define __UNALIGNED_UINT16_WRITE(addr, val)    (void)((((struct T_UINT16_WRITE *)(void *)(addr))-
  85:Drivers/CMSIS/Include/cmsis_gcc.h **** #endif
  86:Drivers/CMSIS/Include/cmsis_gcc.h **** #ifndef   __UNALIGNED_UINT16_READ
  87:Drivers/CMSIS/Include/cmsis_gcc.h ****   #pragma GCC diagnostic push
  88:Drivers/CMSIS/Include/cmsis_gcc.h ****   #pragma GCC diagnostic ignored "-Wpacked"
  89:Drivers/CMSIS/Include/cmsis_gcc.h ****   #pragma GCC diagnostic ignored "-Wattributes"
  90:Drivers/CMSIS/Include/cmsis_gcc.h ****   __PACKED_STRUCT T_UINT16_READ { uint16_t v; };
  91:Drivers/CMSIS/Include/cmsis_gcc.h ****   #pragma GCC diagnostic pop
  92:Drivers/CMSIS/Include/cmsis_gcc.h ****   #define __UNALIGNED_UINT16_READ(addr)          (((const struct T_UINT16_READ *)(const void *)(add
  93:Drivers/CMSIS/Include/cmsis_gcc.h **** #endif
  94:Drivers/CMSIS/Include/cmsis_gcc.h **** #ifndef   __UNALIGNED_UINT32_WRITE
  95:Drivers/CMSIS/Include/cmsis_gcc.h ****   #pragma GCC diagnostic push
  96:Drivers/CMSIS/Include/cmsis_gcc.h ****   #pragma GCC diagnostic ignored "-Wpacked"
  97:Drivers/CMSIS/Include/cmsis_gcc.h ****   #pragma GCC diagnostic ignored "-Wattributes"
  98:Drivers/CMSIS/Include/cmsis_gcc.h ****   __PACKED_STRUCT T_UINT32_WRITE { uint32_t v; };
  99:Drivers/CMSIS/Include/cmsis_gcc.h ****   #pragma GCC diagnostic pop
 100:Drivers/CMSIS/Include/cmsis_gcc.h ****   #define __UNALIGNED_UINT32_WRITE(addr, val)    (void)((((struct T_UINT32_WRITE *)(void *)(addr))-
 101:Drivers/CMSIS/Include/cmsis_gcc.h **** #endif
 102:Drivers/CMSIS/Include/cmsis_gcc.h **** #ifndef   __UNALIGNED_UINT32_READ
 103:Drivers/CMSIS/Include/cmsis_gcc.h ****   #pragma GCC diagnostic push
 104:Drivers/CMSIS/Include/cmsis_gcc.h ****   #pragma GCC diagnostic ignored "-Wpacked"
 105:Drivers/CMSIS/Include/cmsis_gcc.h ****   #pragma GCC diagnostic ignored "-Wattributes"
 106:Drivers/CMSIS/Include/cmsis_gcc.h ****   __PACKED_STRUCT T_UINT32_READ { uint32_t v; };
 107:Drivers/CMSIS/Include/cmsis_gcc.h ****   #pragma GCC diagnostic pop
 108:Drivers/CMSIS/Include/cmsis_gcc.h ****   #define __UNALIGNED_UINT32_READ(addr)          (((const struct T_UINT32_READ *)(const void *)(add
 109:Drivers/CMSIS/Include/cmsis_gcc.h **** #endif
 110:Drivers/CMSIS/Include/cmsis_gcc.h **** #ifndef   __ALIGNED
 111:Drivers/CMSIS/Include/cmsis_gcc.h ****   #define __ALIGNED(x)                           __attribute__((aligned(x)))
 112:Drivers/CMSIS/Include/cmsis_gcc.h **** #endif
 113:Drivers/CMSIS/Include/cmsis_gcc.h **** #ifndef   __RESTRICT
 114:Drivers/CMSIS/Include/cmsis_gcc.h ****   #define __RESTRICT                             __restrict
ARM GAS  C:\Users\a_hae\AppData\Local\Temp\ccOS17hD.s 			page 21


 115:Drivers/CMSIS/Include/cmsis_gcc.h **** #endif
 116:Drivers/CMSIS/Include/cmsis_gcc.h **** #ifndef   __COMPILER_BARRIER
 117:Drivers/CMSIS/Include/cmsis_gcc.h ****   #define __COMPILER_BARRIER()                   __ASM volatile("":::"memory")
 118:Drivers/CMSIS/Include/cmsis_gcc.h **** #endif
 119:Drivers/CMSIS/Include/cmsis_gcc.h **** 
 120:Drivers/CMSIS/Include/cmsis_gcc.h **** /* #########################  Startup and Lowlevel Init  ######################## */
 121:Drivers/CMSIS/Include/cmsis_gcc.h **** 
 122:Drivers/CMSIS/Include/cmsis_gcc.h **** #ifndef __PROGRAM_START
 123:Drivers/CMSIS/Include/cmsis_gcc.h **** 
 124:Drivers/CMSIS/Include/cmsis_gcc.h **** /**
 125:Drivers/CMSIS/Include/cmsis_gcc.h ****   \brief   Initializes data and bss sections
 126:Drivers/CMSIS/Include/cmsis_gcc.h ****   \details This default implementations initialized all data and additional bss
 127:Drivers/CMSIS/Include/cmsis_gcc.h ****            sections relying on .copy.table and .zero.table specified properly
 128:Drivers/CMSIS/Include/cmsis_gcc.h ****            in the used linker script.
 129:Drivers/CMSIS/Include/cmsis_gcc.h ****   
 130:Drivers/CMSIS/Include/cmsis_gcc.h ****  */
 131:Drivers/CMSIS/Include/cmsis_gcc.h **** __STATIC_FORCEINLINE __NO_RETURN void __cmsis_start(void)
 132:Drivers/CMSIS/Include/cmsis_gcc.h **** {
 133:Drivers/CMSIS/Include/cmsis_gcc.h ****   extern void _start(void) __NO_RETURN;
 134:Drivers/CMSIS/Include/cmsis_gcc.h ****   
 135:Drivers/CMSIS/Include/cmsis_gcc.h ****   typedef struct {
 136:Drivers/CMSIS/Include/cmsis_gcc.h ****     uint32_t const* src;
 137:Drivers/CMSIS/Include/cmsis_gcc.h ****     uint32_t* dest;
 138:Drivers/CMSIS/Include/cmsis_gcc.h ****     uint32_t  wlen;
 139:Drivers/CMSIS/Include/cmsis_gcc.h ****   } __copy_table_t;
 140:Drivers/CMSIS/Include/cmsis_gcc.h ****   
 141:Drivers/CMSIS/Include/cmsis_gcc.h ****   typedef struct {
 142:Drivers/CMSIS/Include/cmsis_gcc.h ****     uint32_t* dest;
 143:Drivers/CMSIS/Include/cmsis_gcc.h ****     uint32_t  wlen;
 144:Drivers/CMSIS/Include/cmsis_gcc.h ****   } __zero_table_t;
 145:Drivers/CMSIS/Include/cmsis_gcc.h ****   
 146:Drivers/CMSIS/Include/cmsis_gcc.h ****   extern const __copy_table_t __copy_table_start__;
 147:Drivers/CMSIS/Include/cmsis_gcc.h ****   extern const __copy_table_t __copy_table_end__;
 148:Drivers/CMSIS/Include/cmsis_gcc.h ****   extern const __zero_table_t __zero_table_start__;
 149:Drivers/CMSIS/Include/cmsis_gcc.h ****   extern const __zero_table_t __zero_table_end__;
 150:Drivers/CMSIS/Include/cmsis_gcc.h **** 
 151:Drivers/CMSIS/Include/cmsis_gcc.h ****   for (__copy_table_t const* pTable = &__copy_table_start__; pTable < &__copy_table_end__; ++pTable
 152:Drivers/CMSIS/Include/cmsis_gcc.h ****     for(uint32_t i=0u; i<pTable->wlen; ++i) {
 153:Drivers/CMSIS/Include/cmsis_gcc.h ****       pTable->dest[i] = pTable->src[i];
 154:Drivers/CMSIS/Include/cmsis_gcc.h ****     }
 155:Drivers/CMSIS/Include/cmsis_gcc.h ****   }
 156:Drivers/CMSIS/Include/cmsis_gcc.h ****  
 157:Drivers/CMSIS/Include/cmsis_gcc.h ****   for (__zero_table_t const* pTable = &__zero_table_start__; pTable < &__zero_table_end__; ++pTable
 158:Drivers/CMSIS/Include/cmsis_gcc.h ****     for(uint32_t i=0u; i<pTable->wlen; ++i) {
 159:Drivers/CMSIS/Include/cmsis_gcc.h ****       pTable->dest[i] = 0u;
 160:Drivers/CMSIS/Include/cmsis_gcc.h ****     }
 161:Drivers/CMSIS/Include/cmsis_gcc.h ****   }
 162:Drivers/CMSIS/Include/cmsis_gcc.h ****  
 163:Drivers/CMSIS/Include/cmsis_gcc.h ****   _start();
 164:Drivers/CMSIS/Include/cmsis_gcc.h **** }
 165:Drivers/CMSIS/Include/cmsis_gcc.h ****   
 166:Drivers/CMSIS/Include/cmsis_gcc.h **** #define __PROGRAM_START           __cmsis_start
 167:Drivers/CMSIS/Include/cmsis_gcc.h **** #endif
 168:Drivers/CMSIS/Include/cmsis_gcc.h **** 
 169:Drivers/CMSIS/Include/cmsis_gcc.h **** #ifndef __INITIAL_SP
 170:Drivers/CMSIS/Include/cmsis_gcc.h **** #define __INITIAL_SP              __StackTop
 171:Drivers/CMSIS/Include/cmsis_gcc.h **** #endif
ARM GAS  C:\Users\a_hae\AppData\Local\Temp\ccOS17hD.s 			page 22


 172:Drivers/CMSIS/Include/cmsis_gcc.h **** 
 173:Drivers/CMSIS/Include/cmsis_gcc.h **** #ifndef __STACK_LIMIT
 174:Drivers/CMSIS/Include/cmsis_gcc.h **** #define __STACK_LIMIT             __StackLimit
 175:Drivers/CMSIS/Include/cmsis_gcc.h **** #endif
 176:Drivers/CMSIS/Include/cmsis_gcc.h **** 
 177:Drivers/CMSIS/Include/cmsis_gcc.h **** #ifndef __VECTOR_TABLE
 178:Drivers/CMSIS/Include/cmsis_gcc.h **** #define __VECTOR_TABLE            __Vectors
 179:Drivers/CMSIS/Include/cmsis_gcc.h **** #endif
 180:Drivers/CMSIS/Include/cmsis_gcc.h **** 
 181:Drivers/CMSIS/Include/cmsis_gcc.h **** #ifndef __VECTOR_TABLE_ATTRIBUTE
 182:Drivers/CMSIS/Include/cmsis_gcc.h **** #define __VECTOR_TABLE_ATTRIBUTE  __attribute((used, section(".vectors")))
 183:Drivers/CMSIS/Include/cmsis_gcc.h **** #endif
 184:Drivers/CMSIS/Include/cmsis_gcc.h **** 
 185:Drivers/CMSIS/Include/cmsis_gcc.h **** /* ###########################  Core Function Access  ########################### */
 186:Drivers/CMSIS/Include/cmsis_gcc.h **** /** \ingroup  CMSIS_Core_FunctionInterface
 187:Drivers/CMSIS/Include/cmsis_gcc.h ****     \defgroup CMSIS_Core_RegAccFunctions CMSIS Core Register Access Functions
 188:Drivers/CMSIS/Include/cmsis_gcc.h ****   @{
 189:Drivers/CMSIS/Include/cmsis_gcc.h ****  */
 190:Drivers/CMSIS/Include/cmsis_gcc.h **** 
 191:Drivers/CMSIS/Include/cmsis_gcc.h **** /**
 192:Drivers/CMSIS/Include/cmsis_gcc.h ****   \brief   Enable IRQ Interrupts
 193:Drivers/CMSIS/Include/cmsis_gcc.h ****   \details Enables IRQ interrupts by clearing the I-bit in the CPSR.
 194:Drivers/CMSIS/Include/cmsis_gcc.h ****            Can only be executed in Privileged modes.
 195:Drivers/CMSIS/Include/cmsis_gcc.h ****  */
 196:Drivers/CMSIS/Include/cmsis_gcc.h **** __STATIC_FORCEINLINE void __enable_irq(void)
 197:Drivers/CMSIS/Include/cmsis_gcc.h **** {
 198:Drivers/CMSIS/Include/cmsis_gcc.h ****   __ASM volatile ("cpsie i" : : : "memory");
 199:Drivers/CMSIS/Include/cmsis_gcc.h **** }
 200:Drivers/CMSIS/Include/cmsis_gcc.h **** 
 201:Drivers/CMSIS/Include/cmsis_gcc.h **** 
 202:Drivers/CMSIS/Include/cmsis_gcc.h **** /**
 203:Drivers/CMSIS/Include/cmsis_gcc.h ****   \brief   Disable IRQ Interrupts
 204:Drivers/CMSIS/Include/cmsis_gcc.h ****   \details Disables IRQ interrupts by setting the I-bit in the CPSR.
 205:Drivers/CMSIS/Include/cmsis_gcc.h ****            Can only be executed in Privileged modes.
 206:Drivers/CMSIS/Include/cmsis_gcc.h ****  */
 207:Drivers/CMSIS/Include/cmsis_gcc.h **** __STATIC_FORCEINLINE void __disable_irq(void)
 208:Drivers/CMSIS/Include/cmsis_gcc.h **** {
 209:Drivers/CMSIS/Include/cmsis_gcc.h ****   __ASM volatile ("cpsid i" : : : "memory");
 210:Drivers/CMSIS/Include/cmsis_gcc.h **** }
 211:Drivers/CMSIS/Include/cmsis_gcc.h **** 
 212:Drivers/CMSIS/Include/cmsis_gcc.h **** 
 213:Drivers/CMSIS/Include/cmsis_gcc.h **** /**
 214:Drivers/CMSIS/Include/cmsis_gcc.h ****   \brief   Get Control Register
 215:Drivers/CMSIS/Include/cmsis_gcc.h ****   \details Returns the content of the Control Register.
 216:Drivers/CMSIS/Include/cmsis_gcc.h ****   \return               Control Register value
 217:Drivers/CMSIS/Include/cmsis_gcc.h ****  */
 218:Drivers/CMSIS/Include/cmsis_gcc.h **** __STATIC_FORCEINLINE uint32_t __get_CONTROL(void)
 219:Drivers/CMSIS/Include/cmsis_gcc.h **** {
 220:Drivers/CMSIS/Include/cmsis_gcc.h ****   uint32_t result;
 221:Drivers/CMSIS/Include/cmsis_gcc.h **** 
 222:Drivers/CMSIS/Include/cmsis_gcc.h ****   __ASM volatile ("MRS %0, control" : "=r" (result) );
 223:Drivers/CMSIS/Include/cmsis_gcc.h ****   return(result);
 224:Drivers/CMSIS/Include/cmsis_gcc.h **** }
 225:Drivers/CMSIS/Include/cmsis_gcc.h **** 
 226:Drivers/CMSIS/Include/cmsis_gcc.h **** 
 227:Drivers/CMSIS/Include/cmsis_gcc.h **** #if (defined (__ARM_FEATURE_CMSE ) && (__ARM_FEATURE_CMSE == 3))
 228:Drivers/CMSIS/Include/cmsis_gcc.h **** /**
ARM GAS  C:\Users\a_hae\AppData\Local\Temp\ccOS17hD.s 			page 23


 229:Drivers/CMSIS/Include/cmsis_gcc.h ****   \brief   Get Control Register (non-secure)
 230:Drivers/CMSIS/Include/cmsis_gcc.h ****   \details Returns the content of the non-secure Control Register when in secure mode.
 231:Drivers/CMSIS/Include/cmsis_gcc.h ****   \return               non-secure Control Register value
 232:Drivers/CMSIS/Include/cmsis_gcc.h ****  */
 233:Drivers/CMSIS/Include/cmsis_gcc.h **** __STATIC_FORCEINLINE uint32_t __TZ_get_CONTROL_NS(void)
 234:Drivers/CMSIS/Include/cmsis_gcc.h **** {
 235:Drivers/CMSIS/Include/cmsis_gcc.h ****   uint32_t result;
 236:Drivers/CMSIS/Include/cmsis_gcc.h **** 
 237:Drivers/CMSIS/Include/cmsis_gcc.h ****   __ASM volatile ("MRS %0, control_ns" : "=r" (result) );
 238:Drivers/CMSIS/Include/cmsis_gcc.h ****   return(result);
 239:Drivers/CMSIS/Include/cmsis_gcc.h **** }
 240:Drivers/CMSIS/Include/cmsis_gcc.h **** #endif
 241:Drivers/CMSIS/Include/cmsis_gcc.h **** 
 242:Drivers/CMSIS/Include/cmsis_gcc.h **** 
 243:Drivers/CMSIS/Include/cmsis_gcc.h **** /**
 244:Drivers/CMSIS/Include/cmsis_gcc.h ****   \brief   Set Control Register
 245:Drivers/CMSIS/Include/cmsis_gcc.h ****   \details Writes the given value to the Control Register.
 246:Drivers/CMSIS/Include/cmsis_gcc.h ****   \param [in]    control  Control Register value to set
 247:Drivers/CMSIS/Include/cmsis_gcc.h ****  */
 248:Drivers/CMSIS/Include/cmsis_gcc.h **** __STATIC_FORCEINLINE void __set_CONTROL(uint32_t control)
 249:Drivers/CMSIS/Include/cmsis_gcc.h **** {
 250:Drivers/CMSIS/Include/cmsis_gcc.h ****   __ASM volatile ("MSR control, %0" : : "r" (control) : "memory");
 251:Drivers/CMSIS/Include/cmsis_gcc.h **** }
 252:Drivers/CMSIS/Include/cmsis_gcc.h **** 
 253:Drivers/CMSIS/Include/cmsis_gcc.h **** 
 254:Drivers/CMSIS/Include/cmsis_gcc.h **** #if (defined (__ARM_FEATURE_CMSE ) && (__ARM_FEATURE_CMSE == 3))
 255:Drivers/CMSIS/Include/cmsis_gcc.h **** /**
 256:Drivers/CMSIS/Include/cmsis_gcc.h ****   \brief   Set Control Register (non-secure)
 257:Drivers/CMSIS/Include/cmsis_gcc.h ****   \details Writes the given value to the non-secure Control Register when in secure state.
 258:Drivers/CMSIS/Include/cmsis_gcc.h ****   \param [in]    control  Control Register value to set
 259:Drivers/CMSIS/Include/cmsis_gcc.h ****  */
 260:Drivers/CMSIS/Include/cmsis_gcc.h **** __STATIC_FORCEINLINE void __TZ_set_CONTROL_NS(uint32_t control)
 261:Drivers/CMSIS/Include/cmsis_gcc.h **** {
 262:Drivers/CMSIS/Include/cmsis_gcc.h ****   __ASM volatile ("MSR control_ns, %0" : : "r" (control) : "memory");
 263:Drivers/CMSIS/Include/cmsis_gcc.h **** }
 264:Drivers/CMSIS/Include/cmsis_gcc.h **** #endif
 265:Drivers/CMSIS/Include/cmsis_gcc.h **** 
 266:Drivers/CMSIS/Include/cmsis_gcc.h **** 
 267:Drivers/CMSIS/Include/cmsis_gcc.h **** /**
 268:Drivers/CMSIS/Include/cmsis_gcc.h ****   \brief   Get IPSR Register
 269:Drivers/CMSIS/Include/cmsis_gcc.h ****   \details Returns the content of the IPSR Register.
 270:Drivers/CMSIS/Include/cmsis_gcc.h ****   \return               IPSR Register value
 271:Drivers/CMSIS/Include/cmsis_gcc.h ****  */
 272:Drivers/CMSIS/Include/cmsis_gcc.h **** __STATIC_FORCEINLINE uint32_t __get_IPSR(void)
 273:Drivers/CMSIS/Include/cmsis_gcc.h **** {
 274:Drivers/CMSIS/Include/cmsis_gcc.h ****   uint32_t result;
 275:Drivers/CMSIS/Include/cmsis_gcc.h **** 
 276:Drivers/CMSIS/Include/cmsis_gcc.h ****   __ASM volatile ("MRS %0, ipsr" : "=r" (result) );
 277:Drivers/CMSIS/Include/cmsis_gcc.h ****   return(result);
 278:Drivers/CMSIS/Include/cmsis_gcc.h **** }
 279:Drivers/CMSIS/Include/cmsis_gcc.h **** 
 280:Drivers/CMSIS/Include/cmsis_gcc.h **** 
 281:Drivers/CMSIS/Include/cmsis_gcc.h **** /**
 282:Drivers/CMSIS/Include/cmsis_gcc.h ****   \brief   Get APSR Register
 283:Drivers/CMSIS/Include/cmsis_gcc.h ****   \details Returns the content of the APSR Register.
 284:Drivers/CMSIS/Include/cmsis_gcc.h ****   \return               APSR Register value
 285:Drivers/CMSIS/Include/cmsis_gcc.h ****  */
ARM GAS  C:\Users\a_hae\AppData\Local\Temp\ccOS17hD.s 			page 24


 286:Drivers/CMSIS/Include/cmsis_gcc.h **** __STATIC_FORCEINLINE uint32_t __get_APSR(void)
 287:Drivers/CMSIS/Include/cmsis_gcc.h **** {
 288:Drivers/CMSIS/Include/cmsis_gcc.h ****   uint32_t result;
 289:Drivers/CMSIS/Include/cmsis_gcc.h **** 
 290:Drivers/CMSIS/Include/cmsis_gcc.h ****   __ASM volatile ("MRS %0, apsr" : "=r" (result) );
 291:Drivers/CMSIS/Include/cmsis_gcc.h ****   return(result);
 292:Drivers/CMSIS/Include/cmsis_gcc.h **** }
 293:Drivers/CMSIS/Include/cmsis_gcc.h **** 
 294:Drivers/CMSIS/Include/cmsis_gcc.h **** 
 295:Drivers/CMSIS/Include/cmsis_gcc.h **** /**
 296:Drivers/CMSIS/Include/cmsis_gcc.h ****   \brief   Get xPSR Register
 297:Drivers/CMSIS/Include/cmsis_gcc.h ****   \details Returns the content of the xPSR Register.
 298:Drivers/CMSIS/Include/cmsis_gcc.h ****   \return               xPSR Register value
 299:Drivers/CMSIS/Include/cmsis_gcc.h ****  */
 300:Drivers/CMSIS/Include/cmsis_gcc.h **** __STATIC_FORCEINLINE uint32_t __get_xPSR(void)
 301:Drivers/CMSIS/Include/cmsis_gcc.h **** {
 302:Drivers/CMSIS/Include/cmsis_gcc.h ****   uint32_t result;
 303:Drivers/CMSIS/Include/cmsis_gcc.h **** 
 304:Drivers/CMSIS/Include/cmsis_gcc.h ****   __ASM volatile ("MRS %0, xpsr" : "=r" (result) );
 305:Drivers/CMSIS/Include/cmsis_gcc.h ****   return(result);
 306:Drivers/CMSIS/Include/cmsis_gcc.h **** }
 307:Drivers/CMSIS/Include/cmsis_gcc.h **** 
 308:Drivers/CMSIS/Include/cmsis_gcc.h **** 
 309:Drivers/CMSIS/Include/cmsis_gcc.h **** /**
 310:Drivers/CMSIS/Include/cmsis_gcc.h ****   \brief   Get Process Stack Pointer
 311:Drivers/CMSIS/Include/cmsis_gcc.h ****   \details Returns the current value of the Process Stack Pointer (PSP).
 312:Drivers/CMSIS/Include/cmsis_gcc.h ****   \return               PSP Register value
 313:Drivers/CMSIS/Include/cmsis_gcc.h ****  */
 314:Drivers/CMSIS/Include/cmsis_gcc.h **** __STATIC_FORCEINLINE uint32_t __get_PSP(void)
 315:Drivers/CMSIS/Include/cmsis_gcc.h **** {
 316:Drivers/CMSIS/Include/cmsis_gcc.h ****   uint32_t result;
 317:Drivers/CMSIS/Include/cmsis_gcc.h **** 
 318:Drivers/CMSIS/Include/cmsis_gcc.h ****   __ASM volatile ("MRS %0, psp"  : "=r" (result) );
 319:Drivers/CMSIS/Include/cmsis_gcc.h ****   return(result);
 320:Drivers/CMSIS/Include/cmsis_gcc.h **** }
 321:Drivers/CMSIS/Include/cmsis_gcc.h **** 
 322:Drivers/CMSIS/Include/cmsis_gcc.h **** 
 323:Drivers/CMSIS/Include/cmsis_gcc.h **** #if (defined (__ARM_FEATURE_CMSE ) && (__ARM_FEATURE_CMSE == 3))
 324:Drivers/CMSIS/Include/cmsis_gcc.h **** /**
 325:Drivers/CMSIS/Include/cmsis_gcc.h ****   \brief   Get Process Stack Pointer (non-secure)
 326:Drivers/CMSIS/Include/cmsis_gcc.h ****   \details Returns the current value of the non-secure Process Stack Pointer (PSP) when in secure s
 327:Drivers/CMSIS/Include/cmsis_gcc.h ****   \return               PSP Register value
 328:Drivers/CMSIS/Include/cmsis_gcc.h ****  */
 329:Drivers/CMSIS/Include/cmsis_gcc.h **** __STATIC_FORCEINLINE uint32_t __TZ_get_PSP_NS(void)
 330:Drivers/CMSIS/Include/cmsis_gcc.h **** {
 331:Drivers/CMSIS/Include/cmsis_gcc.h ****   uint32_t result;
 332:Drivers/CMSIS/Include/cmsis_gcc.h **** 
 333:Drivers/CMSIS/Include/cmsis_gcc.h ****   __ASM volatile ("MRS %0, psp_ns"  : "=r" (result) );
 334:Drivers/CMSIS/Include/cmsis_gcc.h ****   return(result);
 335:Drivers/CMSIS/Include/cmsis_gcc.h **** }
 336:Drivers/CMSIS/Include/cmsis_gcc.h **** #endif
 337:Drivers/CMSIS/Include/cmsis_gcc.h **** 
 338:Drivers/CMSIS/Include/cmsis_gcc.h **** 
 339:Drivers/CMSIS/Include/cmsis_gcc.h **** /**
 340:Drivers/CMSIS/Include/cmsis_gcc.h ****   \brief   Set Process Stack Pointer
 341:Drivers/CMSIS/Include/cmsis_gcc.h ****   \details Assigns the given value to the Process Stack Pointer (PSP).
 342:Drivers/CMSIS/Include/cmsis_gcc.h ****   \param [in]    topOfProcStack  Process Stack Pointer value to set
ARM GAS  C:\Users\a_hae\AppData\Local\Temp\ccOS17hD.s 			page 25


 343:Drivers/CMSIS/Include/cmsis_gcc.h ****  */
 344:Drivers/CMSIS/Include/cmsis_gcc.h **** __STATIC_FORCEINLINE void __set_PSP(uint32_t topOfProcStack)
 345:Drivers/CMSIS/Include/cmsis_gcc.h **** {
 346:Drivers/CMSIS/Include/cmsis_gcc.h ****   __ASM volatile ("MSR psp, %0" : : "r" (topOfProcStack) : );
 347:Drivers/CMSIS/Include/cmsis_gcc.h **** }
 348:Drivers/CMSIS/Include/cmsis_gcc.h **** 
 349:Drivers/CMSIS/Include/cmsis_gcc.h **** 
 350:Drivers/CMSIS/Include/cmsis_gcc.h **** #if (defined (__ARM_FEATURE_CMSE ) && (__ARM_FEATURE_CMSE == 3))
 351:Drivers/CMSIS/Include/cmsis_gcc.h **** /**
 352:Drivers/CMSIS/Include/cmsis_gcc.h ****   \brief   Set Process Stack Pointer (non-secure)
 353:Drivers/CMSIS/Include/cmsis_gcc.h ****   \details Assigns the given value to the non-secure Process Stack Pointer (PSP) when in secure sta
 354:Drivers/CMSIS/Include/cmsis_gcc.h ****   \param [in]    topOfProcStack  Process Stack Pointer value to set
 355:Drivers/CMSIS/Include/cmsis_gcc.h ****  */
 356:Drivers/CMSIS/Include/cmsis_gcc.h **** __STATIC_FORCEINLINE void __TZ_set_PSP_NS(uint32_t topOfProcStack)
 357:Drivers/CMSIS/Include/cmsis_gcc.h **** {
 358:Drivers/CMSIS/Include/cmsis_gcc.h ****   __ASM volatile ("MSR psp_ns, %0" : : "r" (topOfProcStack) : );
 359:Drivers/CMSIS/Include/cmsis_gcc.h **** }
 360:Drivers/CMSIS/Include/cmsis_gcc.h **** #endif
 361:Drivers/CMSIS/Include/cmsis_gcc.h **** 
 362:Drivers/CMSIS/Include/cmsis_gcc.h **** 
 363:Drivers/CMSIS/Include/cmsis_gcc.h **** /**
 364:Drivers/CMSIS/Include/cmsis_gcc.h ****   \brief   Get Main Stack Pointer
 365:Drivers/CMSIS/Include/cmsis_gcc.h ****   \details Returns the current value of the Main Stack Pointer (MSP).
 366:Drivers/CMSIS/Include/cmsis_gcc.h ****   \return               MSP Register value
 367:Drivers/CMSIS/Include/cmsis_gcc.h ****  */
 368:Drivers/CMSIS/Include/cmsis_gcc.h **** __STATIC_FORCEINLINE uint32_t __get_MSP(void)
 369:Drivers/CMSIS/Include/cmsis_gcc.h **** {
 370:Drivers/CMSIS/Include/cmsis_gcc.h ****   uint32_t result;
 371:Drivers/CMSIS/Include/cmsis_gcc.h **** 
 372:Drivers/CMSIS/Include/cmsis_gcc.h ****   __ASM volatile ("MRS %0, msp" : "=r" (result) );
 373:Drivers/CMSIS/Include/cmsis_gcc.h ****   return(result);
 374:Drivers/CMSIS/Include/cmsis_gcc.h **** }
 375:Drivers/CMSIS/Include/cmsis_gcc.h **** 
 376:Drivers/CMSIS/Include/cmsis_gcc.h **** 
 377:Drivers/CMSIS/Include/cmsis_gcc.h **** #if (defined (__ARM_FEATURE_CMSE ) && (__ARM_FEATURE_CMSE == 3))
 378:Drivers/CMSIS/Include/cmsis_gcc.h **** /**
 379:Drivers/CMSIS/Include/cmsis_gcc.h ****   \brief   Get Main Stack Pointer (non-secure)
 380:Drivers/CMSIS/Include/cmsis_gcc.h ****   \details Returns the current value of the non-secure Main Stack Pointer (MSP) when in secure stat
 381:Drivers/CMSIS/Include/cmsis_gcc.h ****   \return               MSP Register value
 382:Drivers/CMSIS/Include/cmsis_gcc.h ****  */
 383:Drivers/CMSIS/Include/cmsis_gcc.h **** __STATIC_FORCEINLINE uint32_t __TZ_get_MSP_NS(void)
 384:Drivers/CMSIS/Include/cmsis_gcc.h **** {
 385:Drivers/CMSIS/Include/cmsis_gcc.h ****   uint32_t result;
 386:Drivers/CMSIS/Include/cmsis_gcc.h **** 
 387:Drivers/CMSIS/Include/cmsis_gcc.h ****   __ASM volatile ("MRS %0, msp_ns" : "=r" (result) );
 388:Drivers/CMSIS/Include/cmsis_gcc.h ****   return(result);
 389:Drivers/CMSIS/Include/cmsis_gcc.h **** }
 390:Drivers/CMSIS/Include/cmsis_gcc.h **** #endif
 391:Drivers/CMSIS/Include/cmsis_gcc.h **** 
 392:Drivers/CMSIS/Include/cmsis_gcc.h **** 
 393:Drivers/CMSIS/Include/cmsis_gcc.h **** /**
 394:Drivers/CMSIS/Include/cmsis_gcc.h ****   \brief   Set Main Stack Pointer
 395:Drivers/CMSIS/Include/cmsis_gcc.h ****   \details Assigns the given value to the Main Stack Pointer (MSP).
 396:Drivers/CMSIS/Include/cmsis_gcc.h ****   \param [in]    topOfMainStack  Main Stack Pointer value to set
 397:Drivers/CMSIS/Include/cmsis_gcc.h ****  */
 398:Drivers/CMSIS/Include/cmsis_gcc.h **** __STATIC_FORCEINLINE void __set_MSP(uint32_t topOfMainStack)
 399:Drivers/CMSIS/Include/cmsis_gcc.h **** {
ARM GAS  C:\Users\a_hae\AppData\Local\Temp\ccOS17hD.s 			page 26


 400:Drivers/CMSIS/Include/cmsis_gcc.h ****   __ASM volatile ("MSR msp, %0" : : "r" (topOfMainStack) : );
 401:Drivers/CMSIS/Include/cmsis_gcc.h **** }
 402:Drivers/CMSIS/Include/cmsis_gcc.h **** 
 403:Drivers/CMSIS/Include/cmsis_gcc.h **** 
 404:Drivers/CMSIS/Include/cmsis_gcc.h **** #if (defined (__ARM_FEATURE_CMSE ) && (__ARM_FEATURE_CMSE == 3))
 405:Drivers/CMSIS/Include/cmsis_gcc.h **** /**
 406:Drivers/CMSIS/Include/cmsis_gcc.h ****   \brief   Set Main Stack Pointer (non-secure)
 407:Drivers/CMSIS/Include/cmsis_gcc.h ****   \details Assigns the given value to the non-secure Main Stack Pointer (MSP) when in secure state.
 408:Drivers/CMSIS/Include/cmsis_gcc.h ****   \param [in]    topOfMainStack  Main Stack Pointer value to set
 409:Drivers/CMSIS/Include/cmsis_gcc.h ****  */
 410:Drivers/CMSIS/Include/cmsis_gcc.h **** __STATIC_FORCEINLINE void __TZ_set_MSP_NS(uint32_t topOfMainStack)
 411:Drivers/CMSIS/Include/cmsis_gcc.h **** {
 412:Drivers/CMSIS/Include/cmsis_gcc.h ****   __ASM volatile ("MSR msp_ns, %0" : : "r" (topOfMainStack) : );
 413:Drivers/CMSIS/Include/cmsis_gcc.h **** }
 414:Drivers/CMSIS/Include/cmsis_gcc.h **** #endif
 415:Drivers/CMSIS/Include/cmsis_gcc.h **** 
 416:Drivers/CMSIS/Include/cmsis_gcc.h **** 
 417:Drivers/CMSIS/Include/cmsis_gcc.h **** #if (defined (__ARM_FEATURE_CMSE ) && (__ARM_FEATURE_CMSE == 3))
 418:Drivers/CMSIS/Include/cmsis_gcc.h **** /**
 419:Drivers/CMSIS/Include/cmsis_gcc.h ****   \brief   Get Stack Pointer (non-secure)
 420:Drivers/CMSIS/Include/cmsis_gcc.h ****   \details Returns the current value of the non-secure Stack Pointer (SP) when in secure state.
 421:Drivers/CMSIS/Include/cmsis_gcc.h ****   \return               SP Register value
 422:Drivers/CMSIS/Include/cmsis_gcc.h ****  */
 423:Drivers/CMSIS/Include/cmsis_gcc.h **** __STATIC_FORCEINLINE uint32_t __TZ_get_SP_NS(void)
 424:Drivers/CMSIS/Include/cmsis_gcc.h **** {
 425:Drivers/CMSIS/Include/cmsis_gcc.h ****   uint32_t result;
 426:Drivers/CMSIS/Include/cmsis_gcc.h **** 
 427:Drivers/CMSIS/Include/cmsis_gcc.h ****   __ASM volatile ("MRS %0, sp_ns" : "=r" (result) );
 428:Drivers/CMSIS/Include/cmsis_gcc.h ****   return(result);
 429:Drivers/CMSIS/Include/cmsis_gcc.h **** }
 430:Drivers/CMSIS/Include/cmsis_gcc.h **** 
 431:Drivers/CMSIS/Include/cmsis_gcc.h **** 
 432:Drivers/CMSIS/Include/cmsis_gcc.h **** /**
 433:Drivers/CMSIS/Include/cmsis_gcc.h ****   \brief   Set Stack Pointer (non-secure)
 434:Drivers/CMSIS/Include/cmsis_gcc.h ****   \details Assigns the given value to the non-secure Stack Pointer (SP) when in secure state.
 435:Drivers/CMSIS/Include/cmsis_gcc.h ****   \param [in]    topOfStack  Stack Pointer value to set
 436:Drivers/CMSIS/Include/cmsis_gcc.h ****  */
 437:Drivers/CMSIS/Include/cmsis_gcc.h **** __STATIC_FORCEINLINE void __TZ_set_SP_NS(uint32_t topOfStack)
 438:Drivers/CMSIS/Include/cmsis_gcc.h **** {
 439:Drivers/CMSIS/Include/cmsis_gcc.h ****   __ASM volatile ("MSR sp_ns, %0" : : "r" (topOfStack) : );
 440:Drivers/CMSIS/Include/cmsis_gcc.h **** }
 441:Drivers/CMSIS/Include/cmsis_gcc.h **** #endif
 442:Drivers/CMSIS/Include/cmsis_gcc.h **** 
 443:Drivers/CMSIS/Include/cmsis_gcc.h **** 
 444:Drivers/CMSIS/Include/cmsis_gcc.h **** /**
 445:Drivers/CMSIS/Include/cmsis_gcc.h ****   \brief   Get Priority Mask
 446:Drivers/CMSIS/Include/cmsis_gcc.h ****   \details Returns the current state of the priority mask bit from the Priority Mask Register.
 447:Drivers/CMSIS/Include/cmsis_gcc.h ****   \return               Priority Mask value
 448:Drivers/CMSIS/Include/cmsis_gcc.h ****  */
 449:Drivers/CMSIS/Include/cmsis_gcc.h **** __STATIC_FORCEINLINE uint32_t __get_PRIMASK(void)
 450:Drivers/CMSIS/Include/cmsis_gcc.h **** {
 451:Drivers/CMSIS/Include/cmsis_gcc.h ****   uint32_t result;
 452:Drivers/CMSIS/Include/cmsis_gcc.h **** 
 453:Drivers/CMSIS/Include/cmsis_gcc.h ****   __ASM volatile ("MRS %0, primask" : "=r" (result) :: "memory");
 454:Drivers/CMSIS/Include/cmsis_gcc.h ****   return(result);
 455:Drivers/CMSIS/Include/cmsis_gcc.h **** }
 456:Drivers/CMSIS/Include/cmsis_gcc.h **** 
ARM GAS  C:\Users\a_hae\AppData\Local\Temp\ccOS17hD.s 			page 27


 457:Drivers/CMSIS/Include/cmsis_gcc.h **** 
 458:Drivers/CMSIS/Include/cmsis_gcc.h **** #if (defined (__ARM_FEATURE_CMSE ) && (__ARM_FEATURE_CMSE == 3))
 459:Drivers/CMSIS/Include/cmsis_gcc.h **** /**
 460:Drivers/CMSIS/Include/cmsis_gcc.h ****   \brief   Get Priority Mask (non-secure)
 461:Drivers/CMSIS/Include/cmsis_gcc.h ****   \details Returns the current state of the non-secure priority mask bit from the Priority Mask Reg
 462:Drivers/CMSIS/Include/cmsis_gcc.h ****   \return               Priority Mask value
 463:Drivers/CMSIS/Include/cmsis_gcc.h ****  */
 464:Drivers/CMSIS/Include/cmsis_gcc.h **** __STATIC_FORCEINLINE uint32_t __TZ_get_PRIMASK_NS(void)
 465:Drivers/CMSIS/Include/cmsis_gcc.h **** {
 466:Drivers/CMSIS/Include/cmsis_gcc.h ****   uint32_t result;
 467:Drivers/CMSIS/Include/cmsis_gcc.h **** 
 468:Drivers/CMSIS/Include/cmsis_gcc.h ****   __ASM volatile ("MRS %0, primask_ns" : "=r" (result) :: "memory");
 469:Drivers/CMSIS/Include/cmsis_gcc.h ****   return(result);
 470:Drivers/CMSIS/Include/cmsis_gcc.h **** }
 471:Drivers/CMSIS/Include/cmsis_gcc.h **** #endif
 472:Drivers/CMSIS/Include/cmsis_gcc.h **** 
 473:Drivers/CMSIS/Include/cmsis_gcc.h **** 
 474:Drivers/CMSIS/Include/cmsis_gcc.h **** /**
 475:Drivers/CMSIS/Include/cmsis_gcc.h ****   \brief   Set Priority Mask
 476:Drivers/CMSIS/Include/cmsis_gcc.h ****   \details Assigns the given value to the Priority Mask Register.
 477:Drivers/CMSIS/Include/cmsis_gcc.h ****   \param [in]    priMask  Priority Mask
 478:Drivers/CMSIS/Include/cmsis_gcc.h ****  */
 479:Drivers/CMSIS/Include/cmsis_gcc.h **** __STATIC_FORCEINLINE void __set_PRIMASK(uint32_t priMask)
 480:Drivers/CMSIS/Include/cmsis_gcc.h **** {
 481:Drivers/CMSIS/Include/cmsis_gcc.h ****   __ASM volatile ("MSR primask, %0" : : "r" (priMask) : "memory");
 482:Drivers/CMSIS/Include/cmsis_gcc.h **** }
 483:Drivers/CMSIS/Include/cmsis_gcc.h **** 
 484:Drivers/CMSIS/Include/cmsis_gcc.h **** 
 485:Drivers/CMSIS/Include/cmsis_gcc.h **** #if (defined (__ARM_FEATURE_CMSE ) && (__ARM_FEATURE_CMSE == 3))
 486:Drivers/CMSIS/Include/cmsis_gcc.h **** /**
 487:Drivers/CMSIS/Include/cmsis_gcc.h ****   \brief   Set Priority Mask (non-secure)
 488:Drivers/CMSIS/Include/cmsis_gcc.h ****   \details Assigns the given value to the non-secure Priority Mask Register when in secure state.
 489:Drivers/CMSIS/Include/cmsis_gcc.h ****   \param [in]    priMask  Priority Mask
 490:Drivers/CMSIS/Include/cmsis_gcc.h ****  */
 491:Drivers/CMSIS/Include/cmsis_gcc.h **** __STATIC_FORCEINLINE void __TZ_set_PRIMASK_NS(uint32_t priMask)
 492:Drivers/CMSIS/Include/cmsis_gcc.h **** {
 493:Drivers/CMSIS/Include/cmsis_gcc.h ****   __ASM volatile ("MSR primask_ns, %0" : : "r" (priMask) : "memory");
 494:Drivers/CMSIS/Include/cmsis_gcc.h **** }
 495:Drivers/CMSIS/Include/cmsis_gcc.h **** #endif
 496:Drivers/CMSIS/Include/cmsis_gcc.h **** 
 497:Drivers/CMSIS/Include/cmsis_gcc.h **** 
 498:Drivers/CMSIS/Include/cmsis_gcc.h **** #if ((defined (__ARM_ARCH_7M__      ) && (__ARM_ARCH_7M__      == 1)) || \
 499:Drivers/CMSIS/Include/cmsis_gcc.h ****      (defined (__ARM_ARCH_7EM__     ) && (__ARM_ARCH_7EM__     == 1)) || \
 500:Drivers/CMSIS/Include/cmsis_gcc.h ****      (defined (__ARM_ARCH_8M_MAIN__ ) && (__ARM_ARCH_8M_MAIN__ == 1))    )
 501:Drivers/CMSIS/Include/cmsis_gcc.h **** /**
 502:Drivers/CMSIS/Include/cmsis_gcc.h ****   \brief   Enable FIQ
 503:Drivers/CMSIS/Include/cmsis_gcc.h ****   \details Enables FIQ interrupts by clearing the F-bit in the CPSR.
 504:Drivers/CMSIS/Include/cmsis_gcc.h ****            Can only be executed in Privileged modes.
 505:Drivers/CMSIS/Include/cmsis_gcc.h ****  */
 506:Drivers/CMSIS/Include/cmsis_gcc.h **** __STATIC_FORCEINLINE void __enable_fault_irq(void)
 507:Drivers/CMSIS/Include/cmsis_gcc.h **** {
 508:Drivers/CMSIS/Include/cmsis_gcc.h ****   __ASM volatile ("cpsie f" : : : "memory");
 509:Drivers/CMSIS/Include/cmsis_gcc.h **** }
 510:Drivers/CMSIS/Include/cmsis_gcc.h **** 
 511:Drivers/CMSIS/Include/cmsis_gcc.h **** 
 512:Drivers/CMSIS/Include/cmsis_gcc.h **** /**
 513:Drivers/CMSIS/Include/cmsis_gcc.h ****   \brief   Disable FIQ
ARM GAS  C:\Users\a_hae\AppData\Local\Temp\ccOS17hD.s 			page 28


 514:Drivers/CMSIS/Include/cmsis_gcc.h ****   \details Disables FIQ interrupts by setting the F-bit in the CPSR.
 515:Drivers/CMSIS/Include/cmsis_gcc.h ****            Can only be executed in Privileged modes.
 516:Drivers/CMSIS/Include/cmsis_gcc.h ****  */
 517:Drivers/CMSIS/Include/cmsis_gcc.h **** __STATIC_FORCEINLINE void __disable_fault_irq(void)
 518:Drivers/CMSIS/Include/cmsis_gcc.h **** {
 519:Drivers/CMSIS/Include/cmsis_gcc.h ****   __ASM volatile ("cpsid f" : : : "memory");
 520:Drivers/CMSIS/Include/cmsis_gcc.h **** }
 521:Drivers/CMSIS/Include/cmsis_gcc.h **** 
 522:Drivers/CMSIS/Include/cmsis_gcc.h **** 
 523:Drivers/CMSIS/Include/cmsis_gcc.h **** /**
 524:Drivers/CMSIS/Include/cmsis_gcc.h ****   \brief   Get Base Priority
 525:Drivers/CMSIS/Include/cmsis_gcc.h ****   \details Returns the current value of the Base Priority register.
 526:Drivers/CMSIS/Include/cmsis_gcc.h ****   \return               Base Priority register value
 527:Drivers/CMSIS/Include/cmsis_gcc.h ****  */
 528:Drivers/CMSIS/Include/cmsis_gcc.h **** __STATIC_FORCEINLINE uint32_t __get_BASEPRI(void)
 529:Drivers/CMSIS/Include/cmsis_gcc.h **** {
 530:Drivers/CMSIS/Include/cmsis_gcc.h ****   uint32_t result;
 531:Drivers/CMSIS/Include/cmsis_gcc.h **** 
 532:Drivers/CMSIS/Include/cmsis_gcc.h ****   __ASM volatile ("MRS %0, basepri" : "=r" (result) );
 533:Drivers/CMSIS/Include/cmsis_gcc.h ****   return(result);
 534:Drivers/CMSIS/Include/cmsis_gcc.h **** }
 535:Drivers/CMSIS/Include/cmsis_gcc.h **** 
 536:Drivers/CMSIS/Include/cmsis_gcc.h **** 
 537:Drivers/CMSIS/Include/cmsis_gcc.h **** #if (defined (__ARM_FEATURE_CMSE ) && (__ARM_FEATURE_CMSE == 3))
 538:Drivers/CMSIS/Include/cmsis_gcc.h **** /**
 539:Drivers/CMSIS/Include/cmsis_gcc.h ****   \brief   Get Base Priority (non-secure)
 540:Drivers/CMSIS/Include/cmsis_gcc.h ****   \details Returns the current value of the non-secure Base Priority register when in secure state.
 541:Drivers/CMSIS/Include/cmsis_gcc.h ****   \return               Base Priority register value
 542:Drivers/CMSIS/Include/cmsis_gcc.h ****  */
 543:Drivers/CMSIS/Include/cmsis_gcc.h **** __STATIC_FORCEINLINE uint32_t __TZ_get_BASEPRI_NS(void)
 544:Drivers/CMSIS/Include/cmsis_gcc.h **** {
 545:Drivers/CMSIS/Include/cmsis_gcc.h ****   uint32_t result;
 546:Drivers/CMSIS/Include/cmsis_gcc.h **** 
 547:Drivers/CMSIS/Include/cmsis_gcc.h ****   __ASM volatile ("MRS %0, basepri_ns" : "=r" (result) );
 548:Drivers/CMSIS/Include/cmsis_gcc.h ****   return(result);
 549:Drivers/CMSIS/Include/cmsis_gcc.h **** }
 550:Drivers/CMSIS/Include/cmsis_gcc.h **** #endif
 551:Drivers/CMSIS/Include/cmsis_gcc.h **** 
 552:Drivers/CMSIS/Include/cmsis_gcc.h **** 
 553:Drivers/CMSIS/Include/cmsis_gcc.h **** /**
 554:Drivers/CMSIS/Include/cmsis_gcc.h ****   \brief   Set Base Priority
 555:Drivers/CMSIS/Include/cmsis_gcc.h ****   \details Assigns the given value to the Base Priority register.
 556:Drivers/CMSIS/Include/cmsis_gcc.h ****   \param [in]    basePri  Base Priority value to set
 557:Drivers/CMSIS/Include/cmsis_gcc.h ****  */
 558:Drivers/CMSIS/Include/cmsis_gcc.h **** __STATIC_FORCEINLINE void __set_BASEPRI(uint32_t basePri)
 559:Drivers/CMSIS/Include/cmsis_gcc.h **** {
 560:Drivers/CMSIS/Include/cmsis_gcc.h ****   __ASM volatile ("MSR basepri, %0" : : "r" (basePri) : "memory");
 561:Drivers/CMSIS/Include/cmsis_gcc.h **** }
 562:Drivers/CMSIS/Include/cmsis_gcc.h **** 
 563:Drivers/CMSIS/Include/cmsis_gcc.h **** 
 564:Drivers/CMSIS/Include/cmsis_gcc.h **** #if (defined (__ARM_FEATURE_CMSE ) && (__ARM_FEATURE_CMSE == 3))
 565:Drivers/CMSIS/Include/cmsis_gcc.h **** /**
 566:Drivers/CMSIS/Include/cmsis_gcc.h ****   \brief   Set Base Priority (non-secure)
 567:Drivers/CMSIS/Include/cmsis_gcc.h ****   \details Assigns the given value to the non-secure Base Priority register when in secure state.
 568:Drivers/CMSIS/Include/cmsis_gcc.h ****   \param [in]    basePri  Base Priority value to set
 569:Drivers/CMSIS/Include/cmsis_gcc.h ****  */
 570:Drivers/CMSIS/Include/cmsis_gcc.h **** __STATIC_FORCEINLINE void __TZ_set_BASEPRI_NS(uint32_t basePri)
ARM GAS  C:\Users\a_hae\AppData\Local\Temp\ccOS17hD.s 			page 29


 571:Drivers/CMSIS/Include/cmsis_gcc.h **** {
 572:Drivers/CMSIS/Include/cmsis_gcc.h ****   __ASM volatile ("MSR basepri_ns, %0" : : "r" (basePri) : "memory");
 573:Drivers/CMSIS/Include/cmsis_gcc.h **** }
 574:Drivers/CMSIS/Include/cmsis_gcc.h **** #endif
 575:Drivers/CMSIS/Include/cmsis_gcc.h **** 
 576:Drivers/CMSIS/Include/cmsis_gcc.h **** 
 577:Drivers/CMSIS/Include/cmsis_gcc.h **** /**
 578:Drivers/CMSIS/Include/cmsis_gcc.h ****   \brief   Set Base Priority with condition
 579:Drivers/CMSIS/Include/cmsis_gcc.h ****   \details Assigns the given value to the Base Priority register only if BASEPRI masking is disable
 580:Drivers/CMSIS/Include/cmsis_gcc.h ****            or the new value increases the BASEPRI priority level.
 581:Drivers/CMSIS/Include/cmsis_gcc.h ****   \param [in]    basePri  Base Priority value to set
 582:Drivers/CMSIS/Include/cmsis_gcc.h ****  */
 583:Drivers/CMSIS/Include/cmsis_gcc.h **** __STATIC_FORCEINLINE void __set_BASEPRI_MAX(uint32_t basePri)
 584:Drivers/CMSIS/Include/cmsis_gcc.h **** {
 585:Drivers/CMSIS/Include/cmsis_gcc.h ****   __ASM volatile ("MSR basepri_max, %0" : : "r" (basePri) : "memory");
 586:Drivers/CMSIS/Include/cmsis_gcc.h **** }
 587:Drivers/CMSIS/Include/cmsis_gcc.h **** 
 588:Drivers/CMSIS/Include/cmsis_gcc.h **** 
 589:Drivers/CMSIS/Include/cmsis_gcc.h **** /**
 590:Drivers/CMSIS/Include/cmsis_gcc.h ****   \brief   Get Fault Mask
 591:Drivers/CMSIS/Include/cmsis_gcc.h ****   \details Returns the current value of the Fault Mask register.
 592:Drivers/CMSIS/Include/cmsis_gcc.h ****   \return               Fault Mask register value
 593:Drivers/CMSIS/Include/cmsis_gcc.h ****  */
 594:Drivers/CMSIS/Include/cmsis_gcc.h **** __STATIC_FORCEINLINE uint32_t __get_FAULTMASK(void)
 595:Drivers/CMSIS/Include/cmsis_gcc.h **** {
 596:Drivers/CMSIS/Include/cmsis_gcc.h ****   uint32_t result;
 597:Drivers/CMSIS/Include/cmsis_gcc.h **** 
 598:Drivers/CMSIS/Include/cmsis_gcc.h ****   __ASM volatile ("MRS %0, faultmask" : "=r" (result) );
 599:Drivers/CMSIS/Include/cmsis_gcc.h ****   return(result);
 600:Drivers/CMSIS/Include/cmsis_gcc.h **** }
 601:Drivers/CMSIS/Include/cmsis_gcc.h **** 
 602:Drivers/CMSIS/Include/cmsis_gcc.h **** 
 603:Drivers/CMSIS/Include/cmsis_gcc.h **** #if (defined (__ARM_FEATURE_CMSE ) && (__ARM_FEATURE_CMSE == 3))
 604:Drivers/CMSIS/Include/cmsis_gcc.h **** /**
 605:Drivers/CMSIS/Include/cmsis_gcc.h ****   \brief   Get Fault Mask (non-secure)
 606:Drivers/CMSIS/Include/cmsis_gcc.h ****   \details Returns the current value of the non-secure Fault Mask register when in secure state.
 607:Drivers/CMSIS/Include/cmsis_gcc.h ****   \return               Fault Mask register value
 608:Drivers/CMSIS/Include/cmsis_gcc.h ****  */
 609:Drivers/CMSIS/Include/cmsis_gcc.h **** __STATIC_FORCEINLINE uint32_t __TZ_get_FAULTMASK_NS(void)
 610:Drivers/CMSIS/Include/cmsis_gcc.h **** {
 611:Drivers/CMSIS/Include/cmsis_gcc.h ****   uint32_t result;
 612:Drivers/CMSIS/Include/cmsis_gcc.h **** 
 613:Drivers/CMSIS/Include/cmsis_gcc.h ****   __ASM volatile ("MRS %0, faultmask_ns" : "=r" (result) );
 614:Drivers/CMSIS/Include/cmsis_gcc.h ****   return(result);
 615:Drivers/CMSIS/Include/cmsis_gcc.h **** }
 616:Drivers/CMSIS/Include/cmsis_gcc.h **** #endif
 617:Drivers/CMSIS/Include/cmsis_gcc.h **** 
 618:Drivers/CMSIS/Include/cmsis_gcc.h **** 
 619:Drivers/CMSIS/Include/cmsis_gcc.h **** /**
 620:Drivers/CMSIS/Include/cmsis_gcc.h ****   \brief   Set Fault Mask
 621:Drivers/CMSIS/Include/cmsis_gcc.h ****   \details Assigns the given value to the Fault Mask register.
 622:Drivers/CMSIS/Include/cmsis_gcc.h ****   \param [in]    faultMask  Fault Mask value to set
 623:Drivers/CMSIS/Include/cmsis_gcc.h ****  */
 624:Drivers/CMSIS/Include/cmsis_gcc.h **** __STATIC_FORCEINLINE void __set_FAULTMASK(uint32_t faultMask)
 625:Drivers/CMSIS/Include/cmsis_gcc.h **** {
 626:Drivers/CMSIS/Include/cmsis_gcc.h ****   __ASM volatile ("MSR faultmask, %0" : : "r" (faultMask) : "memory");
 627:Drivers/CMSIS/Include/cmsis_gcc.h **** }
ARM GAS  C:\Users\a_hae\AppData\Local\Temp\ccOS17hD.s 			page 30


 628:Drivers/CMSIS/Include/cmsis_gcc.h **** 
 629:Drivers/CMSIS/Include/cmsis_gcc.h **** 
 630:Drivers/CMSIS/Include/cmsis_gcc.h **** #if (defined (__ARM_FEATURE_CMSE ) && (__ARM_FEATURE_CMSE == 3))
 631:Drivers/CMSIS/Include/cmsis_gcc.h **** /**
 632:Drivers/CMSIS/Include/cmsis_gcc.h ****   \brief   Set Fault Mask (non-secure)
 633:Drivers/CMSIS/Include/cmsis_gcc.h ****   \details Assigns the given value to the non-secure Fault Mask register when in secure state.
 634:Drivers/CMSIS/Include/cmsis_gcc.h ****   \param [in]    faultMask  Fault Mask value to set
 635:Drivers/CMSIS/Include/cmsis_gcc.h ****  */
 636:Drivers/CMSIS/Include/cmsis_gcc.h **** __STATIC_FORCEINLINE void __TZ_set_FAULTMASK_NS(uint32_t faultMask)
 637:Drivers/CMSIS/Include/cmsis_gcc.h **** {
 638:Drivers/CMSIS/Include/cmsis_gcc.h ****   __ASM volatile ("MSR faultmask_ns, %0" : : "r" (faultMask) : "memory");
 639:Drivers/CMSIS/Include/cmsis_gcc.h **** }
 640:Drivers/CMSIS/Include/cmsis_gcc.h **** #endif
 641:Drivers/CMSIS/Include/cmsis_gcc.h **** 
 642:Drivers/CMSIS/Include/cmsis_gcc.h **** #endif /* ((defined (__ARM_ARCH_7M__      ) && (__ARM_ARCH_7M__      == 1)) || \
 643:Drivers/CMSIS/Include/cmsis_gcc.h ****            (defined (__ARM_ARCH_7EM__     ) && (__ARM_ARCH_7EM__     == 1)) || \
 644:Drivers/CMSIS/Include/cmsis_gcc.h ****            (defined (__ARM_ARCH_8M_MAIN__ ) && (__ARM_ARCH_8M_MAIN__ == 1))    ) */
 645:Drivers/CMSIS/Include/cmsis_gcc.h **** 
 646:Drivers/CMSIS/Include/cmsis_gcc.h **** 
 647:Drivers/CMSIS/Include/cmsis_gcc.h **** #if ((defined (__ARM_ARCH_8M_MAIN__ ) && (__ARM_ARCH_8M_MAIN__ == 1)) || \
 648:Drivers/CMSIS/Include/cmsis_gcc.h ****      (defined (__ARM_ARCH_8M_BASE__ ) && (__ARM_ARCH_8M_BASE__ == 1))    )
 649:Drivers/CMSIS/Include/cmsis_gcc.h **** 
 650:Drivers/CMSIS/Include/cmsis_gcc.h **** /**
 651:Drivers/CMSIS/Include/cmsis_gcc.h ****   \brief   Get Process Stack Pointer Limit
 652:Drivers/CMSIS/Include/cmsis_gcc.h ****   Devices without ARMv8-M Main Extensions (i.e. Cortex-M23) lack the non-secure
 653:Drivers/CMSIS/Include/cmsis_gcc.h ****   Stack Pointer Limit register hence zero is returned always in non-secure
 654:Drivers/CMSIS/Include/cmsis_gcc.h ****   mode.
 655:Drivers/CMSIS/Include/cmsis_gcc.h ****   
 656:Drivers/CMSIS/Include/cmsis_gcc.h ****   \details Returns the current value of the Process Stack Pointer Limit (PSPLIM).
 657:Drivers/CMSIS/Include/cmsis_gcc.h ****   \return               PSPLIM Register value
 658:Drivers/CMSIS/Include/cmsis_gcc.h ****  */
 659:Drivers/CMSIS/Include/cmsis_gcc.h **** __STATIC_FORCEINLINE uint32_t __get_PSPLIM(void)
 660:Drivers/CMSIS/Include/cmsis_gcc.h **** {
 661:Drivers/CMSIS/Include/cmsis_gcc.h **** #if (!(defined (__ARM_ARCH_8M_MAIN__ ) && (__ARM_ARCH_8M_MAIN__ == 1)) && \
 662:Drivers/CMSIS/Include/cmsis_gcc.h ****     (!defined (__ARM_FEATURE_CMSE) || (__ARM_FEATURE_CMSE < 3)))
 663:Drivers/CMSIS/Include/cmsis_gcc.h ****     // without main extensions, the non-secure PSPLIM is RAZ/WI
 664:Drivers/CMSIS/Include/cmsis_gcc.h ****   return 0U;
 665:Drivers/CMSIS/Include/cmsis_gcc.h **** #else
 666:Drivers/CMSIS/Include/cmsis_gcc.h ****   uint32_t result;
 667:Drivers/CMSIS/Include/cmsis_gcc.h ****   __ASM volatile ("MRS %0, psplim"  : "=r" (result) );
 668:Drivers/CMSIS/Include/cmsis_gcc.h ****   return result;
 669:Drivers/CMSIS/Include/cmsis_gcc.h **** #endif
 670:Drivers/CMSIS/Include/cmsis_gcc.h **** }
 671:Drivers/CMSIS/Include/cmsis_gcc.h **** 
 672:Drivers/CMSIS/Include/cmsis_gcc.h **** #if (defined (__ARM_FEATURE_CMSE) && (__ARM_FEATURE_CMSE == 3))
 673:Drivers/CMSIS/Include/cmsis_gcc.h **** /**
 674:Drivers/CMSIS/Include/cmsis_gcc.h ****   \brief   Get Process Stack Pointer Limit (non-secure)
 675:Drivers/CMSIS/Include/cmsis_gcc.h ****   Devices without ARMv8-M Main Extensions (i.e. Cortex-M23) lack the non-secure
 676:Drivers/CMSIS/Include/cmsis_gcc.h ****   Stack Pointer Limit register hence zero is returned always.
 677:Drivers/CMSIS/Include/cmsis_gcc.h **** 
 678:Drivers/CMSIS/Include/cmsis_gcc.h ****   \details Returns the current value of the non-secure Process Stack Pointer Limit (PSPLIM) when in
 679:Drivers/CMSIS/Include/cmsis_gcc.h ****   \return               PSPLIM Register value
 680:Drivers/CMSIS/Include/cmsis_gcc.h ****  */
 681:Drivers/CMSIS/Include/cmsis_gcc.h **** __STATIC_FORCEINLINE uint32_t __TZ_get_PSPLIM_NS(void)
 682:Drivers/CMSIS/Include/cmsis_gcc.h **** {
 683:Drivers/CMSIS/Include/cmsis_gcc.h **** #if (!(defined (__ARM_ARCH_8M_MAIN__ ) && (__ARM_ARCH_8M_MAIN__ == 1)))
 684:Drivers/CMSIS/Include/cmsis_gcc.h ****   // without main extensions, the non-secure PSPLIM is RAZ/WI
ARM GAS  C:\Users\a_hae\AppData\Local\Temp\ccOS17hD.s 			page 31


 685:Drivers/CMSIS/Include/cmsis_gcc.h ****   return 0U;
 686:Drivers/CMSIS/Include/cmsis_gcc.h **** #else
 687:Drivers/CMSIS/Include/cmsis_gcc.h ****   uint32_t result;
 688:Drivers/CMSIS/Include/cmsis_gcc.h ****   __ASM volatile ("MRS %0, psplim_ns"  : "=r" (result) );
 689:Drivers/CMSIS/Include/cmsis_gcc.h ****   return result;
 690:Drivers/CMSIS/Include/cmsis_gcc.h **** #endif
 691:Drivers/CMSIS/Include/cmsis_gcc.h **** }
 692:Drivers/CMSIS/Include/cmsis_gcc.h **** #endif
 693:Drivers/CMSIS/Include/cmsis_gcc.h **** 
 694:Drivers/CMSIS/Include/cmsis_gcc.h **** 
 695:Drivers/CMSIS/Include/cmsis_gcc.h **** /**
 696:Drivers/CMSIS/Include/cmsis_gcc.h ****   \brief   Set Process Stack Pointer Limit
 697:Drivers/CMSIS/Include/cmsis_gcc.h ****   Devices without ARMv8-M Main Extensions (i.e. Cortex-M23) lack the non-secure
 698:Drivers/CMSIS/Include/cmsis_gcc.h ****   Stack Pointer Limit register hence the write is silently ignored in non-secure
 699:Drivers/CMSIS/Include/cmsis_gcc.h ****   mode.
 700:Drivers/CMSIS/Include/cmsis_gcc.h ****   
 701:Drivers/CMSIS/Include/cmsis_gcc.h ****   \details Assigns the given value to the Process Stack Pointer Limit (PSPLIM).
 702:Drivers/CMSIS/Include/cmsis_gcc.h ****   \param [in]    ProcStackPtrLimit  Process Stack Pointer Limit value to set
 703:Drivers/CMSIS/Include/cmsis_gcc.h ****  */
 704:Drivers/CMSIS/Include/cmsis_gcc.h **** __STATIC_FORCEINLINE void __set_PSPLIM(uint32_t ProcStackPtrLimit)
 705:Drivers/CMSIS/Include/cmsis_gcc.h **** {
 706:Drivers/CMSIS/Include/cmsis_gcc.h **** #if (!(defined (__ARM_ARCH_8M_MAIN__ ) && (__ARM_ARCH_8M_MAIN__ == 1)) && \
 707:Drivers/CMSIS/Include/cmsis_gcc.h ****     (!defined (__ARM_FEATURE_CMSE) || (__ARM_FEATURE_CMSE < 3)))
 708:Drivers/CMSIS/Include/cmsis_gcc.h ****   // without main extensions, the non-secure PSPLIM is RAZ/WI
 709:Drivers/CMSIS/Include/cmsis_gcc.h ****   (void)ProcStackPtrLimit;
 710:Drivers/CMSIS/Include/cmsis_gcc.h **** #else
 711:Drivers/CMSIS/Include/cmsis_gcc.h ****   __ASM volatile ("MSR psplim, %0" : : "r" (ProcStackPtrLimit));
 712:Drivers/CMSIS/Include/cmsis_gcc.h **** #endif
 713:Drivers/CMSIS/Include/cmsis_gcc.h **** }
 714:Drivers/CMSIS/Include/cmsis_gcc.h **** 
 715:Drivers/CMSIS/Include/cmsis_gcc.h **** 
 716:Drivers/CMSIS/Include/cmsis_gcc.h **** #if (defined (__ARM_FEATURE_CMSE  ) && (__ARM_FEATURE_CMSE   == 3))
 717:Drivers/CMSIS/Include/cmsis_gcc.h **** /**
 718:Drivers/CMSIS/Include/cmsis_gcc.h ****   \brief   Set Process Stack Pointer (non-secure)
 719:Drivers/CMSIS/Include/cmsis_gcc.h ****   Devices without ARMv8-M Main Extensions (i.e. Cortex-M23) lack the non-secure
 720:Drivers/CMSIS/Include/cmsis_gcc.h ****   Stack Pointer Limit register hence the write is silently ignored.
 721:Drivers/CMSIS/Include/cmsis_gcc.h **** 
 722:Drivers/CMSIS/Include/cmsis_gcc.h ****   \details Assigns the given value to the non-secure Process Stack Pointer Limit (PSPLIM) when in s
 723:Drivers/CMSIS/Include/cmsis_gcc.h ****   \param [in]    ProcStackPtrLimit  Process Stack Pointer Limit value to set
 724:Drivers/CMSIS/Include/cmsis_gcc.h ****  */
 725:Drivers/CMSIS/Include/cmsis_gcc.h **** __STATIC_FORCEINLINE void __TZ_set_PSPLIM_NS(uint32_t ProcStackPtrLimit)
 726:Drivers/CMSIS/Include/cmsis_gcc.h **** {
 727:Drivers/CMSIS/Include/cmsis_gcc.h **** #if (!(defined (__ARM_ARCH_8M_MAIN__ ) && (__ARM_ARCH_8M_MAIN__ == 1)))
 728:Drivers/CMSIS/Include/cmsis_gcc.h ****   // without main extensions, the non-secure PSPLIM is RAZ/WI
 729:Drivers/CMSIS/Include/cmsis_gcc.h ****   (void)ProcStackPtrLimit;
 730:Drivers/CMSIS/Include/cmsis_gcc.h **** #else
 731:Drivers/CMSIS/Include/cmsis_gcc.h ****   __ASM volatile ("MSR psplim_ns, %0\n" : : "r" (ProcStackPtrLimit));
 732:Drivers/CMSIS/Include/cmsis_gcc.h **** #endif
 733:Drivers/CMSIS/Include/cmsis_gcc.h **** }
 734:Drivers/CMSIS/Include/cmsis_gcc.h **** #endif
 735:Drivers/CMSIS/Include/cmsis_gcc.h **** 
 736:Drivers/CMSIS/Include/cmsis_gcc.h **** 
 737:Drivers/CMSIS/Include/cmsis_gcc.h **** /**
 738:Drivers/CMSIS/Include/cmsis_gcc.h ****   \brief   Get Main Stack Pointer Limit
 739:Drivers/CMSIS/Include/cmsis_gcc.h ****   Devices without ARMv8-M Main Extensions (i.e. Cortex-M23) lack the non-secure
 740:Drivers/CMSIS/Include/cmsis_gcc.h ****   Stack Pointer Limit register hence zero is returned always in non-secure
 741:Drivers/CMSIS/Include/cmsis_gcc.h ****   mode.
ARM GAS  C:\Users\a_hae\AppData\Local\Temp\ccOS17hD.s 			page 32


 742:Drivers/CMSIS/Include/cmsis_gcc.h **** 
 743:Drivers/CMSIS/Include/cmsis_gcc.h ****   \details Returns the current value of the Main Stack Pointer Limit (MSPLIM).
 744:Drivers/CMSIS/Include/cmsis_gcc.h ****   \return               MSPLIM Register value
 745:Drivers/CMSIS/Include/cmsis_gcc.h ****  */
 746:Drivers/CMSIS/Include/cmsis_gcc.h **** __STATIC_FORCEINLINE uint32_t __get_MSPLIM(void)
 747:Drivers/CMSIS/Include/cmsis_gcc.h **** {
 748:Drivers/CMSIS/Include/cmsis_gcc.h **** #if (!(defined (__ARM_ARCH_8M_MAIN__ ) && (__ARM_ARCH_8M_MAIN__ == 1)) && \
 749:Drivers/CMSIS/Include/cmsis_gcc.h ****     (!defined (__ARM_FEATURE_CMSE) || (__ARM_FEATURE_CMSE < 3)))
 750:Drivers/CMSIS/Include/cmsis_gcc.h ****   // without main extensions, the non-secure MSPLIM is RAZ/WI
 751:Drivers/CMSIS/Include/cmsis_gcc.h ****   return 0U;
 752:Drivers/CMSIS/Include/cmsis_gcc.h **** #else
 753:Drivers/CMSIS/Include/cmsis_gcc.h ****   uint32_t result;
 754:Drivers/CMSIS/Include/cmsis_gcc.h ****   __ASM volatile ("MRS %0, msplim" : "=r" (result) );
 755:Drivers/CMSIS/Include/cmsis_gcc.h ****   return result;
 756:Drivers/CMSIS/Include/cmsis_gcc.h **** #endif
 757:Drivers/CMSIS/Include/cmsis_gcc.h **** }
 758:Drivers/CMSIS/Include/cmsis_gcc.h **** 
 759:Drivers/CMSIS/Include/cmsis_gcc.h **** 
 760:Drivers/CMSIS/Include/cmsis_gcc.h **** #if (defined (__ARM_FEATURE_CMSE  ) && (__ARM_FEATURE_CMSE   == 3))
 761:Drivers/CMSIS/Include/cmsis_gcc.h **** /**
 762:Drivers/CMSIS/Include/cmsis_gcc.h ****   \brief   Get Main Stack Pointer Limit (non-secure)
 763:Drivers/CMSIS/Include/cmsis_gcc.h ****   Devices without ARMv8-M Main Extensions (i.e. Cortex-M23) lack the non-secure
 764:Drivers/CMSIS/Include/cmsis_gcc.h ****   Stack Pointer Limit register hence zero is returned always.
 765:Drivers/CMSIS/Include/cmsis_gcc.h **** 
 766:Drivers/CMSIS/Include/cmsis_gcc.h ****   \details Returns the current value of the non-secure Main Stack Pointer Limit(MSPLIM) when in sec
 767:Drivers/CMSIS/Include/cmsis_gcc.h ****   \return               MSPLIM Register value
 768:Drivers/CMSIS/Include/cmsis_gcc.h ****  */
 769:Drivers/CMSIS/Include/cmsis_gcc.h **** __STATIC_FORCEINLINE uint32_t __TZ_get_MSPLIM_NS(void)
 770:Drivers/CMSIS/Include/cmsis_gcc.h **** {
 771:Drivers/CMSIS/Include/cmsis_gcc.h **** #if (!(defined (__ARM_ARCH_8M_MAIN__ ) && (__ARM_ARCH_8M_MAIN__ == 1)))
 772:Drivers/CMSIS/Include/cmsis_gcc.h ****   // without main extensions, the non-secure MSPLIM is RAZ/WI
 773:Drivers/CMSIS/Include/cmsis_gcc.h ****   return 0U;
 774:Drivers/CMSIS/Include/cmsis_gcc.h **** #else
 775:Drivers/CMSIS/Include/cmsis_gcc.h ****   uint32_t result;
 776:Drivers/CMSIS/Include/cmsis_gcc.h ****   __ASM volatile ("MRS %0, msplim_ns" : "=r" (result) );
 777:Drivers/CMSIS/Include/cmsis_gcc.h ****   return result;
 778:Drivers/CMSIS/Include/cmsis_gcc.h **** #endif
 779:Drivers/CMSIS/Include/cmsis_gcc.h **** }
 780:Drivers/CMSIS/Include/cmsis_gcc.h **** #endif
 781:Drivers/CMSIS/Include/cmsis_gcc.h **** 
 782:Drivers/CMSIS/Include/cmsis_gcc.h **** 
 783:Drivers/CMSIS/Include/cmsis_gcc.h **** /**
 784:Drivers/CMSIS/Include/cmsis_gcc.h ****   \brief   Set Main Stack Pointer Limit
 785:Drivers/CMSIS/Include/cmsis_gcc.h ****   Devices without ARMv8-M Main Extensions (i.e. Cortex-M23) lack the non-secure
 786:Drivers/CMSIS/Include/cmsis_gcc.h ****   Stack Pointer Limit register hence the write is silently ignored in non-secure
 787:Drivers/CMSIS/Include/cmsis_gcc.h ****   mode.
 788:Drivers/CMSIS/Include/cmsis_gcc.h **** 
 789:Drivers/CMSIS/Include/cmsis_gcc.h ****   \details Assigns the given value to the Main Stack Pointer Limit (MSPLIM).
 790:Drivers/CMSIS/Include/cmsis_gcc.h ****   \param [in]    MainStackPtrLimit  Main Stack Pointer Limit value to set
 791:Drivers/CMSIS/Include/cmsis_gcc.h ****  */
 792:Drivers/CMSIS/Include/cmsis_gcc.h **** __STATIC_FORCEINLINE void __set_MSPLIM(uint32_t MainStackPtrLimit)
 793:Drivers/CMSIS/Include/cmsis_gcc.h **** {
 794:Drivers/CMSIS/Include/cmsis_gcc.h **** #if (!(defined (__ARM_ARCH_8M_MAIN__ ) && (__ARM_ARCH_8M_MAIN__ == 1)) && \
 795:Drivers/CMSIS/Include/cmsis_gcc.h ****     (!defined (__ARM_FEATURE_CMSE) || (__ARM_FEATURE_CMSE < 3)))
 796:Drivers/CMSIS/Include/cmsis_gcc.h ****   // without main extensions, the non-secure MSPLIM is RAZ/WI
 797:Drivers/CMSIS/Include/cmsis_gcc.h ****   (void)MainStackPtrLimit;
 798:Drivers/CMSIS/Include/cmsis_gcc.h **** #else
ARM GAS  C:\Users\a_hae\AppData\Local\Temp\ccOS17hD.s 			page 33


 799:Drivers/CMSIS/Include/cmsis_gcc.h ****   __ASM volatile ("MSR msplim, %0" : : "r" (MainStackPtrLimit));
 800:Drivers/CMSIS/Include/cmsis_gcc.h **** #endif
 801:Drivers/CMSIS/Include/cmsis_gcc.h **** }
 802:Drivers/CMSIS/Include/cmsis_gcc.h **** 
 803:Drivers/CMSIS/Include/cmsis_gcc.h **** 
 804:Drivers/CMSIS/Include/cmsis_gcc.h **** #if (defined (__ARM_FEATURE_CMSE  ) && (__ARM_FEATURE_CMSE   == 3))
 805:Drivers/CMSIS/Include/cmsis_gcc.h **** /**
 806:Drivers/CMSIS/Include/cmsis_gcc.h ****   \brief   Set Main Stack Pointer Limit (non-secure)
 807:Drivers/CMSIS/Include/cmsis_gcc.h ****   Devices without ARMv8-M Main Extensions (i.e. Cortex-M23) lack the non-secure
 808:Drivers/CMSIS/Include/cmsis_gcc.h ****   Stack Pointer Limit register hence the write is silently ignored.
 809:Drivers/CMSIS/Include/cmsis_gcc.h **** 
 810:Drivers/CMSIS/Include/cmsis_gcc.h ****   \details Assigns the given value to the non-secure Main Stack Pointer Limit (MSPLIM) when in secu
 811:Drivers/CMSIS/Include/cmsis_gcc.h ****   \param [in]    MainStackPtrLimit  Main Stack Pointer value to set
 812:Drivers/CMSIS/Include/cmsis_gcc.h ****  */
 813:Drivers/CMSIS/Include/cmsis_gcc.h **** __STATIC_FORCEINLINE void __TZ_set_MSPLIM_NS(uint32_t MainStackPtrLimit)
 814:Drivers/CMSIS/Include/cmsis_gcc.h **** {
 815:Drivers/CMSIS/Include/cmsis_gcc.h **** #if (!(defined (__ARM_ARCH_8M_MAIN__ ) && (__ARM_ARCH_8M_MAIN__ == 1)))
 816:Drivers/CMSIS/Include/cmsis_gcc.h ****   // without main extensions, the non-secure MSPLIM is RAZ/WI
 817:Drivers/CMSIS/Include/cmsis_gcc.h ****   (void)MainStackPtrLimit;
 818:Drivers/CMSIS/Include/cmsis_gcc.h **** #else
 819:Drivers/CMSIS/Include/cmsis_gcc.h ****   __ASM volatile ("MSR msplim_ns, %0" : : "r" (MainStackPtrLimit));
 820:Drivers/CMSIS/Include/cmsis_gcc.h **** #endif
 821:Drivers/CMSIS/Include/cmsis_gcc.h **** }
 822:Drivers/CMSIS/Include/cmsis_gcc.h **** #endif
 823:Drivers/CMSIS/Include/cmsis_gcc.h **** 
 824:Drivers/CMSIS/Include/cmsis_gcc.h **** #endif /* ((defined (__ARM_ARCH_8M_MAIN__ ) && (__ARM_ARCH_8M_MAIN__ == 1)) || \
 825:Drivers/CMSIS/Include/cmsis_gcc.h ****            (defined (__ARM_ARCH_8M_BASE__ ) && (__ARM_ARCH_8M_BASE__ == 1))    ) */
 826:Drivers/CMSIS/Include/cmsis_gcc.h **** 
 827:Drivers/CMSIS/Include/cmsis_gcc.h **** 
 828:Drivers/CMSIS/Include/cmsis_gcc.h **** /**
 829:Drivers/CMSIS/Include/cmsis_gcc.h ****   \brief   Get FPSCR
 830:Drivers/CMSIS/Include/cmsis_gcc.h ****   \details Returns the current value of the Floating Point Status/Control register.
 831:Drivers/CMSIS/Include/cmsis_gcc.h ****   \return               Floating Point Status/Control register value
 832:Drivers/CMSIS/Include/cmsis_gcc.h ****  */
 833:Drivers/CMSIS/Include/cmsis_gcc.h **** __STATIC_FORCEINLINE uint32_t __get_FPSCR(void)
 834:Drivers/CMSIS/Include/cmsis_gcc.h **** {
 835:Drivers/CMSIS/Include/cmsis_gcc.h **** #if ((defined (__FPU_PRESENT) && (__FPU_PRESENT == 1U)) && \
 836:Drivers/CMSIS/Include/cmsis_gcc.h ****      (defined (__FPU_USED   ) && (__FPU_USED    == 1U))     )
 837:Drivers/CMSIS/Include/cmsis_gcc.h **** #if __has_builtin(__builtin_arm_get_fpscr) 
 838:Drivers/CMSIS/Include/cmsis_gcc.h **** // Re-enable using built-in when GCC has been fixed
 839:Drivers/CMSIS/Include/cmsis_gcc.h **** // || (__GNUC__ > 7) || (__GNUC__ == 7 && __GNUC_MINOR__ >= 2)
 840:Drivers/CMSIS/Include/cmsis_gcc.h ****   /* see https://gcc.gnu.org/ml/gcc-patches/2017-04/msg00443.html */
 841:Drivers/CMSIS/Include/cmsis_gcc.h ****   return __builtin_arm_get_fpscr();
 842:Drivers/CMSIS/Include/cmsis_gcc.h **** #else
 843:Drivers/CMSIS/Include/cmsis_gcc.h ****   uint32_t result;
 844:Drivers/CMSIS/Include/cmsis_gcc.h **** 
 845:Drivers/CMSIS/Include/cmsis_gcc.h ****   __ASM volatile ("VMRS %0, fpscr" : "=r" (result) );
 846:Drivers/CMSIS/Include/cmsis_gcc.h ****   return(result);
 847:Drivers/CMSIS/Include/cmsis_gcc.h **** #endif
 848:Drivers/CMSIS/Include/cmsis_gcc.h **** #else
 849:Drivers/CMSIS/Include/cmsis_gcc.h ****   return(0U);
 850:Drivers/CMSIS/Include/cmsis_gcc.h **** #endif
 851:Drivers/CMSIS/Include/cmsis_gcc.h **** }
 852:Drivers/CMSIS/Include/cmsis_gcc.h **** 
 853:Drivers/CMSIS/Include/cmsis_gcc.h **** 
 854:Drivers/CMSIS/Include/cmsis_gcc.h **** /**
 855:Drivers/CMSIS/Include/cmsis_gcc.h ****   \brief   Set FPSCR
ARM GAS  C:\Users\a_hae\AppData\Local\Temp\ccOS17hD.s 			page 34


 856:Drivers/CMSIS/Include/cmsis_gcc.h ****   \details Assigns the given value to the Floating Point Status/Control register.
 857:Drivers/CMSIS/Include/cmsis_gcc.h ****   \param [in]    fpscr  Floating Point Status/Control value to set
 858:Drivers/CMSIS/Include/cmsis_gcc.h ****  */
 859:Drivers/CMSIS/Include/cmsis_gcc.h **** __STATIC_FORCEINLINE void __set_FPSCR(uint32_t fpscr)
 860:Drivers/CMSIS/Include/cmsis_gcc.h **** {
 861:Drivers/CMSIS/Include/cmsis_gcc.h **** #if ((defined (__FPU_PRESENT) && (__FPU_PRESENT == 1U)) && \
 862:Drivers/CMSIS/Include/cmsis_gcc.h ****      (defined (__FPU_USED   ) && (__FPU_USED    == 1U))     )
 863:Drivers/CMSIS/Include/cmsis_gcc.h **** #if __has_builtin(__builtin_arm_set_fpscr)
 864:Drivers/CMSIS/Include/cmsis_gcc.h **** // Re-enable using built-in when GCC has been fixed
 865:Drivers/CMSIS/Include/cmsis_gcc.h **** // || (__GNUC__ > 7) || (__GNUC__ == 7 && __GNUC_MINOR__ >= 2)
 866:Drivers/CMSIS/Include/cmsis_gcc.h ****   /* see https://gcc.gnu.org/ml/gcc-patches/2017-04/msg00443.html */
 867:Drivers/CMSIS/Include/cmsis_gcc.h ****   __builtin_arm_set_fpscr(fpscr);
 868:Drivers/CMSIS/Include/cmsis_gcc.h **** #else
 869:Drivers/CMSIS/Include/cmsis_gcc.h ****   __ASM volatile ("VMSR fpscr, %0" : : "r" (fpscr) : "vfpcc", "memory");
 870:Drivers/CMSIS/Include/cmsis_gcc.h **** #endif
 871:Drivers/CMSIS/Include/cmsis_gcc.h **** #else
 872:Drivers/CMSIS/Include/cmsis_gcc.h ****   (void)fpscr;
 873:Drivers/CMSIS/Include/cmsis_gcc.h **** #endif
 874:Drivers/CMSIS/Include/cmsis_gcc.h **** }
 875:Drivers/CMSIS/Include/cmsis_gcc.h **** 
 876:Drivers/CMSIS/Include/cmsis_gcc.h **** 
 877:Drivers/CMSIS/Include/cmsis_gcc.h **** /*@} end of CMSIS_Core_RegAccFunctions */
 878:Drivers/CMSIS/Include/cmsis_gcc.h **** 
 879:Drivers/CMSIS/Include/cmsis_gcc.h **** 
 880:Drivers/CMSIS/Include/cmsis_gcc.h **** /* ##########################  Core Instruction Access  ######################### */
 881:Drivers/CMSIS/Include/cmsis_gcc.h **** /** \defgroup CMSIS_Core_InstructionInterface CMSIS Core Instruction Interface
 882:Drivers/CMSIS/Include/cmsis_gcc.h ****   Access to dedicated instructions
 883:Drivers/CMSIS/Include/cmsis_gcc.h ****   @{
 884:Drivers/CMSIS/Include/cmsis_gcc.h **** */
 885:Drivers/CMSIS/Include/cmsis_gcc.h **** 
 886:Drivers/CMSIS/Include/cmsis_gcc.h **** /* Define macros for porting to both thumb1 and thumb2.
 887:Drivers/CMSIS/Include/cmsis_gcc.h ****  * For thumb1, use low register (r0-r7), specified by constraint "l"
 888:Drivers/CMSIS/Include/cmsis_gcc.h ****  * Otherwise, use general registers, specified by constraint "r" */
 889:Drivers/CMSIS/Include/cmsis_gcc.h **** #if defined (__thumb__) && !defined (__thumb2__)
 890:Drivers/CMSIS/Include/cmsis_gcc.h **** #define __CMSIS_GCC_OUT_REG(r) "=l" (r)
 891:Drivers/CMSIS/Include/cmsis_gcc.h **** #define __CMSIS_GCC_RW_REG(r) "+l" (r)
 892:Drivers/CMSIS/Include/cmsis_gcc.h **** #define __CMSIS_GCC_USE_REG(r) "l" (r)
 893:Drivers/CMSIS/Include/cmsis_gcc.h **** #else
 894:Drivers/CMSIS/Include/cmsis_gcc.h **** #define __CMSIS_GCC_OUT_REG(r) "=r" (r)
 895:Drivers/CMSIS/Include/cmsis_gcc.h **** #define __CMSIS_GCC_RW_REG(r) "+r" (r)
 896:Drivers/CMSIS/Include/cmsis_gcc.h **** #define __CMSIS_GCC_USE_REG(r) "r" (r)
 897:Drivers/CMSIS/Include/cmsis_gcc.h **** #endif
 898:Drivers/CMSIS/Include/cmsis_gcc.h **** 
 899:Drivers/CMSIS/Include/cmsis_gcc.h **** /**
 900:Drivers/CMSIS/Include/cmsis_gcc.h ****   \brief   No Operation
 901:Drivers/CMSIS/Include/cmsis_gcc.h ****   \details No Operation does nothing. This instruction can be used for code alignment purposes.
 902:Drivers/CMSIS/Include/cmsis_gcc.h ****  */
 903:Drivers/CMSIS/Include/cmsis_gcc.h **** #define __NOP()                             __ASM volatile ("nop")
 904:Drivers/CMSIS/Include/cmsis_gcc.h **** 
 905:Drivers/CMSIS/Include/cmsis_gcc.h **** /**
 906:Drivers/CMSIS/Include/cmsis_gcc.h ****   \brief   Wait For Interrupt
 907:Drivers/CMSIS/Include/cmsis_gcc.h ****   \details Wait For Interrupt is a hint instruction that suspends execution until one of a number o
 908:Drivers/CMSIS/Include/cmsis_gcc.h ****  */
 909:Drivers/CMSIS/Include/cmsis_gcc.h **** #define __WFI()                             __ASM volatile ("wfi")
 910:Drivers/CMSIS/Include/cmsis_gcc.h **** 
 911:Drivers/CMSIS/Include/cmsis_gcc.h **** 
 912:Drivers/CMSIS/Include/cmsis_gcc.h **** /**
ARM GAS  C:\Users\a_hae\AppData\Local\Temp\ccOS17hD.s 			page 35


 913:Drivers/CMSIS/Include/cmsis_gcc.h ****   \brief   Wait For Event
 914:Drivers/CMSIS/Include/cmsis_gcc.h ****   \details Wait For Event is a hint instruction that permits the processor to enter
 915:Drivers/CMSIS/Include/cmsis_gcc.h ****            a low-power state until one of a number of events occurs.
 916:Drivers/CMSIS/Include/cmsis_gcc.h ****  */
 917:Drivers/CMSIS/Include/cmsis_gcc.h **** #define __WFE()                             __ASM volatile ("wfe")
 918:Drivers/CMSIS/Include/cmsis_gcc.h **** 
 919:Drivers/CMSIS/Include/cmsis_gcc.h **** 
 920:Drivers/CMSIS/Include/cmsis_gcc.h **** /**
 921:Drivers/CMSIS/Include/cmsis_gcc.h ****   \brief   Send Event
 922:Drivers/CMSIS/Include/cmsis_gcc.h ****   \details Send Event is a hint instruction. It causes an event to be signaled to the CPU.
 923:Drivers/CMSIS/Include/cmsis_gcc.h ****  */
 924:Drivers/CMSIS/Include/cmsis_gcc.h **** #define __SEV()                             __ASM volatile ("sev")
 925:Drivers/CMSIS/Include/cmsis_gcc.h **** 
 926:Drivers/CMSIS/Include/cmsis_gcc.h **** 
 927:Drivers/CMSIS/Include/cmsis_gcc.h **** /**
 928:Drivers/CMSIS/Include/cmsis_gcc.h ****   \brief   Instruction Synchronization Barrier
 929:Drivers/CMSIS/Include/cmsis_gcc.h ****   \details Instruction Synchronization Barrier flushes the pipeline in the processor,
 930:Drivers/CMSIS/Include/cmsis_gcc.h ****            so that all instructions following the ISB are fetched from cache or memory,
 931:Drivers/CMSIS/Include/cmsis_gcc.h ****            after the instruction has been completed.
 932:Drivers/CMSIS/Include/cmsis_gcc.h ****  */
 933:Drivers/CMSIS/Include/cmsis_gcc.h **** __STATIC_FORCEINLINE void __ISB(void)
 934:Drivers/CMSIS/Include/cmsis_gcc.h **** {
 935:Drivers/CMSIS/Include/cmsis_gcc.h ****   __ASM volatile ("isb 0xF":::"memory");
 936:Drivers/CMSIS/Include/cmsis_gcc.h **** }
 937:Drivers/CMSIS/Include/cmsis_gcc.h **** 
 938:Drivers/CMSIS/Include/cmsis_gcc.h **** 
 939:Drivers/CMSIS/Include/cmsis_gcc.h **** /**
 940:Drivers/CMSIS/Include/cmsis_gcc.h ****   \brief   Data Synchronization Barrier
 941:Drivers/CMSIS/Include/cmsis_gcc.h ****   \details Acts as a special kind of Data Memory Barrier.
 942:Drivers/CMSIS/Include/cmsis_gcc.h ****            It completes when all explicit memory accesses before this instruction complete.
 943:Drivers/CMSIS/Include/cmsis_gcc.h ****  */
 944:Drivers/CMSIS/Include/cmsis_gcc.h **** __STATIC_FORCEINLINE void __DSB(void)
 945:Drivers/CMSIS/Include/cmsis_gcc.h **** {
 946:Drivers/CMSIS/Include/cmsis_gcc.h ****   __ASM volatile ("dsb 0xF":::"memory");
  42              		.loc 3 946 3
  43              		.syntax divided
  44              	@ 946 "Drivers/CMSIS/Include/cmsis_gcc.h" 1
  45 0004 BFF34F8F 		dsb 0xF
  46              	@ 0 "" 2
 947:Drivers/CMSIS/Include/cmsis_gcc.h **** }
  47              		.loc 3 947 1
  48              		.thumb
  49              		.syntax unified
  50 0008 C046     		nop
  51              	.LBE18:
  52              	.LBE17:
 987:Drivers/CMSIS/Include/core_cm0plus.h ****   __DSB();                                                          /* Ensure all outstanding memor
 988:Drivers/CMSIS/Include/core_cm0plus.h ****                                                                        buffered write are completed
 989:Drivers/CMSIS/Include/core_cm0plus.h ****   SCB->AIRCR  = ((0x5FAUL << SCB_AIRCR_VECTKEY_Pos) |
  53              		.loc 2 989 6
  54 000a 044B     		ldr	r3, .L3
  55              		.loc 2 989 15
  56 000c 044A     		ldr	r2, .L3+4
  57 000e DA60     		str	r2, [r3, #12]
  58              	.LBB19:
  59              	.LBB20:
 946:Drivers/CMSIS/Include/cmsis_gcc.h **** }
ARM GAS  C:\Users\a_hae\AppData\Local\Temp\ccOS17hD.s 			page 36


  60              		.loc 3 946 3
  61              		.syntax divided
  62              	@ 946 "Drivers/CMSIS/Include/cmsis_gcc.h" 1
  63 0010 BFF34F8F 		dsb 0xF
  64              	@ 0 "" 2
  65              		.loc 3 947 1
  66              		.thumb
  67              		.syntax unified
  68 0014 C046     		nop
  69              	.L2:
  70              	.LBE20:
  71              	.LBE19:
 990:Drivers/CMSIS/Include/core_cm0plus.h ****                  SCB_AIRCR_SYSRESETREQ_Msk);
 991:Drivers/CMSIS/Include/core_cm0plus.h ****   __DSB();                                                          /* Ensure completion of memory 
 992:Drivers/CMSIS/Include/core_cm0plus.h **** 
 993:Drivers/CMSIS/Include/core_cm0plus.h ****   for(;;)                                                           /* wait until reset */
 994:Drivers/CMSIS/Include/core_cm0plus.h ****   {
 995:Drivers/CMSIS/Include/core_cm0plus.h ****     __NOP();
  72              		.loc 2 995 5 discriminator 1
  73              		.syntax divided
  74              	@ 995 "Drivers/CMSIS/Include/core_cm0plus.h" 1
  75 0016 C046     		nop
  76              	@ 0 "" 2
  77              		.thumb
  78              		.syntax unified
  79 0018 FDE7     		b	.L2
  80              	.L4:
  81 001a C046     		.align	2
  82              	.L3:
  83 001c 00ED00E0 		.word	-536810240
  84 0020 0400FA05 		.word	100270084
  85              		.cfi_endproc
  86              	.LFE39:
  88              		.section	.rodata.CHANNEL_OFFSET_TAB,"a"
  89              		.align	2
  92              	CHANNEL_OFFSET_TAB:
  93 0000 081C3044 		.ascii	"\010\0340DXl\200"
  93      586C80
  94              		.section	.rodata
  95              		.align	2
  96              	.LC2:
  97 0000 4C657665 		.ascii	"LevelSense-%05lX\000"
  97      6C53656E 
  97      73652D25 
  97      30356C58 
  97      00
  98              		.section	.text.ble_desired_name,"ax",%progbits
  99              		.align	1
 100              		.global	ble_desired_name
 101              		.syntax unified
 102              		.code	16
 103              		.thumb_func
 105              	ble_desired_name:
 106              	.LFB366:
   1:Core/Src/ble_app.c **** /*
   2:Core/Src/ble_app.c ****  * ble_app.c
   3:Core/Src/ble_app.c ****  *
ARM GAS  C:\Users\a_hae\AppData\Local\Temp\ccOS17hD.s 			page 37


   4:Core/Src/ble_app.c ****  * BLE-Kommando-Ebene der Applikation (siehe ble_app.h).
   5:Core/Src/ble_app.c ****  * Aus main.c herausgezogen; Verhalten unveraendert.
   6:Core/Src/ble_app.c ****  */
   7:Core/Src/ble_app.c **** #include "main.h"
   8:Core/Src/ble_app.c **** #include "ble_app.h"
   9:Core/Src/ble_app.c **** #include "app_types.h"
  10:Core/Src/ble_app.c **** #include "app_config.h"
  11:Core/Src/ble_app.c **** #include "config_store.h"
  12:Core/Src/ble_app.c **** #include "dfu_common.h"
  13:Core/Src/ble_app.c **** #include "version.h"
  14:Core/Src/ble_app.c **** #include <stdio.h>
  15:Core/Src/ble_app.c **** #include <stdlib.h>
  16:Core/Src/ble_app.c **** #include <string.h>
  17:Core/Src/ble_app.c **** #include <strings.h>
  18:Core/Src/ble_app.c **** 
  19:Core/Src/ble_app.c **** /* App-Zustand - definiert in main.c. */
  20:Core/Src/ble_app.c **** extern NMEA_parameter_Device dev_info_par;
  21:Core/Src/ble_app.c **** extern prod_param device_param;
  22:Core/Src/ble_app.c **** extern calib_data EEPROM_values;
  23:Core/Src/ble_app.c **** extern sensor_mess sensor_data_rx;
  24:Core/Src/ble_app.c **** extern char sensor_name[CFG_NAME_LEN + 1];
  25:Core/Src/ble_app.c **** extern uint16_t percent_val;
  26:Core/Src/ble_app.c **** extern char hw_id_str[];			/* Laufzeit-Kennung "1003A" (main.c) */
  27:Core/Src/ble_app.c **** extern volatile uint8_t error_mode;	/* ERROR_*-Bits (app_types.h) */
  28:Core/Src/ble_app.c **** extern volatile int32_t raw_press;
  29:Core/Src/ble_app.c **** extern volatile uint8_t dev_info;
  30:Core/Src/ble_app.c **** 
  31:Core/Src/ble_app.c **** /* Gewuenschter BLE-Modulname (max. 20 Zeichen, Proteus-Limit):
  32:Core/Src/ble_app.c ****  * der Sensorname aus dem Config ist die einzige Quelle der Wahrheit.
  33:Core/Src/ble_app.c ****  * Ist keiner gesetzt (Werkszustand), gilt der Default "LevelSense-<UID>"
  34:Core/Src/ble_app.c ****  * aus der NMEA2000 Unique Number - damit ist jede Platine ab Werk
  35:Core/Src/ble_app.c ****  * eindeutig unterscheidbar. buf braucht mind. 21 Bytes. */
  36:Core/Src/ble_app.c **** void ble_desired_name(char *buf)
  37:Core/Src/ble_app.c **** {
 107              		.loc 1 37 1
 108              		.cfi_startproc
 109              		@ args = 0, pretend = 0, frame = 8
 110              		@ frame_needed = 1, uses_anonymous_args = 0
 111 0000 80B5     		push	{r7, lr}
 112              	.LCFI2:
 113              		.cfi_def_cfa_offset 8
 114              		.cfi_offset 7, -8
 115              		.cfi_offset 14, -4
 116 0002 82B0     		sub	sp, sp, #8
 117              	.LCFI3:
 118              		.cfi_def_cfa_offset 16
 119 0004 00AF     		add	r7, sp, #0
 120              	.LCFI4:
 121              		.cfi_def_cfa_register 7
 122 0006 7860     		str	r0, [r7, #4]
  38:Core/Src/ble_app.c **** 	if (sensor_name[0] != '\0')
 123              		.loc 1 38 17
 124 0008 0C4B     		ldr	r3, .L9
 125 000a 1B78     		ldrb	r3, [r3]
 126              		.loc 1 38 5
 127 000c 002B     		cmp	r3, #0
 128 000e 0AD0     		beq	.L6
ARM GAS  C:\Users\a_hae\AppData\Local\Temp\ccOS17hD.s 			page 38


  39:Core/Src/ble_app.c **** 	{
  40:Core/Src/ble_app.c **** 		strncpy(buf, sensor_name, 20);
 129              		.loc 1 40 3
 130 0010 0A49     		ldr	r1, .L9
 131 0012 7B68     		ldr	r3, [r7, #4]
 132 0014 1422     		movs	r2, #20
 133 0016 1800     		movs	r0, r3
 134 0018 FFF7FEFF 		bl	strncpy
  41:Core/Src/ble_app.c **** 		buf[20] = '\0';
 135              		.loc 1 41 6
 136 001c 7B68     		ldr	r3, [r7, #4]
 137 001e 1433     		adds	r3, r3, #20
 138              		.loc 1 41 11
 139 0020 0022     		movs	r2, #0
 140 0022 1A70     		strb	r2, [r3]
  42:Core/Src/ble_app.c **** 	}
  43:Core/Src/ble_app.c **** 	else
  44:Core/Src/ble_app.c **** 	{
  45:Core/Src/ble_app.c **** 		/* 21-bit Unique Number -> max. 6 Hex-Zeichen, gesamt <= 17 Zeichen */
  46:Core/Src/ble_app.c **** 		snprintf(buf, 21, "LevelSense-%05lX", (unsigned long)dev_info_par.UniqueNumber);
  47:Core/Src/ble_app.c **** 	}
  48:Core/Src/ble_app.c **** }
 141              		.loc 1 48 1
 142 0024 06E0     		b	.L8
 143              	.L6:
  46:Core/Src/ble_app.c **** 	}
 144              		.loc 1 46 68
 145 0026 064B     		ldr	r3, .L9+4
 146 0028 1B68     		ldr	r3, [r3]
  46:Core/Src/ble_app.c **** 	}
 147              		.loc 1 46 3
 148 002a 064A     		ldr	r2, .L9+8
 149 002c 7868     		ldr	r0, [r7, #4]
 150 002e 1521     		movs	r1, #21
 151 0030 FFF7FEFF 		bl	snprintf
 152              	.L8:
 153              		.loc 1 48 1
 154 0034 C046     		nop
 155 0036 BD46     		mov	sp, r7
 156 0038 02B0     		add	sp, sp, #8
 157              		@ sp needed
 158 003a 80BD     		pop	{r7, pc}
 159              	.L10:
 160              		.align	2
 161              	.L9:
 162 003c 00000000 		.word	sensor_name
 163 0040 00000000 		.word	dev_info_par
 164 0044 00000000 		.word	.LC2
 165              		.cfi_endproc
 166              	.LFE366:
 168              		.section	.rodata
 169 0011 000000   		.align	2
 170              	.LC6:
 171 0014 2D00     		.ascii	"-\000"
 172 0016 0000     		.align	2
 173              	.LC8:
 174 0018 00       		.ascii	"\000"
ARM GAS  C:\Users\a_hae\AppData\Local\Temp\ccOS17hD.s 			page 39


 175 0019 000000   		.align	2
 176              	.LC13:
 177 001c 53544154 		.ascii	"STAT;L=%d.%d;T=%s%d.%02d;F=%d;C=%d;I=%d;CAL=%d;V=%s"
 177      3B4C3D25 
 177      642E2564 
 177      3B543D25 
 177      7325642E 
 178 004f 3B485756 		.ascii	";HWV=%s;E=%u\012\000"
 178      3D25733B 
 178      453D2575 
 178      0A00
 179 005d 000000   		.align	2
 180              	.LC16:
 181 0060 312E322E 		.ascii	"1.2.11-dev\000"
 181      31312D64 
 181      657600
 182              		.section	.text.ble_send_status,"ax",%progbits
 183              		.align	1
 184              		.global	ble_send_status
 185              		.syntax unified
 186              		.code	16
 187              		.thumb_func
 189              	ble_send_status:
 190              	.LFB367:
  49:Core/Src/ble_app.c **** 
  50:Core/Src/ble_app.c **** /*
  51:Core/Src/ble_app.c ****  * Sendet den aktuellen Sensorzustand als maschinenlesbare Zeile an die App.
  52:Core/Src/ble_app.c ****  * Format:  STAT;L=<%>;T=<C>;F=<typ>;C=<L>;I=<inst>;CAL=<0/1>;V=<x.y.z>;HWV=<variante><rev>;E=<fehl
  53:Core/Src/ble_app.c ****  * L: Füllstand in %, T: Temperatur in Grad C, F: Fluidtyp (0..15),
  54:Core/Src/ble_app.c ****  * C: Kapazität (Liter), I: Instanz, CAL: 1 = kalibriert,
  55:Core/Src/ble_app.c ****  * HWV: Hardware-Variante plus Platinen-Buchstabe, z. B. 1003A (die Zahl
  56:Core/Src/ble_app.c ****  * ordnet die passende Firmware zu, der Buchstabe ist rein informativ).
  57:Core/Src/ble_app.c ****  * Das fruehere Feld HW= (Revision) ist entfallen. Die Kennung kommt aus
  58:Core/Src/ble_app.c ****  * dem OTP, wenn das Geraet provisioniert ist (hw_otp.h, Issue #2).
  59:Core/Src/ble_app.c ****  * E: Fehlerbits (ERROR_* aus app_types.h), 0 = kein Fehler.
  60:Core/Src/ble_app.c ****  */
  61:Core/Src/ble_app.c **** void ble_send_status(void)
  62:Core/Src/ble_app.c **** {
 191              		.loc 1 62 1
 192              		.cfi_startproc
 193              		@ args = 0, pretend = 0, frame = 136
 194              		@ frame_needed = 1, uses_anonymous_args = 0
 195 0000 F0B5     		push	{r4, r5, r6, r7, lr}
 196              	.LCFI5:
 197              		.cfi_def_cfa_offset 20
 198              		.cfi_offset 4, -20
 199              		.cfi_offset 5, -16
 200              		.cfi_offset 6, -12
 201              		.cfi_offset 7, -8
 202              		.cfi_offset 14, -4
 203 0002 C646     		mov	lr, r8
 204 0004 00B5     		push	{lr}
 205              	.LCFI6:
 206              		.cfi_def_cfa_offset 24
 207              		.cfi_offset 8, -24
 208 0006 AEB0     		sub	sp, sp, #184
 209              	.LCFI7:
ARM GAS  C:\Users\a_hae\AppData\Local\Temp\ccOS17hD.s 			page 40


 210              		.cfi_def_cfa_offset 208
 211 0008 0CAF     		add	r7, sp, #48
 212              	.LCFI8:
 213              		.cfi_def_cfa 7, 160
  63:Core/Src/ble_app.c **** 	char line[112];
  64:Core/Src/ble_app.c **** 
  65:Core/Src/ble_app.c **** 	/* percent_val: 100,00 % = 10000 */
  66:Core/Src/ble_app.c **** 	int p_int = percent_val / 100;
 214              		.loc 1 66 26
 215 000a 3D4B     		ldr	r3, .L14
 216 000c 1B88     		ldrh	r3, [r3]
 217 000e 6421     		movs	r1, #100
 218 0010 1800     		movs	r0, r3
 219 0012 FFF7FEFF 		bl	__aeabi_uidiv
 220 0016 0300     		movs	r3, r0
 221 0018 9BB2     		uxth	r3, r3
 222              		.loc 1 66 6
 223 001a 8422     		movs	r2, #132
 224 001c BA18     		adds	r2, r7, r2
 225 001e 1360     		str	r3, [r2]
  67:Core/Src/ble_app.c **** 	int p_frac = (percent_val % 100) / 10;
 226              		.loc 1 67 35
 227 0020 374B     		ldr	r3, .L14
 228 0022 1B88     		ldrh	r3, [r3]
 229 0024 6421     		movs	r1, #100
 230 0026 1800     		movs	r0, r3
 231 0028 FFF7FEFF 		bl	__aeabi_uidivmod
 232 002c 0B00     		movs	r3, r1
 233 002e 9BB2     		uxth	r3, r3
 234 0030 0A21     		movs	r1, #10
 235 0032 1800     		movs	r0, r3
 236 0034 FFF7FEFF 		bl	__aeabi_uidiv
 237 0038 0300     		movs	r3, r0
 238 003a 9BB2     		uxth	r3, r3
 239              		.loc 1 67 6
 240 003c 8022     		movs	r2, #128
 241 003e BA18     		adds	r2, r7, r2
 242 0040 1360     		str	r3, [r2]
  68:Core/Src/ble_app.c **** 
  69:Core/Src/ble_app.c **** 	/* temp: 0,01 Grad C, Vorzeichen sauber behandeln */
  70:Core/Src/ble_app.c **** 	int16_t t = sensor_data_rx.temp;
 243              		.loc 1 70 10
 244 0042 7E21     		movs	r1, #126
 245 0044 7B18     		adds	r3, r7, r1
 246 0046 2F4A     		ldr	r2, .L14+4
 247 0048 9288     		ldrh	r2, [r2, #4]
 248 004a 1A80     		strh	r2, [r3]
  71:Core/Src/ble_app.c **** 	const char *tsign = (t < 0) ? "-" : "";
 249              		.loc 1 71 36
 250 004c 7B18     		adds	r3, r7, r1
 251 004e 0022     		movs	r2, #0
 252 0050 9B5E     		ldrsh	r3, [r3, r2]
 253 0052 002B     		cmp	r3, #0
 254 0054 01DA     		bge	.L12
 255              		.loc 1 71 36 is_stmt 0 discriminator 1
 256 0056 2C4B     		ldr	r3, .L14+8
 257 0058 00E0     		b	.L13
ARM GAS  C:\Users\a_hae\AppData\Local\Temp\ccOS17hD.s 			page 41


 258              	.L12:
 259              		.loc 1 71 36 discriminator 2
 260 005a 2C4B     		ldr	r3, .L14+12
 261              	.L13:
 262              		.loc 1 71 14 is_stmt 1 discriminator 4
 263 005c BB67     		str	r3, [r7, #120]
  72:Core/Src/ble_app.c **** 	int ta = (t < 0) ? -t : t;
 264              		.loc 1 72 24
 265 005e 7E23     		movs	r3, #126
 266 0060 FB18     		adds	r3, r7, r3
 267 0062 0022     		movs	r2, #0
 268 0064 9B5E     		ldrsh	r3, [r3, r2]
 269 0066 DA17     		asrs	r2, r3, #31
 270 0068 9B18     		adds	r3, r3, r2
 271 006a 5340     		eors	r3, r2
 272 006c 9BB2     		uxth	r3, r3
 273              		.loc 1 72 6
 274 006e 7B67     		str	r3, [r7, #116]
  73:Core/Src/ble_app.c **** 
  74:Core/Src/ble_app.c **** 	int cal = (EEPROM_values.calib_available == 0x00) ? 1 : 0;
 275              		.loc 1 74 26
 276 0070 274B     		ldr	r3, .L14+16
 277 0072 1B78     		ldrb	r3, [r3]
 278              		.loc 1 74 56
 279 0074 5A42     		rsbs	r2, r3, #0
 280 0076 5341     		adcs	r3, r3, r2
 281 0078 DBB2     		uxtb	r3, r3
 282              		.loc 1 74 6
 283 007a 3B67     		str	r3, [r7, #112]
  75:Core/Src/ble_app.c **** 
  76:Core/Src/ble_app.c **** 	snprintf(line, sizeof(line), "STAT;L=%d.%d;T=%s%d.%02d;F=%d;C=%d;I=%d;CAL=%d;V=%s;HWV=%s;E=%u\n",
 284              		.loc 1 76 2
 285 007c 7B6F     		ldr	r3, [r7, #116]
 286 007e 6421     		movs	r1, #100
 287 0080 1800     		movs	r0, r3
 288 0082 FFF7FEFF 		bl	__aeabi_idiv
 289 0086 0300     		movs	r3, r0
 290 0088 1C00     		movs	r4, r3
 291 008a 7B6F     		ldr	r3, [r7, #116]
 292 008c 6421     		movs	r1, #100
 293 008e 1800     		movs	r0, r3
 294 0090 FFF7FEFF 		bl	__aeabi_idivmod
 295 0094 0B00     		movs	r3, r1
 296 0096 1D00     		movs	r5, r3
  77:Core/Src/ble_app.c **** 			 p_int, p_frac, tsign, ta / 100, ta % 100,
  78:Core/Src/ble_app.c **** 			 dev_info_par.fluidType, dev_info_par.cap, dev_info_par.devInstance, cal,
 297              		.loc 1 78 17
 298 0098 1E4B     		ldr	r3, .L14+20
 299 009a 1B7B     		ldrb	r3, [r3, #12]
  76:Core/Src/ble_app.c **** 			 p_int, p_frac, tsign, ta / 100, ta % 100,
 300              		.loc 1 76 2
 301 009c 1E00     		movs	r6, r3
 302              		.loc 1 78 41
 303 009e 1D4B     		ldr	r3, .L14+20
 304 00a0 5B7B     		ldrb	r3, [r3, #13]
  76:Core/Src/ble_app.c **** 			 p_int, p_frac, tsign, ta / 100, ta % 100,
 305              		.loc 1 76 2
ARM GAS  C:\Users\a_hae\AppData\Local\Temp\ccOS17hD.s 			page 42


 306 00a2 9C46     		mov	ip, r3
 307              		.loc 1 78 59
 308 00a4 1B4B     		ldr	r3, .L14+20
 309 00a6 1B7A     		ldrb	r3, [r3, #8]
  76:Core/Src/ble_app.c **** 			 p_int, p_frac, tsign, ta / 100, ta % 100,
 310              		.loc 1 76 2
 311 00a8 9846     		mov	r8, r3
 312 00aa 1B4B     		ldr	r3, .L14+24
 313 00ac 1B78     		ldrb	r3, [r3]
 314 00ae DBB2     		uxtb	r3, r3
 315 00b0 8422     		movs	r2, #132
 316 00b2 BA18     		adds	r2, r7, r2
 317 00b4 1168     		ldr	r1, [r2]
 318 00b6 194A     		ldr	r2, .L14+28
 319 00b8 3800     		movs	r0, r7
 320 00ba 0A93     		str	r3, [sp, #40]
 321 00bc 184B     		ldr	r3, .L14+32
 322 00be 0993     		str	r3, [sp, #36]
 323 00c0 184B     		ldr	r3, .L14+36
 324 00c2 0893     		str	r3, [sp, #32]
 325 00c4 3B6F     		ldr	r3, [r7, #112]
 326 00c6 0793     		str	r3, [sp, #28]
 327 00c8 4346     		mov	r3, r8
 328 00ca 0693     		str	r3, [sp, #24]
 329 00cc 6346     		mov	r3, ip
 330 00ce 0593     		str	r3, [sp, #20]
 331 00d0 0496     		str	r6, [sp, #16]
 332 00d2 0395     		str	r5, [sp, #12]
 333 00d4 0294     		str	r4, [sp, #8]
 334 00d6 BB6F     		ldr	r3, [r7, #120]
 335 00d8 0193     		str	r3, [sp, #4]
 336 00da 8023     		movs	r3, #128
 337 00dc FB18     		adds	r3, r7, r3
 338 00de 1B68     		ldr	r3, [r3]
 339 00e0 0093     		str	r3, [sp]
 340 00e2 0B00     		movs	r3, r1
 341 00e4 7021     		movs	r1, #112
 342 00e6 FFF7FEFF 		bl	snprintf
  79:Core/Src/ble_app.c **** 			 FW_VERSION, hw_id_str, (unsigned)error_mode);
  80:Core/Src/ble_app.c **** 
  81:Core/Src/ble_app.c **** 	BLE_SendString(line);
 343              		.loc 1 81 2
 344 00ea 3B00     		movs	r3, r7
 345 00ec 1800     		movs	r0, r3
 346 00ee FFF7FEFF 		bl	BLE_SendString
  82:Core/Src/ble_app.c **** }
 347              		.loc 1 82 1
 348 00f2 C046     		nop
 349 00f4 BD46     		mov	sp, r7
 350 00f6 22B0     		add	sp, sp, #136
 351              		@ sp needed
 352 00f8 80BC     		pop	{r7}
 353 00fa B846     		mov	r8, r7
 354 00fc F0BD     		pop	{r4, r5, r6, r7, pc}
 355              	.L15:
 356 00fe C046     		.align	2
 357              	.L14:
ARM GAS  C:\Users\a_hae\AppData\Local\Temp\ccOS17hD.s 			page 43


 358 0100 00000000 		.word	percent_val
 359 0104 00000000 		.word	sensor_data_rx
 360 0108 14000000 		.word	.LC6
 361 010c 18000000 		.word	.LC8
 362 0110 00000000 		.word	EEPROM_values
 363 0114 00000000 		.word	dev_info_par
 364 0118 00000000 		.word	error_mode
 365 011c 1C000000 		.word	.LC13
 366 0120 00000000 		.word	hw_id_str
 367 0124 60000000 		.word	.LC16
 368              		.cfi_endproc
 369              	.LFE367:
 371              		.section	.rodata
 372 006b 00       		.align	2
 373              	.LC18:
 374 006c 4C494E3B 		.ascii	"LIN;\000"
 374      00
 375 0071 000000   		.align	2
 376              	.LC21:
 377 0074 2C00     		.ascii	",\000"
 378 0076 0000     		.align	2
 379              	.LC23:
 380 0078 0A00     		.ascii	"\012\000"
 381 007a 0000     		.align	2
 382              	.LC25:
 383 007c 25642573 		.ascii	"%d%s\000"
 383      00
 384              		.section	.text.ble_send_lin,"ax",%progbits
 385              		.align	1
 386              		.syntax unified
 387              		.code	16
 388              		.thumb_func
 390              	ble_send_lin:
 391              	.LFB368:
  83:Core/Src/ble_app.c **** 
  84:Core/Src/ble_app.c **** /* Sendet die aktuelle Tankform-Kennlinie:  LIN;v0,v1,...,v10\n */
  85:Core/Src/ble_app.c **** static void ble_send_lin(void)
  86:Core/Src/ble_app.c **** {
 392              		.loc 1 86 1
 393              		.cfi_startproc
 394              		@ args = 0, pretend = 0, frame = 72
 395              		@ frame_needed = 1, uses_anonymous_args = 0
 396 0000 90B5     		push	{r4, r7, lr}
 397              	.LCFI9:
 398              		.cfi_def_cfa_offset 12
 399              		.cfi_offset 4, -12
 400              		.cfi_offset 7, -8
 401              		.cfi_offset 14, -4
 402 0002 95B0     		sub	sp, sp, #84
 403              	.LCFI10:
 404              		.cfi_def_cfa_offset 96
 405 0004 02AF     		add	r7, sp, #8
 406              	.LCFI11:
 407              		.cfi_def_cfa 7, 88
  87:Core/Src/ble_app.c **** 	char line[64];
  88:Core/Src/ble_app.c **** 	int n = 0;
 408              		.loc 1 88 6
ARM GAS  C:\Users\a_hae\AppData\Local\Temp\ccOS17hD.s 			page 44


 409 0006 0023     		movs	r3, #0
 410 0008 7B64     		str	r3, [r7, #68]
  89:Core/Src/ble_app.c **** 	n += snprintf(line + n, sizeof(line) - n, "LIN;");
 411              		.loc 1 89 7
 412 000a 7B6C     		ldr	r3, [r7, #68]
 413 000c 3A00     		movs	r2, r7
 414 000e D018     		adds	r0, r2, r3
 415 0010 7B6C     		ldr	r3, [r7, #68]
 416              		.loc 1 89 39
 417 0012 4022     		movs	r2, #64
 418 0014 D31A     		subs	r3, r2, r3
 419              		.loc 1 89 7
 420 0016 1A4A     		ldr	r2, .L21
 421 0018 1900     		movs	r1, r3
 422 001a FFF7FEFF 		bl	snprintf
 423 001e 0200     		movs	r2, r0
 424              		.loc 1 89 4 discriminator 1
 425 0020 7B6C     		ldr	r3, [r7, #68]
 426 0022 9B18     		adds	r3, r3, r2
 427 0024 7B64     		str	r3, [r7, #68]
 428              	.LBB21:
  90:Core/Src/ble_app.c **** 	for (int i = 0; i < 11; i++)
 429              		.loc 1 90 11
 430 0026 0023     		movs	r3, #0
 431 0028 3B64     		str	r3, [r7, #64]
 432              		.loc 1 90 2
 433 002a 1DE0     		b	.L17
 434              	.L20:
  91:Core/Src/ble_app.c **** 	{
  92:Core/Src/ble_app.c **** 		n += snprintf(line + n, sizeof(line) - n, "%d%s",
 435              		.loc 1 92 8
 436 002c 7B6C     		ldr	r3, [r7, #68]
 437 002e 3A00     		movs	r2, r7
 438 0030 D018     		adds	r0, r2, r3
 439 0032 7B6C     		ldr	r3, [r7, #68]
 440              		.loc 1 92 40
 441 0034 4022     		movs	r2, #64
 442 0036 D11A     		subs	r1, r2, r3
  93:Core/Src/ble_app.c **** 					  device_param.lin_point[i], (i < 10) ? "," : "\n");
 443              		.loc 1 93 30
 444 0038 124A     		ldr	r2, .L21+4
 445 003a 3B6C     		ldr	r3, [r7, #64]
 446 003c D318     		adds	r3, r2, r3
 447 003e 0233     		adds	r3, r3, #2
 448 0040 1B78     		ldrb	r3, [r3]
  92:Core/Src/ble_app.c **** 					  device_param.lin_point[i], (i < 10) ? "," : "\n");
 449              		.loc 1 92 8
 450 0042 1C00     		movs	r4, r3
 451 0044 3B6C     		ldr	r3, [r7, #64]
 452 0046 092B     		cmp	r3, #9
 453 0048 01DC     		bgt	.L18
  92:Core/Src/ble_app.c **** 					  device_param.lin_point[i], (i < 10) ? "," : "\n");
 454              		.loc 1 92 8 is_stmt 0 discriminator 1
 455 004a 0F4B     		ldr	r3, .L21+8
 456 004c 00E0     		b	.L19
 457              	.L18:
  92:Core/Src/ble_app.c **** 					  device_param.lin_point[i], (i < 10) ? "," : "\n");
ARM GAS  C:\Users\a_hae\AppData\Local\Temp\ccOS17hD.s 			page 45


 458              		.loc 1 92 8 discriminator 2
 459 004e 0F4B     		ldr	r3, .L21+12
 460              	.L19:
  92:Core/Src/ble_app.c **** 					  device_param.lin_point[i], (i < 10) ? "," : "\n");
 461              		.loc 1 92 8 discriminator 4
 462 0050 0F4A     		ldr	r2, .L21+16
 463 0052 0093     		str	r3, [sp]
 464 0054 2300     		movs	r3, r4
 465 0056 FFF7FEFF 		bl	snprintf
 466 005a 0200     		movs	r2, r0
  92:Core/Src/ble_app.c **** 					  device_param.lin_point[i], (i < 10) ? "," : "\n");
 467              		.loc 1 92 5 is_stmt 1 discriminator 1
 468 005c 7B6C     		ldr	r3, [r7, #68]
 469 005e 9B18     		adds	r3, r3, r2
 470 0060 7B64     		str	r3, [r7, #68]
  90:Core/Src/ble_app.c **** 	{
 471              		.loc 1 90 27 discriminator 2
 472 0062 3B6C     		ldr	r3, [r7, #64]
 473 0064 0133     		adds	r3, r3, #1
 474 0066 3B64     		str	r3, [r7, #64]
 475              	.L17:
  90:Core/Src/ble_app.c **** 	{
 476              		.loc 1 90 20 discriminator 1
 477 0068 3B6C     		ldr	r3, [r7, #64]
 478 006a 0A2B     		cmp	r3, #10
 479 006c DEDD     		ble	.L20
 480              	.LBE21:
  94:Core/Src/ble_app.c **** 	}
  95:Core/Src/ble_app.c **** 	BLE_SendString(line);
 481              		.loc 1 95 2
 482 006e 3B00     		movs	r3, r7
 483 0070 1800     		movs	r0, r3
 484 0072 FFF7FEFF 		bl	BLE_SendString
  96:Core/Src/ble_app.c **** }
 485              		.loc 1 96 1
 486 0076 C046     		nop
 487 0078 BD46     		mov	sp, r7
 488 007a 13B0     		add	sp, sp, #76
 489              		@ sp needed
 490 007c 90BD     		pop	{r4, r7, pc}
 491              	.L22:
 492 007e C046     		.align	2
 493              	.L21:
 494 0080 6C000000 		.word	.LC18
 495 0084 00000000 		.word	device_param
 496 0088 74000000 		.word	.LC21
 497 008c 78000000 		.word	.LC23
 498 0090 7C000000 		.word	.LC25
 499              		.cfi_endproc
 500              	.LFE368:
 502              		.section	.rodata
 503 0081 000000   		.align	2
 504              	.LC27:
 505 0084 56455200 		.ascii	"VER\000"
 506              		.align	2
 507              	.LC29:
 508 0088 5645523B 		.ascii	"VER;1.2.11-dev\012\000"
ARM GAS  C:\Users\a_hae\AppData\Local\Temp\ccOS17hD.s 			page 46


 508      312E322E 
 508      31312D64 
 508      65760A00 
 509              		.align	2
 510              	.LC31:
 511 0098 47455400 		.ascii	"GET\000"
 512              		.align	2
 513              	.LC33:
 514 009c 4C494E00 		.ascii	"LIN\000"
 515              		.align	2
 516              	.LC37:
 517 00a0 4F4B204C 		.ascii	"OK LIN\012\000"
 517      494E0A00 
 518              		.align	2
 519              	.LC39:
 520 00a8 45525220 		.ascii	"ERR LIN\012\000"
 520      4C494E0A 
 520      00
 521 00b1 000000   		.align	2
 522              	.LC41:
 523 00b4 45525220 		.ascii	"ERR ?\012\000"
 523      3F0A00
 524 00bb 00       		.align	2
 525              	.LC43:
 526 00bc 43414C31 		.ascii	"CAL100\000"
 526      303000
 527 00c3 00       		.align	2
 528              	.LC47:
 529 00c4 4F4B2043 		.ascii	"OK CAL100\012\000"
 529      414C3130 
 529      300A00
 530 00cf 00       		.align	2
 531              	.LC49:
 532 00d0 45525220 		.ascii	"ERR CAL100 nodruck\012\000"
 532      43414C31 
 532      3030206E 
 532      6F647275 
 532      636B0A00 
 533              		.align	2
 534              	.LC51:
 535 00e4 43414C00 		.ascii	"CAL\000"
 536              		.align	2
 537              	.LC53:
 538 00e8 43414C3B 		.ascii	"CAL;%d;%lu\012\000"
 538      25643B25 
 538      6C750A00 
 539              		.align	2
 540              	.LC55:
 541 00f4 43414C20 		.ascii	"CAL \000"
 541      00
 542 00f9 000000   		.align	2
 543              	.LC57:
 544 00fc 4F4B2043 		.ascii	"OK CAL %lu\012\000"
 544      414C2025 
 544      6C750A00 
 545              		.align	2
 546              	.LC59:
ARM GAS  C:\Users\a_hae\AppData\Local\Temp\ccOS17hD.s 			page 47


 547 0108 45525220 		.ascii	"ERR CAL\012\000"
 547      43414C0A 
 547      00
 548 0111 000000   		.align	2
 549              	.LC61:
 550 0114 43414C52 		.ascii	"CALRESET\000"
 550      45534554 
 550      00
 551 011d 000000   		.align	2
 552              	.LC63:
 553 0120 4F4B2043 		.ascii	"OK CALRESET\012\000"
 553      414C5245 
 553      5345540A 
 553      00
 554 012d 000000   		.align	2
 555              	.LC65:
 556 0130 46414354 		.ascii	"FACTORYRESET\000"
 556      4F525952 
 556      45534554 
 556      00
 557 013d 000000   		.align	2
 558              	.LC67:
 559 0140 4F4B2046 		.ascii	"OK FACTORYRESET\012\000"
 559      4143544F 
 559      52595245 
 559      5345540A 
 559      00
 560 0151 000000   		.align	2
 561              	.LC69:
 562 0154 44465500 		.ascii	"DFU\000"
 563              		.align	2
 564              	.LC71:
 565 0158 4F4B2044 		.ascii	"OK DFU\012\000"
 565      46550A00 
 566              		.align	2
 567              	.LC73:
 568 0160 4E414D45 		.ascii	"NAME\000"
 568      00
 569 0165 000000   		.align	2
 570              	.LC76:
 571 0168 4E414D45 		.ascii	"NAME;%s\012\000"
 571      3B25730A 
 571      00
 572 0171 000000   		.align	2
 573              	.LC78:
 574 0174 4E414D45 		.ascii	"NAME \000"
 574      2000
 575 017a 0000     		.align	2
 576              	.LC80:
 577 017c 4F4B204E 		.ascii	"OK NAME\012\000"
 577      414D450A 
 577      00
 578 0185 000000   		.align	2
 579              	.LC83:
 580 0188 45525220 		.ascii	"ERR NAME\012\000"
 580      4E414D45 
 580      0A00
ARM GAS  C:\Users\a_hae\AppData\Local\Temp\ccOS17hD.s 			page 48


 581 0192 0000     		.align	2
 582              	.LC85:
 583 0194 464C5549 		.ascii	"FLUID \000"
 583      442000
 584 019b 00       		.align	2
 585              	.LC87:
 586 019c 4F4B2046 		.ascii	"OK FLUID %d\012\000"
 586      4C554944 
 586      2025640A 
 586      00
 587 01a9 000000   		.align	2
 588              	.LC89:
 589 01ac 45525220 		.ascii	"ERR FLUID\012\000"
 589      464C5549 
 589      440A00
 590 01b7 00       		.align	2
 591              	.LC91:
 592 01b8 43415020 		.ascii	"CAP \000"
 592      00
 593 01bd 000000   		.align	2
 594              	.LC93:
 595 01c0 4F4B2043 		.ascii	"OK CAP %d\012\000"
 595      41502025 
 595      640A00
 596 01cb 00       		.align	2
 597              	.LC95:
 598 01cc 45525220 		.ascii	"ERR CAP\012\000"
 598      4341500A 
 598      00
 599 01d5 000000   		.align	2
 600              	.LC97:
 601 01d8 494E5354 		.ascii	"INST \000"
 601      2000
 602 01de 0000     		.align	2
 603              	.LC99:
 604 01e0 4F4B2049 		.ascii	"OK INST %d\012\000"
 604      4E535420 
 604      25640A00 
 605              		.align	2
 606              	.LC101:
 607 01ec 45525220 		.ascii	"ERR INST\012\000"
 607      494E5354 
 607      0A00
 608              		.section	.text.ble_handle_command,"ax",%progbits
 609              		.align	1
 610              		.global	ble_handle_command
 611              		.syntax unified
 612              		.code	16
 613              		.thumb_func
 615              	ble_handle_command:
 616              	.LFB369:
  97:Core/Src/ble_app.c **** 
  98:Core/Src/ble_app.c **** /*
  99:Core/Src/ble_app.c ****  * Verarbeitet ein Textkommando von der App (CMD_DATA_IND). Vollstaendige
 100:Core/Src/ble_app.c ****  * Spezifikation in PC_Tools/BLE_Protokoll.md. Unterstützt (case-insensitive):
 101:Core/Src/ble_app.c ****  *   VER            Firmware-Version senden (VER;x.y.z)
 102:Core/Src/ble_app.c ****  *   GET            aktuellen Status sofort senden (STAT;...)
ARM GAS  C:\Users\a_hae\AppData\Local\Temp\ccOS17hD.s 			page 49


 103:Core/Src/ble_app.c ****  *   LIN            aktuelle Tankform-Kennlinie senden (LIN;...)
 104:Core/Src/ble_app.c ****  *   LIN v0,...,v10 Kennlinie setzen (11 Werte 0..100, steigend)
 105:Core/Src/ble_app.c ****  *   CAL100         aktuellen Druck als 100 % kalibrieren
 106:Core/Src/ble_app.c ****  *   CALRESET       Kalibrierung auf Werkswert zurücksetzen
 107:Core/Src/ble_app.c ****  *   FLUID <0..15>  Fluidtyp setzen
 108:Core/Src/ble_app.c ****  *   CAP <1..255>   Tankkapazität (Liter) setzen
 109:Core/Src/ble_app.c ****  *   INST <0..15>   Instanz setzen
 110:Core/Src/ble_app.c ****  *   NAME <text>    Sensor-/BLE-Namen setzen; NAME (ohne Arg) fragt ihn ab
 111:Core/Src/ble_app.c ****  *   FACTORYRESET   Config löschen und neu starten
 112:Core/Src/ble_app.c ****  *   DFU            in den Bootloader/Update-Modus wechseln
 113:Core/Src/ble_app.c ****  */
 114:Core/Src/ble_app.c **** void ble_handle_command(const uint8_t *data, uint16_t len)
 115:Core/Src/ble_app.c **** {
 617              		.loc 1 115 1
 618              		.cfi_startproc
 619              		@ args = 0, pretend = 0, frame = 192
 620              		@ frame_needed = 1, uses_anonymous_args = 0
 621 0000 B0B5     		push	{r4, r5, r7, lr}
 622              	.LCFI12:
 623              		.cfi_def_cfa_offset 16
 624              		.cfi_offset 4, -16
 625              		.cfi_offset 5, -12
 626              		.cfi_offset 7, -8
 627              		.cfi_offset 14, -4
 628 0002 B2B0     		sub	sp, sp, #200
 629              	.LCFI13:
 630              		.cfi_def_cfa_offset 216
 631 0004 02AF     		add	r7, sp, #8
 632              	.LCFI14:
 633              		.cfi_def_cfa 7, 208
 634 0006 7860     		str	r0, [r7, #4]
 635 0008 0A00     		movs	r2, r1
 636 000a BB1C     		adds	r3, r7, #2
 637 000c 1A80     		strh	r2, [r3]
 116:Core/Src/ble_app.c **** 	char cmd[80];
 117:Core/Src/ble_app.c **** 	char resp[32];
 118:Core/Src/ble_app.c **** 	uint16_t n = (len < sizeof(cmd) - 1) ? len : sizeof(cmd) - 1;
 638              		.loc 1 118 11
 639 000e BE23     		movs	r3, #190
 640 0010 FA18     		adds	r2, r7, r3
 641 0012 BB1C     		adds	r3, r7, #2
 642 0014 1B88     		ldrh	r3, [r3]
 643 0016 99B2     		uxth	r1, r3
 644 0018 4F29     		cmp	r1, #79
 645 001a 00D9     		bls	.L24
 646 001c 4F23     		movs	r3, #79
 647              	.L24:
 648 001e 1380     		strh	r3, [r2]
 119:Core/Src/ble_app.c **** 	memcpy(cmd, data, n);
 649              		.loc 1 119 2
 650 0020 BE24     		movs	r4, #190
 651 0022 3B19     		adds	r3, r7, r4
 652 0024 1A88     		ldrh	r2, [r3]
 653 0026 7968     		ldr	r1, [r7, #4]
 654 0028 5025     		movs	r5, #80
 655 002a 7B19     		adds	r3, r7, r5
 656 002c 1800     		movs	r0, r3
ARM GAS  C:\Users\a_hae\AppData\Local\Temp\ccOS17hD.s 			page 50


 657 002e FFF7FEFF 		bl	memcpy
 120:Core/Src/ble_app.c **** 	cmd[n] = '\0';
 658              		.loc 1 120 5
 659 0032 3B19     		adds	r3, r7, r4
 660 0034 1B88     		ldrh	r3, [r3]
 661              		.loc 1 120 9
 662 0036 7A19     		adds	r2, r7, r5
 663 0038 0021     		movs	r1, #0
 664 003a D154     		strb	r1, [r2, r3]
 121:Core/Src/ble_app.c **** 
 122:Core/Src/ble_app.c **** 	/* trailing CR/LF/Leerzeichen entfernen */
 123:Core/Src/ble_app.c **** 	while (n > 0 && (cmd[n-1] == '\r' || cmd[n-1] == '\n' || cmd[n-1] == ' '))
 665              		.loc 1 123 8
 666 003c 0BE0     		b	.L25
 667              	.L27:
 124:Core/Src/ble_app.c **** 	{
 125:Core/Src/ble_app.c **** 		cmd[--n] = '\0';
 668              		.loc 1 125 12
 669 003e BE21     		movs	r1, #190
 670 0040 7B18     		adds	r3, r7, r1
 671 0042 7A18     		adds	r2, r7, r1
 672 0044 1288     		ldrh	r2, [r2]
 673 0046 013A     		subs	r2, r2, #1
 674 0048 1A80     		strh	r2, [r3]
 675              		.loc 1 125 7
 676 004a 7B18     		adds	r3, r7, r1
 677 004c 1B88     		ldrh	r3, [r3]
 678              		.loc 1 125 12
 679 004e 5022     		movs	r2, #80
 680 0050 BA18     		adds	r2, r7, r2
 681 0052 0021     		movs	r1, #0
 682 0054 D154     		strb	r1, [r2, r3]
 683              	.L25:
 123:Core/Src/ble_app.c **** 	{
 684              		.loc 1 123 15
 685 0056 BE21     		movs	r1, #190
 686 0058 7B18     		adds	r3, r7, r1
 687 005a 1B88     		ldrh	r3, [r3]
 688 005c 002B     		cmp	r3, #0
 689 005e 15D0     		beq	.L26
 123:Core/Src/ble_app.c **** 	{
 690              		.loc 1 123 24 discriminator 1
 691 0060 7B18     		adds	r3, r7, r1
 692 0062 1B88     		ldrh	r3, [r3]
 693 0064 013B     		subs	r3, r3, #1
 123:Core/Src/ble_app.c **** 	{
 694              		.loc 1 123 22 discriminator 1
 695 0066 5020     		movs	r0, #80
 696 0068 3A18     		adds	r2, r7, r0
 697 006a D35C     		ldrb	r3, [r2, r3]
 123:Core/Src/ble_app.c **** 	{
 698              		.loc 1 123 15 discriminator 1
 699 006c 0D2B     		cmp	r3, #13
 700 006e E6D0     		beq	.L27
 123:Core/Src/ble_app.c **** 	{
 701              		.loc 1 123 44 discriminator 2
 702 0070 7B18     		adds	r3, r7, r1
ARM GAS  C:\Users\a_hae\AppData\Local\Temp\ccOS17hD.s 			page 51


 703 0072 1B88     		ldrh	r3, [r3]
 704 0074 013B     		subs	r3, r3, #1
 123:Core/Src/ble_app.c **** 	{
 705              		.loc 1 123 42 discriminator 2
 706 0076 3A18     		adds	r2, r7, r0
 707 0078 D35C     		ldrb	r3, [r2, r3]
 123:Core/Src/ble_app.c **** 	{
 708              		.loc 1 123 36 discriminator 2
 709 007a 0A2B     		cmp	r3, #10
 710 007c DFD0     		beq	.L27
 123:Core/Src/ble_app.c **** 	{
 711              		.loc 1 123 64 discriminator 3
 712 007e 7B18     		adds	r3, r7, r1
 713 0080 1B88     		ldrh	r3, [r3]
 714 0082 013B     		subs	r3, r3, #1
 123:Core/Src/ble_app.c **** 	{
 715              		.loc 1 123 62 discriminator 3
 716 0084 3A18     		adds	r2, r7, r0
 717 0086 D35C     		ldrb	r3, [r2, r3]
 123:Core/Src/ble_app.c **** 	{
 718              		.loc 1 123 56 discriminator 3
 719 0088 202B     		cmp	r3, #32
 720 008a D8D0     		beq	.L27
 721              	.L26:
 126:Core/Src/ble_app.c **** 	}
 127:Core/Src/ble_app.c **** 
 128:Core/Src/ble_app.c **** 	if (strncasecmp(cmd, "VER", 3) == 0)
 722              		.loc 1 128 6
 723 008c CE49     		ldr	r1, .L66
 724 008e 5023     		movs	r3, #80
 725 0090 FB18     		adds	r3, r7, r3
 726 0092 0322     		movs	r2, #3
 727 0094 1800     		movs	r0, r3
 728 0096 FFF7FEFF 		bl	strncasecmp
 729 009a 031E     		subs	r3, r0, #0
 730              		.loc 1 128 5 discriminator 1
 731 009c 04D1     		bne	.L28
 129:Core/Src/ble_app.c **** 	{
 130:Core/Src/ble_app.c **** 		BLE_SendString("VER;" FW_VERSION "\n");
 732              		.loc 1 130 3
 733 009e CB4B     		ldr	r3, .L66+4
 734 00a0 1800     		movs	r0, r3
 735 00a2 FFF7FEFF 		bl	BLE_SendString
 131:Core/Src/ble_app.c **** 	}
 132:Core/Src/ble_app.c **** 	else if (strncasecmp(cmd, "GET", 3) == 0)
 133:Core/Src/ble_app.c **** 	{
 134:Core/Src/ble_app.c **** 		ble_send_status();
 135:Core/Src/ble_app.c **** 	}
 136:Core/Src/ble_app.c **** 	else if (strncasecmp(cmd, "LIN", 3) == 0)
 137:Core/Src/ble_app.c **** 	{
 138:Core/Src/ble_app.c **** 		if (cmd[3] == '\0')				/* Abfrage der Kennlinie */
 139:Core/Src/ble_app.c **** 		{
 140:Core/Src/ble_app.c **** 			ble_send_lin();
 141:Core/Src/ble_app.c **** 		}
 142:Core/Src/ble_app.c **** 		else if (cmd[3] == ' ')			/* Kennlinie setzen: LIN v0,..,v10 */
 143:Core/Src/ble_app.c **** 		{
 144:Core/Src/ble_app.c **** 			uint8_t pts[11];
ARM GAS  C:\Users\a_hae\AppData\Local\Temp\ccOS17hD.s 			page 52


 145:Core/Src/ble_app.c **** 			int cnt = 0;
 146:Core/Src/ble_app.c **** 			char *p = cmd + 4;
 147:Core/Src/ble_app.c **** 			while (cnt < 11 && *p)
 148:Core/Src/ble_app.c **** 			{
 149:Core/Src/ble_app.c **** 				pts[cnt++] = (uint8_t)atoi(p);
 150:Core/Src/ble_app.c **** 				while (*p && *p != ',') p++;
 151:Core/Src/ble_app.c **** 				if (*p == ',') p++;
 152:Core/Src/ble_app.c **** 			}
 153:Core/Src/ble_app.c **** 			if (cnt == 11 && lin_table_valid(pts))
 154:Core/Src/ble_app.c **** 			{
 155:Core/Src/ble_app.c **** 				memcpy(device_param.lin_point, pts, 11);
 156:Core/Src/ble_app.c **** 				set_param_eeprom(&dev_info_par, &device_param);
 157:Core/Src/ble_app.c **** 				BLE_SendString("OK LIN\n");
 158:Core/Src/ble_app.c **** 			}
 159:Core/Src/ble_app.c **** 			else
 160:Core/Src/ble_app.c **** 			{
 161:Core/Src/ble_app.c **** 				BLE_SendString("ERR LIN\n");
 162:Core/Src/ble_app.c **** 			}
 163:Core/Src/ble_app.c **** 		}
 164:Core/Src/ble_app.c **** 		else
 165:Core/Src/ble_app.c **** 		{
 166:Core/Src/ble_app.c **** 			BLE_SendString("ERR ?\n");
 167:Core/Src/ble_app.c **** 		}
 168:Core/Src/ble_app.c **** 	}
 169:Core/Src/ble_app.c **** 	else if (strncasecmp(cmd, "CAL100", 6) == 0)
 170:Core/Src/ble_app.c **** 	{
 171:Core/Src/ble_app.c **** 		if (raw_press >= 100)	/* /100 muss max_val >= 1 ergeben (Div-durch-0-Schutz) */
 172:Core/Src/ble_app.c **** 		{
 173:Core/Src/ble_app.c **** 			EEPROM_values.max_val = raw_press / 100;
 174:Core/Src/ble_app.c **** 			EEPROM_values.calib_available = 0x00;
 175:Core/Src/ble_app.c **** 			save_EEPROM(&EEPROM_values);
 176:Core/Src/ble_app.c **** 			BLE_SendString("OK CAL100\n");
 177:Core/Src/ble_app.c **** 		}
 178:Core/Src/ble_app.c **** 		else
 179:Core/Src/ble_app.c **** 		{
 180:Core/Src/ble_app.c **** 			BLE_SendString("ERR CAL100 nodruck\n");
 181:Core/Src/ble_app.c **** 		}
 182:Core/Src/ble_app.c **** 	}
 183:Core/Src/ble_app.c **** 	else if ((strncasecmp(cmd, "CAL", 3) == 0) && (cmd[3] == '\0'))
 184:Core/Src/ble_app.c **** 	{
 185:Core/Src/ble_app.c **** 		/* Abfrage des Kalibrierwerts fuer die Sicherung:
 186:Core/Src/ble_app.c **** 		 *   CAL;<0|1>;<max_val>
 187:Core/Src/ble_app.c **** 		 * max_val ist der Rohdruck bei 100 % - genau der Wert, den CAL100
 188:Core/Src/ble_app.c **** 		 * aus raw_press bildet. Damit laesst sich eine Kalibrierung spaeter
 189:Core/Src/ble_app.c **** 		 * ohne vollen Tank wiederherstellen. Die Pruefung auf das Stringende
 190:Core/Src/ble_app.c **** 		 * grenzt sauber gegen CAL100 und CALRESET ab. */
 191:Core/Src/ble_app.c **** 		snprintf(resp, sizeof(resp), "CAL;%d;%lu\n",
 192:Core/Src/ble_app.c **** 				 (EEPROM_values.calib_available == 0x00) ? 1 : 0,
 193:Core/Src/ble_app.c **** 				 (unsigned long)EEPROM_values.max_val);
 194:Core/Src/ble_app.c **** 		BLE_SendString(resp);
 195:Core/Src/ble_app.c **** 	}
 196:Core/Src/ble_app.c **** 	else if (strncasecmp(cmd, "CAL ", 4) == 0)
 197:Core/Src/ble_app.c **** 	{
 198:Core/Src/ble_app.c **** 		/* Kalibrierwert direkt setzen (Wiederherstellung aus einer Sicherung).
 199:Core/Src/ble_app.c **** 		 * Bewusst ohne Druckmessung - der Wert stammt aus dem Backup. */
 200:Core/Src/ble_app.c **** 		long v = atol(cmd + 4);
 201:Core/Src/ble_app.c **** 		if (v >= 1 && v <= 1000000L)
ARM GAS  C:\Users\a_hae\AppData\Local\Temp\ccOS17hD.s 			page 53


 202:Core/Src/ble_app.c **** 		{
 203:Core/Src/ble_app.c **** 			EEPROM_values.max_val = (uint32_t)v;
 204:Core/Src/ble_app.c **** 			EEPROM_values.calib_available = 0x00;
 205:Core/Src/ble_app.c **** 			save_EEPROM(&EEPROM_values);
 206:Core/Src/ble_app.c **** 			snprintf(resp, sizeof(resp), "OK CAL %lu\n",
 207:Core/Src/ble_app.c **** 					 (unsigned long)EEPROM_values.max_val);
 208:Core/Src/ble_app.c **** 			BLE_SendString(resp);
 209:Core/Src/ble_app.c **** 		}
 210:Core/Src/ble_app.c **** 		else
 211:Core/Src/ble_app.c **** 		{
 212:Core/Src/ble_app.c **** 			BLE_SendString("ERR CAL\n");
 213:Core/Src/ble_app.c **** 		}
 214:Core/Src/ble_app.c **** 	}
 215:Core/Src/ble_app.c **** 	else if (strncasecmp(cmd, "CALRESET", 8) == 0)
 216:Core/Src/ble_app.c **** 	{
 217:Core/Src/ble_app.c **** 		EEPROM_values.calib_available = 0xFF;
 218:Core/Src/ble_app.c **** 		save_EEPROM(&EEPROM_values);
 219:Core/Src/ble_app.c **** 		EEPROM_values.max_val = std_press;
 220:Core/Src/ble_app.c **** 		BLE_SendString("OK CALRESET\n");
 221:Core/Src/ble_app.c **** 	}
 222:Core/Src/ble_app.c **** 	else if (strncasecmp(cmd, "FACTORYRESET", 12) == 0)
 223:Core/Src/ble_app.c **** 	{
 224:Core/Src/ble_app.c **** 		/* Kompletten Config loeschen und neu starten (Adresse 0x21,
 225:Core/Src/ble_app.c **** 		 * unkalibriert, kein Name). Der BLE-Modulname faellt beim naechsten
 226:Core/Src/ble_app.c **** 		 * Boot per Namensabgleich auf "LevelSense-<UID>" zurueck. */
 227:Core/Src/ble_app.c **** 		BLE_SendString("OK FACTORYRESET\n");
 228:Core/Src/ble_app.c **** 		HAL_Delay(100);
 229:Core/Src/ble_app.c **** 		config_factory_reset();
 230:Core/Src/ble_app.c **** 		__disable_irq();
 231:Core/Src/ble_app.c **** 		NVIC_SystemReset();
 232:Core/Src/ble_app.c **** 	}
 233:Core/Src/ble_app.c **** 	else if (strncasecmp(cmd, "DFU", 3) == 0)
 234:Core/Src/ble_app.c **** 	{
 235:Core/Src/ble_app.c **** 		/* Update-Modus anfordern: Magic ins reservierte RAM schreiben und neu
 236:Core/Src/ble_app.c **** 		 * starten. Der Bootloader erkennt es und geht in den Empfangsmodus. */
 237:Core/Src/ble_app.c **** 		BLE_SendString("OK DFU\n");
 238:Core/Src/ble_app.c **** 		HAL_Delay(100);
 239:Core/Src/ble_app.c **** 		*DFU_REQ_ADDR = DFU_REQ_MAGIC;
 240:Core/Src/ble_app.c **** 		__disable_irq();
 241:Core/Src/ble_app.c **** 		NVIC_SystemReset();
 242:Core/Src/ble_app.c **** 	}
 243:Core/Src/ble_app.c **** 	else if ((strncasecmp(cmd, "NAME", 4) == 0) && (cmd[4] == '\0'))
 244:Core/Src/ble_app.c **** 	{
 245:Core/Src/ble_app.c **** 		/* Abfrage: gespeicherten Sensornamen melden (NAME;<text>).
 246:Core/Src/ble_app.c **** 		 * Noetig, weil BLE-Modulname und Sensorname auseinanderlaufen
 247:Core/Src/ble_app.c **** 		 * koennen (Name per Group Function vom Plotter gesetzt). */
 248:Core/Src/ble_app.c **** 		snprintf(resp, sizeof(resp), "NAME;%s\n", sensor_name);
 249:Core/Src/ble_app.c **** 		BLE_SendString(resp);
 250:Core/Src/ble_app.c **** 	}
 251:Core/Src/ble_app.c **** 	else if (strncasecmp(cmd, "NAME ", 5) == 0)
 252:Core/Src/ble_app.c **** 	{
 253:Core/Src/ble_app.c **** 		const char *name = cmd + 5;
 254:Core/Src/ble_app.c **** 		if (*name != '\0')
 255:Core/Src/ble_app.c **** 		{
 256:Core/Src/ble_app.c **** 			if (strcmp(name, sensor_name) == 0)
 257:Core/Src/ble_app.c **** 			{
 258:Core/Src/ble_app.c **** 				/* unveraendert -> kein Flash-Schreibzugriff, kein
ARM GAS  C:\Users\a_hae\AppData\Local\Temp\ccOS17hD.s 			page 54


 259:Core/Src/ble_app.c **** 				 * Modul-Neustart (die Verbindung bleibt bestehen) */
 260:Core/Src/ble_app.c **** 				BLE_SendString("OK NAME\n");
 261:Core/Src/ble_app.c **** 			}
 262:Core/Src/ble_app.c **** 			else
 263:Core/Src/ble_app.c **** 			{
 264:Core/Src/ble_app.c **** 				char want[21];
 265:Core/Src/ble_app.c **** 				/* Name persistent speichern -> erscheint als Installation
 266:Core/Src/ble_app.c **** 				 * Description in PGN 126998 (Geraeteliste am Plotter). */
 267:Core/Src/ble_app.c **** 				set_name_eeprom(name);
 268:Core/Src/ble_app.c **** 				get_name_eeprom(sensor_name);
 269:Core/Src/ble_app.c **** 				dev_info++;		/* aktualisiertes 126998 auf dem NMEA-Bus
 270:Core/Src/ble_app.c **** 								 * verschicken (Symmetrie zum Setzen per
 271:Core/Src/ble_app.c **** 								 * Group Function: PC-Tool/Plotter sehen den
 272:Core/Src/ble_app.c **** 								 * neuen Namen sofort) */
 273:Core/Src/ble_app.c **** 				/* erst bestätigen, dann Modul umbenennen (Modul startet danach
 274:Core/Src/ble_app.c **** 				 * neu und trennt die Verbindung). Der Modulname folgt dem
 275:Core/Src/ble_app.c **** 				 * gespeicherten (ggf. auf 24 Zeichen gekuerzten) Sensornamen. */
 276:Core/Src/ble_app.c **** 				BLE_SendString("OK NAME\n");
 277:Core/Src/ble_app.c **** 				HAL_Delay(50);
 278:Core/Src/ble_app.c **** 				ble_desired_name(want);
 279:Core/Src/ble_app.c **** 				BLE_SetDeviceName(want);
 280:Core/Src/ble_app.c **** 			}
 281:Core/Src/ble_app.c **** 		}
 282:Core/Src/ble_app.c **** 		else
 283:Core/Src/ble_app.c **** 		{
 284:Core/Src/ble_app.c **** 			BLE_SendString("ERR NAME\n");
 285:Core/Src/ble_app.c **** 		}
 286:Core/Src/ble_app.c **** 	}
 287:Core/Src/ble_app.c **** 	else if (strncasecmp(cmd, "FLUID ", 6) == 0)
 288:Core/Src/ble_app.c **** 	{
 289:Core/Src/ble_app.c **** 		int v = atoi(cmd + 6);
 290:Core/Src/ble_app.c **** 		if (v >= 0 && v <= 15)
 291:Core/Src/ble_app.c **** 		{
 292:Core/Src/ble_app.c **** 			dev_info_par.fluidType = (uint8_t)v;
 293:Core/Src/ble_app.c **** 			set_param_eeprom(&dev_info_par, &device_param);
 294:Core/Src/ble_app.c **** 			snprintf(resp, sizeof(resp), "OK FLUID %d\n", v);
 295:Core/Src/ble_app.c **** 			BLE_SendString(resp);
 296:Core/Src/ble_app.c **** 		}
 297:Core/Src/ble_app.c **** 		else BLE_SendString("ERR FLUID\n");
 298:Core/Src/ble_app.c **** 	}
 299:Core/Src/ble_app.c **** 	else if (strncasecmp(cmd, "CAP ", 4) == 0)
 300:Core/Src/ble_app.c **** 	{
 301:Core/Src/ble_app.c **** 		int v = atoi(cmd + 4);
 302:Core/Src/ble_app.c **** 		if (v >= 1 && v <= 255)
 303:Core/Src/ble_app.c **** 		{
 304:Core/Src/ble_app.c **** 			dev_info_par.cap = (uint8_t)v;
 305:Core/Src/ble_app.c **** 			set_param_eeprom(&dev_info_par, &device_param);
 306:Core/Src/ble_app.c **** 			snprintf(resp, sizeof(resp), "OK CAP %d\n", v);
 307:Core/Src/ble_app.c **** 			BLE_SendString(resp);
 308:Core/Src/ble_app.c **** 		}
 309:Core/Src/ble_app.c **** 		else BLE_SendString("ERR CAP\n");
 310:Core/Src/ble_app.c **** 	}
 311:Core/Src/ble_app.c **** 	else if (strncasecmp(cmd, "INST ", 5) == 0)
 312:Core/Src/ble_app.c **** 	{
 313:Core/Src/ble_app.c **** 		int v = atoi(cmd + 5);
 314:Core/Src/ble_app.c **** 		if (v >= 0 && v <= 15)
 315:Core/Src/ble_app.c **** 		{
ARM GAS  C:\Users\a_hae\AppData\Local\Temp\ccOS17hD.s 			page 55


 316:Core/Src/ble_app.c **** 			dev_info_par.devInstance = (uint8_t)v;
 317:Core/Src/ble_app.c **** 			set_param_eeprom(&dev_info_par, &device_param);
 318:Core/Src/ble_app.c **** 			snprintf(resp, sizeof(resp), "OK INST %d\n", v);
 319:Core/Src/ble_app.c **** 			BLE_SendString(resp);
 320:Core/Src/ble_app.c **** 		}
 321:Core/Src/ble_app.c **** 		else BLE_SendString("ERR INST\n");
 322:Core/Src/ble_app.c **** 	}
 323:Core/Src/ble_app.c **** 	else
 324:Core/Src/ble_app.c **** 	{
 325:Core/Src/ble_app.c **** 		BLE_SendString("ERR ?\n");
 326:Core/Src/ble_app.c **** 	}
 327:Core/Src/ble_app.c **** }
 736              		.loc 1 327 1
 737 00a6 A2E2     		b	.L65
 738              	.L28:
 132:Core/Src/ble_app.c **** 	{
 739              		.loc 1 132 11
 740 00a8 C949     		ldr	r1, .L66+8
 741 00aa 5023     		movs	r3, #80
 742 00ac FB18     		adds	r3, r7, r3
 743 00ae 0322     		movs	r2, #3
 744 00b0 1800     		movs	r0, r3
 745 00b2 FFF7FEFF 		bl	strncasecmp
 746 00b6 031E     		subs	r3, r0, #0
 132:Core/Src/ble_app.c **** 	{
 747              		.loc 1 132 10 discriminator 1
 748 00b8 02D1     		bne	.L30
 134:Core/Src/ble_app.c **** 	}
 749              		.loc 1 134 3
 750 00ba FFF7FEFF 		bl	ble_send_status
 751              		.loc 1 327 1
 752 00be 96E2     		b	.L65
 753              	.L30:
 136:Core/Src/ble_app.c **** 	{
 754              		.loc 1 136 11
 755 00c0 C449     		ldr	r1, .L66+12
 756 00c2 5024     		movs	r4, #80
 757 00c4 3B19     		adds	r3, r7, r4
 758 00c6 0322     		movs	r2, #3
 759 00c8 1800     		movs	r0, r3
 760 00ca FFF7FEFF 		bl	strncasecmp
 761 00ce 031E     		subs	r3, r0, #0
 136:Core/Src/ble_app.c **** 	{
 762              		.loc 1 136 10 discriminator 1
 763 00d0 00D0     		beq	.LCB503
 764 00d2 77E0     		b	.L31	@long jump
 765              	.LCB503:
 138:Core/Src/ble_app.c **** 		{
 766              		.loc 1 138 10
 767 00d4 3B19     		adds	r3, r7, r4
 768 00d6 DB78     		ldrb	r3, [r3, #3]
 138:Core/Src/ble_app.c **** 		{
 769              		.loc 1 138 6
 770 00d8 002B     		cmp	r3, #0
 771 00da 02D1     		bne	.L32
 140:Core/Src/ble_app.c **** 		}
 772              		.loc 1 140 4
ARM GAS  C:\Users\a_hae\AppData\Local\Temp\ccOS17hD.s 			page 56


 773 00dc FFF7FEFF 		bl	ble_send_lin
 774              		.loc 1 327 1
 775 00e0 85E2     		b	.L65
 776              	.L32:
 142:Core/Src/ble_app.c **** 		{
 777              		.loc 1 142 15
 778 00e2 5022     		movs	r2, #80
 779 00e4 BB18     		adds	r3, r7, r2
 780 00e6 DB78     		ldrb	r3, [r3, #3]
 142:Core/Src/ble_app.c **** 		{
 781              		.loc 1 142 11
 782 00e8 202B     		cmp	r3, #32
 783 00ea 66D1     		bne	.L33
 784              	.LBB22:
 145:Core/Src/ble_app.c **** 			char *p = cmd + 4;
 785              		.loc 1 145 8
 786 00ec 0023     		movs	r3, #0
 787 00ee B821     		movs	r1, #184
 788 00f0 7918     		adds	r1, r7, r1
 789 00f2 0B60     		str	r3, [r1]
 146:Core/Src/ble_app.c **** 			while (cnt < 11 && *p)
 790              		.loc 1 146 10
 791 00f4 BB18     		adds	r3, r7, r2
 792 00f6 0433     		adds	r3, r3, #4
 793 00f8 B422     		movs	r2, #180
 794 00fa BA18     		adds	r2, r7, r2
 795 00fc 1360     		str	r3, [r2]
 147:Core/Src/ble_app.c **** 			{
 796              		.loc 1 147 10
 797 00fe 2DE0     		b	.L34
 798              	.L40:
 149:Core/Src/ble_app.c **** 				while (*p && *p != ',') p++;
 799              		.loc 1 149 27
 800 0100 B423     		movs	r3, #180
 801 0102 FB18     		adds	r3, r7, r3
 802 0104 1B68     		ldr	r3, [r3]
 803 0106 1800     		movs	r0, r3
 804 0108 FFF7FEFF 		bl	atoi
 805 010c 0100     		movs	r1, r0
 149:Core/Src/ble_app.c **** 				while (*p && *p != ',') p++;
 806              		.loc 1 149 12 discriminator 1
 807 010e B820     		movs	r0, #184
 808 0110 3B18     		adds	r3, r7, r0
 809 0112 1B68     		ldr	r3, [r3]
 810 0114 5A1C     		adds	r2, r3, #1
 811 0116 3818     		adds	r0, r7, r0
 812 0118 0260     		str	r2, [r0]
 149:Core/Src/ble_app.c **** 				while (*p && *p != ',') p++;
 813              		.loc 1 149 18 discriminator 1
 814 011a C9B2     		uxtb	r1, r1
 149:Core/Src/ble_app.c **** 				while (*p && *p != ',') p++;
 815              		.loc 1 149 16 discriminator 1
 816 011c 2422     		movs	r2, #36
 817 011e BA18     		adds	r2, r7, r2
 818 0120 D154     		strb	r1, [r2, r3]
 150:Core/Src/ble_app.c **** 				if (*p == ',') p++;
 819              		.loc 1 150 11
ARM GAS  C:\Users\a_hae\AppData\Local\Temp\ccOS17hD.s 			page 57


 820 0122 05E0     		b	.L35
 821              	.L37:
 150:Core/Src/ble_app.c **** 				if (*p == ',') p++;
 822              		.loc 1 150 30 discriminator 3
 823 0124 B422     		movs	r2, #180
 824 0126 BB18     		adds	r3, r7, r2
 825 0128 1B68     		ldr	r3, [r3]
 826 012a 0133     		adds	r3, r3, #1
 827 012c BA18     		adds	r2, r7, r2
 828 012e 1360     		str	r3, [r2]
 829              	.L35:
 150:Core/Src/ble_app.c **** 				if (*p == ',') p++;
 830              		.loc 1 150 12 discriminator 1
 831 0130 B422     		movs	r2, #180
 832 0132 BB18     		adds	r3, r7, r2
 833 0134 1B68     		ldr	r3, [r3]
 834 0136 1B78     		ldrb	r3, [r3]
 150:Core/Src/ble_app.c **** 				if (*p == ',') p++;
 835              		.loc 1 150 15 discriminator 1
 836 0138 002B     		cmp	r3, #0
 837 013a 04D0     		beq	.L36
 150:Core/Src/ble_app.c **** 				if (*p == ',') p++;
 838              		.loc 1 150 18 discriminator 2
 839 013c BB18     		adds	r3, r7, r2
 840 013e 1B68     		ldr	r3, [r3]
 841 0140 1B78     		ldrb	r3, [r3]
 150:Core/Src/ble_app.c **** 				if (*p == ',') p++;
 842              		.loc 1 150 15 discriminator 2
 843 0142 2C2B     		cmp	r3, #44
 844 0144 EED1     		bne	.L37
 845              	.L36:
 151:Core/Src/ble_app.c **** 			}
 846              		.loc 1 151 9
 847 0146 B422     		movs	r2, #180
 848 0148 BB18     		adds	r3, r7, r2
 849 014a 1B68     		ldr	r3, [r3]
 850 014c 1B78     		ldrb	r3, [r3]
 151:Core/Src/ble_app.c **** 			}
 851              		.loc 1 151 8
 852 014e 2C2B     		cmp	r3, #44
 853 0150 04D1     		bne	.L34
 151:Core/Src/ble_app.c **** 			}
 854              		.loc 1 151 21 discriminator 1
 855 0152 BB18     		adds	r3, r7, r2
 856 0154 1B68     		ldr	r3, [r3]
 857 0156 0133     		adds	r3, r3, #1
 858 0158 BA18     		adds	r2, r7, r2
 859 015a 1360     		str	r3, [r2]
 860              	.L34:
 147:Core/Src/ble_app.c **** 			{
 861              		.loc 1 147 20
 862 015c B823     		movs	r3, #184
 863 015e FB18     		adds	r3, r7, r3
 864 0160 1B68     		ldr	r3, [r3]
 865 0162 0A2B     		cmp	r3, #10
 866 0164 05DC     		bgt	.L39
 147:Core/Src/ble_app.c **** 			{
ARM GAS  C:\Users\a_hae\AppData\Local\Temp\ccOS17hD.s 			page 58


 867              		.loc 1 147 23 discriminator 1
 868 0166 B423     		movs	r3, #180
 869 0168 FB18     		adds	r3, r7, r3
 870 016a 1B68     		ldr	r3, [r3]
 871 016c 1B78     		ldrb	r3, [r3]
 147:Core/Src/ble_app.c **** 			{
 872              		.loc 1 147 20 discriminator 1
 873 016e 002B     		cmp	r3, #0
 874 0170 C6D1     		bne	.L40
 875              	.L39:
 153:Core/Src/ble_app.c **** 			{
 876              		.loc 1 153 7
 877 0172 B823     		movs	r3, #184
 878 0174 FB18     		adds	r3, r7, r3
 879 0176 1B68     		ldr	r3, [r3]
 880 0178 0B2B     		cmp	r3, #11
 881 017a 19D1     		bne	.L41
 153:Core/Src/ble_app.c **** 			{
 882              		.loc 1 153 21 discriminator 1
 883 017c 2424     		movs	r4, #36
 884 017e 3B19     		adds	r3, r7, r4
 885 0180 1800     		movs	r0, r3
 886 0182 FFF7FEFF 		bl	lin_table_valid
 887 0186 031E     		subs	r3, r0, #0
 153:Core/Src/ble_app.c **** 			{
 888              		.loc 1 153 18 discriminator 1
 889 0188 12D0     		beq	.L41
 155:Core/Src/ble_app.c **** 				set_param_eeprom(&dev_info_par, &device_param);
 890              		.loc 1 155 5
 891 018a 934B     		ldr	r3, .L66+16
 892 018c 0222     		movs	r2, #2
 893 018e 3919     		adds	r1, r7, r4
 894 0190 9B18     		adds	r3, r3, r2
 895 0192 0B22     		movs	r2, #11
 896 0194 1800     		movs	r0, r3
 897 0196 FFF7FEFF 		bl	memcpy
 156:Core/Src/ble_app.c **** 				BLE_SendString("OK LIN\n");
 898              		.loc 1 156 5
 899 019a 8F4A     		ldr	r2, .L66+16
 900 019c 8F4B     		ldr	r3, .L66+20
 901 019e 1100     		movs	r1, r2
 902 01a0 1800     		movs	r0, r3
 903 01a2 FFF7FEFF 		bl	set_param_eeprom
 157:Core/Src/ble_app.c **** 			}
 904              		.loc 1 157 5
 905 01a6 8E4B     		ldr	r3, .L66+24
 906 01a8 1800     		movs	r0, r3
 907 01aa FFF7FEFF 		bl	BLE_SendString
 908 01ae 1EE2     		b	.L29
 909              	.L41:
 161:Core/Src/ble_app.c **** 			}
 910              		.loc 1 161 5
 911 01b0 8C4B     		ldr	r3, .L66+28
 912 01b2 1800     		movs	r0, r3
 913 01b4 FFF7FEFF 		bl	BLE_SendString
 914              	.LBE22:
 915              		.loc 1 327 1
ARM GAS  C:\Users\a_hae\AppData\Local\Temp\ccOS17hD.s 			page 59


 916 01b8 19E2     		b	.L65
 917              	.L33:
 166:Core/Src/ble_app.c **** 		}
 918              		.loc 1 166 4
 919 01ba 8B4B     		ldr	r3, .L66+32
 920 01bc 1800     		movs	r0, r3
 921 01be FFF7FEFF 		bl	BLE_SendString
 922              		.loc 1 327 1
 923 01c2 14E2     		b	.L65
 924              	.L31:
 169:Core/Src/ble_app.c **** 	{
 925              		.loc 1 169 11
 926 01c4 8949     		ldr	r1, .L66+36
 927 01c6 5023     		movs	r3, #80
 928 01c8 FB18     		adds	r3, r7, r3
 929 01ca 0622     		movs	r2, #6
 930 01cc 1800     		movs	r0, r3
 931 01ce FFF7FEFF 		bl	strncasecmp
 932 01d2 031E     		subs	r3, r0, #0
 169:Core/Src/ble_app.c **** 	{
 933              		.loc 1 169 10 discriminator 1
 934 01d4 1ED1     		bne	.L43
 171:Core/Src/ble_app.c **** 		{
 935              		.loc 1 171 17
 936 01d6 864B     		ldr	r3, .L66+40
 937 01d8 1B68     		ldr	r3, [r3]
 171:Core/Src/ble_app.c **** 		{
 938              		.loc 1 171 6
 939 01da 632B     		cmp	r3, #99
 940 01dc 15DD     		ble	.L44
 173:Core/Src/ble_app.c **** 			EEPROM_values.calib_available = 0x00;
 941              		.loc 1 173 38
 942 01de 844B     		ldr	r3, .L66+40
 943 01e0 1B68     		ldr	r3, [r3]
 944 01e2 6421     		movs	r1, #100
 945 01e4 1800     		movs	r0, r3
 946 01e6 FFF7FEFF 		bl	__aeabi_idiv
 947 01ea 0300     		movs	r3, r0
 948 01ec 1A00     		movs	r2, r3
 173:Core/Src/ble_app.c **** 			EEPROM_values.calib_available = 0x00;
 949              		.loc 1 173 26
 950 01ee 814B     		ldr	r3, .L66+44
 951 01f0 5A60     		str	r2, [r3, #4]
 174:Core/Src/ble_app.c **** 			save_EEPROM(&EEPROM_values);
 952              		.loc 1 174 34
 953 01f2 804B     		ldr	r3, .L66+44
 954 01f4 0022     		movs	r2, #0
 955 01f6 1A70     		strb	r2, [r3]
 175:Core/Src/ble_app.c **** 			BLE_SendString("OK CAL100\n");
 956              		.loc 1 175 4
 957 01f8 7E4B     		ldr	r3, .L66+44
 958 01fa 1800     		movs	r0, r3
 959 01fc FFF7FEFF 		bl	save_EEPROM
 176:Core/Src/ble_app.c **** 		}
 960              		.loc 1 176 4
 961 0200 7D4B     		ldr	r3, .L66+48
 962 0202 1800     		movs	r0, r3
ARM GAS  C:\Users\a_hae\AppData\Local\Temp\ccOS17hD.s 			page 60


 963 0204 FFF7FEFF 		bl	BLE_SendString
 964              		.loc 1 327 1
 965 0208 F1E1     		b	.L65
 966              	.L44:
 180:Core/Src/ble_app.c **** 		}
 967              		.loc 1 180 4
 968 020a 7C4B     		ldr	r3, .L66+52
 969 020c 1800     		movs	r0, r3
 970 020e FFF7FEFF 		bl	BLE_SendString
 971              		.loc 1 327 1
 972 0212 ECE1     		b	.L65
 973              	.L43:
 183:Core/Src/ble_app.c **** 	{
 974              		.loc 1 183 12
 975 0214 7A49     		ldr	r1, .L66+56
 976 0216 5024     		movs	r4, #80
 977 0218 3B19     		adds	r3, r7, r4
 978 021a 0322     		movs	r2, #3
 979 021c 1800     		movs	r0, r3
 980 021e FFF7FEFF 		bl	strncasecmp
 981 0222 031E     		subs	r3, r0, #0
 183:Core/Src/ble_app.c **** 	{
 982              		.loc 1 183 10 discriminator 1
 983 0224 18D1     		bne	.L45
 183:Core/Src/ble_app.c **** 	{
 984              		.loc 1 183 52 discriminator 1
 985 0226 3B19     		adds	r3, r7, r4
 986 0228 DB78     		ldrb	r3, [r3, #3]
 183:Core/Src/ble_app.c **** 	{
 987              		.loc 1 183 45 discriminator 1
 988 022a 002B     		cmp	r3, #0
 989 022c 14D1     		bne	.L45
 192:Core/Src/ble_app.c **** 				 (unsigned long)EEPROM_values.max_val);
 990              		.loc 1 192 20
 991 022e 714B     		ldr	r3, .L66+44
 992 0230 1B78     		ldrb	r3, [r3]
 191:Core/Src/ble_app.c **** 				 (EEPROM_values.calib_available == 0x00) ? 1 : 0,
 993              		.loc 1 191 3
 994 0232 5A42     		rsbs	r2, r3, #0
 995 0234 5341     		adcs	r3, r3, r2
 996 0236 DBB2     		uxtb	r3, r3
 997 0238 1900     		movs	r1, r3
 193:Core/Src/ble_app.c **** 		BLE_SendString(resp);
 998              		.loc 1 193 34
 999 023a 6E4B     		ldr	r3, .L66+44
 1000 023c 5B68     		ldr	r3, [r3, #4]
 191:Core/Src/ble_app.c **** 				 (EEPROM_values.calib_available == 0x00) ? 1 : 0,
 1001              		.loc 1 191 3
 1002 023e 714A     		ldr	r2, .L66+60
 1003 0240 3024     		movs	r4, #48
 1004 0242 3819     		adds	r0, r7, r4
 1005 0244 0093     		str	r3, [sp]
 1006 0246 0B00     		movs	r3, r1
 1007 0248 2021     		movs	r1, #32
 1008 024a FFF7FEFF 		bl	snprintf
 194:Core/Src/ble_app.c **** 	}
 1009              		.loc 1 194 3
ARM GAS  C:\Users\a_hae\AppData\Local\Temp\ccOS17hD.s 			page 61


 1010 024e 3B19     		adds	r3, r7, r4
 1011 0250 1800     		movs	r0, r3
 1012 0252 FFF7FEFF 		bl	BLE_SendString
 1013 0256 CAE1     		b	.L29
 1014              	.L45:
 196:Core/Src/ble_app.c **** 	{
 1015              		.loc 1 196 11
 1016 0258 6B49     		ldr	r1, .L66+64
 1017 025a 5024     		movs	r4, #80
 1018 025c 3B19     		adds	r3, r7, r4
 1019 025e 0422     		movs	r2, #4
 1020 0260 1800     		movs	r0, r3
 1021 0262 FFF7FEFF 		bl	strncasecmp
 1022 0266 031E     		subs	r3, r0, #0
 196:Core/Src/ble_app.c **** 	{
 1023              		.loc 1 196 10 discriminator 1
 1024 0268 2ED1     		bne	.L46
 1025              	.LBB23:
 200:Core/Src/ble_app.c **** 		if (v >= 1 && v <= 1000000L)
 1026              		.loc 1 200 12
 1027 026a 3B19     		adds	r3, r7, r4
 1028 026c 0433     		adds	r3, r3, #4
 1029 026e 1800     		movs	r0, r3
 1030 0270 FFF7FEFF 		bl	atol
 1031 0274 0300     		movs	r3, r0
 1032 0276 A021     		movs	r1, #160
 1033 0278 7A18     		adds	r2, r7, r1
 1034 027a 1360     		str	r3, [r2]
 201:Core/Src/ble_app.c **** 		{
 1035              		.loc 1 201 6
 1036 027c 7B18     		adds	r3, r7, r1
 1037 027e 1B68     		ldr	r3, [r3]
 1038 0280 002B     		cmp	r3, #0
 1039 0282 1CDD     		ble	.L47
 201:Core/Src/ble_app.c **** 		{
 1040              		.loc 1 201 14 discriminator 1
 1041 0284 7B18     		adds	r3, r7, r1
 1042 0286 1B68     		ldr	r3, [r3]
 1043 0288 604A     		ldr	r2, .L66+68
 1044 028a 9342     		cmp	r3, r2
 1045 028c 17DC     		bgt	.L47
 203:Core/Src/ble_app.c **** 			EEPROM_values.calib_available = 0x00;
 1046              		.loc 1 203 28
 1047 028e 7B18     		adds	r3, r7, r1
 1048 0290 1A68     		ldr	r2, [r3]
 203:Core/Src/ble_app.c **** 			EEPROM_values.calib_available = 0x00;
 1049              		.loc 1 203 26
 1050 0292 584B     		ldr	r3, .L66+44
 1051 0294 5A60     		str	r2, [r3, #4]
 204:Core/Src/ble_app.c **** 			save_EEPROM(&EEPROM_values);
 1052              		.loc 1 204 34
 1053 0296 574B     		ldr	r3, .L66+44
 1054 0298 0022     		movs	r2, #0
 1055 029a 1A70     		strb	r2, [r3]
 205:Core/Src/ble_app.c **** 			snprintf(resp, sizeof(resp), "OK CAL %lu\n",
 1056              		.loc 1 205 4
 1057 029c 554B     		ldr	r3, .L66+44
ARM GAS  C:\Users\a_hae\AppData\Local\Temp\ccOS17hD.s 			page 62


 1058 029e 1800     		movs	r0, r3
 1059 02a0 FFF7FEFF 		bl	save_EEPROM
 207:Core/Src/ble_app.c **** 			BLE_SendString(resp);
 1060              		.loc 1 207 35
 1061 02a4 534B     		ldr	r3, .L66+44
 1062 02a6 5B68     		ldr	r3, [r3, #4]
 206:Core/Src/ble_app.c **** 					 (unsigned long)EEPROM_values.max_val);
 1063              		.loc 1 206 4
 1064 02a8 594A     		ldr	r2, .L66+72
 1065 02aa 3024     		movs	r4, #48
 1066 02ac 3819     		adds	r0, r7, r4
 1067 02ae 2021     		movs	r1, #32
 1068 02b0 FFF7FEFF 		bl	snprintf
 208:Core/Src/ble_app.c **** 		}
 1069              		.loc 1 208 4
 1070 02b4 3B19     		adds	r3, r7, r4
 1071 02b6 1800     		movs	r0, r3
 1072 02b8 FFF7FEFF 		bl	BLE_SendString
 1073 02bc 97E1     		b	.L29
 1074              	.L47:
 212:Core/Src/ble_app.c **** 		}
 1075              		.loc 1 212 4
 1076 02be 554B     		ldr	r3, .L66+76
 1077 02c0 1800     		movs	r0, r3
 1078 02c2 FFF7FEFF 		bl	BLE_SendString
 1079              	.LBE23:
 1080              		.loc 1 327 1
 1081 02c6 92E1     		b	.L65
 1082              	.L46:
 215:Core/Src/ble_app.c **** 	{
 1083              		.loc 1 215 11
 1084 02c8 5349     		ldr	r1, .L66+80
 1085 02ca 5023     		movs	r3, #80
 1086 02cc FB18     		adds	r3, r7, r3
 1087 02ce 0822     		movs	r2, #8
 1088 02d0 1800     		movs	r0, r3
 1089 02d2 FFF7FEFF 		bl	strncasecmp
 1090 02d6 031E     		subs	r3, r0, #0
 215:Core/Src/ble_app.c **** 	{
 1091              		.loc 1 215 10 discriminator 1
 1092 02d8 0ED1     		bne	.L49
 217:Core/Src/ble_app.c **** 		save_EEPROM(&EEPROM_values);
 1093              		.loc 1 217 33
 1094 02da 464B     		ldr	r3, .L66+44
 1095 02dc FF22     		movs	r2, #255
 1096 02de 1A70     		strb	r2, [r3]
 218:Core/Src/ble_app.c **** 		EEPROM_values.max_val = std_press;
 1097              		.loc 1 218 3
 1098 02e0 444B     		ldr	r3, .L66+44
 1099 02e2 1800     		movs	r0, r3
 1100 02e4 FFF7FEFF 		bl	save_EEPROM
 219:Core/Src/ble_app.c **** 		BLE_SendString("OK CALRESET\n");
 1101              		.loc 1 219 25
 1102 02e8 424B     		ldr	r3, .L66+44
 1103 02ea 6422     		movs	r2, #100
 1104 02ec 5A60     		str	r2, [r3, #4]
 220:Core/Src/ble_app.c **** 	}
ARM GAS  C:\Users\a_hae\AppData\Local\Temp\ccOS17hD.s 			page 63


 1105              		.loc 1 220 3
 1106 02ee 4B4B     		ldr	r3, .L66+84
 1107 02f0 1800     		movs	r0, r3
 1108 02f2 FFF7FEFF 		bl	BLE_SendString
 1109              		.loc 1 327 1
 1110 02f6 7AE1     		b	.L65
 1111              	.L49:
 222:Core/Src/ble_app.c **** 	{
 1112              		.loc 1 222 11
 1113 02f8 4949     		ldr	r1, .L66+88
 1114 02fa 5023     		movs	r3, #80
 1115 02fc FB18     		adds	r3, r7, r3
 1116 02fe 0C22     		movs	r2, #12
 1117 0300 1800     		movs	r0, r3
 1118 0302 FFF7FEFF 		bl	strncasecmp
 1119 0306 031E     		subs	r3, r0, #0
 222:Core/Src/ble_app.c **** 	{
 1120              		.loc 1 222 10 discriminator 1
 1121 0308 0CD1     		bne	.L50
 227:Core/Src/ble_app.c **** 		HAL_Delay(100);
 1122              		.loc 1 227 3
 1123 030a 464B     		ldr	r3, .L66+92
 1124 030c 1800     		movs	r0, r3
 1125 030e FFF7FEFF 		bl	BLE_SendString
 228:Core/Src/ble_app.c **** 		config_factory_reset();
 1126              		.loc 1 228 3
 1127 0312 6420     		movs	r0, #100
 1128 0314 FFF7FEFF 		bl	HAL_Delay
 229:Core/Src/ble_app.c **** 		__disable_irq();
 1129              		.loc 1 229 3
 1130 0318 FFF7FEFF 		bl	config_factory_reset
 1131              	.LBB24:
 1132              	.LBB25:
 209:Drivers/CMSIS/Include/cmsis_gcc.h **** }
 1133              		.loc 3 209 3
 1134              		.syntax divided
 1135              	@ 209 "Drivers/CMSIS/Include/cmsis_gcc.h" 1
 1136 031c 72B6     		cpsid i
 1137              	@ 0 "" 2
 210:Drivers/CMSIS/Include/cmsis_gcc.h **** 
 1138              		.loc 3 210 1
 1139              		.thumb
 1140              		.syntax unified
 1141 031e C046     		nop
 1142              	.LBE25:
 1143              	.LBE24:
 231:Core/Src/ble_app.c **** 	}
 1144              		.loc 1 231 3
 1145 0320 FFF7FEFF 		bl	__NVIC_SystemReset
 1146              	.L50:
 233:Core/Src/ble_app.c **** 	{
 1147              		.loc 1 233 11
 1148 0324 4049     		ldr	r1, .L66+96
 1149 0326 5023     		movs	r3, #80
 1150 0328 FB18     		adds	r3, r7, r3
 1151 032a 0322     		movs	r2, #3
 1152 032c 1800     		movs	r0, r3
ARM GAS  C:\Users\a_hae\AppData\Local\Temp\ccOS17hD.s 			page 64


 1153 032e FFF7FEFF 		bl	strncasecmp
 1154 0332 031E     		subs	r3, r0, #0
 233:Core/Src/ble_app.c **** 	{
 1155              		.loc 1 233 10 discriminator 1
 1156 0334 0DD1     		bne	.L51
 237:Core/Src/ble_app.c **** 		HAL_Delay(100);
 1157              		.loc 1 237 3
 1158 0336 3D4B     		ldr	r3, .L66+100
 1159 0338 1800     		movs	r0, r3
 1160 033a FFF7FEFF 		bl	BLE_SendString
 238:Core/Src/ble_app.c **** 		*DFU_REQ_ADDR = DFU_REQ_MAGIC;
 1161              		.loc 1 238 3
 1162 033e 6420     		movs	r0, #100
 1163 0340 FFF7FEFF 		bl	HAL_Delay
 239:Core/Src/ble_app.c **** 		__disable_irq();
 1164              		.loc 1 239 3
 1165 0344 3A4B     		ldr	r3, .L66+104
 239:Core/Src/ble_app.c **** 		__disable_irq();
 1166              		.loc 1 239 17
 1167 0346 3B4A     		ldr	r2, .L66+108
 1168 0348 1A60     		str	r2, [r3]
 1169              	.LBB26:
 1170              	.LBB27:
 209:Drivers/CMSIS/Include/cmsis_gcc.h **** }
 1171              		.loc 3 209 3
 1172              		.syntax divided
 1173              	@ 209 "Drivers/CMSIS/Include/cmsis_gcc.h" 1
 1174 034a 72B6     		cpsid i
 1175              	@ 0 "" 2
 210:Drivers/CMSIS/Include/cmsis_gcc.h **** 
 1176              		.loc 3 210 1
 1177              		.thumb
 1178              		.syntax unified
 1179 034c C046     		nop
 1180              	.LBE27:
 1181              	.LBE26:
 241:Core/Src/ble_app.c **** 	}
 1182              		.loc 1 241 3
 1183 034e FFF7FEFF 		bl	__NVIC_SystemReset
 1184              	.L51:
 243:Core/Src/ble_app.c **** 	{
 1185              		.loc 1 243 12
 1186 0352 3949     		ldr	r1, .L66+112
 1187 0354 5024     		movs	r4, #80
 1188 0356 3B19     		adds	r3, r7, r4
 1189 0358 0422     		movs	r2, #4
 1190 035a 1800     		movs	r0, r3
 1191 035c FFF7FEFF 		bl	strncasecmp
 1192 0360 031E     		subs	r3, r0, #0
 243:Core/Src/ble_app.c **** 	{
 1193              		.loc 1 243 10 discriminator 1
 1194 0362 0FD1     		bne	.L52
 243:Core/Src/ble_app.c **** 	{
 1195              		.loc 1 243 53 discriminator 1
 1196 0364 3B19     		adds	r3, r7, r4
 1197 0366 1B79     		ldrb	r3, [r3, #4]
 243:Core/Src/ble_app.c **** 	{
ARM GAS  C:\Users\a_hae\AppData\Local\Temp\ccOS17hD.s 			page 65


 1198              		.loc 1 243 46 discriminator 1
 1199 0368 002B     		cmp	r3, #0
 1200 036a 0BD1     		bne	.L52
 248:Core/Src/ble_app.c **** 		BLE_SendString(resp);
 1201              		.loc 1 248 3
 1202 036c 334B     		ldr	r3, .L66+116
 1203 036e 344A     		ldr	r2, .L66+120
 1204 0370 3024     		movs	r4, #48
 1205 0372 3819     		adds	r0, r7, r4
 1206 0374 2021     		movs	r1, #32
 1207 0376 FFF7FEFF 		bl	snprintf
 249:Core/Src/ble_app.c **** 	}
 1208              		.loc 1 249 3
 1209 037a 3B19     		adds	r3, r7, r4
 1210 037c 1800     		movs	r0, r3
 1211 037e FFF7FEFF 		bl	BLE_SendString
 1212 0382 34E1     		b	.L29
 1213              	.L52:
 251:Core/Src/ble_app.c **** 	{
 1214              		.loc 1 251 11
 1215 0384 2F49     		ldr	r1, .L66+124
 1216 0386 5024     		movs	r4, #80
 1217 0388 3B19     		adds	r3, r7, r4
 1218 038a 0522     		movs	r2, #5
 1219 038c 1800     		movs	r0, r3
 1220 038e FFF7FEFF 		bl	strncasecmp
 1221 0392 031E     		subs	r3, r0, #0
 251:Core/Src/ble_app.c **** 	{
 1222              		.loc 1 251 10 discriminator 1
 1223 0394 00D0     		beq	.LCB906
 1224 0396 80E0     		b	.L53	@long jump
 1225              	.LCB906:
 1226              	.LBB28:
 253:Core/Src/ble_app.c **** 		if (*name != '\0')
 1227              		.loc 1 253 15
 1228 0398 3B19     		adds	r3, r7, r4
 1229 039a 0533     		adds	r3, r3, #5
 1230 039c A421     		movs	r1, #164
 1231 039e 7A18     		adds	r2, r7, r1
 1232 03a0 1360     		str	r3, [r2]
 254:Core/Src/ble_app.c **** 		{
 1233              		.loc 1 254 7
 1234 03a2 7B18     		adds	r3, r7, r1
 1235 03a4 1B68     		ldr	r3, [r3]
 1236 03a6 1B78     		ldrb	r3, [r3]
 254:Core/Src/ble_app.c **** 		{
 1237              		.loc 1 254 6
 1238 03a8 002B     		cmp	r3, #0
 1239 03aa 71D0     		beq	.L54
 256:Core/Src/ble_app.c **** 			{
 1240              		.loc 1 256 8
 1241 03ac 234A     		ldr	r2, .L66+116
 1242 03ae 7B18     		adds	r3, r7, r1
 1243 03b0 1B68     		ldr	r3, [r3]
 1244 03b2 1100     		movs	r1, r2
 1245 03b4 1800     		movs	r0, r3
 1246 03b6 FFF7FEFF 		bl	strcmp
ARM GAS  C:\Users\a_hae\AppData\Local\Temp\ccOS17hD.s 			page 66


 1247 03ba 031E     		subs	r3, r0, #0
 256:Core/Src/ble_app.c **** 			{
 1248              		.loc 1 256 7 discriminator 1
 1249 03bc 46D1     		bne	.L55
 260:Core/Src/ble_app.c **** 			}
 1250              		.loc 1 260 5
 1251 03be 224B     		ldr	r3, .L66+128
 1252 03c0 1800     		movs	r0, r3
 1253 03c2 FFF7FEFF 		bl	BLE_SendString
 1254              	.LBE28:
 1255              		.loc 1 327 1
 1256 03c6 12E1     		b	.L65
 1257              	.L67:
 1258              		.align	2
 1259              	.L66:
 1260 03c8 84000000 		.word	.LC27
 1261 03cc 88000000 		.word	.LC29
 1262 03d0 98000000 		.word	.LC31
 1263 03d4 9C000000 		.word	.LC33
 1264 03d8 00000000 		.word	device_param
 1265 03dc 00000000 		.word	dev_info_par
 1266 03e0 A0000000 		.word	.LC37
 1267 03e4 A8000000 		.word	.LC39
 1268 03e8 B4000000 		.word	.LC41
 1269 03ec BC000000 		.word	.LC43
 1270 03f0 00000000 		.word	raw_press
 1271 03f4 00000000 		.word	EEPROM_values
 1272 03f8 C4000000 		.word	.LC47
 1273 03fc D0000000 		.word	.LC49
 1274 0400 E4000000 		.word	.LC51
 1275 0404 E8000000 		.word	.LC53
 1276 0408 F4000000 		.word	.LC55
 1277 040c 40420F00 		.word	1000000
 1278 0410 FC000000 		.word	.LC57
 1279 0414 08010000 		.word	.LC59
 1280 0418 14010000 		.word	.LC61
 1281 041c 20010000 		.word	.LC63
 1282 0420 30010000 		.word	.LC65
 1283 0424 40010000 		.word	.LC67
 1284 0428 54010000 		.word	.LC69
 1285 042c 58010000 		.word	.LC71
 1286 0430 E03F0220 		.word	537018336
 1287 0434 07B000DF 		.word	-553603065
 1288 0438 60010000 		.word	.LC73
 1289 043c 00000000 		.word	sensor_name
 1290 0440 68010000 		.word	.LC76
 1291 0444 74010000 		.word	.LC78
 1292 0448 7C010000 		.word	.LC80
 1293              	.L55:
 1294              	.LBB30:
 1295              	.LBB29:
 267:Core/Src/ble_app.c **** 				get_name_eeprom(sensor_name);
 1296              		.loc 1 267 5
 1297 044c A423     		movs	r3, #164
 1298 044e FB18     		adds	r3, r7, r3
 1299 0450 1B68     		ldr	r3, [r3]
 1300 0452 1800     		movs	r0, r3
ARM GAS  C:\Users\a_hae\AppData\Local\Temp\ccOS17hD.s 			page 67


 1301 0454 FFF7FEFF 		bl	set_name_eeprom
 268:Core/Src/ble_app.c **** 				dev_info++;		/* aktualisiertes 126998 auf dem NMEA-Bus
 1302              		.loc 1 268 5
 1303 0458 674B     		ldr	r3, .L68
 1304 045a 1800     		movs	r0, r3
 1305 045c FFF7FEFF 		bl	get_name_eeprom
 269:Core/Src/ble_app.c **** 								 * verschicken (Symmetrie zum Setzen per
 1306              		.loc 1 269 13
 1307 0460 664B     		ldr	r3, .L68+4
 1308 0462 1B78     		ldrb	r3, [r3]
 1309 0464 DBB2     		uxtb	r3, r3
 1310 0466 0133     		adds	r3, r3, #1
 1311 0468 DAB2     		uxtb	r2, r3
 1312 046a 644B     		ldr	r3, .L68+4
 1313 046c 1A70     		strb	r2, [r3]
 276:Core/Src/ble_app.c **** 				HAL_Delay(50);
 1314              		.loc 1 276 5
 1315 046e 644B     		ldr	r3, .L68+8
 1316 0470 1800     		movs	r0, r3
 1317 0472 FFF7FEFF 		bl	BLE_SendString
 277:Core/Src/ble_app.c **** 				ble_desired_name(want);
 1318              		.loc 1 277 5
 1319 0476 3220     		movs	r0, #50
 1320 0478 FFF7FEFF 		bl	HAL_Delay
 278:Core/Src/ble_app.c **** 				BLE_SetDeviceName(want);
 1321              		.loc 1 278 5
 1322 047c 0C24     		movs	r4, #12
 1323 047e 3B19     		adds	r3, r7, r4
 1324 0480 1800     		movs	r0, r3
 1325 0482 FFF7FEFF 		bl	ble_desired_name
 279:Core/Src/ble_app.c **** 			}
 1326              		.loc 1 279 5
 1327 0486 3B19     		adds	r3, r7, r4
 1328 0488 1800     		movs	r0, r3
 1329 048a FFF7FEFF 		bl	BLE_SetDeviceName
 1330              	.LBE29:
 1331              	.LBE30:
 1332              		.loc 1 327 1
 1333 048e AEE0     		b	.L65
 1334              	.L54:
 1335              	.LBB31:
 284:Core/Src/ble_app.c **** 		}
 1336              		.loc 1 284 4
 1337 0490 5C4B     		ldr	r3, .L68+12
 1338 0492 1800     		movs	r0, r3
 1339 0494 FFF7FEFF 		bl	BLE_SendString
 1340              	.LBE31:
 1341              		.loc 1 327 1
 1342 0498 A9E0     		b	.L65
 1343              	.L53:
 287:Core/Src/ble_app.c **** 	{
 1344              		.loc 1 287 11
 1345 049a 5B49     		ldr	r1, .L68+16
 1346 049c 5024     		movs	r4, #80
 1347 049e 3B19     		adds	r3, r7, r4
 1348 04a0 0622     		movs	r2, #6
 1349 04a2 1800     		movs	r0, r3
ARM GAS  C:\Users\a_hae\AppData\Local\Temp\ccOS17hD.s 			page 68


 1350 04a4 FFF7FEFF 		bl	strncasecmp
 1351 04a8 031E     		subs	r3, r0, #0
 287:Core/Src/ble_app.c **** 	{
 1352              		.loc 1 287 10 discriminator 1
 1353 04aa 2DD1     		bne	.L56
 1354              	.LBB32:
 289:Core/Src/ble_app.c **** 		if (v >= 0 && v <= 15)
 1355              		.loc 1 289 11
 1356 04ac 3B19     		adds	r3, r7, r4
 1357 04ae 0633     		adds	r3, r3, #6
 1358 04b0 1800     		movs	r0, r3
 1359 04b2 FFF7FEFF 		bl	atoi
 1360 04b6 0300     		movs	r3, r0
 1361 04b8 A824     		movs	r4, #168
 1362 04ba 3A19     		adds	r2, r7, r4
 1363 04bc 1360     		str	r3, [r2]
 290:Core/Src/ble_app.c **** 		{
 1364              		.loc 1 290 6
 1365 04be 3B19     		adds	r3, r7, r4
 1366 04c0 1B68     		ldr	r3, [r3]
 1367 04c2 002B     		cmp	r3, #0
 1368 04c4 1BDB     		blt	.L57
 290:Core/Src/ble_app.c **** 		{
 1369              		.loc 1 290 14 discriminator 1
 1370 04c6 3B19     		adds	r3, r7, r4
 1371 04c8 1B68     		ldr	r3, [r3]
 1372 04ca 0F2B     		cmp	r3, #15
 1373 04cc 17DC     		bgt	.L57
 292:Core/Src/ble_app.c **** 			set_param_eeprom(&dev_info_par, &device_param);
 1374              		.loc 1 292 29
 1375 04ce 3B19     		adds	r3, r7, r4
 1376 04d0 1B68     		ldr	r3, [r3]
 1377 04d2 DAB2     		uxtb	r2, r3
 292:Core/Src/ble_app.c **** 			set_param_eeprom(&dev_info_par, &device_param);
 1378              		.loc 1 292 27
 1379 04d4 4D4B     		ldr	r3, .L68+20
 1380 04d6 1A73     		strb	r2, [r3, #12]
 293:Core/Src/ble_app.c **** 			snprintf(resp, sizeof(resp), "OK FLUID %d\n", v);
 1381              		.loc 1 293 4
 1382 04d8 4D4A     		ldr	r2, .L68+24
 1383 04da 4C4B     		ldr	r3, .L68+20
 1384 04dc 1100     		movs	r1, r2
 1385 04de 1800     		movs	r0, r3
 1386 04e0 FFF7FEFF 		bl	set_param_eeprom
 294:Core/Src/ble_app.c **** 			BLE_SendString(resp);
 1387              		.loc 1 294 4
 1388 04e4 3B19     		adds	r3, r7, r4
 1389 04e6 1B68     		ldr	r3, [r3]
 1390 04e8 4A4A     		ldr	r2, .L68+28
 1391 04ea 3024     		movs	r4, #48
 1392 04ec 3819     		adds	r0, r7, r4
 1393 04ee 2021     		movs	r1, #32
 1394 04f0 FFF7FEFF 		bl	snprintf
 295:Core/Src/ble_app.c **** 		}
 1395              		.loc 1 295 4
 1396 04f4 3B19     		adds	r3, r7, r4
 1397 04f6 1800     		movs	r0, r3
ARM GAS  C:\Users\a_hae\AppData\Local\Temp\ccOS17hD.s 			page 69


 1398 04f8 FFF7FEFF 		bl	BLE_SendString
 1399 04fc 77E0     		b	.L29
 1400              	.L57:
 297:Core/Src/ble_app.c **** 	}
 1401              		.loc 1 297 8
 1402 04fe 464B     		ldr	r3, .L68+32
 1403 0500 1800     		movs	r0, r3
 1404 0502 FFF7FEFF 		bl	BLE_SendString
 1405              	.LBE32:
 1406              		.loc 1 327 1
 1407 0506 72E0     		b	.L65
 1408              	.L56:
 299:Core/Src/ble_app.c **** 	{
 1409              		.loc 1 299 11
 1410 0508 4449     		ldr	r1, .L68+36
 1411 050a 5024     		movs	r4, #80
 1412 050c 3B19     		adds	r3, r7, r4
 1413 050e 0422     		movs	r2, #4
 1414 0510 1800     		movs	r0, r3
 1415 0512 FFF7FEFF 		bl	strncasecmp
 1416 0516 031E     		subs	r3, r0, #0
 299:Core/Src/ble_app.c **** 	{
 1417              		.loc 1 299 10 discriminator 1
 1418 0518 2DD1     		bne	.L59
 1419              	.LBB33:
 301:Core/Src/ble_app.c **** 		if (v >= 1 && v <= 255)
 1420              		.loc 1 301 11
 1421 051a 3B19     		adds	r3, r7, r4
 1422 051c 0433     		adds	r3, r3, #4
 1423 051e 1800     		movs	r0, r3
 1424 0520 FFF7FEFF 		bl	atoi
 1425 0524 0300     		movs	r3, r0
 1426 0526 AC24     		movs	r4, #172
 1427 0528 3A19     		adds	r2, r7, r4
 1428 052a 1360     		str	r3, [r2]
 302:Core/Src/ble_app.c **** 		{
 1429              		.loc 1 302 6
 1430 052c 3B19     		adds	r3, r7, r4
 1431 052e 1B68     		ldr	r3, [r3]
 1432 0530 002B     		cmp	r3, #0
 1433 0532 1BDD     		ble	.L60
 302:Core/Src/ble_app.c **** 		{
 1434              		.loc 1 302 14 discriminator 1
 1435 0534 3B19     		adds	r3, r7, r4
 1436 0536 1B68     		ldr	r3, [r3]
 1437 0538 FF2B     		cmp	r3, #255
 1438 053a 17DC     		bgt	.L60
 304:Core/Src/ble_app.c **** 			set_param_eeprom(&dev_info_par, &device_param);
 1439              		.loc 1 304 23
 1440 053c 3B19     		adds	r3, r7, r4
 1441 053e 1B68     		ldr	r3, [r3]
 1442 0540 DAB2     		uxtb	r2, r3
 304:Core/Src/ble_app.c **** 			set_param_eeprom(&dev_info_par, &device_param);
 1443              		.loc 1 304 21
 1444 0542 324B     		ldr	r3, .L68+20
 1445 0544 5A73     		strb	r2, [r3, #13]
 305:Core/Src/ble_app.c **** 			snprintf(resp, sizeof(resp), "OK CAP %d\n", v);
ARM GAS  C:\Users\a_hae\AppData\Local\Temp\ccOS17hD.s 			page 70


 1446              		.loc 1 305 4
 1447 0546 324A     		ldr	r2, .L68+24
 1448 0548 304B     		ldr	r3, .L68+20
 1449 054a 1100     		movs	r1, r2
 1450 054c 1800     		movs	r0, r3
 1451 054e FFF7FEFF 		bl	set_param_eeprom
 306:Core/Src/ble_app.c **** 			BLE_SendString(resp);
 1452              		.loc 1 306 4
 1453 0552 3B19     		adds	r3, r7, r4
 1454 0554 1B68     		ldr	r3, [r3]
 1455 0556 324A     		ldr	r2, .L68+40
 1456 0558 3024     		movs	r4, #48
 1457 055a 3819     		adds	r0, r7, r4
 1458 055c 2021     		movs	r1, #32
 1459 055e FFF7FEFF 		bl	snprintf
 307:Core/Src/ble_app.c **** 		}
 1460              		.loc 1 307 4
 1461 0562 3B19     		adds	r3, r7, r4
 1462 0564 1800     		movs	r0, r3
 1463 0566 FFF7FEFF 		bl	BLE_SendString
 1464 056a 40E0     		b	.L29
 1465              	.L60:
 309:Core/Src/ble_app.c **** 	}
 1466              		.loc 1 309 8
 1467 056c 2D4B     		ldr	r3, .L68+44
 1468 056e 1800     		movs	r0, r3
 1469 0570 FFF7FEFF 		bl	BLE_SendString
 1470              	.LBE33:
 1471              		.loc 1 327 1
 1472 0574 3BE0     		b	.L65
 1473              	.L59:
 311:Core/Src/ble_app.c **** 	{
 1474              		.loc 1 311 11
 1475 0576 2C49     		ldr	r1, .L68+48
 1476 0578 5024     		movs	r4, #80
 1477 057a 3B19     		adds	r3, r7, r4
 1478 057c 0522     		movs	r2, #5
 1479 057e 1800     		movs	r0, r3
 1480 0580 FFF7FEFF 		bl	strncasecmp
 1481 0584 031E     		subs	r3, r0, #0
 311:Core/Src/ble_app.c **** 	{
 1482              		.loc 1 311 10 discriminator 1
 1483 0586 2DD1     		bne	.L62
 1484              	.LBB34:
 313:Core/Src/ble_app.c **** 		if (v >= 0 && v <= 15)
 1485              		.loc 1 313 11
 1486 0588 3B19     		adds	r3, r7, r4
 1487 058a 0533     		adds	r3, r3, #5
 1488 058c 1800     		movs	r0, r3
 1489 058e FFF7FEFF 		bl	atoi
 1490 0592 0300     		movs	r3, r0
 1491 0594 B024     		movs	r4, #176
 1492 0596 3A19     		adds	r2, r7, r4
 1493 0598 1360     		str	r3, [r2]
 314:Core/Src/ble_app.c **** 		{
 1494              		.loc 1 314 6
 1495 059a 3B19     		adds	r3, r7, r4
ARM GAS  C:\Users\a_hae\AppData\Local\Temp\ccOS17hD.s 			page 71


 1496 059c 1B68     		ldr	r3, [r3]
 1497 059e 002B     		cmp	r3, #0
 1498 05a0 1BDB     		blt	.L63
 314:Core/Src/ble_app.c **** 		{
 1499              		.loc 1 314 14 discriminator 1
 1500 05a2 3B19     		adds	r3, r7, r4
 1501 05a4 1B68     		ldr	r3, [r3]
 1502 05a6 0F2B     		cmp	r3, #15
 1503 05a8 17DC     		bgt	.L63
 316:Core/Src/ble_app.c **** 			set_param_eeprom(&dev_info_par, &device_param);
 1504              		.loc 1 316 31
 1505 05aa 3B19     		adds	r3, r7, r4
 1506 05ac 1B68     		ldr	r3, [r3]
 1507 05ae DAB2     		uxtb	r2, r3
 316:Core/Src/ble_app.c **** 			set_param_eeprom(&dev_info_par, &device_param);
 1508              		.loc 1 316 29
 1509 05b0 164B     		ldr	r3, .L68+20
 1510 05b2 1A72     		strb	r2, [r3, #8]
 317:Core/Src/ble_app.c **** 			snprintf(resp, sizeof(resp), "OK INST %d\n", v);
 1511              		.loc 1 317 4
 1512 05b4 164A     		ldr	r2, .L68+24
 1513 05b6 154B     		ldr	r3, .L68+20
 1514 05b8 1100     		movs	r1, r2
 1515 05ba 1800     		movs	r0, r3
 1516 05bc FFF7FEFF 		bl	set_param_eeprom
 318:Core/Src/ble_app.c **** 			BLE_SendString(resp);
 1517              		.loc 1 318 4
 1518 05c0 3B19     		adds	r3, r7, r4
 1519 05c2 1B68     		ldr	r3, [r3]
 1520 05c4 194A     		ldr	r2, .L68+52
 1521 05c6 3024     		movs	r4, #48
 1522 05c8 3819     		adds	r0, r7, r4
 1523 05ca 2021     		movs	r1, #32
 1524 05cc FFF7FEFF 		bl	snprintf
 319:Core/Src/ble_app.c **** 		}
 1525              		.loc 1 319 4
 1526 05d0 3B19     		adds	r3, r7, r4
 1527 05d2 1800     		movs	r0, r3
 1528 05d4 FFF7FEFF 		bl	BLE_SendString
 1529 05d8 09E0     		b	.L29
 1530              	.L63:
 321:Core/Src/ble_app.c **** 	}
 1531              		.loc 1 321 8
 1532 05da 154B     		ldr	r3, .L68+56
 1533 05dc 1800     		movs	r0, r3
 1534 05de FFF7FEFF 		bl	BLE_SendString
 1535              	.LBE34:
 1536              		.loc 1 327 1
 1537 05e2 04E0     		b	.L65
 1538              	.L62:
 325:Core/Src/ble_app.c **** 	}
 1539              		.loc 1 325 3
 1540 05e4 134B     		ldr	r3, .L68+60
 1541 05e6 1800     		movs	r0, r3
 1542 05e8 FFF7FEFF 		bl	BLE_SendString
 1543              		.loc 1 327 1
 1544 05ec FFE7     		b	.L65
ARM GAS  C:\Users\a_hae\AppData\Local\Temp\ccOS17hD.s 			page 72


 1545              	.L29:
 1546              	.L65:
 1547 05ee C046     		nop
 1548 05f0 BD46     		mov	sp, r7
 1549 05f2 30B0     		add	sp, sp, #192
 1550              		@ sp needed
 1551 05f4 B0BD     		pop	{r4, r5, r7, pc}
 1552              	.L69:
 1553 05f6 C046     		.align	2
 1554              	.L68:
 1555 05f8 00000000 		.word	sensor_name
 1556 05fc 00000000 		.word	dev_info
 1557 0600 7C010000 		.word	.LC80
 1558 0604 88010000 		.word	.LC83
 1559 0608 94010000 		.word	.LC85
 1560 060c 00000000 		.word	dev_info_par
 1561 0610 00000000 		.word	device_param
 1562 0614 9C010000 		.word	.LC87
 1563 0618 AC010000 		.word	.LC89
 1564 061c B8010000 		.word	.LC91
 1565 0620 C0010000 		.word	.LC93
 1566 0624 CC010000 		.word	.LC95
 1567 0628 D8010000 		.word	.LC97
 1568 062c E0010000 		.word	.LC99
 1569 0630 EC010000 		.word	.LC101
 1570 0634 B4000000 		.word	.LC41
 1571              		.cfi_endproc
 1572              	.LFE369:
 1574              		.text
 1575              	.Letext0:
 1576              		.file 4 "C:\\ST\\STM32CubeIDE_2.2.0\\STM32CubeIDE\\plugins\\com.st.stm32cube.ide.mcu.externaltools
 1577              		.file 5 "C:\\ST\\STM32CubeIDE_2.2.0\\STM32CubeIDE\\plugins\\com.st.stm32cube.ide.mcu.externaltools
 1578              		.file 6 "Core/Inc/nmea2000.h"
 1579              		.file 7 "Core/Inc/app_types.h"
 1580              		.file 8 "Core/Inc/app_config.h"
 1581              		.file 9 "Core/Inc/ble.h"
 1582              		.file 10 "C:\\ST\\STM32CubeIDE_2.2.0\\STM32CubeIDE\\plugins\\com.st.stm32cube.ide.mcu.externaltool
 1583              		.file 11 "Drivers/STM32G0xx_HAL_Driver/Inc/stm32g0xx_hal.h"
 1584              		.file 12 "C:\\ST\\STM32CubeIDE_2.2.0\\STM32CubeIDE\\plugins\\com.st.stm32cube.ide.mcu.externaltool
 1585              		.file 13 "C:\\ST\\STM32CubeIDE_2.2.0\\STM32CubeIDE\\plugins\\com.st.stm32cube.ide.mcu.externaltool
 1586              		.file 14 "C:\\ST\\STM32CubeIDE_2.2.0\\STM32CubeIDE\\plugins\\com.st.stm32cube.ide.mcu.externaltool
 1587              		.file 15 "Drivers/STM32G0xx_HAL_Driver/Inc/stm32g0xx_ll_dma.h"
 1588              		.file 16 "Core/Inc/config_store.h"
ARM GAS  C:\Users\a_hae\AppData\Local\Temp\ccOS17hD.s 			page 73


DEFINED SYMBOLS
                            *ABS*:00000000 ble_app.c
C:\Users\a_hae\AppData\Local\Temp\ccOS17hD.s:19     .text.__NVIC_SystemReset:00000000 $t
C:\Users\a_hae\AppData\Local\Temp\ccOS17hD.s:24     .text.__NVIC_SystemReset:00000000 __NVIC_SystemReset
C:\Users\a_hae\AppData\Local\Temp\ccOS17hD.s:83     .text.__NVIC_SystemReset:0000001c $d
C:\Users\a_hae\AppData\Local\Temp\ccOS17hD.s:89     .rodata.CHANNEL_OFFSET_TAB:00000000 $d
C:\Users\a_hae\AppData\Local\Temp\ccOS17hD.s:92     .rodata.CHANNEL_OFFSET_TAB:00000000 CHANNEL_OFFSET_TAB
C:\Users\a_hae\AppData\Local\Temp\ccOS17hD.s:95     .rodata:00000000 $d
C:\Users\a_hae\AppData\Local\Temp\ccOS17hD.s:99     .text.ble_desired_name:00000000 $t
C:\Users\a_hae\AppData\Local\Temp\ccOS17hD.s:105    .text.ble_desired_name:00000000 ble_desired_name
C:\Users\a_hae\AppData\Local\Temp\ccOS17hD.s:162    .text.ble_desired_name:0000003c $d
C:\Users\a_hae\AppData\Local\Temp\ccOS17hD.s:183    .text.ble_send_status:00000000 $t
C:\Users\a_hae\AppData\Local\Temp\ccOS17hD.s:189    .text.ble_send_status:00000000 ble_send_status
C:\Users\a_hae\AppData\Local\Temp\ccOS17hD.s:358    .text.ble_send_status:00000100 $d
C:\Users\a_hae\AppData\Local\Temp\ccOS17hD.s:385    .text.ble_send_lin:00000000 $t
C:\Users\a_hae\AppData\Local\Temp\ccOS17hD.s:390    .text.ble_send_lin:00000000 ble_send_lin
C:\Users\a_hae\AppData\Local\Temp\ccOS17hD.s:494    .text.ble_send_lin:00000080 $d
C:\Users\a_hae\AppData\Local\Temp\ccOS17hD.s:609    .text.ble_handle_command:00000000 $t
C:\Users\a_hae\AppData\Local\Temp\ccOS17hD.s:615    .text.ble_handle_command:00000000 ble_handle_command
C:\Users\a_hae\AppData\Local\Temp\ccOS17hD.s:1260   .text.ble_handle_command:000003c8 $d
C:\Users\a_hae\AppData\Local\Temp\ccOS17hD.s:1297   .text.ble_handle_command:0000044c $t
C:\Users\a_hae\AppData\Local\Temp\ccOS17hD.s:1555   .text.ble_handle_command:000005f8 $d

UNDEFINED SYMBOLS
strncpy
snprintf
sensor_name
dev_info_par
__aeabi_uidiv
__aeabi_uidivmod
__aeabi_idiv
__aeabi_idivmod
BLE_SendString
percent_val
sensor_data_rx
EEPROM_values
error_mode
hw_id_str
device_param
memcpy
strncasecmp
atoi
lin_table_valid
set_param_eeprom
save_EEPROM
atol
HAL_Delay
config_factory_reset
strcmp
raw_press
set_name_eeprom
get_name_eeprom
BLE_SetDeviceName
dev_info
