ARM GAS  C:\Users\a_hae\AppData\Local\Temp\ccY5vqR6.s 			page 1


   1              		.cpu cortex-m0plus
   2              		.arch armv6s-m
   3              		.fpu softvfp
   4              		.eabi_attribute 20, 1
   5              		.eabi_attribute 21, 1
   6              		.eabi_attribute 23, 3
   7              		.eabi_attribute 24, 1
   8              		.eabi_attribute 25, 1
   9              		.eabi_attribute 26, 1
  10              		.eabi_attribute 30, 6
  11              		.eabi_attribute 34, 0
  12              		.eabi_attribute 18, 4
  13              		.file	"nmea_app.c"
  14              		.text
  15              	.Ltext0:
  16              		.cfi_sections	.debug_frame
  17              		.file 1 "Core/Src/nmea_app.c"
  18              		.section	.text.__NVIC_SystemReset,"ax",%progbits
  19              		.align	1
  20              		.syntax unified
  21              		.code	16
  22              		.thumb_func
  24              	__NVIC_SystemReset:
  25              	.LFB39:
  26              		.file 2 "Drivers/CMSIS/Include/core_cm0plus.h"
   1:Drivers/CMSIS/Include/core_cm0plus.h **** /**************************************************************************//**
   2:Drivers/CMSIS/Include/core_cm0plus.h ****  * @file     core_cm0plus.h
   3:Drivers/CMSIS/Include/core_cm0plus.h ****  * @brief    CMSIS Cortex-M0+ Core Peripheral Access Layer Header File
   4:Drivers/CMSIS/Include/core_cm0plus.h ****  * @version  V5.0.7
   5:Drivers/CMSIS/Include/core_cm0plus.h ****  * @date     13. March 2019
   6:Drivers/CMSIS/Include/core_cm0plus.h ****  ******************************************************************************/
   7:Drivers/CMSIS/Include/core_cm0plus.h **** /*
   8:Drivers/CMSIS/Include/core_cm0plus.h ****  * Copyright (c) 2009-2019 Arm Limited. All rights reserved.
   9:Drivers/CMSIS/Include/core_cm0plus.h ****  *
  10:Drivers/CMSIS/Include/core_cm0plus.h ****  * SPDX-License-Identifier: Apache-2.0
  11:Drivers/CMSIS/Include/core_cm0plus.h ****  *
  12:Drivers/CMSIS/Include/core_cm0plus.h ****  * Licensed under the Apache License, Version 2.0 (the License); you may
  13:Drivers/CMSIS/Include/core_cm0plus.h ****  * not use this file except in compliance with the License.
  14:Drivers/CMSIS/Include/core_cm0plus.h ****  * You may obtain a copy of the License at
  15:Drivers/CMSIS/Include/core_cm0plus.h ****  *
  16:Drivers/CMSIS/Include/core_cm0plus.h ****  * www.apache.org/licenses/LICENSE-2.0
  17:Drivers/CMSIS/Include/core_cm0plus.h ****  *
  18:Drivers/CMSIS/Include/core_cm0plus.h ****  * Unless required by applicable law or agreed to in writing, software
  19:Drivers/CMSIS/Include/core_cm0plus.h ****  * distributed under the License is distributed on an AS IS BASIS, WITHOUT
  20:Drivers/CMSIS/Include/core_cm0plus.h ****  * WARRANTIES OR CONDITIONS OF ANY KIND, either express or implied.
  21:Drivers/CMSIS/Include/core_cm0plus.h ****  * See the License for the specific language governing permissions and
  22:Drivers/CMSIS/Include/core_cm0plus.h ****  * limitations under the License.
  23:Drivers/CMSIS/Include/core_cm0plus.h ****  */
  24:Drivers/CMSIS/Include/core_cm0plus.h **** 
  25:Drivers/CMSIS/Include/core_cm0plus.h **** #if   defined ( __ICCARM__ )
  26:Drivers/CMSIS/Include/core_cm0plus.h ****   #pragma system_include         /* treat file as system include file for MISRA check */
  27:Drivers/CMSIS/Include/core_cm0plus.h **** #elif defined (__clang__)
  28:Drivers/CMSIS/Include/core_cm0plus.h ****   #pragma clang system_header   /* treat file as system include file */
  29:Drivers/CMSIS/Include/core_cm0plus.h **** #endif
  30:Drivers/CMSIS/Include/core_cm0plus.h **** 
  31:Drivers/CMSIS/Include/core_cm0plus.h **** #ifndef __CORE_CM0PLUS_H_GENERIC
  32:Drivers/CMSIS/Include/core_cm0plus.h **** #define __CORE_CM0PLUS_H_GENERIC
ARM GAS  C:\Users\a_hae\AppData\Local\Temp\ccY5vqR6.s 			page 2


  33:Drivers/CMSIS/Include/core_cm0plus.h **** 
  34:Drivers/CMSIS/Include/core_cm0plus.h **** #include <stdint.h>
  35:Drivers/CMSIS/Include/core_cm0plus.h **** 
  36:Drivers/CMSIS/Include/core_cm0plus.h **** #ifdef __cplusplus
  37:Drivers/CMSIS/Include/core_cm0plus.h ****  extern "C" {
  38:Drivers/CMSIS/Include/core_cm0plus.h **** #endif
  39:Drivers/CMSIS/Include/core_cm0plus.h **** 
  40:Drivers/CMSIS/Include/core_cm0plus.h **** /**
  41:Drivers/CMSIS/Include/core_cm0plus.h ****   \page CMSIS_MISRA_Exceptions  MISRA-C:2004 Compliance Exceptions
  42:Drivers/CMSIS/Include/core_cm0plus.h ****   CMSIS violates the following MISRA-C:2004 rules:
  43:Drivers/CMSIS/Include/core_cm0plus.h **** 
  44:Drivers/CMSIS/Include/core_cm0plus.h ****    \li Required Rule 8.5, object/function definition in header file.<br>
  45:Drivers/CMSIS/Include/core_cm0plus.h ****      Function definitions in header files are used to allow 'inlining'.
  46:Drivers/CMSIS/Include/core_cm0plus.h **** 
  47:Drivers/CMSIS/Include/core_cm0plus.h ****    \li Required Rule 18.4, declaration of union type or object of union type: '{...}'.<br>
  48:Drivers/CMSIS/Include/core_cm0plus.h ****      Unions are used for effective representation of core registers.
  49:Drivers/CMSIS/Include/core_cm0plus.h **** 
  50:Drivers/CMSIS/Include/core_cm0plus.h ****    \li Advisory Rule 19.7, Function-like macro defined.<br>
  51:Drivers/CMSIS/Include/core_cm0plus.h ****      Function-like macros are used to allow more efficient code.
  52:Drivers/CMSIS/Include/core_cm0plus.h ****  */
  53:Drivers/CMSIS/Include/core_cm0plus.h **** 
  54:Drivers/CMSIS/Include/core_cm0plus.h **** 
  55:Drivers/CMSIS/Include/core_cm0plus.h **** /*******************************************************************************
  56:Drivers/CMSIS/Include/core_cm0plus.h ****  *                 CMSIS definitions
  57:Drivers/CMSIS/Include/core_cm0plus.h ****  ******************************************************************************/
  58:Drivers/CMSIS/Include/core_cm0plus.h **** /**
  59:Drivers/CMSIS/Include/core_cm0plus.h ****   \ingroup Cortex-M0+
  60:Drivers/CMSIS/Include/core_cm0plus.h ****   @{
  61:Drivers/CMSIS/Include/core_cm0plus.h ****  */
  62:Drivers/CMSIS/Include/core_cm0plus.h **** 
  63:Drivers/CMSIS/Include/core_cm0plus.h **** #include "cmsis_version.h"
  64:Drivers/CMSIS/Include/core_cm0plus.h ****  
  65:Drivers/CMSIS/Include/core_cm0plus.h **** /*  CMSIS CM0+ definitions */
  66:Drivers/CMSIS/Include/core_cm0plus.h **** #define __CM0PLUS_CMSIS_VERSION_MAIN (__CM_CMSIS_VERSION_MAIN)                  /*!< \deprecated [3
  67:Drivers/CMSIS/Include/core_cm0plus.h **** #define __CM0PLUS_CMSIS_VERSION_SUB  (__CM_CMSIS_VERSION_SUB)                   /*!< \deprecated [1
  68:Drivers/CMSIS/Include/core_cm0plus.h **** #define __CM0PLUS_CMSIS_VERSION      ((__CM0PLUS_CMSIS_VERSION_MAIN << 16U) | \
  69:Drivers/CMSIS/Include/core_cm0plus.h ****                                        __CM0PLUS_CMSIS_VERSION_SUB           )  /*!< \deprecated CM
  70:Drivers/CMSIS/Include/core_cm0plus.h **** 
  71:Drivers/CMSIS/Include/core_cm0plus.h **** #define __CORTEX_M                   (0U)                                       /*!< Cortex-M Core 
  72:Drivers/CMSIS/Include/core_cm0plus.h **** 
  73:Drivers/CMSIS/Include/core_cm0plus.h **** /** __FPU_USED indicates whether an FPU is used or not.
  74:Drivers/CMSIS/Include/core_cm0plus.h ****     This core does not support an FPU at all
  75:Drivers/CMSIS/Include/core_cm0plus.h **** */
  76:Drivers/CMSIS/Include/core_cm0plus.h **** #define __FPU_USED       0U
  77:Drivers/CMSIS/Include/core_cm0plus.h **** 
  78:Drivers/CMSIS/Include/core_cm0plus.h **** #if defined ( __CC_ARM )
  79:Drivers/CMSIS/Include/core_cm0plus.h ****   #if defined __TARGET_FPU_VFP
  80:Drivers/CMSIS/Include/core_cm0plus.h ****     #error "Compiler generates FPU instructions for a device without an FPU (check __FPU_PRESENT)"
  81:Drivers/CMSIS/Include/core_cm0plus.h ****   #endif
  82:Drivers/CMSIS/Include/core_cm0plus.h **** 
  83:Drivers/CMSIS/Include/core_cm0plus.h **** #elif defined (__ARMCC_VERSION) && (__ARMCC_VERSION >= 6010050)
  84:Drivers/CMSIS/Include/core_cm0plus.h ****   #if defined __ARM_FP
  85:Drivers/CMSIS/Include/core_cm0plus.h ****     #error "Compiler generates FPU instructions for a device without an FPU (check __FPU_PRESENT)"
  86:Drivers/CMSIS/Include/core_cm0plus.h ****   #endif
  87:Drivers/CMSIS/Include/core_cm0plus.h **** 
  88:Drivers/CMSIS/Include/core_cm0plus.h **** #elif defined ( __GNUC__ )
  89:Drivers/CMSIS/Include/core_cm0plus.h ****   #if defined (__VFP_FP__) && !defined(__SOFTFP__)
ARM GAS  C:\Users\a_hae\AppData\Local\Temp\ccY5vqR6.s 			page 3


  90:Drivers/CMSIS/Include/core_cm0plus.h ****     #error "Compiler generates FPU instructions for a device without an FPU (check __FPU_PRESENT)"
  91:Drivers/CMSIS/Include/core_cm0plus.h ****   #endif
  92:Drivers/CMSIS/Include/core_cm0plus.h **** 
  93:Drivers/CMSIS/Include/core_cm0plus.h **** #elif defined ( __ICCARM__ )
  94:Drivers/CMSIS/Include/core_cm0plus.h ****   #if defined __ARMVFP__
  95:Drivers/CMSIS/Include/core_cm0plus.h ****     #error "Compiler generates FPU instructions for a device without an FPU (check __FPU_PRESENT)"
  96:Drivers/CMSIS/Include/core_cm0plus.h ****   #endif
  97:Drivers/CMSIS/Include/core_cm0plus.h **** 
  98:Drivers/CMSIS/Include/core_cm0plus.h **** #elif defined ( __TI_ARM__ )
  99:Drivers/CMSIS/Include/core_cm0plus.h ****   #if defined __TI_VFP_SUPPORT__
 100:Drivers/CMSIS/Include/core_cm0plus.h ****     #error "Compiler generates FPU instructions for a device without an FPU (check __FPU_PRESENT)"
 101:Drivers/CMSIS/Include/core_cm0plus.h ****   #endif
 102:Drivers/CMSIS/Include/core_cm0plus.h **** 
 103:Drivers/CMSIS/Include/core_cm0plus.h **** #elif defined ( __TASKING__ )
 104:Drivers/CMSIS/Include/core_cm0plus.h ****   #if defined __FPU_VFP__
 105:Drivers/CMSIS/Include/core_cm0plus.h ****     #error "Compiler generates FPU instructions for a device without an FPU (check __FPU_PRESENT)"
 106:Drivers/CMSIS/Include/core_cm0plus.h ****   #endif
 107:Drivers/CMSIS/Include/core_cm0plus.h **** 
 108:Drivers/CMSIS/Include/core_cm0plus.h **** #elif defined ( __CSMC__ )
 109:Drivers/CMSIS/Include/core_cm0plus.h ****   #if ( __CSMC__ & 0x400U)
 110:Drivers/CMSIS/Include/core_cm0plus.h ****     #error "Compiler generates FPU instructions for a device without an FPU (check __FPU_PRESENT)"
 111:Drivers/CMSIS/Include/core_cm0plus.h ****   #endif
 112:Drivers/CMSIS/Include/core_cm0plus.h **** 
 113:Drivers/CMSIS/Include/core_cm0plus.h **** #endif
 114:Drivers/CMSIS/Include/core_cm0plus.h **** 
 115:Drivers/CMSIS/Include/core_cm0plus.h **** #include "cmsis_compiler.h"               /* CMSIS compiler specific defines */
 116:Drivers/CMSIS/Include/core_cm0plus.h **** 
 117:Drivers/CMSIS/Include/core_cm0plus.h **** 
 118:Drivers/CMSIS/Include/core_cm0plus.h **** #ifdef __cplusplus
 119:Drivers/CMSIS/Include/core_cm0plus.h **** }
 120:Drivers/CMSIS/Include/core_cm0plus.h **** #endif
 121:Drivers/CMSIS/Include/core_cm0plus.h **** 
 122:Drivers/CMSIS/Include/core_cm0plus.h **** #endif /* __CORE_CM0PLUS_H_GENERIC */
 123:Drivers/CMSIS/Include/core_cm0plus.h **** 
 124:Drivers/CMSIS/Include/core_cm0plus.h **** #ifndef __CMSIS_GENERIC
 125:Drivers/CMSIS/Include/core_cm0plus.h **** 
 126:Drivers/CMSIS/Include/core_cm0plus.h **** #ifndef __CORE_CM0PLUS_H_DEPENDANT
 127:Drivers/CMSIS/Include/core_cm0plus.h **** #define __CORE_CM0PLUS_H_DEPENDANT
 128:Drivers/CMSIS/Include/core_cm0plus.h **** 
 129:Drivers/CMSIS/Include/core_cm0plus.h **** #ifdef __cplusplus
 130:Drivers/CMSIS/Include/core_cm0plus.h ****  extern "C" {
 131:Drivers/CMSIS/Include/core_cm0plus.h **** #endif
 132:Drivers/CMSIS/Include/core_cm0plus.h **** 
 133:Drivers/CMSIS/Include/core_cm0plus.h **** /* check device defines and use defaults */
 134:Drivers/CMSIS/Include/core_cm0plus.h **** #if defined __CHECK_DEVICE_DEFINES
 135:Drivers/CMSIS/Include/core_cm0plus.h ****   #ifndef __CM0PLUS_REV
 136:Drivers/CMSIS/Include/core_cm0plus.h ****     #define __CM0PLUS_REV             0x0000U
 137:Drivers/CMSIS/Include/core_cm0plus.h ****     #warning "__CM0PLUS_REV not defined in device header file; using default!"
 138:Drivers/CMSIS/Include/core_cm0plus.h ****   #endif
 139:Drivers/CMSIS/Include/core_cm0plus.h **** 
 140:Drivers/CMSIS/Include/core_cm0plus.h ****   #ifndef __MPU_PRESENT
 141:Drivers/CMSIS/Include/core_cm0plus.h ****     #define __MPU_PRESENT             0U
 142:Drivers/CMSIS/Include/core_cm0plus.h ****     #warning "__MPU_PRESENT not defined in device header file; using default!"
 143:Drivers/CMSIS/Include/core_cm0plus.h ****   #endif
 144:Drivers/CMSIS/Include/core_cm0plus.h **** 
 145:Drivers/CMSIS/Include/core_cm0plus.h ****   #ifndef __VTOR_PRESENT
 146:Drivers/CMSIS/Include/core_cm0plus.h ****     #define __VTOR_PRESENT            0U
ARM GAS  C:\Users\a_hae\AppData\Local\Temp\ccY5vqR6.s 			page 4


 147:Drivers/CMSIS/Include/core_cm0plus.h ****     #warning "__VTOR_PRESENT not defined in device header file; using default!"
 148:Drivers/CMSIS/Include/core_cm0plus.h ****   #endif
 149:Drivers/CMSIS/Include/core_cm0plus.h **** 
 150:Drivers/CMSIS/Include/core_cm0plus.h ****   #ifndef __NVIC_PRIO_BITS
 151:Drivers/CMSIS/Include/core_cm0plus.h ****     #define __NVIC_PRIO_BITS          2U
 152:Drivers/CMSIS/Include/core_cm0plus.h ****     #warning "__NVIC_PRIO_BITS not defined in device header file; using default!"
 153:Drivers/CMSIS/Include/core_cm0plus.h ****   #endif
 154:Drivers/CMSIS/Include/core_cm0plus.h **** 
 155:Drivers/CMSIS/Include/core_cm0plus.h ****   #ifndef __Vendor_SysTickConfig
 156:Drivers/CMSIS/Include/core_cm0plus.h ****     #define __Vendor_SysTickConfig    0U
 157:Drivers/CMSIS/Include/core_cm0plus.h ****     #warning "__Vendor_SysTickConfig not defined in device header file; using default!"
 158:Drivers/CMSIS/Include/core_cm0plus.h ****   #endif
 159:Drivers/CMSIS/Include/core_cm0plus.h **** #endif
 160:Drivers/CMSIS/Include/core_cm0plus.h **** 
 161:Drivers/CMSIS/Include/core_cm0plus.h **** /* IO definitions (access restrictions to peripheral registers) */
 162:Drivers/CMSIS/Include/core_cm0plus.h **** /**
 163:Drivers/CMSIS/Include/core_cm0plus.h ****     \defgroup CMSIS_glob_defs CMSIS Global Defines
 164:Drivers/CMSIS/Include/core_cm0plus.h **** 
 165:Drivers/CMSIS/Include/core_cm0plus.h ****     <strong>IO Type Qualifiers</strong> are used
 166:Drivers/CMSIS/Include/core_cm0plus.h ****     \li to specify the access to peripheral variables.
 167:Drivers/CMSIS/Include/core_cm0plus.h ****     \li for automatic generation of peripheral register debug information.
 168:Drivers/CMSIS/Include/core_cm0plus.h **** */
 169:Drivers/CMSIS/Include/core_cm0plus.h **** #ifdef __cplusplus
 170:Drivers/CMSIS/Include/core_cm0plus.h ****   #define   __I     volatile             /*!< Defines 'read only' permissions */
 171:Drivers/CMSIS/Include/core_cm0plus.h **** #else
 172:Drivers/CMSIS/Include/core_cm0plus.h ****   #define   __I     volatile const       /*!< Defines 'read only' permissions */
 173:Drivers/CMSIS/Include/core_cm0plus.h **** #endif
 174:Drivers/CMSIS/Include/core_cm0plus.h **** #define     __O     volatile             /*!< Defines 'write only' permissions */
 175:Drivers/CMSIS/Include/core_cm0plus.h **** #define     __IO    volatile             /*!< Defines 'read / write' permissions */
 176:Drivers/CMSIS/Include/core_cm0plus.h **** 
 177:Drivers/CMSIS/Include/core_cm0plus.h **** /* following defines should be used for structure members */
 178:Drivers/CMSIS/Include/core_cm0plus.h **** #define     __IM     volatile const      /*! Defines 'read only' structure member permissions */
 179:Drivers/CMSIS/Include/core_cm0plus.h **** #define     __OM     volatile            /*! Defines 'write only' structure member permissions */
 180:Drivers/CMSIS/Include/core_cm0plus.h **** #define     __IOM    volatile            /*! Defines 'read / write' structure member permissions */
 181:Drivers/CMSIS/Include/core_cm0plus.h **** 
 182:Drivers/CMSIS/Include/core_cm0plus.h **** /*@} end of group Cortex-M0+ */
 183:Drivers/CMSIS/Include/core_cm0plus.h **** 
 184:Drivers/CMSIS/Include/core_cm0plus.h **** 
 185:Drivers/CMSIS/Include/core_cm0plus.h **** 
 186:Drivers/CMSIS/Include/core_cm0plus.h **** /*******************************************************************************
 187:Drivers/CMSIS/Include/core_cm0plus.h ****  *                 Register Abstraction
 188:Drivers/CMSIS/Include/core_cm0plus.h ****   Core Register contain:
 189:Drivers/CMSIS/Include/core_cm0plus.h ****   - Core Register
 190:Drivers/CMSIS/Include/core_cm0plus.h ****   - Core NVIC Register
 191:Drivers/CMSIS/Include/core_cm0plus.h ****   - Core SCB Register
 192:Drivers/CMSIS/Include/core_cm0plus.h ****   - Core SysTick Register
 193:Drivers/CMSIS/Include/core_cm0plus.h ****   - Core MPU Register
 194:Drivers/CMSIS/Include/core_cm0plus.h ****  ******************************************************************************/
 195:Drivers/CMSIS/Include/core_cm0plus.h **** /**
 196:Drivers/CMSIS/Include/core_cm0plus.h ****   \defgroup CMSIS_core_register Defines and Type Definitions
 197:Drivers/CMSIS/Include/core_cm0plus.h ****   \brief Type definitions and defines for Cortex-M processor based devices.
 198:Drivers/CMSIS/Include/core_cm0plus.h **** */
 199:Drivers/CMSIS/Include/core_cm0plus.h **** 
 200:Drivers/CMSIS/Include/core_cm0plus.h **** /**
 201:Drivers/CMSIS/Include/core_cm0plus.h ****   \ingroup    CMSIS_core_register
 202:Drivers/CMSIS/Include/core_cm0plus.h ****   \defgroup   CMSIS_CORE  Status and Control Registers
 203:Drivers/CMSIS/Include/core_cm0plus.h ****   \brief      Core Register type definitions.
ARM GAS  C:\Users\a_hae\AppData\Local\Temp\ccY5vqR6.s 			page 5


 204:Drivers/CMSIS/Include/core_cm0plus.h ****   @{
 205:Drivers/CMSIS/Include/core_cm0plus.h ****  */
 206:Drivers/CMSIS/Include/core_cm0plus.h **** 
 207:Drivers/CMSIS/Include/core_cm0plus.h **** /**
 208:Drivers/CMSIS/Include/core_cm0plus.h ****   \brief  Union type to access the Application Program Status Register (APSR).
 209:Drivers/CMSIS/Include/core_cm0plus.h ****  */
 210:Drivers/CMSIS/Include/core_cm0plus.h **** typedef union
 211:Drivers/CMSIS/Include/core_cm0plus.h **** {
 212:Drivers/CMSIS/Include/core_cm0plus.h ****   struct
 213:Drivers/CMSIS/Include/core_cm0plus.h ****   {
 214:Drivers/CMSIS/Include/core_cm0plus.h ****     uint32_t _reserved0:28;              /*!< bit:  0..27  Reserved */
 215:Drivers/CMSIS/Include/core_cm0plus.h ****     uint32_t V:1;                        /*!< bit:     28  Overflow condition code flag */
 216:Drivers/CMSIS/Include/core_cm0plus.h ****     uint32_t C:1;                        /*!< bit:     29  Carry condition code flag */
 217:Drivers/CMSIS/Include/core_cm0plus.h ****     uint32_t Z:1;                        /*!< bit:     30  Zero condition code flag */
 218:Drivers/CMSIS/Include/core_cm0plus.h ****     uint32_t N:1;                        /*!< bit:     31  Negative condition code flag */
 219:Drivers/CMSIS/Include/core_cm0plus.h ****   } b;                                   /*!< Structure used for bit  access */
 220:Drivers/CMSIS/Include/core_cm0plus.h ****   uint32_t w;                            /*!< Type      used for word access */
 221:Drivers/CMSIS/Include/core_cm0plus.h **** } APSR_Type;
 222:Drivers/CMSIS/Include/core_cm0plus.h **** 
 223:Drivers/CMSIS/Include/core_cm0plus.h **** /* APSR Register Definitions */
 224:Drivers/CMSIS/Include/core_cm0plus.h **** #define APSR_N_Pos                         31U                                            /*!< APSR
 225:Drivers/CMSIS/Include/core_cm0plus.h **** #define APSR_N_Msk                         (1UL << APSR_N_Pos)                            /*!< APSR
 226:Drivers/CMSIS/Include/core_cm0plus.h **** 
 227:Drivers/CMSIS/Include/core_cm0plus.h **** #define APSR_Z_Pos                         30U                                            /*!< APSR
 228:Drivers/CMSIS/Include/core_cm0plus.h **** #define APSR_Z_Msk                         (1UL << APSR_Z_Pos)                            /*!< APSR
 229:Drivers/CMSIS/Include/core_cm0plus.h **** 
 230:Drivers/CMSIS/Include/core_cm0plus.h **** #define APSR_C_Pos                         29U                                            /*!< APSR
 231:Drivers/CMSIS/Include/core_cm0plus.h **** #define APSR_C_Msk                         (1UL << APSR_C_Pos)                            /*!< APSR
 232:Drivers/CMSIS/Include/core_cm0plus.h **** 
 233:Drivers/CMSIS/Include/core_cm0plus.h **** #define APSR_V_Pos                         28U                                            /*!< APSR
 234:Drivers/CMSIS/Include/core_cm0plus.h **** #define APSR_V_Msk                         (1UL << APSR_V_Pos)                            /*!< APSR
 235:Drivers/CMSIS/Include/core_cm0plus.h **** 
 236:Drivers/CMSIS/Include/core_cm0plus.h **** 
 237:Drivers/CMSIS/Include/core_cm0plus.h **** /**
 238:Drivers/CMSIS/Include/core_cm0plus.h ****   \brief  Union type to access the Interrupt Program Status Register (IPSR).
 239:Drivers/CMSIS/Include/core_cm0plus.h ****  */
 240:Drivers/CMSIS/Include/core_cm0plus.h **** typedef union
 241:Drivers/CMSIS/Include/core_cm0plus.h **** {
 242:Drivers/CMSIS/Include/core_cm0plus.h ****   struct
 243:Drivers/CMSIS/Include/core_cm0plus.h ****   {
 244:Drivers/CMSIS/Include/core_cm0plus.h ****     uint32_t ISR:9;                      /*!< bit:  0.. 8  Exception number */
 245:Drivers/CMSIS/Include/core_cm0plus.h ****     uint32_t _reserved0:23;              /*!< bit:  9..31  Reserved */
 246:Drivers/CMSIS/Include/core_cm0plus.h ****   } b;                                   /*!< Structure used for bit  access */
 247:Drivers/CMSIS/Include/core_cm0plus.h ****   uint32_t w;                            /*!< Type      used for word access */
 248:Drivers/CMSIS/Include/core_cm0plus.h **** } IPSR_Type;
 249:Drivers/CMSIS/Include/core_cm0plus.h **** 
 250:Drivers/CMSIS/Include/core_cm0plus.h **** /* IPSR Register Definitions */
 251:Drivers/CMSIS/Include/core_cm0plus.h **** #define IPSR_ISR_Pos                        0U                                            /*!< IPSR
 252:Drivers/CMSIS/Include/core_cm0plus.h **** #define IPSR_ISR_Msk                       (0x1FFUL /*<< IPSR_ISR_Pos*/)                  /*!< IPSR
 253:Drivers/CMSIS/Include/core_cm0plus.h **** 
 254:Drivers/CMSIS/Include/core_cm0plus.h **** 
 255:Drivers/CMSIS/Include/core_cm0plus.h **** /**
 256:Drivers/CMSIS/Include/core_cm0plus.h ****   \brief  Union type to access the Special-Purpose Program Status Registers (xPSR).
 257:Drivers/CMSIS/Include/core_cm0plus.h ****  */
 258:Drivers/CMSIS/Include/core_cm0plus.h **** typedef union
 259:Drivers/CMSIS/Include/core_cm0plus.h **** {
 260:Drivers/CMSIS/Include/core_cm0plus.h ****   struct
ARM GAS  C:\Users\a_hae\AppData\Local\Temp\ccY5vqR6.s 			page 6


 261:Drivers/CMSIS/Include/core_cm0plus.h ****   {
 262:Drivers/CMSIS/Include/core_cm0plus.h ****     uint32_t ISR:9;                      /*!< bit:  0.. 8  Exception number */
 263:Drivers/CMSIS/Include/core_cm0plus.h ****     uint32_t _reserved0:15;              /*!< bit:  9..23  Reserved */
 264:Drivers/CMSIS/Include/core_cm0plus.h ****     uint32_t T:1;                        /*!< bit:     24  Thumb bit        (read 0) */
 265:Drivers/CMSIS/Include/core_cm0plus.h ****     uint32_t _reserved1:3;               /*!< bit: 25..27  Reserved */
 266:Drivers/CMSIS/Include/core_cm0plus.h ****     uint32_t V:1;                        /*!< bit:     28  Overflow condition code flag */
 267:Drivers/CMSIS/Include/core_cm0plus.h ****     uint32_t C:1;                        /*!< bit:     29  Carry condition code flag */
 268:Drivers/CMSIS/Include/core_cm0plus.h ****     uint32_t Z:1;                        /*!< bit:     30  Zero condition code flag */
 269:Drivers/CMSIS/Include/core_cm0plus.h ****     uint32_t N:1;                        /*!< bit:     31  Negative condition code flag */
 270:Drivers/CMSIS/Include/core_cm0plus.h ****   } b;                                   /*!< Structure used for bit  access */
 271:Drivers/CMSIS/Include/core_cm0plus.h ****   uint32_t w;                            /*!< Type      used for word access */
 272:Drivers/CMSIS/Include/core_cm0plus.h **** } xPSR_Type;
 273:Drivers/CMSIS/Include/core_cm0plus.h **** 
 274:Drivers/CMSIS/Include/core_cm0plus.h **** /* xPSR Register Definitions */
 275:Drivers/CMSIS/Include/core_cm0plus.h **** #define xPSR_N_Pos                         31U                                            /*!< xPSR
 276:Drivers/CMSIS/Include/core_cm0plus.h **** #define xPSR_N_Msk                         (1UL << xPSR_N_Pos)                            /*!< xPSR
 277:Drivers/CMSIS/Include/core_cm0plus.h **** 
 278:Drivers/CMSIS/Include/core_cm0plus.h **** #define xPSR_Z_Pos                         30U                                            /*!< xPSR
 279:Drivers/CMSIS/Include/core_cm0plus.h **** #define xPSR_Z_Msk                         (1UL << xPSR_Z_Pos)                            /*!< xPSR
 280:Drivers/CMSIS/Include/core_cm0plus.h **** 
 281:Drivers/CMSIS/Include/core_cm0plus.h **** #define xPSR_C_Pos                         29U                                            /*!< xPSR
 282:Drivers/CMSIS/Include/core_cm0plus.h **** #define xPSR_C_Msk                         (1UL << xPSR_C_Pos)                            /*!< xPSR
 283:Drivers/CMSIS/Include/core_cm0plus.h **** 
 284:Drivers/CMSIS/Include/core_cm0plus.h **** #define xPSR_V_Pos                         28U                                            /*!< xPSR
 285:Drivers/CMSIS/Include/core_cm0plus.h **** #define xPSR_V_Msk                         (1UL << xPSR_V_Pos)                            /*!< xPSR
 286:Drivers/CMSIS/Include/core_cm0plus.h **** 
 287:Drivers/CMSIS/Include/core_cm0plus.h **** #define xPSR_T_Pos                         24U                                            /*!< xPSR
 288:Drivers/CMSIS/Include/core_cm0plus.h **** #define xPSR_T_Msk                         (1UL << xPSR_T_Pos)                            /*!< xPSR
 289:Drivers/CMSIS/Include/core_cm0plus.h **** 
 290:Drivers/CMSIS/Include/core_cm0plus.h **** #define xPSR_ISR_Pos                        0U                                            /*!< xPSR
 291:Drivers/CMSIS/Include/core_cm0plus.h **** #define xPSR_ISR_Msk                       (0x1FFUL /*<< xPSR_ISR_Pos*/)                  /*!< xPSR
 292:Drivers/CMSIS/Include/core_cm0plus.h **** 
 293:Drivers/CMSIS/Include/core_cm0plus.h **** 
 294:Drivers/CMSIS/Include/core_cm0plus.h **** /**
 295:Drivers/CMSIS/Include/core_cm0plus.h ****   \brief  Union type to access the Control Registers (CONTROL).
 296:Drivers/CMSIS/Include/core_cm0plus.h ****  */
 297:Drivers/CMSIS/Include/core_cm0plus.h **** typedef union
 298:Drivers/CMSIS/Include/core_cm0plus.h **** {
 299:Drivers/CMSIS/Include/core_cm0plus.h ****   struct
 300:Drivers/CMSIS/Include/core_cm0plus.h ****   {
 301:Drivers/CMSIS/Include/core_cm0plus.h ****     uint32_t nPRIV:1;                    /*!< bit:      0  Execution privilege in Thread mode */
 302:Drivers/CMSIS/Include/core_cm0plus.h ****     uint32_t SPSEL:1;                    /*!< bit:      1  Stack to be used */
 303:Drivers/CMSIS/Include/core_cm0plus.h ****     uint32_t _reserved1:30;              /*!< bit:  2..31  Reserved */
 304:Drivers/CMSIS/Include/core_cm0plus.h ****   } b;                                   /*!< Structure used for bit  access */
 305:Drivers/CMSIS/Include/core_cm0plus.h ****   uint32_t w;                            /*!< Type      used for word access */
 306:Drivers/CMSIS/Include/core_cm0plus.h **** } CONTROL_Type;
 307:Drivers/CMSIS/Include/core_cm0plus.h **** 
 308:Drivers/CMSIS/Include/core_cm0plus.h **** /* CONTROL Register Definitions */
 309:Drivers/CMSIS/Include/core_cm0plus.h **** #define CONTROL_SPSEL_Pos                   1U                                            /*!< CONT
 310:Drivers/CMSIS/Include/core_cm0plus.h **** #define CONTROL_SPSEL_Msk                  (1UL << CONTROL_SPSEL_Pos)                     /*!< CONT
 311:Drivers/CMSIS/Include/core_cm0plus.h **** 
 312:Drivers/CMSIS/Include/core_cm0plus.h **** #define CONTROL_nPRIV_Pos                   0U                                            /*!< CONT
 313:Drivers/CMSIS/Include/core_cm0plus.h **** #define CONTROL_nPRIV_Msk                  (1UL /*<< CONTROL_nPRIV_Pos*/)                 /*!< CONT
 314:Drivers/CMSIS/Include/core_cm0plus.h **** 
 315:Drivers/CMSIS/Include/core_cm0plus.h **** /*@} end of group CMSIS_CORE */
 316:Drivers/CMSIS/Include/core_cm0plus.h **** 
 317:Drivers/CMSIS/Include/core_cm0plus.h **** 
ARM GAS  C:\Users\a_hae\AppData\Local\Temp\ccY5vqR6.s 			page 7


 318:Drivers/CMSIS/Include/core_cm0plus.h **** /**
 319:Drivers/CMSIS/Include/core_cm0plus.h ****   \ingroup    CMSIS_core_register
 320:Drivers/CMSIS/Include/core_cm0plus.h ****   \defgroup   CMSIS_NVIC  Nested Vectored Interrupt Controller (NVIC)
 321:Drivers/CMSIS/Include/core_cm0plus.h ****   \brief      Type definitions for the NVIC Registers
 322:Drivers/CMSIS/Include/core_cm0plus.h ****   @{
 323:Drivers/CMSIS/Include/core_cm0plus.h ****  */
 324:Drivers/CMSIS/Include/core_cm0plus.h **** 
 325:Drivers/CMSIS/Include/core_cm0plus.h **** /**
 326:Drivers/CMSIS/Include/core_cm0plus.h ****   \brief  Structure type to access the Nested Vectored Interrupt Controller (NVIC).
 327:Drivers/CMSIS/Include/core_cm0plus.h ****  */
 328:Drivers/CMSIS/Include/core_cm0plus.h **** typedef struct
 329:Drivers/CMSIS/Include/core_cm0plus.h **** {
 330:Drivers/CMSIS/Include/core_cm0plus.h ****   __IOM uint32_t ISER[1U];               /*!< Offset: 0x000 (R/W)  Interrupt Set Enable Register */
 331:Drivers/CMSIS/Include/core_cm0plus.h ****         uint32_t RESERVED0[31U];
 332:Drivers/CMSIS/Include/core_cm0plus.h ****   __IOM uint32_t ICER[1U];               /*!< Offset: 0x080 (R/W)  Interrupt Clear Enable Register 
 333:Drivers/CMSIS/Include/core_cm0plus.h ****         uint32_t RESERVED1[31U];
 334:Drivers/CMSIS/Include/core_cm0plus.h ****   __IOM uint32_t ISPR[1U];               /*!< Offset: 0x100 (R/W)  Interrupt Set Pending Register *
 335:Drivers/CMSIS/Include/core_cm0plus.h ****         uint32_t RESERVED2[31U];
 336:Drivers/CMSIS/Include/core_cm0plus.h ****   __IOM uint32_t ICPR[1U];               /*!< Offset: 0x180 (R/W)  Interrupt Clear Pending Register
 337:Drivers/CMSIS/Include/core_cm0plus.h ****         uint32_t RESERVED3[31U];
 338:Drivers/CMSIS/Include/core_cm0plus.h ****         uint32_t RESERVED4[64U];
 339:Drivers/CMSIS/Include/core_cm0plus.h ****   __IOM uint32_t IP[8U];                 /*!< Offset: 0x300 (R/W)  Interrupt Priority Register */
 340:Drivers/CMSIS/Include/core_cm0plus.h **** }  NVIC_Type;
 341:Drivers/CMSIS/Include/core_cm0plus.h **** 
 342:Drivers/CMSIS/Include/core_cm0plus.h **** /*@} end of group CMSIS_NVIC */
 343:Drivers/CMSIS/Include/core_cm0plus.h **** 
 344:Drivers/CMSIS/Include/core_cm0plus.h **** 
 345:Drivers/CMSIS/Include/core_cm0plus.h **** /**
 346:Drivers/CMSIS/Include/core_cm0plus.h ****   \ingroup  CMSIS_core_register
 347:Drivers/CMSIS/Include/core_cm0plus.h ****   \defgroup CMSIS_SCB     System Control Block (SCB)
 348:Drivers/CMSIS/Include/core_cm0plus.h ****   \brief    Type definitions for the System Control Block Registers
 349:Drivers/CMSIS/Include/core_cm0plus.h ****   @{
 350:Drivers/CMSIS/Include/core_cm0plus.h ****  */
 351:Drivers/CMSIS/Include/core_cm0plus.h **** 
 352:Drivers/CMSIS/Include/core_cm0plus.h **** /**
 353:Drivers/CMSIS/Include/core_cm0plus.h ****   \brief  Structure type to access the System Control Block (SCB).
 354:Drivers/CMSIS/Include/core_cm0plus.h ****  */
 355:Drivers/CMSIS/Include/core_cm0plus.h **** typedef struct
 356:Drivers/CMSIS/Include/core_cm0plus.h **** {
 357:Drivers/CMSIS/Include/core_cm0plus.h ****   __IM  uint32_t CPUID;                  /*!< Offset: 0x000 (R/ )  CPUID Base Register */
 358:Drivers/CMSIS/Include/core_cm0plus.h ****   __IOM uint32_t ICSR;                   /*!< Offset: 0x004 (R/W)  Interrupt Control and State Regi
 359:Drivers/CMSIS/Include/core_cm0plus.h **** #if defined (__VTOR_PRESENT) && (__VTOR_PRESENT == 1U)
 360:Drivers/CMSIS/Include/core_cm0plus.h ****   __IOM uint32_t VTOR;                   /*!< Offset: 0x008 (R/W)  Vector Table Offset Register */
 361:Drivers/CMSIS/Include/core_cm0plus.h **** #else
 362:Drivers/CMSIS/Include/core_cm0plus.h ****         uint32_t RESERVED0;
 363:Drivers/CMSIS/Include/core_cm0plus.h **** #endif
 364:Drivers/CMSIS/Include/core_cm0plus.h ****   __IOM uint32_t AIRCR;                  /*!< Offset: 0x00C (R/W)  Application Interrupt and Reset 
 365:Drivers/CMSIS/Include/core_cm0plus.h ****   __IOM uint32_t SCR;                    /*!< Offset: 0x010 (R/W)  System Control Register */
 366:Drivers/CMSIS/Include/core_cm0plus.h ****   __IOM uint32_t CCR;                    /*!< Offset: 0x014 (R/W)  Configuration Control Register *
 367:Drivers/CMSIS/Include/core_cm0plus.h ****         uint32_t RESERVED1;
 368:Drivers/CMSIS/Include/core_cm0plus.h ****   __IOM uint32_t SHP[2U];                /*!< Offset: 0x01C (R/W)  System Handlers Priority Registe
 369:Drivers/CMSIS/Include/core_cm0plus.h ****   __IOM uint32_t SHCSR;                  /*!< Offset: 0x024 (R/W)  System Handler Control and State
 370:Drivers/CMSIS/Include/core_cm0plus.h **** } SCB_Type;
 371:Drivers/CMSIS/Include/core_cm0plus.h **** 
 372:Drivers/CMSIS/Include/core_cm0plus.h **** /* SCB CPUID Register Definitions */
 373:Drivers/CMSIS/Include/core_cm0plus.h **** #define SCB_CPUID_IMPLEMENTER_Pos          24U                                            /*!< SCB 
 374:Drivers/CMSIS/Include/core_cm0plus.h **** #define SCB_CPUID_IMPLEMENTER_Msk          (0xFFUL << SCB_CPUID_IMPLEMENTER_Pos)          /*!< SCB 
ARM GAS  C:\Users\a_hae\AppData\Local\Temp\ccY5vqR6.s 			page 8


 375:Drivers/CMSIS/Include/core_cm0plus.h **** 
 376:Drivers/CMSIS/Include/core_cm0plus.h **** #define SCB_CPUID_VARIANT_Pos              20U                                            /*!< SCB 
 377:Drivers/CMSIS/Include/core_cm0plus.h **** #define SCB_CPUID_VARIANT_Msk              (0xFUL << SCB_CPUID_VARIANT_Pos)               /*!< SCB 
 378:Drivers/CMSIS/Include/core_cm0plus.h **** 
 379:Drivers/CMSIS/Include/core_cm0plus.h **** #define SCB_CPUID_ARCHITECTURE_Pos         16U                                            /*!< SCB 
 380:Drivers/CMSIS/Include/core_cm0plus.h **** #define SCB_CPUID_ARCHITECTURE_Msk         (0xFUL << SCB_CPUID_ARCHITECTURE_Pos)          /*!< SCB 
 381:Drivers/CMSIS/Include/core_cm0plus.h **** 
 382:Drivers/CMSIS/Include/core_cm0plus.h **** #define SCB_CPUID_PARTNO_Pos                4U                                            /*!< SCB 
 383:Drivers/CMSIS/Include/core_cm0plus.h **** #define SCB_CPUID_PARTNO_Msk               (0xFFFUL << SCB_CPUID_PARTNO_Pos)              /*!< SCB 
 384:Drivers/CMSIS/Include/core_cm0plus.h **** 
 385:Drivers/CMSIS/Include/core_cm0plus.h **** #define SCB_CPUID_REVISION_Pos              0U                                            /*!< SCB 
 386:Drivers/CMSIS/Include/core_cm0plus.h **** #define SCB_CPUID_REVISION_Msk             (0xFUL /*<< SCB_CPUID_REVISION_Pos*/)          /*!< SCB 
 387:Drivers/CMSIS/Include/core_cm0plus.h **** 
 388:Drivers/CMSIS/Include/core_cm0plus.h **** /* SCB Interrupt Control State Register Definitions */
 389:Drivers/CMSIS/Include/core_cm0plus.h **** #define SCB_ICSR_NMIPENDSET_Pos            31U                                            /*!< SCB 
 390:Drivers/CMSIS/Include/core_cm0plus.h **** #define SCB_ICSR_NMIPENDSET_Msk            (1UL << SCB_ICSR_NMIPENDSET_Pos)               /*!< SCB 
 391:Drivers/CMSIS/Include/core_cm0plus.h **** 
 392:Drivers/CMSIS/Include/core_cm0plus.h **** #define SCB_ICSR_PENDSVSET_Pos             28U                                            /*!< SCB 
 393:Drivers/CMSIS/Include/core_cm0plus.h **** #define SCB_ICSR_PENDSVSET_Msk             (1UL << SCB_ICSR_PENDSVSET_Pos)                /*!< SCB 
 394:Drivers/CMSIS/Include/core_cm0plus.h **** 
 395:Drivers/CMSIS/Include/core_cm0plus.h **** #define SCB_ICSR_PENDSVCLR_Pos             27U                                            /*!< SCB 
 396:Drivers/CMSIS/Include/core_cm0plus.h **** #define SCB_ICSR_PENDSVCLR_Msk             (1UL << SCB_ICSR_PENDSVCLR_Pos)                /*!< SCB 
 397:Drivers/CMSIS/Include/core_cm0plus.h **** 
 398:Drivers/CMSIS/Include/core_cm0plus.h **** #define SCB_ICSR_PENDSTSET_Pos             26U                                            /*!< SCB 
 399:Drivers/CMSIS/Include/core_cm0plus.h **** #define SCB_ICSR_PENDSTSET_Msk             (1UL << SCB_ICSR_PENDSTSET_Pos)                /*!< SCB 
 400:Drivers/CMSIS/Include/core_cm0plus.h **** 
 401:Drivers/CMSIS/Include/core_cm0plus.h **** #define SCB_ICSR_PENDSTCLR_Pos             25U                                            /*!< SCB 
 402:Drivers/CMSIS/Include/core_cm0plus.h **** #define SCB_ICSR_PENDSTCLR_Msk             (1UL << SCB_ICSR_PENDSTCLR_Pos)                /*!< SCB 
 403:Drivers/CMSIS/Include/core_cm0plus.h **** 
 404:Drivers/CMSIS/Include/core_cm0plus.h **** #define SCB_ICSR_ISRPREEMPT_Pos            23U                                            /*!< SCB 
 405:Drivers/CMSIS/Include/core_cm0plus.h **** #define SCB_ICSR_ISRPREEMPT_Msk            (1UL << SCB_ICSR_ISRPREEMPT_Pos)               /*!< SCB 
 406:Drivers/CMSIS/Include/core_cm0plus.h **** 
 407:Drivers/CMSIS/Include/core_cm0plus.h **** #define SCB_ICSR_ISRPENDING_Pos            22U                                            /*!< SCB 
 408:Drivers/CMSIS/Include/core_cm0plus.h **** #define SCB_ICSR_ISRPENDING_Msk            (1UL << SCB_ICSR_ISRPENDING_Pos)               /*!< SCB 
 409:Drivers/CMSIS/Include/core_cm0plus.h **** 
 410:Drivers/CMSIS/Include/core_cm0plus.h **** #define SCB_ICSR_VECTPENDING_Pos           12U                                            /*!< SCB 
 411:Drivers/CMSIS/Include/core_cm0plus.h **** #define SCB_ICSR_VECTPENDING_Msk           (0x1FFUL << SCB_ICSR_VECTPENDING_Pos)          /*!< SCB 
 412:Drivers/CMSIS/Include/core_cm0plus.h **** 
 413:Drivers/CMSIS/Include/core_cm0plus.h **** #define SCB_ICSR_VECTACTIVE_Pos             0U                                            /*!< SCB 
 414:Drivers/CMSIS/Include/core_cm0plus.h **** #define SCB_ICSR_VECTACTIVE_Msk            (0x1FFUL /*<< SCB_ICSR_VECTACTIVE_Pos*/)       /*!< SCB 
 415:Drivers/CMSIS/Include/core_cm0plus.h **** 
 416:Drivers/CMSIS/Include/core_cm0plus.h **** #if defined (__VTOR_PRESENT) && (__VTOR_PRESENT == 1U)
 417:Drivers/CMSIS/Include/core_cm0plus.h **** /* SCB Interrupt Control State Register Definitions */
 418:Drivers/CMSIS/Include/core_cm0plus.h **** #define SCB_VTOR_TBLOFF_Pos                 8U                                            /*!< SCB 
 419:Drivers/CMSIS/Include/core_cm0plus.h **** #define SCB_VTOR_TBLOFF_Msk                (0xFFFFFFUL << SCB_VTOR_TBLOFF_Pos)            /*!< SCB 
 420:Drivers/CMSIS/Include/core_cm0plus.h **** #endif
 421:Drivers/CMSIS/Include/core_cm0plus.h **** 
 422:Drivers/CMSIS/Include/core_cm0plus.h **** /* SCB Application Interrupt and Reset Control Register Definitions */
 423:Drivers/CMSIS/Include/core_cm0plus.h **** #define SCB_AIRCR_VECTKEY_Pos              16U                                            /*!< SCB 
 424:Drivers/CMSIS/Include/core_cm0plus.h **** #define SCB_AIRCR_VECTKEY_Msk              (0xFFFFUL << SCB_AIRCR_VECTKEY_Pos)            /*!< SCB 
 425:Drivers/CMSIS/Include/core_cm0plus.h **** 
 426:Drivers/CMSIS/Include/core_cm0plus.h **** #define SCB_AIRCR_VECTKEYSTAT_Pos          16U                                            /*!< SCB 
 427:Drivers/CMSIS/Include/core_cm0plus.h **** #define SCB_AIRCR_VECTKEYSTAT_Msk          (0xFFFFUL << SCB_AIRCR_VECTKEYSTAT_Pos)        /*!< SCB 
 428:Drivers/CMSIS/Include/core_cm0plus.h **** 
 429:Drivers/CMSIS/Include/core_cm0plus.h **** #define SCB_AIRCR_ENDIANESS_Pos            15U                                            /*!< SCB 
 430:Drivers/CMSIS/Include/core_cm0plus.h **** #define SCB_AIRCR_ENDIANESS_Msk            (1UL << SCB_AIRCR_ENDIANESS_Pos)               /*!< SCB 
 431:Drivers/CMSIS/Include/core_cm0plus.h **** 
ARM GAS  C:\Users\a_hae\AppData\Local\Temp\ccY5vqR6.s 			page 9


 432:Drivers/CMSIS/Include/core_cm0plus.h **** #define SCB_AIRCR_SYSRESETREQ_Pos           2U                                            /*!< SCB 
 433:Drivers/CMSIS/Include/core_cm0plus.h **** #define SCB_AIRCR_SYSRESETREQ_Msk          (1UL << SCB_AIRCR_SYSRESETREQ_Pos)             /*!< SCB 
 434:Drivers/CMSIS/Include/core_cm0plus.h **** 
 435:Drivers/CMSIS/Include/core_cm0plus.h **** #define SCB_AIRCR_VECTCLRACTIVE_Pos         1U                                            /*!< SCB 
 436:Drivers/CMSIS/Include/core_cm0plus.h **** #define SCB_AIRCR_VECTCLRACTIVE_Msk        (1UL << SCB_AIRCR_VECTCLRACTIVE_Pos)           /*!< SCB 
 437:Drivers/CMSIS/Include/core_cm0plus.h **** 
 438:Drivers/CMSIS/Include/core_cm0plus.h **** /* SCB System Control Register Definitions */
 439:Drivers/CMSIS/Include/core_cm0plus.h **** #define SCB_SCR_SEVONPEND_Pos               4U                                            /*!< SCB 
 440:Drivers/CMSIS/Include/core_cm0plus.h **** #define SCB_SCR_SEVONPEND_Msk              (1UL << SCB_SCR_SEVONPEND_Pos)                 /*!< SCB 
 441:Drivers/CMSIS/Include/core_cm0plus.h **** 
 442:Drivers/CMSIS/Include/core_cm0plus.h **** #define SCB_SCR_SLEEPDEEP_Pos               2U                                            /*!< SCB 
 443:Drivers/CMSIS/Include/core_cm0plus.h **** #define SCB_SCR_SLEEPDEEP_Msk              (1UL << SCB_SCR_SLEEPDEEP_Pos)                 /*!< SCB 
 444:Drivers/CMSIS/Include/core_cm0plus.h **** 
 445:Drivers/CMSIS/Include/core_cm0plus.h **** #define SCB_SCR_SLEEPONEXIT_Pos             1U                                            /*!< SCB 
 446:Drivers/CMSIS/Include/core_cm0plus.h **** #define SCB_SCR_SLEEPONEXIT_Msk            (1UL << SCB_SCR_SLEEPONEXIT_Pos)               /*!< SCB 
 447:Drivers/CMSIS/Include/core_cm0plus.h **** 
 448:Drivers/CMSIS/Include/core_cm0plus.h **** /* SCB Configuration Control Register Definitions */
 449:Drivers/CMSIS/Include/core_cm0plus.h **** #define SCB_CCR_STKALIGN_Pos                9U                                            /*!< SCB 
 450:Drivers/CMSIS/Include/core_cm0plus.h **** #define SCB_CCR_STKALIGN_Msk               (1UL << SCB_CCR_STKALIGN_Pos)                  /*!< SCB 
 451:Drivers/CMSIS/Include/core_cm0plus.h **** 
 452:Drivers/CMSIS/Include/core_cm0plus.h **** #define SCB_CCR_UNALIGN_TRP_Pos             3U                                            /*!< SCB 
 453:Drivers/CMSIS/Include/core_cm0plus.h **** #define SCB_CCR_UNALIGN_TRP_Msk            (1UL << SCB_CCR_UNALIGN_TRP_Pos)               /*!< SCB 
 454:Drivers/CMSIS/Include/core_cm0plus.h **** 
 455:Drivers/CMSIS/Include/core_cm0plus.h **** /* SCB System Handler Control and State Register Definitions */
 456:Drivers/CMSIS/Include/core_cm0plus.h **** #define SCB_SHCSR_SVCALLPENDED_Pos         15U                                            /*!< SCB 
 457:Drivers/CMSIS/Include/core_cm0plus.h **** #define SCB_SHCSR_SVCALLPENDED_Msk         (1UL << SCB_SHCSR_SVCALLPENDED_Pos)            /*!< SCB 
 458:Drivers/CMSIS/Include/core_cm0plus.h **** 
 459:Drivers/CMSIS/Include/core_cm0plus.h **** /*@} end of group CMSIS_SCB */
 460:Drivers/CMSIS/Include/core_cm0plus.h **** 
 461:Drivers/CMSIS/Include/core_cm0plus.h **** 
 462:Drivers/CMSIS/Include/core_cm0plus.h **** /**
 463:Drivers/CMSIS/Include/core_cm0plus.h ****   \ingroup  CMSIS_core_register
 464:Drivers/CMSIS/Include/core_cm0plus.h ****   \defgroup CMSIS_SysTick     System Tick Timer (SysTick)
 465:Drivers/CMSIS/Include/core_cm0plus.h ****   \brief    Type definitions for the System Timer Registers.
 466:Drivers/CMSIS/Include/core_cm0plus.h ****   @{
 467:Drivers/CMSIS/Include/core_cm0plus.h ****  */
 468:Drivers/CMSIS/Include/core_cm0plus.h **** 
 469:Drivers/CMSIS/Include/core_cm0plus.h **** /**
 470:Drivers/CMSIS/Include/core_cm0plus.h ****   \brief  Structure type to access the System Timer (SysTick).
 471:Drivers/CMSIS/Include/core_cm0plus.h ****  */
 472:Drivers/CMSIS/Include/core_cm0plus.h **** typedef struct
 473:Drivers/CMSIS/Include/core_cm0plus.h **** {
 474:Drivers/CMSIS/Include/core_cm0plus.h ****   __IOM uint32_t CTRL;                   /*!< Offset: 0x000 (R/W)  SysTick Control and Status Regis
 475:Drivers/CMSIS/Include/core_cm0plus.h ****   __IOM uint32_t LOAD;                   /*!< Offset: 0x004 (R/W)  SysTick Reload Value Register */
 476:Drivers/CMSIS/Include/core_cm0plus.h ****   __IOM uint32_t VAL;                    /*!< Offset: 0x008 (R/W)  SysTick Current Value Register *
 477:Drivers/CMSIS/Include/core_cm0plus.h ****   __IM  uint32_t CALIB;                  /*!< Offset: 0x00C (R/ )  SysTick Calibration Register */
 478:Drivers/CMSIS/Include/core_cm0plus.h **** } SysTick_Type;
 479:Drivers/CMSIS/Include/core_cm0plus.h **** 
 480:Drivers/CMSIS/Include/core_cm0plus.h **** /* SysTick Control / Status Register Definitions */
 481:Drivers/CMSIS/Include/core_cm0plus.h **** #define SysTick_CTRL_COUNTFLAG_Pos         16U                                            /*!< SysT
 482:Drivers/CMSIS/Include/core_cm0plus.h **** #define SysTick_CTRL_COUNTFLAG_Msk         (1UL << SysTick_CTRL_COUNTFLAG_Pos)            /*!< SysT
 483:Drivers/CMSIS/Include/core_cm0plus.h **** 
 484:Drivers/CMSIS/Include/core_cm0plus.h **** #define SysTick_CTRL_CLKSOURCE_Pos          2U                                            /*!< SysT
 485:Drivers/CMSIS/Include/core_cm0plus.h **** #define SysTick_CTRL_CLKSOURCE_Msk         (1UL << SysTick_CTRL_CLKSOURCE_Pos)            /*!< SysT
 486:Drivers/CMSIS/Include/core_cm0plus.h **** 
 487:Drivers/CMSIS/Include/core_cm0plus.h **** #define SysTick_CTRL_TICKINT_Pos            1U                                            /*!< SysT
 488:Drivers/CMSIS/Include/core_cm0plus.h **** #define SysTick_CTRL_TICKINT_Msk           (1UL << SysTick_CTRL_TICKINT_Pos)              /*!< SysT
ARM GAS  C:\Users\a_hae\AppData\Local\Temp\ccY5vqR6.s 			page 10


 489:Drivers/CMSIS/Include/core_cm0plus.h **** 
 490:Drivers/CMSIS/Include/core_cm0plus.h **** #define SysTick_CTRL_ENABLE_Pos             0U                                            /*!< SysT
 491:Drivers/CMSIS/Include/core_cm0plus.h **** #define SysTick_CTRL_ENABLE_Msk            (1UL /*<< SysTick_CTRL_ENABLE_Pos*/)           /*!< SysT
 492:Drivers/CMSIS/Include/core_cm0plus.h **** 
 493:Drivers/CMSIS/Include/core_cm0plus.h **** /* SysTick Reload Register Definitions */
 494:Drivers/CMSIS/Include/core_cm0plus.h **** #define SysTick_LOAD_RELOAD_Pos             0U                                            /*!< SysT
 495:Drivers/CMSIS/Include/core_cm0plus.h **** #define SysTick_LOAD_RELOAD_Msk            (0xFFFFFFUL /*<< SysTick_LOAD_RELOAD_Pos*/)    /*!< SysT
 496:Drivers/CMSIS/Include/core_cm0plus.h **** 
 497:Drivers/CMSIS/Include/core_cm0plus.h **** /* SysTick Current Register Definitions */
 498:Drivers/CMSIS/Include/core_cm0plus.h **** #define SysTick_VAL_CURRENT_Pos             0U                                            /*!< SysT
 499:Drivers/CMSIS/Include/core_cm0plus.h **** #define SysTick_VAL_CURRENT_Msk            (0xFFFFFFUL /*<< SysTick_VAL_CURRENT_Pos*/)    /*!< SysT
 500:Drivers/CMSIS/Include/core_cm0plus.h **** 
 501:Drivers/CMSIS/Include/core_cm0plus.h **** /* SysTick Calibration Register Definitions */
 502:Drivers/CMSIS/Include/core_cm0plus.h **** #define SysTick_CALIB_NOREF_Pos            31U                                            /*!< SysT
 503:Drivers/CMSIS/Include/core_cm0plus.h **** #define SysTick_CALIB_NOREF_Msk            (1UL << SysTick_CALIB_NOREF_Pos)               /*!< SysT
 504:Drivers/CMSIS/Include/core_cm0plus.h **** 
 505:Drivers/CMSIS/Include/core_cm0plus.h **** #define SysTick_CALIB_SKEW_Pos             30U                                            /*!< SysT
 506:Drivers/CMSIS/Include/core_cm0plus.h **** #define SysTick_CALIB_SKEW_Msk             (1UL << SysTick_CALIB_SKEW_Pos)                /*!< SysT
 507:Drivers/CMSIS/Include/core_cm0plus.h **** 
 508:Drivers/CMSIS/Include/core_cm0plus.h **** #define SysTick_CALIB_TENMS_Pos             0U                                            /*!< SysT
 509:Drivers/CMSIS/Include/core_cm0plus.h **** #define SysTick_CALIB_TENMS_Msk            (0xFFFFFFUL /*<< SysTick_CALIB_TENMS_Pos*/)    /*!< SysT
 510:Drivers/CMSIS/Include/core_cm0plus.h **** 
 511:Drivers/CMSIS/Include/core_cm0plus.h **** /*@} end of group CMSIS_SysTick */
 512:Drivers/CMSIS/Include/core_cm0plus.h **** 
 513:Drivers/CMSIS/Include/core_cm0plus.h **** #if defined (__MPU_PRESENT) && (__MPU_PRESENT == 1U)
 514:Drivers/CMSIS/Include/core_cm0plus.h **** /**
 515:Drivers/CMSIS/Include/core_cm0plus.h ****   \ingroup  CMSIS_core_register
 516:Drivers/CMSIS/Include/core_cm0plus.h ****   \defgroup CMSIS_MPU     Memory Protection Unit (MPU)
 517:Drivers/CMSIS/Include/core_cm0plus.h ****   \brief    Type definitions for the Memory Protection Unit (MPU)
 518:Drivers/CMSIS/Include/core_cm0plus.h ****   @{
 519:Drivers/CMSIS/Include/core_cm0plus.h ****  */
 520:Drivers/CMSIS/Include/core_cm0plus.h **** 
 521:Drivers/CMSIS/Include/core_cm0plus.h **** /**
 522:Drivers/CMSIS/Include/core_cm0plus.h ****   \brief  Structure type to access the Memory Protection Unit (MPU).
 523:Drivers/CMSIS/Include/core_cm0plus.h ****  */
 524:Drivers/CMSIS/Include/core_cm0plus.h **** typedef struct
 525:Drivers/CMSIS/Include/core_cm0plus.h **** {
 526:Drivers/CMSIS/Include/core_cm0plus.h ****   __IM  uint32_t TYPE;                   /*!< Offset: 0x000 (R/ )  MPU Type Register */
 527:Drivers/CMSIS/Include/core_cm0plus.h ****   __IOM uint32_t CTRL;                   /*!< Offset: 0x004 (R/W)  MPU Control Register */
 528:Drivers/CMSIS/Include/core_cm0plus.h ****   __IOM uint32_t RNR;                    /*!< Offset: 0x008 (R/W)  MPU Region RNRber Register */
 529:Drivers/CMSIS/Include/core_cm0plus.h ****   __IOM uint32_t RBAR;                   /*!< Offset: 0x00C (R/W)  MPU Region Base Address Register
 530:Drivers/CMSIS/Include/core_cm0plus.h ****   __IOM uint32_t RASR;                   /*!< Offset: 0x010 (R/W)  MPU Region Attribute and Size Re
 531:Drivers/CMSIS/Include/core_cm0plus.h **** } MPU_Type;
 532:Drivers/CMSIS/Include/core_cm0plus.h **** 
 533:Drivers/CMSIS/Include/core_cm0plus.h **** #define MPU_TYPE_RALIASES                  1U
 534:Drivers/CMSIS/Include/core_cm0plus.h **** 
 535:Drivers/CMSIS/Include/core_cm0plus.h **** /* MPU Type Register Definitions */
 536:Drivers/CMSIS/Include/core_cm0plus.h **** #define MPU_TYPE_IREGION_Pos               16U                                            /*!< MPU 
 537:Drivers/CMSIS/Include/core_cm0plus.h **** #define MPU_TYPE_IREGION_Msk               (0xFFUL << MPU_TYPE_IREGION_Pos)               /*!< MPU 
 538:Drivers/CMSIS/Include/core_cm0plus.h **** 
 539:Drivers/CMSIS/Include/core_cm0plus.h **** #define MPU_TYPE_DREGION_Pos                8U                                            /*!< MPU 
 540:Drivers/CMSIS/Include/core_cm0plus.h **** #define MPU_TYPE_DREGION_Msk               (0xFFUL << MPU_TYPE_DREGION_Pos)               /*!< MPU 
 541:Drivers/CMSIS/Include/core_cm0plus.h **** 
 542:Drivers/CMSIS/Include/core_cm0plus.h **** #define MPU_TYPE_SEPARATE_Pos               0U                                            /*!< MPU 
 543:Drivers/CMSIS/Include/core_cm0plus.h **** #define MPU_TYPE_SEPARATE_Msk              (1UL /*<< MPU_TYPE_SEPARATE_Pos*/)             /*!< MPU 
 544:Drivers/CMSIS/Include/core_cm0plus.h **** 
 545:Drivers/CMSIS/Include/core_cm0plus.h **** /* MPU Control Register Definitions */
ARM GAS  C:\Users\a_hae\AppData\Local\Temp\ccY5vqR6.s 			page 11


 546:Drivers/CMSIS/Include/core_cm0plus.h **** #define MPU_CTRL_PRIVDEFENA_Pos             2U                                            /*!< MPU 
 547:Drivers/CMSIS/Include/core_cm0plus.h **** #define MPU_CTRL_PRIVDEFENA_Msk            (1UL << MPU_CTRL_PRIVDEFENA_Pos)               /*!< MPU 
 548:Drivers/CMSIS/Include/core_cm0plus.h **** 
 549:Drivers/CMSIS/Include/core_cm0plus.h **** #define MPU_CTRL_HFNMIENA_Pos               1U                                            /*!< MPU 
 550:Drivers/CMSIS/Include/core_cm0plus.h **** #define MPU_CTRL_HFNMIENA_Msk              (1UL << MPU_CTRL_HFNMIENA_Pos)                 /*!< MPU 
 551:Drivers/CMSIS/Include/core_cm0plus.h **** 
 552:Drivers/CMSIS/Include/core_cm0plus.h **** #define MPU_CTRL_ENABLE_Pos                 0U                                            /*!< MPU 
 553:Drivers/CMSIS/Include/core_cm0plus.h **** #define MPU_CTRL_ENABLE_Msk                (1UL /*<< MPU_CTRL_ENABLE_Pos*/)               /*!< MPU 
 554:Drivers/CMSIS/Include/core_cm0plus.h **** 
 555:Drivers/CMSIS/Include/core_cm0plus.h **** /* MPU Region Number Register Definitions */
 556:Drivers/CMSIS/Include/core_cm0plus.h **** #define MPU_RNR_REGION_Pos                  0U                                            /*!< MPU 
 557:Drivers/CMSIS/Include/core_cm0plus.h **** #define MPU_RNR_REGION_Msk                 (0xFFUL /*<< MPU_RNR_REGION_Pos*/)             /*!< MPU 
 558:Drivers/CMSIS/Include/core_cm0plus.h **** 
 559:Drivers/CMSIS/Include/core_cm0plus.h **** /* MPU Region Base Address Register Definitions */
 560:Drivers/CMSIS/Include/core_cm0plus.h **** #define MPU_RBAR_ADDR_Pos                   8U                                            /*!< MPU 
 561:Drivers/CMSIS/Include/core_cm0plus.h **** #define MPU_RBAR_ADDR_Msk                  (0xFFFFFFUL << MPU_RBAR_ADDR_Pos)              /*!< MPU 
 562:Drivers/CMSIS/Include/core_cm0plus.h **** 
 563:Drivers/CMSIS/Include/core_cm0plus.h **** #define MPU_RBAR_VALID_Pos                  4U                                            /*!< MPU 
 564:Drivers/CMSIS/Include/core_cm0plus.h **** #define MPU_RBAR_VALID_Msk                 (1UL << MPU_RBAR_VALID_Pos)                    /*!< MPU 
 565:Drivers/CMSIS/Include/core_cm0plus.h **** 
 566:Drivers/CMSIS/Include/core_cm0plus.h **** #define MPU_RBAR_REGION_Pos                 0U                                            /*!< MPU 
 567:Drivers/CMSIS/Include/core_cm0plus.h **** #define MPU_RBAR_REGION_Msk                (0xFUL /*<< MPU_RBAR_REGION_Pos*/)             /*!< MPU 
 568:Drivers/CMSIS/Include/core_cm0plus.h **** 
 569:Drivers/CMSIS/Include/core_cm0plus.h **** /* MPU Region Attribute and Size Register Definitions */
 570:Drivers/CMSIS/Include/core_cm0plus.h **** #define MPU_RASR_ATTRS_Pos                 16U                                            /*!< MPU 
 571:Drivers/CMSIS/Include/core_cm0plus.h **** #define MPU_RASR_ATTRS_Msk                 (0xFFFFUL << MPU_RASR_ATTRS_Pos)               /*!< MPU 
 572:Drivers/CMSIS/Include/core_cm0plus.h **** 
 573:Drivers/CMSIS/Include/core_cm0plus.h **** #define MPU_RASR_XN_Pos                    28U                                            /*!< MPU 
 574:Drivers/CMSIS/Include/core_cm0plus.h **** #define MPU_RASR_XN_Msk                    (1UL << MPU_RASR_XN_Pos)                       /*!< MPU 
 575:Drivers/CMSIS/Include/core_cm0plus.h **** 
 576:Drivers/CMSIS/Include/core_cm0plus.h **** #define MPU_RASR_AP_Pos                    24U                                            /*!< MPU 
 577:Drivers/CMSIS/Include/core_cm0plus.h **** #define MPU_RASR_AP_Msk                    (0x7UL << MPU_RASR_AP_Pos)                     /*!< MPU 
 578:Drivers/CMSIS/Include/core_cm0plus.h **** 
 579:Drivers/CMSIS/Include/core_cm0plus.h **** #define MPU_RASR_TEX_Pos                   19U                                            /*!< MPU 
 580:Drivers/CMSIS/Include/core_cm0plus.h **** #define MPU_RASR_TEX_Msk                   (0x7UL << MPU_RASR_TEX_Pos)                    /*!< MPU 
 581:Drivers/CMSIS/Include/core_cm0plus.h **** 
 582:Drivers/CMSIS/Include/core_cm0plus.h **** #define MPU_RASR_S_Pos                     18U                                            /*!< MPU 
 583:Drivers/CMSIS/Include/core_cm0plus.h **** #define MPU_RASR_S_Msk                     (1UL << MPU_RASR_S_Pos)                        /*!< MPU 
 584:Drivers/CMSIS/Include/core_cm0plus.h **** 
 585:Drivers/CMSIS/Include/core_cm0plus.h **** #define MPU_RASR_C_Pos                     17U                                            /*!< MPU 
 586:Drivers/CMSIS/Include/core_cm0plus.h **** #define MPU_RASR_C_Msk                     (1UL << MPU_RASR_C_Pos)                        /*!< MPU 
 587:Drivers/CMSIS/Include/core_cm0plus.h **** 
 588:Drivers/CMSIS/Include/core_cm0plus.h **** #define MPU_RASR_B_Pos                     16U                                            /*!< MPU 
 589:Drivers/CMSIS/Include/core_cm0plus.h **** #define MPU_RASR_B_Msk                     (1UL << MPU_RASR_B_Pos)                        /*!< MPU 
 590:Drivers/CMSIS/Include/core_cm0plus.h **** 
 591:Drivers/CMSIS/Include/core_cm0plus.h **** #define MPU_RASR_SRD_Pos                    8U                                            /*!< MPU 
 592:Drivers/CMSIS/Include/core_cm0plus.h **** #define MPU_RASR_SRD_Msk                   (0xFFUL << MPU_RASR_SRD_Pos)                   /*!< MPU 
 593:Drivers/CMSIS/Include/core_cm0plus.h **** 
 594:Drivers/CMSIS/Include/core_cm0plus.h **** #define MPU_RASR_SIZE_Pos                   1U                                            /*!< MPU 
 595:Drivers/CMSIS/Include/core_cm0plus.h **** #define MPU_RASR_SIZE_Msk                  (0x1FUL << MPU_RASR_SIZE_Pos)                  /*!< MPU 
 596:Drivers/CMSIS/Include/core_cm0plus.h **** 
 597:Drivers/CMSIS/Include/core_cm0plus.h **** #define MPU_RASR_ENABLE_Pos                 0U                                            /*!< MPU 
 598:Drivers/CMSIS/Include/core_cm0plus.h **** #define MPU_RASR_ENABLE_Msk                (1UL /*<< MPU_RASR_ENABLE_Pos*/)               /*!< MPU 
 599:Drivers/CMSIS/Include/core_cm0plus.h **** 
 600:Drivers/CMSIS/Include/core_cm0plus.h **** /*@} end of group CMSIS_MPU */
 601:Drivers/CMSIS/Include/core_cm0plus.h **** #endif
 602:Drivers/CMSIS/Include/core_cm0plus.h **** 
ARM GAS  C:\Users\a_hae\AppData\Local\Temp\ccY5vqR6.s 			page 12


 603:Drivers/CMSIS/Include/core_cm0plus.h **** 
 604:Drivers/CMSIS/Include/core_cm0plus.h **** /**
 605:Drivers/CMSIS/Include/core_cm0plus.h ****   \ingroup  CMSIS_core_register
 606:Drivers/CMSIS/Include/core_cm0plus.h ****   \defgroup CMSIS_CoreDebug       Core Debug Registers (CoreDebug)
 607:Drivers/CMSIS/Include/core_cm0plus.h ****   \brief    Cortex-M0+ Core Debug Registers (DCB registers, SHCSR, and DFSR) are only accessible ov
 608:Drivers/CMSIS/Include/core_cm0plus.h ****             Therefore they are not covered by the Cortex-M0+ header file.
 609:Drivers/CMSIS/Include/core_cm0plus.h ****   @{
 610:Drivers/CMSIS/Include/core_cm0plus.h ****  */
 611:Drivers/CMSIS/Include/core_cm0plus.h **** /*@} end of group CMSIS_CoreDebug */
 612:Drivers/CMSIS/Include/core_cm0plus.h **** 
 613:Drivers/CMSIS/Include/core_cm0plus.h **** 
 614:Drivers/CMSIS/Include/core_cm0plus.h **** /**
 615:Drivers/CMSIS/Include/core_cm0plus.h ****   \ingroup    CMSIS_core_register
 616:Drivers/CMSIS/Include/core_cm0plus.h ****   \defgroup   CMSIS_core_bitfield     Core register bit field macros
 617:Drivers/CMSIS/Include/core_cm0plus.h ****   \brief      Macros for use with bit field definitions (xxx_Pos, xxx_Msk).
 618:Drivers/CMSIS/Include/core_cm0plus.h ****   @{
 619:Drivers/CMSIS/Include/core_cm0plus.h ****  */
 620:Drivers/CMSIS/Include/core_cm0plus.h **** 
 621:Drivers/CMSIS/Include/core_cm0plus.h **** /**
 622:Drivers/CMSIS/Include/core_cm0plus.h ****   \brief   Mask and shift a bit field value for use in a register bit range.
 623:Drivers/CMSIS/Include/core_cm0plus.h ****   \param[in] field  Name of the register bit field.
 624:Drivers/CMSIS/Include/core_cm0plus.h ****   \param[in] value  Value of the bit field. This parameter is interpreted as an uint32_t type.
 625:Drivers/CMSIS/Include/core_cm0plus.h ****   \return           Masked and shifted value.
 626:Drivers/CMSIS/Include/core_cm0plus.h **** */
 627:Drivers/CMSIS/Include/core_cm0plus.h **** #define _VAL2FLD(field, value)    (((uint32_t)(value) << field ## _Pos) & field ## _Msk)
 628:Drivers/CMSIS/Include/core_cm0plus.h **** 
 629:Drivers/CMSIS/Include/core_cm0plus.h **** /**
 630:Drivers/CMSIS/Include/core_cm0plus.h ****   \brief     Mask and shift a register value to extract a bit filed value.
 631:Drivers/CMSIS/Include/core_cm0plus.h ****   \param[in] field  Name of the register bit field.
 632:Drivers/CMSIS/Include/core_cm0plus.h ****   \param[in] value  Value of register. This parameter is interpreted as an uint32_t type.
 633:Drivers/CMSIS/Include/core_cm0plus.h ****   \return           Masked and shifted bit field value.
 634:Drivers/CMSIS/Include/core_cm0plus.h **** */
 635:Drivers/CMSIS/Include/core_cm0plus.h **** #define _FLD2VAL(field, value)    (((uint32_t)(value) & field ## _Msk) >> field ## _Pos)
 636:Drivers/CMSIS/Include/core_cm0plus.h **** 
 637:Drivers/CMSIS/Include/core_cm0plus.h **** /*@} end of group CMSIS_core_bitfield */
 638:Drivers/CMSIS/Include/core_cm0plus.h **** 
 639:Drivers/CMSIS/Include/core_cm0plus.h **** 
 640:Drivers/CMSIS/Include/core_cm0plus.h **** /**
 641:Drivers/CMSIS/Include/core_cm0plus.h ****   \ingroup    CMSIS_core_register
 642:Drivers/CMSIS/Include/core_cm0plus.h ****   \defgroup   CMSIS_core_base     Core Definitions
 643:Drivers/CMSIS/Include/core_cm0plus.h ****   \brief      Definitions for base addresses, unions, and structures.
 644:Drivers/CMSIS/Include/core_cm0plus.h ****   @{
 645:Drivers/CMSIS/Include/core_cm0plus.h ****  */
 646:Drivers/CMSIS/Include/core_cm0plus.h **** 
 647:Drivers/CMSIS/Include/core_cm0plus.h **** /* Memory mapping of Core Hardware */
 648:Drivers/CMSIS/Include/core_cm0plus.h **** #define SCS_BASE            (0xE000E000UL)                            /*!< System Control Space Bas
 649:Drivers/CMSIS/Include/core_cm0plus.h **** #define SysTick_BASE        (SCS_BASE +  0x0010UL)                    /*!< SysTick Base Address */
 650:Drivers/CMSIS/Include/core_cm0plus.h **** #define NVIC_BASE           (SCS_BASE +  0x0100UL)                    /*!< NVIC Base Address */
 651:Drivers/CMSIS/Include/core_cm0plus.h **** #define SCB_BASE            (SCS_BASE +  0x0D00UL)                    /*!< System Control Block Bas
 652:Drivers/CMSIS/Include/core_cm0plus.h **** 
 653:Drivers/CMSIS/Include/core_cm0plus.h **** #define SCB                 ((SCB_Type       *)     SCB_BASE      )   /*!< SCB configuration struct
 654:Drivers/CMSIS/Include/core_cm0plus.h **** #define SysTick             ((SysTick_Type   *)     SysTick_BASE  )   /*!< SysTick configuration st
 655:Drivers/CMSIS/Include/core_cm0plus.h **** #define NVIC                ((NVIC_Type      *)     NVIC_BASE     )   /*!< NVIC configuration struc
 656:Drivers/CMSIS/Include/core_cm0plus.h **** 
 657:Drivers/CMSIS/Include/core_cm0plus.h **** #if defined (__MPU_PRESENT) && (__MPU_PRESENT == 1U)
 658:Drivers/CMSIS/Include/core_cm0plus.h ****   #define MPU_BASE          (SCS_BASE +  0x0D90UL)                    /*!< Memory Protection Unit *
 659:Drivers/CMSIS/Include/core_cm0plus.h ****   #define MPU               ((MPU_Type       *)     MPU_BASE      )   /*!< Memory Protection Unit *
ARM GAS  C:\Users\a_hae\AppData\Local\Temp\ccY5vqR6.s 			page 13


 660:Drivers/CMSIS/Include/core_cm0plus.h **** #endif
 661:Drivers/CMSIS/Include/core_cm0plus.h **** 
 662:Drivers/CMSIS/Include/core_cm0plus.h **** /*@} */
 663:Drivers/CMSIS/Include/core_cm0plus.h **** 
 664:Drivers/CMSIS/Include/core_cm0plus.h **** 
 665:Drivers/CMSIS/Include/core_cm0plus.h **** 
 666:Drivers/CMSIS/Include/core_cm0plus.h **** /*******************************************************************************
 667:Drivers/CMSIS/Include/core_cm0plus.h ****  *                Hardware Abstraction Layer
 668:Drivers/CMSIS/Include/core_cm0plus.h ****   Core Function Interface contains:
 669:Drivers/CMSIS/Include/core_cm0plus.h ****   - Core NVIC Functions
 670:Drivers/CMSIS/Include/core_cm0plus.h ****   - Core SysTick Functions
 671:Drivers/CMSIS/Include/core_cm0plus.h ****   - Core Register Access Functions
 672:Drivers/CMSIS/Include/core_cm0plus.h ****  ******************************************************************************/
 673:Drivers/CMSIS/Include/core_cm0plus.h **** /**
 674:Drivers/CMSIS/Include/core_cm0plus.h ****   \defgroup CMSIS_Core_FunctionInterface Functions and Instructions Reference
 675:Drivers/CMSIS/Include/core_cm0plus.h **** */
 676:Drivers/CMSIS/Include/core_cm0plus.h **** 
 677:Drivers/CMSIS/Include/core_cm0plus.h **** 
 678:Drivers/CMSIS/Include/core_cm0plus.h **** 
 679:Drivers/CMSIS/Include/core_cm0plus.h **** /* ##########################   NVIC functions  #################################### */
 680:Drivers/CMSIS/Include/core_cm0plus.h **** /**
 681:Drivers/CMSIS/Include/core_cm0plus.h ****   \ingroup  CMSIS_Core_FunctionInterface
 682:Drivers/CMSIS/Include/core_cm0plus.h ****   \defgroup CMSIS_Core_NVICFunctions NVIC Functions
 683:Drivers/CMSIS/Include/core_cm0plus.h ****   \brief    Functions that manage interrupts and exceptions via the NVIC.
 684:Drivers/CMSIS/Include/core_cm0plus.h ****   @{
 685:Drivers/CMSIS/Include/core_cm0plus.h ****  */
 686:Drivers/CMSIS/Include/core_cm0plus.h **** 
 687:Drivers/CMSIS/Include/core_cm0plus.h **** #ifdef CMSIS_NVIC_VIRTUAL
 688:Drivers/CMSIS/Include/core_cm0plus.h ****   #ifndef CMSIS_NVIC_VIRTUAL_HEADER_FILE
 689:Drivers/CMSIS/Include/core_cm0plus.h ****     #define CMSIS_NVIC_VIRTUAL_HEADER_FILE "cmsis_nvic_virtual.h"
 690:Drivers/CMSIS/Include/core_cm0plus.h ****   #endif
 691:Drivers/CMSIS/Include/core_cm0plus.h ****   #include CMSIS_NVIC_VIRTUAL_HEADER_FILE
 692:Drivers/CMSIS/Include/core_cm0plus.h **** #else
 693:Drivers/CMSIS/Include/core_cm0plus.h ****   #define NVIC_SetPriorityGrouping    __NVIC_SetPriorityGrouping
 694:Drivers/CMSIS/Include/core_cm0plus.h ****   #define NVIC_GetPriorityGrouping    __NVIC_GetPriorityGrouping
 695:Drivers/CMSIS/Include/core_cm0plus.h ****   #define NVIC_EnableIRQ              __NVIC_EnableIRQ
 696:Drivers/CMSIS/Include/core_cm0plus.h ****   #define NVIC_GetEnableIRQ           __NVIC_GetEnableIRQ
 697:Drivers/CMSIS/Include/core_cm0plus.h ****   #define NVIC_DisableIRQ             __NVIC_DisableIRQ
 698:Drivers/CMSIS/Include/core_cm0plus.h ****   #define NVIC_GetPendingIRQ          __NVIC_GetPendingIRQ
 699:Drivers/CMSIS/Include/core_cm0plus.h ****   #define NVIC_SetPendingIRQ          __NVIC_SetPendingIRQ
 700:Drivers/CMSIS/Include/core_cm0plus.h ****   #define NVIC_ClearPendingIRQ        __NVIC_ClearPendingIRQ
 701:Drivers/CMSIS/Include/core_cm0plus.h **** /*#define NVIC_GetActive              __NVIC_GetActive             not available for Cortex-M0+ */
 702:Drivers/CMSIS/Include/core_cm0plus.h ****   #define NVIC_SetPriority            __NVIC_SetPriority
 703:Drivers/CMSIS/Include/core_cm0plus.h ****   #define NVIC_GetPriority            __NVIC_GetPriority
 704:Drivers/CMSIS/Include/core_cm0plus.h ****   #define NVIC_SystemReset            __NVIC_SystemReset
 705:Drivers/CMSIS/Include/core_cm0plus.h **** #endif /* CMSIS_NVIC_VIRTUAL */
 706:Drivers/CMSIS/Include/core_cm0plus.h **** 
 707:Drivers/CMSIS/Include/core_cm0plus.h **** #ifdef CMSIS_VECTAB_VIRTUAL
 708:Drivers/CMSIS/Include/core_cm0plus.h ****   #ifndef CMSIS_VECTAB_VIRTUAL_HEADER_FILE
 709:Drivers/CMSIS/Include/core_cm0plus.h ****     #define CMSIS_VECTAB_VIRTUAL_HEADER_FILE "cmsis_vectab_virtual.h"
 710:Drivers/CMSIS/Include/core_cm0plus.h ****   #endif
 711:Drivers/CMSIS/Include/core_cm0plus.h ****   #include CMSIS_VECTAB_VIRTUAL_HEADER_FILE
 712:Drivers/CMSIS/Include/core_cm0plus.h **** #else
 713:Drivers/CMSIS/Include/core_cm0plus.h ****   #define NVIC_SetVector              __NVIC_SetVector
 714:Drivers/CMSIS/Include/core_cm0plus.h ****   #define NVIC_GetVector              __NVIC_GetVector
 715:Drivers/CMSIS/Include/core_cm0plus.h **** #endif  /* (CMSIS_VECTAB_VIRTUAL) */
 716:Drivers/CMSIS/Include/core_cm0plus.h **** 
ARM GAS  C:\Users\a_hae\AppData\Local\Temp\ccY5vqR6.s 			page 14


 717:Drivers/CMSIS/Include/core_cm0plus.h **** #define NVIC_USER_IRQ_OFFSET          16
 718:Drivers/CMSIS/Include/core_cm0plus.h **** 
 719:Drivers/CMSIS/Include/core_cm0plus.h **** 
 720:Drivers/CMSIS/Include/core_cm0plus.h **** /* The following EXC_RETURN values are saved the LR on exception entry */
 721:Drivers/CMSIS/Include/core_cm0plus.h **** #define EXC_RETURN_HANDLER         (0xFFFFFFF1UL)     /* return to Handler mode, uses MSP after ret
 722:Drivers/CMSIS/Include/core_cm0plus.h **** #define EXC_RETURN_THREAD_MSP      (0xFFFFFFF9UL)     /* return to Thread mode, uses MSP after retu
 723:Drivers/CMSIS/Include/core_cm0plus.h **** #define EXC_RETURN_THREAD_PSP      (0xFFFFFFFDUL)     /* return to Thread mode, uses PSP after retu
 724:Drivers/CMSIS/Include/core_cm0plus.h **** 
 725:Drivers/CMSIS/Include/core_cm0plus.h **** 
 726:Drivers/CMSIS/Include/core_cm0plus.h **** /* Interrupt Priorities are WORD accessible only under Armv6-M                  */
 727:Drivers/CMSIS/Include/core_cm0plus.h **** /* The following MACROS handle generation of the register offset and byte masks */
 728:Drivers/CMSIS/Include/core_cm0plus.h **** #define _BIT_SHIFT(IRQn)         (  ((((uint32_t)(int32_t)(IRQn))         )      &  0x03UL) * 8UL)
 729:Drivers/CMSIS/Include/core_cm0plus.h **** #define _SHP_IDX(IRQn)           ( (((((uint32_t)(int32_t)(IRQn)) & 0x0FUL)-8UL) >>    2UL)      )
 730:Drivers/CMSIS/Include/core_cm0plus.h **** #define _IP_IDX(IRQn)            (   (((uint32_t)(int32_t)(IRQn))                >>    2UL)      )
 731:Drivers/CMSIS/Include/core_cm0plus.h **** 
 732:Drivers/CMSIS/Include/core_cm0plus.h **** #define __NVIC_SetPriorityGrouping(X) (void)(X)
 733:Drivers/CMSIS/Include/core_cm0plus.h **** #define __NVIC_GetPriorityGrouping()  (0U)
 734:Drivers/CMSIS/Include/core_cm0plus.h **** 
 735:Drivers/CMSIS/Include/core_cm0plus.h **** /**
 736:Drivers/CMSIS/Include/core_cm0plus.h ****   \brief   Enable Interrupt
 737:Drivers/CMSIS/Include/core_cm0plus.h ****   \details Enables a device specific interrupt in the NVIC interrupt controller.
 738:Drivers/CMSIS/Include/core_cm0plus.h ****   \param [in]      IRQn  Device specific interrupt number.
 739:Drivers/CMSIS/Include/core_cm0plus.h ****   \note    IRQn must not be negative.
 740:Drivers/CMSIS/Include/core_cm0plus.h ****  */
 741:Drivers/CMSIS/Include/core_cm0plus.h **** __STATIC_INLINE void __NVIC_EnableIRQ(IRQn_Type IRQn)
 742:Drivers/CMSIS/Include/core_cm0plus.h **** {
 743:Drivers/CMSIS/Include/core_cm0plus.h ****   if ((int32_t)(IRQn) >= 0)
 744:Drivers/CMSIS/Include/core_cm0plus.h ****   {
 745:Drivers/CMSIS/Include/core_cm0plus.h ****     __COMPILER_BARRIER();
 746:Drivers/CMSIS/Include/core_cm0plus.h ****     NVIC->ISER[0U] = (uint32_t)(1UL << (((uint32_t)IRQn) & 0x1FUL));
 747:Drivers/CMSIS/Include/core_cm0plus.h ****     __COMPILER_BARRIER();
 748:Drivers/CMSIS/Include/core_cm0plus.h ****   }
 749:Drivers/CMSIS/Include/core_cm0plus.h **** }
 750:Drivers/CMSIS/Include/core_cm0plus.h **** 
 751:Drivers/CMSIS/Include/core_cm0plus.h **** 
 752:Drivers/CMSIS/Include/core_cm0plus.h **** /**
 753:Drivers/CMSIS/Include/core_cm0plus.h ****   \brief   Get Interrupt Enable status
 754:Drivers/CMSIS/Include/core_cm0plus.h ****   \details Returns a device specific interrupt enable status from the NVIC interrupt controller.
 755:Drivers/CMSIS/Include/core_cm0plus.h ****   \param [in]      IRQn  Device specific interrupt number.
 756:Drivers/CMSIS/Include/core_cm0plus.h ****   \return             0  Interrupt is not enabled.
 757:Drivers/CMSIS/Include/core_cm0plus.h ****   \return             1  Interrupt is enabled.
 758:Drivers/CMSIS/Include/core_cm0plus.h ****   \note    IRQn must not be negative.
 759:Drivers/CMSIS/Include/core_cm0plus.h ****  */
 760:Drivers/CMSIS/Include/core_cm0plus.h **** __STATIC_INLINE uint32_t __NVIC_GetEnableIRQ(IRQn_Type IRQn)
 761:Drivers/CMSIS/Include/core_cm0plus.h **** {
 762:Drivers/CMSIS/Include/core_cm0plus.h ****   if ((int32_t)(IRQn) >= 0)
 763:Drivers/CMSIS/Include/core_cm0plus.h ****   {
 764:Drivers/CMSIS/Include/core_cm0plus.h ****     return((uint32_t)(((NVIC->ISER[0U] & (1UL << (((uint32_t)IRQn) & 0x1FUL))) != 0UL) ? 1UL : 0UL)
 765:Drivers/CMSIS/Include/core_cm0plus.h ****   }
 766:Drivers/CMSIS/Include/core_cm0plus.h ****   else
 767:Drivers/CMSIS/Include/core_cm0plus.h ****   {
 768:Drivers/CMSIS/Include/core_cm0plus.h ****     return(0U);
 769:Drivers/CMSIS/Include/core_cm0plus.h ****   }
 770:Drivers/CMSIS/Include/core_cm0plus.h **** }
 771:Drivers/CMSIS/Include/core_cm0plus.h **** 
 772:Drivers/CMSIS/Include/core_cm0plus.h **** 
 773:Drivers/CMSIS/Include/core_cm0plus.h **** /**
ARM GAS  C:\Users\a_hae\AppData\Local\Temp\ccY5vqR6.s 			page 15


 774:Drivers/CMSIS/Include/core_cm0plus.h ****   \brief   Disable Interrupt
 775:Drivers/CMSIS/Include/core_cm0plus.h ****   \details Disables a device specific interrupt in the NVIC interrupt controller.
 776:Drivers/CMSIS/Include/core_cm0plus.h ****   \param [in]      IRQn  Device specific interrupt number.
 777:Drivers/CMSIS/Include/core_cm0plus.h ****   \note    IRQn must not be negative.
 778:Drivers/CMSIS/Include/core_cm0plus.h ****  */
 779:Drivers/CMSIS/Include/core_cm0plus.h **** __STATIC_INLINE void __NVIC_DisableIRQ(IRQn_Type IRQn)
 780:Drivers/CMSIS/Include/core_cm0plus.h **** {
 781:Drivers/CMSIS/Include/core_cm0plus.h ****   if ((int32_t)(IRQn) >= 0)
 782:Drivers/CMSIS/Include/core_cm0plus.h ****   {
 783:Drivers/CMSIS/Include/core_cm0plus.h ****     NVIC->ICER[0U] = (uint32_t)(1UL << (((uint32_t)IRQn) & 0x1FUL));
 784:Drivers/CMSIS/Include/core_cm0plus.h ****     __DSB();
 785:Drivers/CMSIS/Include/core_cm0plus.h ****     __ISB();
 786:Drivers/CMSIS/Include/core_cm0plus.h ****   }
 787:Drivers/CMSIS/Include/core_cm0plus.h **** }
 788:Drivers/CMSIS/Include/core_cm0plus.h **** 
 789:Drivers/CMSIS/Include/core_cm0plus.h **** 
 790:Drivers/CMSIS/Include/core_cm0plus.h **** /**
 791:Drivers/CMSIS/Include/core_cm0plus.h ****   \brief   Get Pending Interrupt
 792:Drivers/CMSIS/Include/core_cm0plus.h ****   \details Reads the NVIC pending register and returns the pending bit for the specified device spe
 793:Drivers/CMSIS/Include/core_cm0plus.h ****   \param [in]      IRQn  Device specific interrupt number.
 794:Drivers/CMSIS/Include/core_cm0plus.h ****   \return             0  Interrupt status is not pending.
 795:Drivers/CMSIS/Include/core_cm0plus.h ****   \return             1  Interrupt status is pending.
 796:Drivers/CMSIS/Include/core_cm0plus.h ****   \note    IRQn must not be negative.
 797:Drivers/CMSIS/Include/core_cm0plus.h ****  */
 798:Drivers/CMSIS/Include/core_cm0plus.h **** __STATIC_INLINE uint32_t __NVIC_GetPendingIRQ(IRQn_Type IRQn)
 799:Drivers/CMSIS/Include/core_cm0plus.h **** {
 800:Drivers/CMSIS/Include/core_cm0plus.h ****   if ((int32_t)(IRQn) >= 0)
 801:Drivers/CMSIS/Include/core_cm0plus.h ****   {
 802:Drivers/CMSIS/Include/core_cm0plus.h ****     return((uint32_t)(((NVIC->ISPR[0U] & (1UL << (((uint32_t)IRQn) & 0x1FUL))) != 0UL) ? 1UL : 0UL)
 803:Drivers/CMSIS/Include/core_cm0plus.h ****   }
 804:Drivers/CMSIS/Include/core_cm0plus.h ****   else
 805:Drivers/CMSIS/Include/core_cm0plus.h ****   {
 806:Drivers/CMSIS/Include/core_cm0plus.h ****     return(0U);
 807:Drivers/CMSIS/Include/core_cm0plus.h ****   }
 808:Drivers/CMSIS/Include/core_cm0plus.h **** }
 809:Drivers/CMSIS/Include/core_cm0plus.h **** 
 810:Drivers/CMSIS/Include/core_cm0plus.h **** 
 811:Drivers/CMSIS/Include/core_cm0plus.h **** /**
 812:Drivers/CMSIS/Include/core_cm0plus.h ****   \brief   Set Pending Interrupt
 813:Drivers/CMSIS/Include/core_cm0plus.h ****   \details Sets the pending bit of a device specific interrupt in the NVIC pending register.
 814:Drivers/CMSIS/Include/core_cm0plus.h ****   \param [in]      IRQn  Device specific interrupt number.
 815:Drivers/CMSIS/Include/core_cm0plus.h ****   \note    IRQn must not be negative.
 816:Drivers/CMSIS/Include/core_cm0plus.h ****  */
 817:Drivers/CMSIS/Include/core_cm0plus.h **** __STATIC_INLINE void __NVIC_SetPendingIRQ(IRQn_Type IRQn)
 818:Drivers/CMSIS/Include/core_cm0plus.h **** {
 819:Drivers/CMSIS/Include/core_cm0plus.h ****   if ((int32_t)(IRQn) >= 0)
 820:Drivers/CMSIS/Include/core_cm0plus.h ****   {
 821:Drivers/CMSIS/Include/core_cm0plus.h ****     NVIC->ISPR[0U] = (uint32_t)(1UL << (((uint32_t)IRQn) & 0x1FUL));
 822:Drivers/CMSIS/Include/core_cm0plus.h ****   }
 823:Drivers/CMSIS/Include/core_cm0plus.h **** }
 824:Drivers/CMSIS/Include/core_cm0plus.h **** 
 825:Drivers/CMSIS/Include/core_cm0plus.h **** 
 826:Drivers/CMSIS/Include/core_cm0plus.h **** /**
 827:Drivers/CMSIS/Include/core_cm0plus.h ****   \brief   Clear Pending Interrupt
 828:Drivers/CMSIS/Include/core_cm0plus.h ****   \details Clears the pending bit of a device specific interrupt in the NVIC pending register.
 829:Drivers/CMSIS/Include/core_cm0plus.h ****   \param [in]      IRQn  Device specific interrupt number.
 830:Drivers/CMSIS/Include/core_cm0plus.h ****   \note    IRQn must not be negative.
ARM GAS  C:\Users\a_hae\AppData\Local\Temp\ccY5vqR6.s 			page 16


 831:Drivers/CMSIS/Include/core_cm0plus.h ****  */
 832:Drivers/CMSIS/Include/core_cm0plus.h **** __STATIC_INLINE void __NVIC_ClearPendingIRQ(IRQn_Type IRQn)
 833:Drivers/CMSIS/Include/core_cm0plus.h **** {
 834:Drivers/CMSIS/Include/core_cm0plus.h ****   if ((int32_t)(IRQn) >= 0)
 835:Drivers/CMSIS/Include/core_cm0plus.h ****   {
 836:Drivers/CMSIS/Include/core_cm0plus.h ****     NVIC->ICPR[0U] = (uint32_t)(1UL << (((uint32_t)IRQn) & 0x1FUL));
 837:Drivers/CMSIS/Include/core_cm0plus.h ****   }
 838:Drivers/CMSIS/Include/core_cm0plus.h **** }
 839:Drivers/CMSIS/Include/core_cm0plus.h **** 
 840:Drivers/CMSIS/Include/core_cm0plus.h **** 
 841:Drivers/CMSIS/Include/core_cm0plus.h **** /**
 842:Drivers/CMSIS/Include/core_cm0plus.h ****   \brief   Set Interrupt Priority
 843:Drivers/CMSIS/Include/core_cm0plus.h ****   \details Sets the priority of a device specific interrupt or a processor exception.
 844:Drivers/CMSIS/Include/core_cm0plus.h ****            The interrupt number can be positive to specify a device specific interrupt,
 845:Drivers/CMSIS/Include/core_cm0plus.h ****            or negative to specify a processor exception.
 846:Drivers/CMSIS/Include/core_cm0plus.h ****   \param [in]      IRQn  Interrupt number.
 847:Drivers/CMSIS/Include/core_cm0plus.h ****   \param [in]  priority  Priority to set.
 848:Drivers/CMSIS/Include/core_cm0plus.h ****   \note    The priority cannot be set for every processor exception.
 849:Drivers/CMSIS/Include/core_cm0plus.h ****  */
 850:Drivers/CMSIS/Include/core_cm0plus.h **** __STATIC_INLINE void __NVIC_SetPriority(IRQn_Type IRQn, uint32_t priority)
 851:Drivers/CMSIS/Include/core_cm0plus.h **** {
 852:Drivers/CMSIS/Include/core_cm0plus.h ****   if ((int32_t)(IRQn) >= 0)
 853:Drivers/CMSIS/Include/core_cm0plus.h ****   {
 854:Drivers/CMSIS/Include/core_cm0plus.h ****     NVIC->IP[_IP_IDX(IRQn)]  = ((uint32_t)(NVIC->IP[_IP_IDX(IRQn)]  & ~(0xFFUL << _BIT_SHIFT(IRQn))
 855:Drivers/CMSIS/Include/core_cm0plus.h ****        (((priority << (8U - __NVIC_PRIO_BITS)) & (uint32_t)0xFFUL) << _BIT_SHIFT(IRQn)));
 856:Drivers/CMSIS/Include/core_cm0plus.h ****   }
 857:Drivers/CMSIS/Include/core_cm0plus.h ****   else
 858:Drivers/CMSIS/Include/core_cm0plus.h ****   {
 859:Drivers/CMSIS/Include/core_cm0plus.h ****     SCB->SHP[_SHP_IDX(IRQn)] = ((uint32_t)(SCB->SHP[_SHP_IDX(IRQn)] & ~(0xFFUL << _BIT_SHIFT(IRQn))
 860:Drivers/CMSIS/Include/core_cm0plus.h ****        (((priority << (8U - __NVIC_PRIO_BITS)) & (uint32_t)0xFFUL) << _BIT_SHIFT(IRQn)));
 861:Drivers/CMSIS/Include/core_cm0plus.h ****   }
 862:Drivers/CMSIS/Include/core_cm0plus.h **** }
 863:Drivers/CMSIS/Include/core_cm0plus.h **** 
 864:Drivers/CMSIS/Include/core_cm0plus.h **** 
 865:Drivers/CMSIS/Include/core_cm0plus.h **** /**
 866:Drivers/CMSIS/Include/core_cm0plus.h ****   \brief   Get Interrupt Priority
 867:Drivers/CMSIS/Include/core_cm0plus.h ****   \details Reads the priority of a device specific interrupt or a processor exception.
 868:Drivers/CMSIS/Include/core_cm0plus.h ****            The interrupt number can be positive to specify a device specific interrupt,
 869:Drivers/CMSIS/Include/core_cm0plus.h ****            or negative to specify a processor exception.
 870:Drivers/CMSIS/Include/core_cm0plus.h ****   \param [in]   IRQn  Interrupt number.
 871:Drivers/CMSIS/Include/core_cm0plus.h ****   \return             Interrupt Priority.
 872:Drivers/CMSIS/Include/core_cm0plus.h ****                       Value is aligned automatically to the implemented priority bits of the microc
 873:Drivers/CMSIS/Include/core_cm0plus.h ****  */
 874:Drivers/CMSIS/Include/core_cm0plus.h **** __STATIC_INLINE uint32_t __NVIC_GetPriority(IRQn_Type IRQn)
 875:Drivers/CMSIS/Include/core_cm0plus.h **** {
 876:Drivers/CMSIS/Include/core_cm0plus.h **** 
 877:Drivers/CMSIS/Include/core_cm0plus.h ****   if ((int32_t)(IRQn) >= 0)
 878:Drivers/CMSIS/Include/core_cm0plus.h ****   {
 879:Drivers/CMSIS/Include/core_cm0plus.h ****     return((uint32_t)(((NVIC->IP[ _IP_IDX(IRQn)] >> _BIT_SHIFT(IRQn) ) & (uint32_t)0xFFUL) >> (8U -
 880:Drivers/CMSIS/Include/core_cm0plus.h ****   }
 881:Drivers/CMSIS/Include/core_cm0plus.h ****   else
 882:Drivers/CMSIS/Include/core_cm0plus.h ****   {
 883:Drivers/CMSIS/Include/core_cm0plus.h ****     return((uint32_t)(((SCB->SHP[_SHP_IDX(IRQn)] >> _BIT_SHIFT(IRQn) ) & (uint32_t)0xFFUL) >> (8U -
 884:Drivers/CMSIS/Include/core_cm0plus.h ****   }
 885:Drivers/CMSIS/Include/core_cm0plus.h **** }
 886:Drivers/CMSIS/Include/core_cm0plus.h **** 
 887:Drivers/CMSIS/Include/core_cm0plus.h **** 
ARM GAS  C:\Users\a_hae\AppData\Local\Temp\ccY5vqR6.s 			page 17


 888:Drivers/CMSIS/Include/core_cm0plus.h **** /**
 889:Drivers/CMSIS/Include/core_cm0plus.h ****   \brief   Encode Priority
 890:Drivers/CMSIS/Include/core_cm0plus.h ****   \details Encodes the priority for an interrupt with the given priority group,
 891:Drivers/CMSIS/Include/core_cm0plus.h ****            preemptive priority value, and subpriority value.
 892:Drivers/CMSIS/Include/core_cm0plus.h ****            In case of a conflict between priority grouping and available
 893:Drivers/CMSIS/Include/core_cm0plus.h ****            priority bits (__NVIC_PRIO_BITS), the smallest possible priority group is set.
 894:Drivers/CMSIS/Include/core_cm0plus.h ****   \param [in]     PriorityGroup  Used priority group.
 895:Drivers/CMSIS/Include/core_cm0plus.h ****   \param [in]   PreemptPriority  Preemptive priority value (starting from 0).
 896:Drivers/CMSIS/Include/core_cm0plus.h ****   \param [in]       SubPriority  Subpriority value (starting from 0).
 897:Drivers/CMSIS/Include/core_cm0plus.h ****   \return                        Encoded priority. Value can be used in the function \ref NVIC_SetP
 898:Drivers/CMSIS/Include/core_cm0plus.h ****  */
 899:Drivers/CMSIS/Include/core_cm0plus.h **** __STATIC_INLINE uint32_t NVIC_EncodePriority (uint32_t PriorityGroup, uint32_t PreemptPriority, uin
 900:Drivers/CMSIS/Include/core_cm0plus.h **** {
 901:Drivers/CMSIS/Include/core_cm0plus.h ****   uint32_t PriorityGroupTmp = (PriorityGroup & (uint32_t)0x07UL);   /* only values 0..7 are used   
 902:Drivers/CMSIS/Include/core_cm0plus.h ****   uint32_t PreemptPriorityBits;
 903:Drivers/CMSIS/Include/core_cm0plus.h ****   uint32_t SubPriorityBits;
 904:Drivers/CMSIS/Include/core_cm0plus.h **** 
 905:Drivers/CMSIS/Include/core_cm0plus.h ****   PreemptPriorityBits = ((7UL - PriorityGroupTmp) > (uint32_t)(__NVIC_PRIO_BITS)) ? (uint32_t)(__NV
 906:Drivers/CMSIS/Include/core_cm0plus.h ****   SubPriorityBits     = ((PriorityGroupTmp + (uint32_t)(__NVIC_PRIO_BITS)) < (uint32_t)7UL) ? (uint
 907:Drivers/CMSIS/Include/core_cm0plus.h **** 
 908:Drivers/CMSIS/Include/core_cm0plus.h ****   return (
 909:Drivers/CMSIS/Include/core_cm0plus.h ****            ((PreemptPriority & (uint32_t)((1UL << (PreemptPriorityBits)) - 1UL)) << SubPriorityBits
 910:Drivers/CMSIS/Include/core_cm0plus.h ****            ((SubPriority     & (uint32_t)((1UL << (SubPriorityBits    )) - 1UL)))
 911:Drivers/CMSIS/Include/core_cm0plus.h ****          );
 912:Drivers/CMSIS/Include/core_cm0plus.h **** }
 913:Drivers/CMSIS/Include/core_cm0plus.h **** 
 914:Drivers/CMSIS/Include/core_cm0plus.h **** 
 915:Drivers/CMSIS/Include/core_cm0plus.h **** /**
 916:Drivers/CMSIS/Include/core_cm0plus.h ****   \brief   Decode Priority
 917:Drivers/CMSIS/Include/core_cm0plus.h ****   \details Decodes an interrupt priority value with a given priority group to
 918:Drivers/CMSIS/Include/core_cm0plus.h ****            preemptive priority value and subpriority value.
 919:Drivers/CMSIS/Include/core_cm0plus.h ****            In case of a conflict between priority grouping and available
 920:Drivers/CMSIS/Include/core_cm0plus.h ****            priority bits (__NVIC_PRIO_BITS) the smallest possible priority group is set.
 921:Drivers/CMSIS/Include/core_cm0plus.h ****   \param [in]         Priority   Priority value, which can be retrieved with the function \ref NVIC
 922:Drivers/CMSIS/Include/core_cm0plus.h ****   \param [in]     PriorityGroup  Used priority group.
 923:Drivers/CMSIS/Include/core_cm0plus.h ****   \param [out] pPreemptPriority  Preemptive priority value (starting from 0).
 924:Drivers/CMSIS/Include/core_cm0plus.h ****   \param [out]     pSubPriority  Subpriority value (starting from 0).
 925:Drivers/CMSIS/Include/core_cm0plus.h ****  */
 926:Drivers/CMSIS/Include/core_cm0plus.h **** __STATIC_INLINE void NVIC_DecodePriority (uint32_t Priority, uint32_t PriorityGroup, uint32_t* cons
 927:Drivers/CMSIS/Include/core_cm0plus.h **** {
 928:Drivers/CMSIS/Include/core_cm0plus.h ****   uint32_t PriorityGroupTmp = (PriorityGroup & (uint32_t)0x07UL);   /* only values 0..7 are used   
 929:Drivers/CMSIS/Include/core_cm0plus.h ****   uint32_t PreemptPriorityBits;
 930:Drivers/CMSIS/Include/core_cm0plus.h ****   uint32_t SubPriorityBits;
 931:Drivers/CMSIS/Include/core_cm0plus.h **** 
 932:Drivers/CMSIS/Include/core_cm0plus.h ****   PreemptPriorityBits = ((7UL - PriorityGroupTmp) > (uint32_t)(__NVIC_PRIO_BITS)) ? (uint32_t)(__NV
 933:Drivers/CMSIS/Include/core_cm0plus.h ****   SubPriorityBits     = ((PriorityGroupTmp + (uint32_t)(__NVIC_PRIO_BITS)) < (uint32_t)7UL) ? (uint
 934:Drivers/CMSIS/Include/core_cm0plus.h **** 
 935:Drivers/CMSIS/Include/core_cm0plus.h ****   *pPreemptPriority = (Priority >> SubPriorityBits) & (uint32_t)((1UL << (PreemptPriorityBits)) - 1
 936:Drivers/CMSIS/Include/core_cm0plus.h ****   *pSubPriority     = (Priority                   ) & (uint32_t)((1UL << (SubPriorityBits    )) - 1
 937:Drivers/CMSIS/Include/core_cm0plus.h **** }
 938:Drivers/CMSIS/Include/core_cm0plus.h **** 
 939:Drivers/CMSIS/Include/core_cm0plus.h **** 
 940:Drivers/CMSIS/Include/core_cm0plus.h **** /**
 941:Drivers/CMSIS/Include/core_cm0plus.h ****   \brief   Set Interrupt Vector
 942:Drivers/CMSIS/Include/core_cm0plus.h ****   \details Sets an interrupt vector in SRAM based interrupt vector table.
 943:Drivers/CMSIS/Include/core_cm0plus.h ****            The interrupt number can be positive to specify a device specific interrupt,
 944:Drivers/CMSIS/Include/core_cm0plus.h ****            or negative to specify a processor exception.
ARM GAS  C:\Users\a_hae\AppData\Local\Temp\ccY5vqR6.s 			page 18


 945:Drivers/CMSIS/Include/core_cm0plus.h ****            VTOR must been relocated to SRAM before.
 946:Drivers/CMSIS/Include/core_cm0plus.h ****            If VTOR is not present address 0 must be mapped to SRAM.
 947:Drivers/CMSIS/Include/core_cm0plus.h ****   \param [in]   IRQn      Interrupt number
 948:Drivers/CMSIS/Include/core_cm0plus.h ****   \param [in]   vector    Address of interrupt handler function
 949:Drivers/CMSIS/Include/core_cm0plus.h ****  */
 950:Drivers/CMSIS/Include/core_cm0plus.h **** __STATIC_INLINE void __NVIC_SetVector(IRQn_Type IRQn, uint32_t vector)
 951:Drivers/CMSIS/Include/core_cm0plus.h **** {
 952:Drivers/CMSIS/Include/core_cm0plus.h **** #if defined (__VTOR_PRESENT) && (__VTOR_PRESENT == 1U)
 953:Drivers/CMSIS/Include/core_cm0plus.h ****   uint32_t vectors = SCB->VTOR;
 954:Drivers/CMSIS/Include/core_cm0plus.h **** #else
 955:Drivers/CMSIS/Include/core_cm0plus.h ****   uint32_t vectors = 0x0U;
 956:Drivers/CMSIS/Include/core_cm0plus.h **** #endif
 957:Drivers/CMSIS/Include/core_cm0plus.h ****   (* (int *) (vectors + ((int32_t)IRQn + NVIC_USER_IRQ_OFFSET) * 4)) = vector;
 958:Drivers/CMSIS/Include/core_cm0plus.h ****   /* ARM Application Note 321 states that the M0+ does not require the architectural barrier */
 959:Drivers/CMSIS/Include/core_cm0plus.h **** }
 960:Drivers/CMSIS/Include/core_cm0plus.h **** 
 961:Drivers/CMSIS/Include/core_cm0plus.h **** 
 962:Drivers/CMSIS/Include/core_cm0plus.h **** /**
 963:Drivers/CMSIS/Include/core_cm0plus.h ****   \brief   Get Interrupt Vector
 964:Drivers/CMSIS/Include/core_cm0plus.h ****   \details Reads an interrupt vector from interrupt vector table.
 965:Drivers/CMSIS/Include/core_cm0plus.h ****            The interrupt number can be positive to specify a device specific interrupt,
 966:Drivers/CMSIS/Include/core_cm0plus.h ****            or negative to specify a processor exception.
 967:Drivers/CMSIS/Include/core_cm0plus.h ****   \param [in]   IRQn      Interrupt number.
 968:Drivers/CMSIS/Include/core_cm0plus.h ****   \return                 Address of interrupt handler function
 969:Drivers/CMSIS/Include/core_cm0plus.h ****  */
 970:Drivers/CMSIS/Include/core_cm0plus.h **** __STATIC_INLINE uint32_t __NVIC_GetVector(IRQn_Type IRQn)
 971:Drivers/CMSIS/Include/core_cm0plus.h **** {
 972:Drivers/CMSIS/Include/core_cm0plus.h **** #if defined (__VTOR_PRESENT) && (__VTOR_PRESENT == 1U)
 973:Drivers/CMSIS/Include/core_cm0plus.h ****   uint32_t vectors = SCB->VTOR;
 974:Drivers/CMSIS/Include/core_cm0plus.h **** #else
 975:Drivers/CMSIS/Include/core_cm0plus.h ****   uint32_t vectors = 0x0U;
 976:Drivers/CMSIS/Include/core_cm0plus.h **** #endif
 977:Drivers/CMSIS/Include/core_cm0plus.h ****   return (uint32_t)(* (int *) (vectors + ((int32_t)IRQn + NVIC_USER_IRQ_OFFSET) * 4));
 978:Drivers/CMSIS/Include/core_cm0plus.h **** }
 979:Drivers/CMSIS/Include/core_cm0plus.h **** 
 980:Drivers/CMSIS/Include/core_cm0plus.h **** 
 981:Drivers/CMSIS/Include/core_cm0plus.h **** /**
 982:Drivers/CMSIS/Include/core_cm0plus.h ****   \brief   System Reset
 983:Drivers/CMSIS/Include/core_cm0plus.h ****   \details Initiates a system reset request to reset the MCU.
 984:Drivers/CMSIS/Include/core_cm0plus.h ****  */
 985:Drivers/CMSIS/Include/core_cm0plus.h **** __NO_RETURN __STATIC_INLINE void __NVIC_SystemReset(void)
 986:Drivers/CMSIS/Include/core_cm0plus.h **** {
  27              		.loc 2 986 1
  28              		.cfi_startproc
  29              		@ args = 0, pretend = 0, frame = 0
  30              		@ frame_needed = 1, uses_anonymous_args = 0
  31 0000 80B5     		push	{r7, lr}
  32              	.LCFI0:
  33              		.cfi_def_cfa_offset 8
  34              		.cfi_offset 7, -8
  35              		.cfi_offset 14, -4
  36 0002 00AF     		add	r7, sp, #0
  37              	.LCFI1:
  38              		.cfi_def_cfa_register 7
  39              	.LBB10:
  40              	.LBB11:
  41              		.file 3 "Drivers/CMSIS/Include/cmsis_gcc.h"
ARM GAS  C:\Users\a_hae\AppData\Local\Temp\ccY5vqR6.s 			page 19


   1:Drivers/CMSIS/Include/cmsis_gcc.h **** /**************************************************************************//**
   2:Drivers/CMSIS/Include/cmsis_gcc.h ****  * @file     cmsis_gcc.h
   3:Drivers/CMSIS/Include/cmsis_gcc.h ****  * @brief    CMSIS compiler GCC header file
   4:Drivers/CMSIS/Include/cmsis_gcc.h ****  * @version  V5.2.0
   5:Drivers/CMSIS/Include/cmsis_gcc.h ****  * @date     08. May 2019
   6:Drivers/CMSIS/Include/cmsis_gcc.h ****  ******************************************************************************/
   7:Drivers/CMSIS/Include/cmsis_gcc.h **** /*
   8:Drivers/CMSIS/Include/cmsis_gcc.h ****  * Copyright (c) 2009-2019 Arm Limited. All rights reserved.
   9:Drivers/CMSIS/Include/cmsis_gcc.h ****  *
  10:Drivers/CMSIS/Include/cmsis_gcc.h ****  * SPDX-License-Identifier: Apache-2.0
  11:Drivers/CMSIS/Include/cmsis_gcc.h ****  *
  12:Drivers/CMSIS/Include/cmsis_gcc.h ****  * Licensed under the Apache License, Version 2.0 (the License); you may
  13:Drivers/CMSIS/Include/cmsis_gcc.h ****  * not use this file except in compliance with the License.
  14:Drivers/CMSIS/Include/cmsis_gcc.h ****  * You may obtain a copy of the License at
  15:Drivers/CMSIS/Include/cmsis_gcc.h ****  *
  16:Drivers/CMSIS/Include/cmsis_gcc.h ****  * www.apache.org/licenses/LICENSE-2.0
  17:Drivers/CMSIS/Include/cmsis_gcc.h ****  *
  18:Drivers/CMSIS/Include/cmsis_gcc.h ****  * Unless required by applicable law or agreed to in writing, software
  19:Drivers/CMSIS/Include/cmsis_gcc.h ****  * distributed under the License is distributed on an AS IS BASIS, WITHOUT
  20:Drivers/CMSIS/Include/cmsis_gcc.h ****  * WARRANTIES OR CONDITIONS OF ANY KIND, either express or implied.
  21:Drivers/CMSIS/Include/cmsis_gcc.h ****  * See the License for the specific language governing permissions and
  22:Drivers/CMSIS/Include/cmsis_gcc.h ****  * limitations under the License.
  23:Drivers/CMSIS/Include/cmsis_gcc.h ****  */
  24:Drivers/CMSIS/Include/cmsis_gcc.h **** 
  25:Drivers/CMSIS/Include/cmsis_gcc.h **** #ifndef __CMSIS_GCC_H
  26:Drivers/CMSIS/Include/cmsis_gcc.h **** #define __CMSIS_GCC_H
  27:Drivers/CMSIS/Include/cmsis_gcc.h **** 
  28:Drivers/CMSIS/Include/cmsis_gcc.h **** /* ignore some GCC warnings */
  29:Drivers/CMSIS/Include/cmsis_gcc.h **** #pragma GCC diagnostic push
  30:Drivers/CMSIS/Include/cmsis_gcc.h **** #pragma GCC diagnostic ignored "-Wsign-conversion"
  31:Drivers/CMSIS/Include/cmsis_gcc.h **** #pragma GCC diagnostic ignored "-Wconversion"
  32:Drivers/CMSIS/Include/cmsis_gcc.h **** #pragma GCC diagnostic ignored "-Wunused-parameter"
  33:Drivers/CMSIS/Include/cmsis_gcc.h **** 
  34:Drivers/CMSIS/Include/cmsis_gcc.h **** /* Fallback for __has_builtin */
  35:Drivers/CMSIS/Include/cmsis_gcc.h **** #ifndef __has_builtin
  36:Drivers/CMSIS/Include/cmsis_gcc.h ****   #define __has_builtin(x) (0)
  37:Drivers/CMSIS/Include/cmsis_gcc.h **** #endif
  38:Drivers/CMSIS/Include/cmsis_gcc.h **** 
  39:Drivers/CMSIS/Include/cmsis_gcc.h **** /* CMSIS compiler specific defines */
  40:Drivers/CMSIS/Include/cmsis_gcc.h **** #ifndef   __ASM
  41:Drivers/CMSIS/Include/cmsis_gcc.h ****   #define __ASM                                  __asm
  42:Drivers/CMSIS/Include/cmsis_gcc.h **** #endif
  43:Drivers/CMSIS/Include/cmsis_gcc.h **** #ifndef   __INLINE
  44:Drivers/CMSIS/Include/cmsis_gcc.h ****   #define __INLINE                               inline
  45:Drivers/CMSIS/Include/cmsis_gcc.h **** #endif
  46:Drivers/CMSIS/Include/cmsis_gcc.h **** #ifndef   __STATIC_INLINE
  47:Drivers/CMSIS/Include/cmsis_gcc.h ****   #define __STATIC_INLINE                        static inline
  48:Drivers/CMSIS/Include/cmsis_gcc.h **** #endif
  49:Drivers/CMSIS/Include/cmsis_gcc.h **** #ifndef   __STATIC_FORCEINLINE                 
  50:Drivers/CMSIS/Include/cmsis_gcc.h ****   #define __STATIC_FORCEINLINE                   __attribute__((always_inline)) static inline
  51:Drivers/CMSIS/Include/cmsis_gcc.h **** #endif                                           
  52:Drivers/CMSIS/Include/cmsis_gcc.h **** #ifndef   __NO_RETURN
  53:Drivers/CMSIS/Include/cmsis_gcc.h ****   #define __NO_RETURN                            __attribute__((__noreturn__))
  54:Drivers/CMSIS/Include/cmsis_gcc.h **** #endif
  55:Drivers/CMSIS/Include/cmsis_gcc.h **** #ifndef   __USED
  56:Drivers/CMSIS/Include/cmsis_gcc.h ****   #define __USED                                 __attribute__((used))
  57:Drivers/CMSIS/Include/cmsis_gcc.h **** #endif
ARM GAS  C:\Users\a_hae\AppData\Local\Temp\ccY5vqR6.s 			page 20


  58:Drivers/CMSIS/Include/cmsis_gcc.h **** #ifndef   __WEAK
  59:Drivers/CMSIS/Include/cmsis_gcc.h ****   #define __WEAK                                 __attribute__((weak))
  60:Drivers/CMSIS/Include/cmsis_gcc.h **** #endif
  61:Drivers/CMSIS/Include/cmsis_gcc.h **** #ifndef   __PACKED
  62:Drivers/CMSIS/Include/cmsis_gcc.h ****   #define __PACKED                               __attribute__((packed, aligned(1)))
  63:Drivers/CMSIS/Include/cmsis_gcc.h **** #endif
  64:Drivers/CMSIS/Include/cmsis_gcc.h **** #ifndef   __PACKED_STRUCT
  65:Drivers/CMSIS/Include/cmsis_gcc.h ****   #define __PACKED_STRUCT                        struct __attribute__((packed, aligned(1)))
  66:Drivers/CMSIS/Include/cmsis_gcc.h **** #endif
  67:Drivers/CMSIS/Include/cmsis_gcc.h **** #ifndef   __PACKED_UNION
  68:Drivers/CMSIS/Include/cmsis_gcc.h ****   #define __PACKED_UNION                         union __attribute__((packed, aligned(1)))
  69:Drivers/CMSIS/Include/cmsis_gcc.h **** #endif
  70:Drivers/CMSIS/Include/cmsis_gcc.h **** #ifndef   __UNALIGNED_UINT32        /* deprecated */
  71:Drivers/CMSIS/Include/cmsis_gcc.h ****   #pragma GCC diagnostic push
  72:Drivers/CMSIS/Include/cmsis_gcc.h ****   #pragma GCC diagnostic ignored "-Wpacked"
  73:Drivers/CMSIS/Include/cmsis_gcc.h ****   #pragma GCC diagnostic ignored "-Wattributes"
  74:Drivers/CMSIS/Include/cmsis_gcc.h ****   struct __attribute__((packed)) T_UINT32 { uint32_t v; };
  75:Drivers/CMSIS/Include/cmsis_gcc.h ****   #pragma GCC diagnostic pop
  76:Drivers/CMSIS/Include/cmsis_gcc.h ****   #define __UNALIGNED_UINT32(x)                  (((struct T_UINT32 *)(x))->v)
  77:Drivers/CMSIS/Include/cmsis_gcc.h **** #endif
  78:Drivers/CMSIS/Include/cmsis_gcc.h **** #ifndef   __UNALIGNED_UINT16_WRITE
  79:Drivers/CMSIS/Include/cmsis_gcc.h ****   #pragma GCC diagnostic push
  80:Drivers/CMSIS/Include/cmsis_gcc.h ****   #pragma GCC diagnostic ignored "-Wpacked"
  81:Drivers/CMSIS/Include/cmsis_gcc.h ****   #pragma GCC diagnostic ignored "-Wattributes"
  82:Drivers/CMSIS/Include/cmsis_gcc.h ****   __PACKED_STRUCT T_UINT16_WRITE { uint16_t v; };
  83:Drivers/CMSIS/Include/cmsis_gcc.h ****   #pragma GCC diagnostic pop
  84:Drivers/CMSIS/Include/cmsis_gcc.h ****   #define __UNALIGNED_UINT16_WRITE(addr, val)    (void)((((struct T_UINT16_WRITE *)(void *)(addr))-
  85:Drivers/CMSIS/Include/cmsis_gcc.h **** #endif
  86:Drivers/CMSIS/Include/cmsis_gcc.h **** #ifndef   __UNALIGNED_UINT16_READ
  87:Drivers/CMSIS/Include/cmsis_gcc.h ****   #pragma GCC diagnostic push
  88:Drivers/CMSIS/Include/cmsis_gcc.h ****   #pragma GCC diagnostic ignored "-Wpacked"
  89:Drivers/CMSIS/Include/cmsis_gcc.h ****   #pragma GCC diagnostic ignored "-Wattributes"
  90:Drivers/CMSIS/Include/cmsis_gcc.h ****   __PACKED_STRUCT T_UINT16_READ { uint16_t v; };
  91:Drivers/CMSIS/Include/cmsis_gcc.h ****   #pragma GCC diagnostic pop
  92:Drivers/CMSIS/Include/cmsis_gcc.h ****   #define __UNALIGNED_UINT16_READ(addr)          (((const struct T_UINT16_READ *)(const void *)(add
  93:Drivers/CMSIS/Include/cmsis_gcc.h **** #endif
  94:Drivers/CMSIS/Include/cmsis_gcc.h **** #ifndef   __UNALIGNED_UINT32_WRITE
  95:Drivers/CMSIS/Include/cmsis_gcc.h ****   #pragma GCC diagnostic push
  96:Drivers/CMSIS/Include/cmsis_gcc.h ****   #pragma GCC diagnostic ignored "-Wpacked"
  97:Drivers/CMSIS/Include/cmsis_gcc.h ****   #pragma GCC diagnostic ignored "-Wattributes"
  98:Drivers/CMSIS/Include/cmsis_gcc.h ****   __PACKED_STRUCT T_UINT32_WRITE { uint32_t v; };
  99:Drivers/CMSIS/Include/cmsis_gcc.h ****   #pragma GCC diagnostic pop
 100:Drivers/CMSIS/Include/cmsis_gcc.h ****   #define __UNALIGNED_UINT32_WRITE(addr, val)    (void)((((struct T_UINT32_WRITE *)(void *)(addr))-
 101:Drivers/CMSIS/Include/cmsis_gcc.h **** #endif
 102:Drivers/CMSIS/Include/cmsis_gcc.h **** #ifndef   __UNALIGNED_UINT32_READ
 103:Drivers/CMSIS/Include/cmsis_gcc.h ****   #pragma GCC diagnostic push
 104:Drivers/CMSIS/Include/cmsis_gcc.h ****   #pragma GCC diagnostic ignored "-Wpacked"
 105:Drivers/CMSIS/Include/cmsis_gcc.h ****   #pragma GCC diagnostic ignored "-Wattributes"
 106:Drivers/CMSIS/Include/cmsis_gcc.h ****   __PACKED_STRUCT T_UINT32_READ { uint32_t v; };
 107:Drivers/CMSIS/Include/cmsis_gcc.h ****   #pragma GCC diagnostic pop
 108:Drivers/CMSIS/Include/cmsis_gcc.h ****   #define __UNALIGNED_UINT32_READ(addr)          (((const struct T_UINT32_READ *)(const void *)(add
 109:Drivers/CMSIS/Include/cmsis_gcc.h **** #endif
 110:Drivers/CMSIS/Include/cmsis_gcc.h **** #ifndef   __ALIGNED
 111:Drivers/CMSIS/Include/cmsis_gcc.h ****   #define __ALIGNED(x)                           __attribute__((aligned(x)))
 112:Drivers/CMSIS/Include/cmsis_gcc.h **** #endif
 113:Drivers/CMSIS/Include/cmsis_gcc.h **** #ifndef   __RESTRICT
 114:Drivers/CMSIS/Include/cmsis_gcc.h ****   #define __RESTRICT                             __restrict
ARM GAS  C:\Users\a_hae\AppData\Local\Temp\ccY5vqR6.s 			page 21


 115:Drivers/CMSIS/Include/cmsis_gcc.h **** #endif
 116:Drivers/CMSIS/Include/cmsis_gcc.h **** #ifndef   __COMPILER_BARRIER
 117:Drivers/CMSIS/Include/cmsis_gcc.h ****   #define __COMPILER_BARRIER()                   __ASM volatile("":::"memory")
 118:Drivers/CMSIS/Include/cmsis_gcc.h **** #endif
 119:Drivers/CMSIS/Include/cmsis_gcc.h **** 
 120:Drivers/CMSIS/Include/cmsis_gcc.h **** /* #########################  Startup and Lowlevel Init  ######################## */
 121:Drivers/CMSIS/Include/cmsis_gcc.h **** 
 122:Drivers/CMSIS/Include/cmsis_gcc.h **** #ifndef __PROGRAM_START
 123:Drivers/CMSIS/Include/cmsis_gcc.h **** 
 124:Drivers/CMSIS/Include/cmsis_gcc.h **** /**
 125:Drivers/CMSIS/Include/cmsis_gcc.h ****   \brief   Initializes data and bss sections
 126:Drivers/CMSIS/Include/cmsis_gcc.h ****   \details This default implementations initialized all data and additional bss
 127:Drivers/CMSIS/Include/cmsis_gcc.h ****            sections relying on .copy.table and .zero.table specified properly
 128:Drivers/CMSIS/Include/cmsis_gcc.h ****            in the used linker script.
 129:Drivers/CMSIS/Include/cmsis_gcc.h ****   
 130:Drivers/CMSIS/Include/cmsis_gcc.h ****  */
 131:Drivers/CMSIS/Include/cmsis_gcc.h **** __STATIC_FORCEINLINE __NO_RETURN void __cmsis_start(void)
 132:Drivers/CMSIS/Include/cmsis_gcc.h **** {
 133:Drivers/CMSIS/Include/cmsis_gcc.h ****   extern void _start(void) __NO_RETURN;
 134:Drivers/CMSIS/Include/cmsis_gcc.h ****   
 135:Drivers/CMSIS/Include/cmsis_gcc.h ****   typedef struct {
 136:Drivers/CMSIS/Include/cmsis_gcc.h ****     uint32_t const* src;
 137:Drivers/CMSIS/Include/cmsis_gcc.h ****     uint32_t* dest;
 138:Drivers/CMSIS/Include/cmsis_gcc.h ****     uint32_t  wlen;
 139:Drivers/CMSIS/Include/cmsis_gcc.h ****   } __copy_table_t;
 140:Drivers/CMSIS/Include/cmsis_gcc.h ****   
 141:Drivers/CMSIS/Include/cmsis_gcc.h ****   typedef struct {
 142:Drivers/CMSIS/Include/cmsis_gcc.h ****     uint32_t* dest;
 143:Drivers/CMSIS/Include/cmsis_gcc.h ****     uint32_t  wlen;
 144:Drivers/CMSIS/Include/cmsis_gcc.h ****   } __zero_table_t;
 145:Drivers/CMSIS/Include/cmsis_gcc.h ****   
 146:Drivers/CMSIS/Include/cmsis_gcc.h ****   extern const __copy_table_t __copy_table_start__;
 147:Drivers/CMSIS/Include/cmsis_gcc.h ****   extern const __copy_table_t __copy_table_end__;
 148:Drivers/CMSIS/Include/cmsis_gcc.h ****   extern const __zero_table_t __zero_table_start__;
 149:Drivers/CMSIS/Include/cmsis_gcc.h ****   extern const __zero_table_t __zero_table_end__;
 150:Drivers/CMSIS/Include/cmsis_gcc.h **** 
 151:Drivers/CMSIS/Include/cmsis_gcc.h ****   for (__copy_table_t const* pTable = &__copy_table_start__; pTable < &__copy_table_end__; ++pTable
 152:Drivers/CMSIS/Include/cmsis_gcc.h ****     for(uint32_t i=0u; i<pTable->wlen; ++i) {
 153:Drivers/CMSIS/Include/cmsis_gcc.h ****       pTable->dest[i] = pTable->src[i];
 154:Drivers/CMSIS/Include/cmsis_gcc.h ****     }
 155:Drivers/CMSIS/Include/cmsis_gcc.h ****   }
 156:Drivers/CMSIS/Include/cmsis_gcc.h ****  
 157:Drivers/CMSIS/Include/cmsis_gcc.h ****   for (__zero_table_t const* pTable = &__zero_table_start__; pTable < &__zero_table_end__; ++pTable
 158:Drivers/CMSIS/Include/cmsis_gcc.h ****     for(uint32_t i=0u; i<pTable->wlen; ++i) {
 159:Drivers/CMSIS/Include/cmsis_gcc.h ****       pTable->dest[i] = 0u;
 160:Drivers/CMSIS/Include/cmsis_gcc.h ****     }
 161:Drivers/CMSIS/Include/cmsis_gcc.h ****   }
 162:Drivers/CMSIS/Include/cmsis_gcc.h ****  
 163:Drivers/CMSIS/Include/cmsis_gcc.h ****   _start();
 164:Drivers/CMSIS/Include/cmsis_gcc.h **** }
 165:Drivers/CMSIS/Include/cmsis_gcc.h ****   
 166:Drivers/CMSIS/Include/cmsis_gcc.h **** #define __PROGRAM_START           __cmsis_start
 167:Drivers/CMSIS/Include/cmsis_gcc.h **** #endif
 168:Drivers/CMSIS/Include/cmsis_gcc.h **** 
 169:Drivers/CMSIS/Include/cmsis_gcc.h **** #ifndef __INITIAL_SP
 170:Drivers/CMSIS/Include/cmsis_gcc.h **** #define __INITIAL_SP              __StackTop
 171:Drivers/CMSIS/Include/cmsis_gcc.h **** #endif
ARM GAS  C:\Users\a_hae\AppData\Local\Temp\ccY5vqR6.s 			page 22


 172:Drivers/CMSIS/Include/cmsis_gcc.h **** 
 173:Drivers/CMSIS/Include/cmsis_gcc.h **** #ifndef __STACK_LIMIT
 174:Drivers/CMSIS/Include/cmsis_gcc.h **** #define __STACK_LIMIT             __StackLimit
 175:Drivers/CMSIS/Include/cmsis_gcc.h **** #endif
 176:Drivers/CMSIS/Include/cmsis_gcc.h **** 
 177:Drivers/CMSIS/Include/cmsis_gcc.h **** #ifndef __VECTOR_TABLE
 178:Drivers/CMSIS/Include/cmsis_gcc.h **** #define __VECTOR_TABLE            __Vectors
 179:Drivers/CMSIS/Include/cmsis_gcc.h **** #endif
 180:Drivers/CMSIS/Include/cmsis_gcc.h **** 
 181:Drivers/CMSIS/Include/cmsis_gcc.h **** #ifndef __VECTOR_TABLE_ATTRIBUTE
 182:Drivers/CMSIS/Include/cmsis_gcc.h **** #define __VECTOR_TABLE_ATTRIBUTE  __attribute((used, section(".vectors")))
 183:Drivers/CMSIS/Include/cmsis_gcc.h **** #endif
 184:Drivers/CMSIS/Include/cmsis_gcc.h **** 
 185:Drivers/CMSIS/Include/cmsis_gcc.h **** /* ###########################  Core Function Access  ########################### */
 186:Drivers/CMSIS/Include/cmsis_gcc.h **** /** \ingroup  CMSIS_Core_FunctionInterface
 187:Drivers/CMSIS/Include/cmsis_gcc.h ****     \defgroup CMSIS_Core_RegAccFunctions CMSIS Core Register Access Functions
 188:Drivers/CMSIS/Include/cmsis_gcc.h ****   @{
 189:Drivers/CMSIS/Include/cmsis_gcc.h ****  */
 190:Drivers/CMSIS/Include/cmsis_gcc.h **** 
 191:Drivers/CMSIS/Include/cmsis_gcc.h **** /**
 192:Drivers/CMSIS/Include/cmsis_gcc.h ****   \brief   Enable IRQ Interrupts
 193:Drivers/CMSIS/Include/cmsis_gcc.h ****   \details Enables IRQ interrupts by clearing the I-bit in the CPSR.
 194:Drivers/CMSIS/Include/cmsis_gcc.h ****            Can only be executed in Privileged modes.
 195:Drivers/CMSIS/Include/cmsis_gcc.h ****  */
 196:Drivers/CMSIS/Include/cmsis_gcc.h **** __STATIC_FORCEINLINE void __enable_irq(void)
 197:Drivers/CMSIS/Include/cmsis_gcc.h **** {
 198:Drivers/CMSIS/Include/cmsis_gcc.h ****   __ASM volatile ("cpsie i" : : : "memory");
 199:Drivers/CMSIS/Include/cmsis_gcc.h **** }
 200:Drivers/CMSIS/Include/cmsis_gcc.h **** 
 201:Drivers/CMSIS/Include/cmsis_gcc.h **** 
 202:Drivers/CMSIS/Include/cmsis_gcc.h **** /**
 203:Drivers/CMSIS/Include/cmsis_gcc.h ****   \brief   Disable IRQ Interrupts
 204:Drivers/CMSIS/Include/cmsis_gcc.h ****   \details Disables IRQ interrupts by setting the I-bit in the CPSR.
 205:Drivers/CMSIS/Include/cmsis_gcc.h ****            Can only be executed in Privileged modes.
 206:Drivers/CMSIS/Include/cmsis_gcc.h ****  */
 207:Drivers/CMSIS/Include/cmsis_gcc.h **** __STATIC_FORCEINLINE void __disable_irq(void)
 208:Drivers/CMSIS/Include/cmsis_gcc.h **** {
 209:Drivers/CMSIS/Include/cmsis_gcc.h ****   __ASM volatile ("cpsid i" : : : "memory");
 210:Drivers/CMSIS/Include/cmsis_gcc.h **** }
 211:Drivers/CMSIS/Include/cmsis_gcc.h **** 
 212:Drivers/CMSIS/Include/cmsis_gcc.h **** 
 213:Drivers/CMSIS/Include/cmsis_gcc.h **** /**
 214:Drivers/CMSIS/Include/cmsis_gcc.h ****   \brief   Get Control Register
 215:Drivers/CMSIS/Include/cmsis_gcc.h ****   \details Returns the content of the Control Register.
 216:Drivers/CMSIS/Include/cmsis_gcc.h ****   \return               Control Register value
 217:Drivers/CMSIS/Include/cmsis_gcc.h ****  */
 218:Drivers/CMSIS/Include/cmsis_gcc.h **** __STATIC_FORCEINLINE uint32_t __get_CONTROL(void)
 219:Drivers/CMSIS/Include/cmsis_gcc.h **** {
 220:Drivers/CMSIS/Include/cmsis_gcc.h ****   uint32_t result;
 221:Drivers/CMSIS/Include/cmsis_gcc.h **** 
 222:Drivers/CMSIS/Include/cmsis_gcc.h ****   __ASM volatile ("MRS %0, control" : "=r" (result) );
 223:Drivers/CMSIS/Include/cmsis_gcc.h ****   return(result);
 224:Drivers/CMSIS/Include/cmsis_gcc.h **** }
 225:Drivers/CMSIS/Include/cmsis_gcc.h **** 
 226:Drivers/CMSIS/Include/cmsis_gcc.h **** 
 227:Drivers/CMSIS/Include/cmsis_gcc.h **** #if (defined (__ARM_FEATURE_CMSE ) && (__ARM_FEATURE_CMSE == 3))
 228:Drivers/CMSIS/Include/cmsis_gcc.h **** /**
ARM GAS  C:\Users\a_hae\AppData\Local\Temp\ccY5vqR6.s 			page 23


 229:Drivers/CMSIS/Include/cmsis_gcc.h ****   \brief   Get Control Register (non-secure)
 230:Drivers/CMSIS/Include/cmsis_gcc.h ****   \details Returns the content of the non-secure Control Register when in secure mode.
 231:Drivers/CMSIS/Include/cmsis_gcc.h ****   \return               non-secure Control Register value
 232:Drivers/CMSIS/Include/cmsis_gcc.h ****  */
 233:Drivers/CMSIS/Include/cmsis_gcc.h **** __STATIC_FORCEINLINE uint32_t __TZ_get_CONTROL_NS(void)
 234:Drivers/CMSIS/Include/cmsis_gcc.h **** {
 235:Drivers/CMSIS/Include/cmsis_gcc.h ****   uint32_t result;
 236:Drivers/CMSIS/Include/cmsis_gcc.h **** 
 237:Drivers/CMSIS/Include/cmsis_gcc.h ****   __ASM volatile ("MRS %0, control_ns" : "=r" (result) );
 238:Drivers/CMSIS/Include/cmsis_gcc.h ****   return(result);
 239:Drivers/CMSIS/Include/cmsis_gcc.h **** }
 240:Drivers/CMSIS/Include/cmsis_gcc.h **** #endif
 241:Drivers/CMSIS/Include/cmsis_gcc.h **** 
 242:Drivers/CMSIS/Include/cmsis_gcc.h **** 
 243:Drivers/CMSIS/Include/cmsis_gcc.h **** /**
 244:Drivers/CMSIS/Include/cmsis_gcc.h ****   \brief   Set Control Register
 245:Drivers/CMSIS/Include/cmsis_gcc.h ****   \details Writes the given value to the Control Register.
 246:Drivers/CMSIS/Include/cmsis_gcc.h ****   \param [in]    control  Control Register value to set
 247:Drivers/CMSIS/Include/cmsis_gcc.h ****  */
 248:Drivers/CMSIS/Include/cmsis_gcc.h **** __STATIC_FORCEINLINE void __set_CONTROL(uint32_t control)
 249:Drivers/CMSIS/Include/cmsis_gcc.h **** {
 250:Drivers/CMSIS/Include/cmsis_gcc.h ****   __ASM volatile ("MSR control, %0" : : "r" (control) : "memory");
 251:Drivers/CMSIS/Include/cmsis_gcc.h **** }
 252:Drivers/CMSIS/Include/cmsis_gcc.h **** 
 253:Drivers/CMSIS/Include/cmsis_gcc.h **** 
 254:Drivers/CMSIS/Include/cmsis_gcc.h **** #if (defined (__ARM_FEATURE_CMSE ) && (__ARM_FEATURE_CMSE == 3))
 255:Drivers/CMSIS/Include/cmsis_gcc.h **** /**
 256:Drivers/CMSIS/Include/cmsis_gcc.h ****   \brief   Set Control Register (non-secure)
 257:Drivers/CMSIS/Include/cmsis_gcc.h ****   \details Writes the given value to the non-secure Control Register when in secure state.
 258:Drivers/CMSIS/Include/cmsis_gcc.h ****   \param [in]    control  Control Register value to set
 259:Drivers/CMSIS/Include/cmsis_gcc.h ****  */
 260:Drivers/CMSIS/Include/cmsis_gcc.h **** __STATIC_FORCEINLINE void __TZ_set_CONTROL_NS(uint32_t control)
 261:Drivers/CMSIS/Include/cmsis_gcc.h **** {
 262:Drivers/CMSIS/Include/cmsis_gcc.h ****   __ASM volatile ("MSR control_ns, %0" : : "r" (control) : "memory");
 263:Drivers/CMSIS/Include/cmsis_gcc.h **** }
 264:Drivers/CMSIS/Include/cmsis_gcc.h **** #endif
 265:Drivers/CMSIS/Include/cmsis_gcc.h **** 
 266:Drivers/CMSIS/Include/cmsis_gcc.h **** 
 267:Drivers/CMSIS/Include/cmsis_gcc.h **** /**
 268:Drivers/CMSIS/Include/cmsis_gcc.h ****   \brief   Get IPSR Register
 269:Drivers/CMSIS/Include/cmsis_gcc.h ****   \details Returns the content of the IPSR Register.
 270:Drivers/CMSIS/Include/cmsis_gcc.h ****   \return               IPSR Register value
 271:Drivers/CMSIS/Include/cmsis_gcc.h ****  */
 272:Drivers/CMSIS/Include/cmsis_gcc.h **** __STATIC_FORCEINLINE uint32_t __get_IPSR(void)
 273:Drivers/CMSIS/Include/cmsis_gcc.h **** {
 274:Drivers/CMSIS/Include/cmsis_gcc.h ****   uint32_t result;
 275:Drivers/CMSIS/Include/cmsis_gcc.h **** 
 276:Drivers/CMSIS/Include/cmsis_gcc.h ****   __ASM volatile ("MRS %0, ipsr" : "=r" (result) );
 277:Drivers/CMSIS/Include/cmsis_gcc.h ****   return(result);
 278:Drivers/CMSIS/Include/cmsis_gcc.h **** }
 279:Drivers/CMSIS/Include/cmsis_gcc.h **** 
 280:Drivers/CMSIS/Include/cmsis_gcc.h **** 
 281:Drivers/CMSIS/Include/cmsis_gcc.h **** /**
 282:Drivers/CMSIS/Include/cmsis_gcc.h ****   \brief   Get APSR Register
 283:Drivers/CMSIS/Include/cmsis_gcc.h ****   \details Returns the content of the APSR Register.
 284:Drivers/CMSIS/Include/cmsis_gcc.h ****   \return               APSR Register value
 285:Drivers/CMSIS/Include/cmsis_gcc.h ****  */
ARM GAS  C:\Users\a_hae\AppData\Local\Temp\ccY5vqR6.s 			page 24


 286:Drivers/CMSIS/Include/cmsis_gcc.h **** __STATIC_FORCEINLINE uint32_t __get_APSR(void)
 287:Drivers/CMSIS/Include/cmsis_gcc.h **** {
 288:Drivers/CMSIS/Include/cmsis_gcc.h ****   uint32_t result;
 289:Drivers/CMSIS/Include/cmsis_gcc.h **** 
 290:Drivers/CMSIS/Include/cmsis_gcc.h ****   __ASM volatile ("MRS %0, apsr" : "=r" (result) );
 291:Drivers/CMSIS/Include/cmsis_gcc.h ****   return(result);
 292:Drivers/CMSIS/Include/cmsis_gcc.h **** }
 293:Drivers/CMSIS/Include/cmsis_gcc.h **** 
 294:Drivers/CMSIS/Include/cmsis_gcc.h **** 
 295:Drivers/CMSIS/Include/cmsis_gcc.h **** /**
 296:Drivers/CMSIS/Include/cmsis_gcc.h ****   \brief   Get xPSR Register
 297:Drivers/CMSIS/Include/cmsis_gcc.h ****   \details Returns the content of the xPSR Register.
 298:Drivers/CMSIS/Include/cmsis_gcc.h ****   \return               xPSR Register value
 299:Drivers/CMSIS/Include/cmsis_gcc.h ****  */
 300:Drivers/CMSIS/Include/cmsis_gcc.h **** __STATIC_FORCEINLINE uint32_t __get_xPSR(void)
 301:Drivers/CMSIS/Include/cmsis_gcc.h **** {
 302:Drivers/CMSIS/Include/cmsis_gcc.h ****   uint32_t result;
 303:Drivers/CMSIS/Include/cmsis_gcc.h **** 
 304:Drivers/CMSIS/Include/cmsis_gcc.h ****   __ASM volatile ("MRS %0, xpsr" : "=r" (result) );
 305:Drivers/CMSIS/Include/cmsis_gcc.h ****   return(result);
 306:Drivers/CMSIS/Include/cmsis_gcc.h **** }
 307:Drivers/CMSIS/Include/cmsis_gcc.h **** 
 308:Drivers/CMSIS/Include/cmsis_gcc.h **** 
 309:Drivers/CMSIS/Include/cmsis_gcc.h **** /**
 310:Drivers/CMSIS/Include/cmsis_gcc.h ****   \brief   Get Process Stack Pointer
 311:Drivers/CMSIS/Include/cmsis_gcc.h ****   \details Returns the current value of the Process Stack Pointer (PSP).
 312:Drivers/CMSIS/Include/cmsis_gcc.h ****   \return               PSP Register value
 313:Drivers/CMSIS/Include/cmsis_gcc.h ****  */
 314:Drivers/CMSIS/Include/cmsis_gcc.h **** __STATIC_FORCEINLINE uint32_t __get_PSP(void)
 315:Drivers/CMSIS/Include/cmsis_gcc.h **** {
 316:Drivers/CMSIS/Include/cmsis_gcc.h ****   uint32_t result;
 317:Drivers/CMSIS/Include/cmsis_gcc.h **** 
 318:Drivers/CMSIS/Include/cmsis_gcc.h ****   __ASM volatile ("MRS %0, psp"  : "=r" (result) );
 319:Drivers/CMSIS/Include/cmsis_gcc.h ****   return(result);
 320:Drivers/CMSIS/Include/cmsis_gcc.h **** }
 321:Drivers/CMSIS/Include/cmsis_gcc.h **** 
 322:Drivers/CMSIS/Include/cmsis_gcc.h **** 
 323:Drivers/CMSIS/Include/cmsis_gcc.h **** #if (defined (__ARM_FEATURE_CMSE ) && (__ARM_FEATURE_CMSE == 3))
 324:Drivers/CMSIS/Include/cmsis_gcc.h **** /**
 325:Drivers/CMSIS/Include/cmsis_gcc.h ****   \brief   Get Process Stack Pointer (non-secure)
 326:Drivers/CMSIS/Include/cmsis_gcc.h ****   \details Returns the current value of the non-secure Process Stack Pointer (PSP) when in secure s
 327:Drivers/CMSIS/Include/cmsis_gcc.h ****   \return               PSP Register value
 328:Drivers/CMSIS/Include/cmsis_gcc.h ****  */
 329:Drivers/CMSIS/Include/cmsis_gcc.h **** __STATIC_FORCEINLINE uint32_t __TZ_get_PSP_NS(void)
 330:Drivers/CMSIS/Include/cmsis_gcc.h **** {
 331:Drivers/CMSIS/Include/cmsis_gcc.h ****   uint32_t result;
 332:Drivers/CMSIS/Include/cmsis_gcc.h **** 
 333:Drivers/CMSIS/Include/cmsis_gcc.h ****   __ASM volatile ("MRS %0, psp_ns"  : "=r" (result) );
 334:Drivers/CMSIS/Include/cmsis_gcc.h ****   return(result);
 335:Drivers/CMSIS/Include/cmsis_gcc.h **** }
 336:Drivers/CMSIS/Include/cmsis_gcc.h **** #endif
 337:Drivers/CMSIS/Include/cmsis_gcc.h **** 
 338:Drivers/CMSIS/Include/cmsis_gcc.h **** 
 339:Drivers/CMSIS/Include/cmsis_gcc.h **** /**
 340:Drivers/CMSIS/Include/cmsis_gcc.h ****   \brief   Set Process Stack Pointer
 341:Drivers/CMSIS/Include/cmsis_gcc.h ****   \details Assigns the given value to the Process Stack Pointer (PSP).
 342:Drivers/CMSIS/Include/cmsis_gcc.h ****   \param [in]    topOfProcStack  Process Stack Pointer value to set
ARM GAS  C:\Users\a_hae\AppData\Local\Temp\ccY5vqR6.s 			page 25


 343:Drivers/CMSIS/Include/cmsis_gcc.h ****  */
 344:Drivers/CMSIS/Include/cmsis_gcc.h **** __STATIC_FORCEINLINE void __set_PSP(uint32_t topOfProcStack)
 345:Drivers/CMSIS/Include/cmsis_gcc.h **** {
 346:Drivers/CMSIS/Include/cmsis_gcc.h ****   __ASM volatile ("MSR psp, %0" : : "r" (topOfProcStack) : );
 347:Drivers/CMSIS/Include/cmsis_gcc.h **** }
 348:Drivers/CMSIS/Include/cmsis_gcc.h **** 
 349:Drivers/CMSIS/Include/cmsis_gcc.h **** 
 350:Drivers/CMSIS/Include/cmsis_gcc.h **** #if (defined (__ARM_FEATURE_CMSE ) && (__ARM_FEATURE_CMSE == 3))
 351:Drivers/CMSIS/Include/cmsis_gcc.h **** /**
 352:Drivers/CMSIS/Include/cmsis_gcc.h ****   \brief   Set Process Stack Pointer (non-secure)
 353:Drivers/CMSIS/Include/cmsis_gcc.h ****   \details Assigns the given value to the non-secure Process Stack Pointer (PSP) when in secure sta
 354:Drivers/CMSIS/Include/cmsis_gcc.h ****   \param [in]    topOfProcStack  Process Stack Pointer value to set
 355:Drivers/CMSIS/Include/cmsis_gcc.h ****  */
 356:Drivers/CMSIS/Include/cmsis_gcc.h **** __STATIC_FORCEINLINE void __TZ_set_PSP_NS(uint32_t topOfProcStack)
 357:Drivers/CMSIS/Include/cmsis_gcc.h **** {
 358:Drivers/CMSIS/Include/cmsis_gcc.h ****   __ASM volatile ("MSR psp_ns, %0" : : "r" (topOfProcStack) : );
 359:Drivers/CMSIS/Include/cmsis_gcc.h **** }
 360:Drivers/CMSIS/Include/cmsis_gcc.h **** #endif
 361:Drivers/CMSIS/Include/cmsis_gcc.h **** 
 362:Drivers/CMSIS/Include/cmsis_gcc.h **** 
 363:Drivers/CMSIS/Include/cmsis_gcc.h **** /**
 364:Drivers/CMSIS/Include/cmsis_gcc.h ****   \brief   Get Main Stack Pointer
 365:Drivers/CMSIS/Include/cmsis_gcc.h ****   \details Returns the current value of the Main Stack Pointer (MSP).
 366:Drivers/CMSIS/Include/cmsis_gcc.h ****   \return               MSP Register value
 367:Drivers/CMSIS/Include/cmsis_gcc.h ****  */
 368:Drivers/CMSIS/Include/cmsis_gcc.h **** __STATIC_FORCEINLINE uint32_t __get_MSP(void)
 369:Drivers/CMSIS/Include/cmsis_gcc.h **** {
 370:Drivers/CMSIS/Include/cmsis_gcc.h ****   uint32_t result;
 371:Drivers/CMSIS/Include/cmsis_gcc.h **** 
 372:Drivers/CMSIS/Include/cmsis_gcc.h ****   __ASM volatile ("MRS %0, msp" : "=r" (result) );
 373:Drivers/CMSIS/Include/cmsis_gcc.h ****   return(result);
 374:Drivers/CMSIS/Include/cmsis_gcc.h **** }
 375:Drivers/CMSIS/Include/cmsis_gcc.h **** 
 376:Drivers/CMSIS/Include/cmsis_gcc.h **** 
 377:Drivers/CMSIS/Include/cmsis_gcc.h **** #if (defined (__ARM_FEATURE_CMSE ) && (__ARM_FEATURE_CMSE == 3))
 378:Drivers/CMSIS/Include/cmsis_gcc.h **** /**
 379:Drivers/CMSIS/Include/cmsis_gcc.h ****   \brief   Get Main Stack Pointer (non-secure)
 380:Drivers/CMSIS/Include/cmsis_gcc.h ****   \details Returns the current value of the non-secure Main Stack Pointer (MSP) when in secure stat
 381:Drivers/CMSIS/Include/cmsis_gcc.h ****   \return               MSP Register value
 382:Drivers/CMSIS/Include/cmsis_gcc.h ****  */
 383:Drivers/CMSIS/Include/cmsis_gcc.h **** __STATIC_FORCEINLINE uint32_t __TZ_get_MSP_NS(void)
 384:Drivers/CMSIS/Include/cmsis_gcc.h **** {
 385:Drivers/CMSIS/Include/cmsis_gcc.h ****   uint32_t result;
 386:Drivers/CMSIS/Include/cmsis_gcc.h **** 
 387:Drivers/CMSIS/Include/cmsis_gcc.h ****   __ASM volatile ("MRS %0, msp_ns" : "=r" (result) );
 388:Drivers/CMSIS/Include/cmsis_gcc.h ****   return(result);
 389:Drivers/CMSIS/Include/cmsis_gcc.h **** }
 390:Drivers/CMSIS/Include/cmsis_gcc.h **** #endif
 391:Drivers/CMSIS/Include/cmsis_gcc.h **** 
 392:Drivers/CMSIS/Include/cmsis_gcc.h **** 
 393:Drivers/CMSIS/Include/cmsis_gcc.h **** /**
 394:Drivers/CMSIS/Include/cmsis_gcc.h ****   \brief   Set Main Stack Pointer
 395:Drivers/CMSIS/Include/cmsis_gcc.h ****   \details Assigns the given value to the Main Stack Pointer (MSP).
 396:Drivers/CMSIS/Include/cmsis_gcc.h ****   \param [in]    topOfMainStack  Main Stack Pointer value to set
 397:Drivers/CMSIS/Include/cmsis_gcc.h ****  */
 398:Drivers/CMSIS/Include/cmsis_gcc.h **** __STATIC_FORCEINLINE void __set_MSP(uint32_t topOfMainStack)
 399:Drivers/CMSIS/Include/cmsis_gcc.h **** {
ARM GAS  C:\Users\a_hae\AppData\Local\Temp\ccY5vqR6.s 			page 26


 400:Drivers/CMSIS/Include/cmsis_gcc.h ****   __ASM volatile ("MSR msp, %0" : : "r" (topOfMainStack) : );
 401:Drivers/CMSIS/Include/cmsis_gcc.h **** }
 402:Drivers/CMSIS/Include/cmsis_gcc.h **** 
 403:Drivers/CMSIS/Include/cmsis_gcc.h **** 
 404:Drivers/CMSIS/Include/cmsis_gcc.h **** #if (defined (__ARM_FEATURE_CMSE ) && (__ARM_FEATURE_CMSE == 3))
 405:Drivers/CMSIS/Include/cmsis_gcc.h **** /**
 406:Drivers/CMSIS/Include/cmsis_gcc.h ****   \brief   Set Main Stack Pointer (non-secure)
 407:Drivers/CMSIS/Include/cmsis_gcc.h ****   \details Assigns the given value to the non-secure Main Stack Pointer (MSP) when in secure state.
 408:Drivers/CMSIS/Include/cmsis_gcc.h ****   \param [in]    topOfMainStack  Main Stack Pointer value to set
 409:Drivers/CMSIS/Include/cmsis_gcc.h ****  */
 410:Drivers/CMSIS/Include/cmsis_gcc.h **** __STATIC_FORCEINLINE void __TZ_set_MSP_NS(uint32_t topOfMainStack)
 411:Drivers/CMSIS/Include/cmsis_gcc.h **** {
 412:Drivers/CMSIS/Include/cmsis_gcc.h ****   __ASM volatile ("MSR msp_ns, %0" : : "r" (topOfMainStack) : );
 413:Drivers/CMSIS/Include/cmsis_gcc.h **** }
 414:Drivers/CMSIS/Include/cmsis_gcc.h **** #endif
 415:Drivers/CMSIS/Include/cmsis_gcc.h **** 
 416:Drivers/CMSIS/Include/cmsis_gcc.h **** 
 417:Drivers/CMSIS/Include/cmsis_gcc.h **** #if (defined (__ARM_FEATURE_CMSE ) && (__ARM_FEATURE_CMSE == 3))
 418:Drivers/CMSIS/Include/cmsis_gcc.h **** /**
 419:Drivers/CMSIS/Include/cmsis_gcc.h ****   \brief   Get Stack Pointer (non-secure)
 420:Drivers/CMSIS/Include/cmsis_gcc.h ****   \details Returns the current value of the non-secure Stack Pointer (SP) when in secure state.
 421:Drivers/CMSIS/Include/cmsis_gcc.h ****   \return               SP Register value
 422:Drivers/CMSIS/Include/cmsis_gcc.h ****  */
 423:Drivers/CMSIS/Include/cmsis_gcc.h **** __STATIC_FORCEINLINE uint32_t __TZ_get_SP_NS(void)
 424:Drivers/CMSIS/Include/cmsis_gcc.h **** {
 425:Drivers/CMSIS/Include/cmsis_gcc.h ****   uint32_t result;
 426:Drivers/CMSIS/Include/cmsis_gcc.h **** 
 427:Drivers/CMSIS/Include/cmsis_gcc.h ****   __ASM volatile ("MRS %0, sp_ns" : "=r" (result) );
 428:Drivers/CMSIS/Include/cmsis_gcc.h ****   return(result);
 429:Drivers/CMSIS/Include/cmsis_gcc.h **** }
 430:Drivers/CMSIS/Include/cmsis_gcc.h **** 
 431:Drivers/CMSIS/Include/cmsis_gcc.h **** 
 432:Drivers/CMSIS/Include/cmsis_gcc.h **** /**
 433:Drivers/CMSIS/Include/cmsis_gcc.h ****   \brief   Set Stack Pointer (non-secure)
 434:Drivers/CMSIS/Include/cmsis_gcc.h ****   \details Assigns the given value to the non-secure Stack Pointer (SP) when in secure state.
 435:Drivers/CMSIS/Include/cmsis_gcc.h ****   \param [in]    topOfStack  Stack Pointer value to set
 436:Drivers/CMSIS/Include/cmsis_gcc.h ****  */
 437:Drivers/CMSIS/Include/cmsis_gcc.h **** __STATIC_FORCEINLINE void __TZ_set_SP_NS(uint32_t topOfStack)
 438:Drivers/CMSIS/Include/cmsis_gcc.h **** {
 439:Drivers/CMSIS/Include/cmsis_gcc.h ****   __ASM volatile ("MSR sp_ns, %0" : : "r" (topOfStack) : );
 440:Drivers/CMSIS/Include/cmsis_gcc.h **** }
 441:Drivers/CMSIS/Include/cmsis_gcc.h **** #endif
 442:Drivers/CMSIS/Include/cmsis_gcc.h **** 
 443:Drivers/CMSIS/Include/cmsis_gcc.h **** 
 444:Drivers/CMSIS/Include/cmsis_gcc.h **** /**
 445:Drivers/CMSIS/Include/cmsis_gcc.h ****   \brief   Get Priority Mask
 446:Drivers/CMSIS/Include/cmsis_gcc.h ****   \details Returns the current state of the priority mask bit from the Priority Mask Register.
 447:Drivers/CMSIS/Include/cmsis_gcc.h ****   \return               Priority Mask value
 448:Drivers/CMSIS/Include/cmsis_gcc.h ****  */
 449:Drivers/CMSIS/Include/cmsis_gcc.h **** __STATIC_FORCEINLINE uint32_t __get_PRIMASK(void)
 450:Drivers/CMSIS/Include/cmsis_gcc.h **** {
 451:Drivers/CMSIS/Include/cmsis_gcc.h ****   uint32_t result;
 452:Drivers/CMSIS/Include/cmsis_gcc.h **** 
 453:Drivers/CMSIS/Include/cmsis_gcc.h ****   __ASM volatile ("MRS %0, primask" : "=r" (result) :: "memory");
 454:Drivers/CMSIS/Include/cmsis_gcc.h ****   return(result);
 455:Drivers/CMSIS/Include/cmsis_gcc.h **** }
 456:Drivers/CMSIS/Include/cmsis_gcc.h **** 
ARM GAS  C:\Users\a_hae\AppData\Local\Temp\ccY5vqR6.s 			page 27


 457:Drivers/CMSIS/Include/cmsis_gcc.h **** 
 458:Drivers/CMSIS/Include/cmsis_gcc.h **** #if (defined (__ARM_FEATURE_CMSE ) && (__ARM_FEATURE_CMSE == 3))
 459:Drivers/CMSIS/Include/cmsis_gcc.h **** /**
 460:Drivers/CMSIS/Include/cmsis_gcc.h ****   \brief   Get Priority Mask (non-secure)
 461:Drivers/CMSIS/Include/cmsis_gcc.h ****   \details Returns the current state of the non-secure priority mask bit from the Priority Mask Reg
 462:Drivers/CMSIS/Include/cmsis_gcc.h ****   \return               Priority Mask value
 463:Drivers/CMSIS/Include/cmsis_gcc.h ****  */
 464:Drivers/CMSIS/Include/cmsis_gcc.h **** __STATIC_FORCEINLINE uint32_t __TZ_get_PRIMASK_NS(void)
 465:Drivers/CMSIS/Include/cmsis_gcc.h **** {
 466:Drivers/CMSIS/Include/cmsis_gcc.h ****   uint32_t result;
 467:Drivers/CMSIS/Include/cmsis_gcc.h **** 
 468:Drivers/CMSIS/Include/cmsis_gcc.h ****   __ASM volatile ("MRS %0, primask_ns" : "=r" (result) :: "memory");
 469:Drivers/CMSIS/Include/cmsis_gcc.h ****   return(result);
 470:Drivers/CMSIS/Include/cmsis_gcc.h **** }
 471:Drivers/CMSIS/Include/cmsis_gcc.h **** #endif
 472:Drivers/CMSIS/Include/cmsis_gcc.h **** 
 473:Drivers/CMSIS/Include/cmsis_gcc.h **** 
 474:Drivers/CMSIS/Include/cmsis_gcc.h **** /**
 475:Drivers/CMSIS/Include/cmsis_gcc.h ****   \brief   Set Priority Mask
 476:Drivers/CMSIS/Include/cmsis_gcc.h ****   \details Assigns the given value to the Priority Mask Register.
 477:Drivers/CMSIS/Include/cmsis_gcc.h ****   \param [in]    priMask  Priority Mask
 478:Drivers/CMSIS/Include/cmsis_gcc.h ****  */
 479:Drivers/CMSIS/Include/cmsis_gcc.h **** __STATIC_FORCEINLINE void __set_PRIMASK(uint32_t priMask)
 480:Drivers/CMSIS/Include/cmsis_gcc.h **** {
 481:Drivers/CMSIS/Include/cmsis_gcc.h ****   __ASM volatile ("MSR primask, %0" : : "r" (priMask) : "memory");
 482:Drivers/CMSIS/Include/cmsis_gcc.h **** }
 483:Drivers/CMSIS/Include/cmsis_gcc.h **** 
 484:Drivers/CMSIS/Include/cmsis_gcc.h **** 
 485:Drivers/CMSIS/Include/cmsis_gcc.h **** #if (defined (__ARM_FEATURE_CMSE ) && (__ARM_FEATURE_CMSE == 3))
 486:Drivers/CMSIS/Include/cmsis_gcc.h **** /**
 487:Drivers/CMSIS/Include/cmsis_gcc.h ****   \brief   Set Priority Mask (non-secure)
 488:Drivers/CMSIS/Include/cmsis_gcc.h ****   \details Assigns the given value to the non-secure Priority Mask Register when in secure state.
 489:Drivers/CMSIS/Include/cmsis_gcc.h ****   \param [in]    priMask  Priority Mask
 490:Drivers/CMSIS/Include/cmsis_gcc.h ****  */
 491:Drivers/CMSIS/Include/cmsis_gcc.h **** __STATIC_FORCEINLINE void __TZ_set_PRIMASK_NS(uint32_t priMask)
 492:Drivers/CMSIS/Include/cmsis_gcc.h **** {
 493:Drivers/CMSIS/Include/cmsis_gcc.h ****   __ASM volatile ("MSR primask_ns, %0" : : "r" (priMask) : "memory");
 494:Drivers/CMSIS/Include/cmsis_gcc.h **** }
 495:Drivers/CMSIS/Include/cmsis_gcc.h **** #endif
 496:Drivers/CMSIS/Include/cmsis_gcc.h **** 
 497:Drivers/CMSIS/Include/cmsis_gcc.h **** 
 498:Drivers/CMSIS/Include/cmsis_gcc.h **** #if ((defined (__ARM_ARCH_7M__      ) && (__ARM_ARCH_7M__      == 1)) || \
 499:Drivers/CMSIS/Include/cmsis_gcc.h ****      (defined (__ARM_ARCH_7EM__     ) && (__ARM_ARCH_7EM__     == 1)) || \
 500:Drivers/CMSIS/Include/cmsis_gcc.h ****      (defined (__ARM_ARCH_8M_MAIN__ ) && (__ARM_ARCH_8M_MAIN__ == 1))    )
 501:Drivers/CMSIS/Include/cmsis_gcc.h **** /**
 502:Drivers/CMSIS/Include/cmsis_gcc.h ****   \brief   Enable FIQ
 503:Drivers/CMSIS/Include/cmsis_gcc.h ****   \details Enables FIQ interrupts by clearing the F-bit in the CPSR.
 504:Drivers/CMSIS/Include/cmsis_gcc.h ****            Can only be executed in Privileged modes.
 505:Drivers/CMSIS/Include/cmsis_gcc.h ****  */
 506:Drivers/CMSIS/Include/cmsis_gcc.h **** __STATIC_FORCEINLINE void __enable_fault_irq(void)
 507:Drivers/CMSIS/Include/cmsis_gcc.h **** {
 508:Drivers/CMSIS/Include/cmsis_gcc.h ****   __ASM volatile ("cpsie f" : : : "memory");
 509:Drivers/CMSIS/Include/cmsis_gcc.h **** }
 510:Drivers/CMSIS/Include/cmsis_gcc.h **** 
 511:Drivers/CMSIS/Include/cmsis_gcc.h **** 
 512:Drivers/CMSIS/Include/cmsis_gcc.h **** /**
 513:Drivers/CMSIS/Include/cmsis_gcc.h ****   \brief   Disable FIQ
ARM GAS  C:\Users\a_hae\AppData\Local\Temp\ccY5vqR6.s 			page 28


 514:Drivers/CMSIS/Include/cmsis_gcc.h ****   \details Disables FIQ interrupts by setting the F-bit in the CPSR.
 515:Drivers/CMSIS/Include/cmsis_gcc.h ****            Can only be executed in Privileged modes.
 516:Drivers/CMSIS/Include/cmsis_gcc.h ****  */
 517:Drivers/CMSIS/Include/cmsis_gcc.h **** __STATIC_FORCEINLINE void __disable_fault_irq(void)
 518:Drivers/CMSIS/Include/cmsis_gcc.h **** {
 519:Drivers/CMSIS/Include/cmsis_gcc.h ****   __ASM volatile ("cpsid f" : : : "memory");
 520:Drivers/CMSIS/Include/cmsis_gcc.h **** }
 521:Drivers/CMSIS/Include/cmsis_gcc.h **** 
 522:Drivers/CMSIS/Include/cmsis_gcc.h **** 
 523:Drivers/CMSIS/Include/cmsis_gcc.h **** /**
 524:Drivers/CMSIS/Include/cmsis_gcc.h ****   \brief   Get Base Priority
 525:Drivers/CMSIS/Include/cmsis_gcc.h ****   \details Returns the current value of the Base Priority register.
 526:Drivers/CMSIS/Include/cmsis_gcc.h ****   \return               Base Priority register value
 527:Drivers/CMSIS/Include/cmsis_gcc.h ****  */
 528:Drivers/CMSIS/Include/cmsis_gcc.h **** __STATIC_FORCEINLINE uint32_t __get_BASEPRI(void)
 529:Drivers/CMSIS/Include/cmsis_gcc.h **** {
 530:Drivers/CMSIS/Include/cmsis_gcc.h ****   uint32_t result;
 531:Drivers/CMSIS/Include/cmsis_gcc.h **** 
 532:Drivers/CMSIS/Include/cmsis_gcc.h ****   __ASM volatile ("MRS %0, basepri" : "=r" (result) );
 533:Drivers/CMSIS/Include/cmsis_gcc.h ****   return(result);
 534:Drivers/CMSIS/Include/cmsis_gcc.h **** }
 535:Drivers/CMSIS/Include/cmsis_gcc.h **** 
 536:Drivers/CMSIS/Include/cmsis_gcc.h **** 
 537:Drivers/CMSIS/Include/cmsis_gcc.h **** #if (defined (__ARM_FEATURE_CMSE ) && (__ARM_FEATURE_CMSE == 3))
 538:Drivers/CMSIS/Include/cmsis_gcc.h **** /**
 539:Drivers/CMSIS/Include/cmsis_gcc.h ****   \brief   Get Base Priority (non-secure)
 540:Drivers/CMSIS/Include/cmsis_gcc.h ****   \details Returns the current value of the non-secure Base Priority register when in secure state.
 541:Drivers/CMSIS/Include/cmsis_gcc.h ****   \return               Base Priority register value
 542:Drivers/CMSIS/Include/cmsis_gcc.h ****  */
 543:Drivers/CMSIS/Include/cmsis_gcc.h **** __STATIC_FORCEINLINE uint32_t __TZ_get_BASEPRI_NS(void)
 544:Drivers/CMSIS/Include/cmsis_gcc.h **** {
 545:Drivers/CMSIS/Include/cmsis_gcc.h ****   uint32_t result;
 546:Drivers/CMSIS/Include/cmsis_gcc.h **** 
 547:Drivers/CMSIS/Include/cmsis_gcc.h ****   __ASM volatile ("MRS %0, basepri_ns" : "=r" (result) );
 548:Drivers/CMSIS/Include/cmsis_gcc.h ****   return(result);
 549:Drivers/CMSIS/Include/cmsis_gcc.h **** }
 550:Drivers/CMSIS/Include/cmsis_gcc.h **** #endif
 551:Drivers/CMSIS/Include/cmsis_gcc.h **** 
 552:Drivers/CMSIS/Include/cmsis_gcc.h **** 
 553:Drivers/CMSIS/Include/cmsis_gcc.h **** /**
 554:Drivers/CMSIS/Include/cmsis_gcc.h ****   \brief   Set Base Priority
 555:Drivers/CMSIS/Include/cmsis_gcc.h ****   \details Assigns the given value to the Base Priority register.
 556:Drivers/CMSIS/Include/cmsis_gcc.h ****   \param [in]    basePri  Base Priority value to set
 557:Drivers/CMSIS/Include/cmsis_gcc.h ****  */
 558:Drivers/CMSIS/Include/cmsis_gcc.h **** __STATIC_FORCEINLINE void __set_BASEPRI(uint32_t basePri)
 559:Drivers/CMSIS/Include/cmsis_gcc.h **** {
 560:Drivers/CMSIS/Include/cmsis_gcc.h ****   __ASM volatile ("MSR basepri, %0" : : "r" (basePri) : "memory");
 561:Drivers/CMSIS/Include/cmsis_gcc.h **** }
 562:Drivers/CMSIS/Include/cmsis_gcc.h **** 
 563:Drivers/CMSIS/Include/cmsis_gcc.h **** 
 564:Drivers/CMSIS/Include/cmsis_gcc.h **** #if (defined (__ARM_FEATURE_CMSE ) && (__ARM_FEATURE_CMSE == 3))
 565:Drivers/CMSIS/Include/cmsis_gcc.h **** /**
 566:Drivers/CMSIS/Include/cmsis_gcc.h ****   \brief   Set Base Priority (non-secure)
 567:Drivers/CMSIS/Include/cmsis_gcc.h ****   \details Assigns the given value to the non-secure Base Priority register when in secure state.
 568:Drivers/CMSIS/Include/cmsis_gcc.h ****   \param [in]    basePri  Base Priority value to set
 569:Drivers/CMSIS/Include/cmsis_gcc.h ****  */
 570:Drivers/CMSIS/Include/cmsis_gcc.h **** __STATIC_FORCEINLINE void __TZ_set_BASEPRI_NS(uint32_t basePri)
ARM GAS  C:\Users\a_hae\AppData\Local\Temp\ccY5vqR6.s 			page 29


 571:Drivers/CMSIS/Include/cmsis_gcc.h **** {
 572:Drivers/CMSIS/Include/cmsis_gcc.h ****   __ASM volatile ("MSR basepri_ns, %0" : : "r" (basePri) : "memory");
 573:Drivers/CMSIS/Include/cmsis_gcc.h **** }
 574:Drivers/CMSIS/Include/cmsis_gcc.h **** #endif
 575:Drivers/CMSIS/Include/cmsis_gcc.h **** 
 576:Drivers/CMSIS/Include/cmsis_gcc.h **** 
 577:Drivers/CMSIS/Include/cmsis_gcc.h **** /**
 578:Drivers/CMSIS/Include/cmsis_gcc.h ****   \brief   Set Base Priority with condition
 579:Drivers/CMSIS/Include/cmsis_gcc.h ****   \details Assigns the given value to the Base Priority register only if BASEPRI masking is disable
 580:Drivers/CMSIS/Include/cmsis_gcc.h ****            or the new value increases the BASEPRI priority level.
 581:Drivers/CMSIS/Include/cmsis_gcc.h ****   \param [in]    basePri  Base Priority value to set
 582:Drivers/CMSIS/Include/cmsis_gcc.h ****  */
 583:Drivers/CMSIS/Include/cmsis_gcc.h **** __STATIC_FORCEINLINE void __set_BASEPRI_MAX(uint32_t basePri)
 584:Drivers/CMSIS/Include/cmsis_gcc.h **** {
 585:Drivers/CMSIS/Include/cmsis_gcc.h ****   __ASM volatile ("MSR basepri_max, %0" : : "r" (basePri) : "memory");
 586:Drivers/CMSIS/Include/cmsis_gcc.h **** }
 587:Drivers/CMSIS/Include/cmsis_gcc.h **** 
 588:Drivers/CMSIS/Include/cmsis_gcc.h **** 
 589:Drivers/CMSIS/Include/cmsis_gcc.h **** /**
 590:Drivers/CMSIS/Include/cmsis_gcc.h ****   \brief   Get Fault Mask
 591:Drivers/CMSIS/Include/cmsis_gcc.h ****   \details Returns the current value of the Fault Mask register.
 592:Drivers/CMSIS/Include/cmsis_gcc.h ****   \return               Fault Mask register value
 593:Drivers/CMSIS/Include/cmsis_gcc.h ****  */
 594:Drivers/CMSIS/Include/cmsis_gcc.h **** __STATIC_FORCEINLINE uint32_t __get_FAULTMASK(void)
 595:Drivers/CMSIS/Include/cmsis_gcc.h **** {
 596:Drivers/CMSIS/Include/cmsis_gcc.h ****   uint32_t result;
 597:Drivers/CMSIS/Include/cmsis_gcc.h **** 
 598:Drivers/CMSIS/Include/cmsis_gcc.h ****   __ASM volatile ("MRS %0, faultmask" : "=r" (result) );
 599:Drivers/CMSIS/Include/cmsis_gcc.h ****   return(result);
 600:Drivers/CMSIS/Include/cmsis_gcc.h **** }
 601:Drivers/CMSIS/Include/cmsis_gcc.h **** 
 602:Drivers/CMSIS/Include/cmsis_gcc.h **** 
 603:Drivers/CMSIS/Include/cmsis_gcc.h **** #if (defined (__ARM_FEATURE_CMSE ) && (__ARM_FEATURE_CMSE == 3))
 604:Drivers/CMSIS/Include/cmsis_gcc.h **** /**
 605:Drivers/CMSIS/Include/cmsis_gcc.h ****   \brief   Get Fault Mask (non-secure)
 606:Drivers/CMSIS/Include/cmsis_gcc.h ****   \details Returns the current value of the non-secure Fault Mask register when in secure state.
 607:Drivers/CMSIS/Include/cmsis_gcc.h ****   \return               Fault Mask register value
 608:Drivers/CMSIS/Include/cmsis_gcc.h ****  */
 609:Drivers/CMSIS/Include/cmsis_gcc.h **** __STATIC_FORCEINLINE uint32_t __TZ_get_FAULTMASK_NS(void)
 610:Drivers/CMSIS/Include/cmsis_gcc.h **** {
 611:Drivers/CMSIS/Include/cmsis_gcc.h ****   uint32_t result;
 612:Drivers/CMSIS/Include/cmsis_gcc.h **** 
 613:Drivers/CMSIS/Include/cmsis_gcc.h ****   __ASM volatile ("MRS %0, faultmask_ns" : "=r" (result) );
 614:Drivers/CMSIS/Include/cmsis_gcc.h ****   return(result);
 615:Drivers/CMSIS/Include/cmsis_gcc.h **** }
 616:Drivers/CMSIS/Include/cmsis_gcc.h **** #endif
 617:Drivers/CMSIS/Include/cmsis_gcc.h **** 
 618:Drivers/CMSIS/Include/cmsis_gcc.h **** 
 619:Drivers/CMSIS/Include/cmsis_gcc.h **** /**
 620:Drivers/CMSIS/Include/cmsis_gcc.h ****   \brief   Set Fault Mask
 621:Drivers/CMSIS/Include/cmsis_gcc.h ****   \details Assigns the given value to the Fault Mask register.
 622:Drivers/CMSIS/Include/cmsis_gcc.h ****   \param [in]    faultMask  Fault Mask value to set
 623:Drivers/CMSIS/Include/cmsis_gcc.h ****  */
 624:Drivers/CMSIS/Include/cmsis_gcc.h **** __STATIC_FORCEINLINE void __set_FAULTMASK(uint32_t faultMask)
 625:Drivers/CMSIS/Include/cmsis_gcc.h **** {
 626:Drivers/CMSIS/Include/cmsis_gcc.h ****   __ASM volatile ("MSR faultmask, %0" : : "r" (faultMask) : "memory");
 627:Drivers/CMSIS/Include/cmsis_gcc.h **** }
ARM GAS  C:\Users\a_hae\AppData\Local\Temp\ccY5vqR6.s 			page 30


 628:Drivers/CMSIS/Include/cmsis_gcc.h **** 
 629:Drivers/CMSIS/Include/cmsis_gcc.h **** 
 630:Drivers/CMSIS/Include/cmsis_gcc.h **** #if (defined (__ARM_FEATURE_CMSE ) && (__ARM_FEATURE_CMSE == 3))
 631:Drivers/CMSIS/Include/cmsis_gcc.h **** /**
 632:Drivers/CMSIS/Include/cmsis_gcc.h ****   \brief   Set Fault Mask (non-secure)
 633:Drivers/CMSIS/Include/cmsis_gcc.h ****   \details Assigns the given value to the non-secure Fault Mask register when in secure state.
 634:Drivers/CMSIS/Include/cmsis_gcc.h ****   \param [in]    faultMask  Fault Mask value to set
 635:Drivers/CMSIS/Include/cmsis_gcc.h ****  */
 636:Drivers/CMSIS/Include/cmsis_gcc.h **** __STATIC_FORCEINLINE void __TZ_set_FAULTMASK_NS(uint32_t faultMask)
 637:Drivers/CMSIS/Include/cmsis_gcc.h **** {
 638:Drivers/CMSIS/Include/cmsis_gcc.h ****   __ASM volatile ("MSR faultmask_ns, %0" : : "r" (faultMask) : "memory");
 639:Drivers/CMSIS/Include/cmsis_gcc.h **** }
 640:Drivers/CMSIS/Include/cmsis_gcc.h **** #endif
 641:Drivers/CMSIS/Include/cmsis_gcc.h **** 
 642:Drivers/CMSIS/Include/cmsis_gcc.h **** #endif /* ((defined (__ARM_ARCH_7M__      ) && (__ARM_ARCH_7M__      == 1)) || \
 643:Drivers/CMSIS/Include/cmsis_gcc.h ****            (defined (__ARM_ARCH_7EM__     ) && (__ARM_ARCH_7EM__     == 1)) || \
 644:Drivers/CMSIS/Include/cmsis_gcc.h ****            (defined (__ARM_ARCH_8M_MAIN__ ) && (__ARM_ARCH_8M_MAIN__ == 1))    ) */
 645:Drivers/CMSIS/Include/cmsis_gcc.h **** 
 646:Drivers/CMSIS/Include/cmsis_gcc.h **** 
 647:Drivers/CMSIS/Include/cmsis_gcc.h **** #if ((defined (__ARM_ARCH_8M_MAIN__ ) && (__ARM_ARCH_8M_MAIN__ == 1)) || \
 648:Drivers/CMSIS/Include/cmsis_gcc.h ****      (defined (__ARM_ARCH_8M_BASE__ ) && (__ARM_ARCH_8M_BASE__ == 1))    )
 649:Drivers/CMSIS/Include/cmsis_gcc.h **** 
 650:Drivers/CMSIS/Include/cmsis_gcc.h **** /**
 651:Drivers/CMSIS/Include/cmsis_gcc.h ****   \brief   Get Process Stack Pointer Limit
 652:Drivers/CMSIS/Include/cmsis_gcc.h ****   Devices without ARMv8-M Main Extensions (i.e. Cortex-M23) lack the non-secure
 653:Drivers/CMSIS/Include/cmsis_gcc.h ****   Stack Pointer Limit register hence zero is returned always in non-secure
 654:Drivers/CMSIS/Include/cmsis_gcc.h ****   mode.
 655:Drivers/CMSIS/Include/cmsis_gcc.h ****   
 656:Drivers/CMSIS/Include/cmsis_gcc.h ****   \details Returns the current value of the Process Stack Pointer Limit (PSPLIM).
 657:Drivers/CMSIS/Include/cmsis_gcc.h ****   \return               PSPLIM Register value
 658:Drivers/CMSIS/Include/cmsis_gcc.h ****  */
 659:Drivers/CMSIS/Include/cmsis_gcc.h **** __STATIC_FORCEINLINE uint32_t __get_PSPLIM(void)
 660:Drivers/CMSIS/Include/cmsis_gcc.h **** {
 661:Drivers/CMSIS/Include/cmsis_gcc.h **** #if (!(defined (__ARM_ARCH_8M_MAIN__ ) && (__ARM_ARCH_8M_MAIN__ == 1)) && \
 662:Drivers/CMSIS/Include/cmsis_gcc.h ****     (!defined (__ARM_FEATURE_CMSE) || (__ARM_FEATURE_CMSE < 3)))
 663:Drivers/CMSIS/Include/cmsis_gcc.h ****     // without main extensions, the non-secure PSPLIM is RAZ/WI
 664:Drivers/CMSIS/Include/cmsis_gcc.h ****   return 0U;
 665:Drivers/CMSIS/Include/cmsis_gcc.h **** #else
 666:Drivers/CMSIS/Include/cmsis_gcc.h ****   uint32_t result;
 667:Drivers/CMSIS/Include/cmsis_gcc.h ****   __ASM volatile ("MRS %0, psplim"  : "=r" (result) );
 668:Drivers/CMSIS/Include/cmsis_gcc.h ****   return result;
 669:Drivers/CMSIS/Include/cmsis_gcc.h **** #endif
 670:Drivers/CMSIS/Include/cmsis_gcc.h **** }
 671:Drivers/CMSIS/Include/cmsis_gcc.h **** 
 672:Drivers/CMSIS/Include/cmsis_gcc.h **** #if (defined (__ARM_FEATURE_CMSE) && (__ARM_FEATURE_CMSE == 3))
 673:Drivers/CMSIS/Include/cmsis_gcc.h **** /**
 674:Drivers/CMSIS/Include/cmsis_gcc.h ****   \brief   Get Process Stack Pointer Limit (non-secure)
 675:Drivers/CMSIS/Include/cmsis_gcc.h ****   Devices without ARMv8-M Main Extensions (i.e. Cortex-M23) lack the non-secure
 676:Drivers/CMSIS/Include/cmsis_gcc.h ****   Stack Pointer Limit register hence zero is returned always.
 677:Drivers/CMSIS/Include/cmsis_gcc.h **** 
 678:Drivers/CMSIS/Include/cmsis_gcc.h ****   \details Returns the current value of the non-secure Process Stack Pointer Limit (PSPLIM) when in
 679:Drivers/CMSIS/Include/cmsis_gcc.h ****   \return               PSPLIM Register value
 680:Drivers/CMSIS/Include/cmsis_gcc.h ****  */
 681:Drivers/CMSIS/Include/cmsis_gcc.h **** __STATIC_FORCEINLINE uint32_t __TZ_get_PSPLIM_NS(void)
 682:Drivers/CMSIS/Include/cmsis_gcc.h **** {
 683:Drivers/CMSIS/Include/cmsis_gcc.h **** #if (!(defined (__ARM_ARCH_8M_MAIN__ ) && (__ARM_ARCH_8M_MAIN__ == 1)))
 684:Drivers/CMSIS/Include/cmsis_gcc.h ****   // without main extensions, the non-secure PSPLIM is RAZ/WI
ARM GAS  C:\Users\a_hae\AppData\Local\Temp\ccY5vqR6.s 			page 31


 685:Drivers/CMSIS/Include/cmsis_gcc.h ****   return 0U;
 686:Drivers/CMSIS/Include/cmsis_gcc.h **** #else
 687:Drivers/CMSIS/Include/cmsis_gcc.h ****   uint32_t result;
 688:Drivers/CMSIS/Include/cmsis_gcc.h ****   __ASM volatile ("MRS %0, psplim_ns"  : "=r" (result) );
 689:Drivers/CMSIS/Include/cmsis_gcc.h ****   return result;
 690:Drivers/CMSIS/Include/cmsis_gcc.h **** #endif
 691:Drivers/CMSIS/Include/cmsis_gcc.h **** }
 692:Drivers/CMSIS/Include/cmsis_gcc.h **** #endif
 693:Drivers/CMSIS/Include/cmsis_gcc.h **** 
 694:Drivers/CMSIS/Include/cmsis_gcc.h **** 
 695:Drivers/CMSIS/Include/cmsis_gcc.h **** /**
 696:Drivers/CMSIS/Include/cmsis_gcc.h ****   \brief   Set Process Stack Pointer Limit
 697:Drivers/CMSIS/Include/cmsis_gcc.h ****   Devices without ARMv8-M Main Extensions (i.e. Cortex-M23) lack the non-secure
 698:Drivers/CMSIS/Include/cmsis_gcc.h ****   Stack Pointer Limit register hence the write is silently ignored in non-secure
 699:Drivers/CMSIS/Include/cmsis_gcc.h ****   mode.
 700:Drivers/CMSIS/Include/cmsis_gcc.h ****   
 701:Drivers/CMSIS/Include/cmsis_gcc.h ****   \details Assigns the given value to the Process Stack Pointer Limit (PSPLIM).
 702:Drivers/CMSIS/Include/cmsis_gcc.h ****   \param [in]    ProcStackPtrLimit  Process Stack Pointer Limit value to set
 703:Drivers/CMSIS/Include/cmsis_gcc.h ****  */
 704:Drivers/CMSIS/Include/cmsis_gcc.h **** __STATIC_FORCEINLINE void __set_PSPLIM(uint32_t ProcStackPtrLimit)
 705:Drivers/CMSIS/Include/cmsis_gcc.h **** {
 706:Drivers/CMSIS/Include/cmsis_gcc.h **** #if (!(defined (__ARM_ARCH_8M_MAIN__ ) && (__ARM_ARCH_8M_MAIN__ == 1)) && \
 707:Drivers/CMSIS/Include/cmsis_gcc.h ****     (!defined (__ARM_FEATURE_CMSE) || (__ARM_FEATURE_CMSE < 3)))
 708:Drivers/CMSIS/Include/cmsis_gcc.h ****   // without main extensions, the non-secure PSPLIM is RAZ/WI
 709:Drivers/CMSIS/Include/cmsis_gcc.h ****   (void)ProcStackPtrLimit;
 710:Drivers/CMSIS/Include/cmsis_gcc.h **** #else
 711:Drivers/CMSIS/Include/cmsis_gcc.h ****   __ASM volatile ("MSR psplim, %0" : : "r" (ProcStackPtrLimit));
 712:Drivers/CMSIS/Include/cmsis_gcc.h **** #endif
 713:Drivers/CMSIS/Include/cmsis_gcc.h **** }
 714:Drivers/CMSIS/Include/cmsis_gcc.h **** 
 715:Drivers/CMSIS/Include/cmsis_gcc.h **** 
 716:Drivers/CMSIS/Include/cmsis_gcc.h **** #if (defined (__ARM_FEATURE_CMSE  ) && (__ARM_FEATURE_CMSE   == 3))
 717:Drivers/CMSIS/Include/cmsis_gcc.h **** /**
 718:Drivers/CMSIS/Include/cmsis_gcc.h ****   \brief   Set Process Stack Pointer (non-secure)
 719:Drivers/CMSIS/Include/cmsis_gcc.h ****   Devices without ARMv8-M Main Extensions (i.e. Cortex-M23) lack the non-secure
 720:Drivers/CMSIS/Include/cmsis_gcc.h ****   Stack Pointer Limit register hence the write is silently ignored.
 721:Drivers/CMSIS/Include/cmsis_gcc.h **** 
 722:Drivers/CMSIS/Include/cmsis_gcc.h ****   \details Assigns the given value to the non-secure Process Stack Pointer Limit (PSPLIM) when in s
 723:Drivers/CMSIS/Include/cmsis_gcc.h ****   \param [in]    ProcStackPtrLimit  Process Stack Pointer Limit value to set
 724:Drivers/CMSIS/Include/cmsis_gcc.h ****  */
 725:Drivers/CMSIS/Include/cmsis_gcc.h **** __STATIC_FORCEINLINE void __TZ_set_PSPLIM_NS(uint32_t ProcStackPtrLimit)
 726:Drivers/CMSIS/Include/cmsis_gcc.h **** {
 727:Drivers/CMSIS/Include/cmsis_gcc.h **** #if (!(defined (__ARM_ARCH_8M_MAIN__ ) && (__ARM_ARCH_8M_MAIN__ == 1)))
 728:Drivers/CMSIS/Include/cmsis_gcc.h ****   // without main extensions, the non-secure PSPLIM is RAZ/WI
 729:Drivers/CMSIS/Include/cmsis_gcc.h ****   (void)ProcStackPtrLimit;
 730:Drivers/CMSIS/Include/cmsis_gcc.h **** #else
 731:Drivers/CMSIS/Include/cmsis_gcc.h ****   __ASM volatile ("MSR psplim_ns, %0\n" : : "r" (ProcStackPtrLimit));
 732:Drivers/CMSIS/Include/cmsis_gcc.h **** #endif
 733:Drivers/CMSIS/Include/cmsis_gcc.h **** }
 734:Drivers/CMSIS/Include/cmsis_gcc.h **** #endif
 735:Drivers/CMSIS/Include/cmsis_gcc.h **** 
 736:Drivers/CMSIS/Include/cmsis_gcc.h **** 
 737:Drivers/CMSIS/Include/cmsis_gcc.h **** /**
 738:Drivers/CMSIS/Include/cmsis_gcc.h ****   \brief   Get Main Stack Pointer Limit
 739:Drivers/CMSIS/Include/cmsis_gcc.h ****   Devices without ARMv8-M Main Extensions (i.e. Cortex-M23) lack the non-secure
 740:Drivers/CMSIS/Include/cmsis_gcc.h ****   Stack Pointer Limit register hence zero is returned always in non-secure
 741:Drivers/CMSIS/Include/cmsis_gcc.h ****   mode.
ARM GAS  C:\Users\a_hae\AppData\Local\Temp\ccY5vqR6.s 			page 32


 742:Drivers/CMSIS/Include/cmsis_gcc.h **** 
 743:Drivers/CMSIS/Include/cmsis_gcc.h ****   \details Returns the current value of the Main Stack Pointer Limit (MSPLIM).
 744:Drivers/CMSIS/Include/cmsis_gcc.h ****   \return               MSPLIM Register value
 745:Drivers/CMSIS/Include/cmsis_gcc.h ****  */
 746:Drivers/CMSIS/Include/cmsis_gcc.h **** __STATIC_FORCEINLINE uint32_t __get_MSPLIM(void)
 747:Drivers/CMSIS/Include/cmsis_gcc.h **** {
 748:Drivers/CMSIS/Include/cmsis_gcc.h **** #if (!(defined (__ARM_ARCH_8M_MAIN__ ) && (__ARM_ARCH_8M_MAIN__ == 1)) && \
 749:Drivers/CMSIS/Include/cmsis_gcc.h ****     (!defined (__ARM_FEATURE_CMSE) || (__ARM_FEATURE_CMSE < 3)))
 750:Drivers/CMSIS/Include/cmsis_gcc.h ****   // without main extensions, the non-secure MSPLIM is RAZ/WI
 751:Drivers/CMSIS/Include/cmsis_gcc.h ****   return 0U;
 752:Drivers/CMSIS/Include/cmsis_gcc.h **** #else
 753:Drivers/CMSIS/Include/cmsis_gcc.h ****   uint32_t result;
 754:Drivers/CMSIS/Include/cmsis_gcc.h ****   __ASM volatile ("MRS %0, msplim" : "=r" (result) );
 755:Drivers/CMSIS/Include/cmsis_gcc.h ****   return result;
 756:Drivers/CMSIS/Include/cmsis_gcc.h **** #endif
 757:Drivers/CMSIS/Include/cmsis_gcc.h **** }
 758:Drivers/CMSIS/Include/cmsis_gcc.h **** 
 759:Drivers/CMSIS/Include/cmsis_gcc.h **** 
 760:Drivers/CMSIS/Include/cmsis_gcc.h **** #if (defined (__ARM_FEATURE_CMSE  ) && (__ARM_FEATURE_CMSE   == 3))
 761:Drivers/CMSIS/Include/cmsis_gcc.h **** /**
 762:Drivers/CMSIS/Include/cmsis_gcc.h ****   \brief   Get Main Stack Pointer Limit (non-secure)
 763:Drivers/CMSIS/Include/cmsis_gcc.h ****   Devices without ARMv8-M Main Extensions (i.e. Cortex-M23) lack the non-secure
 764:Drivers/CMSIS/Include/cmsis_gcc.h ****   Stack Pointer Limit register hence zero is returned always.
 765:Drivers/CMSIS/Include/cmsis_gcc.h **** 
 766:Drivers/CMSIS/Include/cmsis_gcc.h ****   \details Returns the current value of the non-secure Main Stack Pointer Limit(MSPLIM) when in sec
 767:Drivers/CMSIS/Include/cmsis_gcc.h ****   \return               MSPLIM Register value
 768:Drivers/CMSIS/Include/cmsis_gcc.h ****  */
 769:Drivers/CMSIS/Include/cmsis_gcc.h **** __STATIC_FORCEINLINE uint32_t __TZ_get_MSPLIM_NS(void)
 770:Drivers/CMSIS/Include/cmsis_gcc.h **** {
 771:Drivers/CMSIS/Include/cmsis_gcc.h **** #if (!(defined (__ARM_ARCH_8M_MAIN__ ) && (__ARM_ARCH_8M_MAIN__ == 1)))
 772:Drivers/CMSIS/Include/cmsis_gcc.h ****   // without main extensions, the non-secure MSPLIM is RAZ/WI
 773:Drivers/CMSIS/Include/cmsis_gcc.h ****   return 0U;
 774:Drivers/CMSIS/Include/cmsis_gcc.h **** #else
 775:Drivers/CMSIS/Include/cmsis_gcc.h ****   uint32_t result;
 776:Drivers/CMSIS/Include/cmsis_gcc.h ****   __ASM volatile ("MRS %0, msplim_ns" : "=r" (result) );
 777:Drivers/CMSIS/Include/cmsis_gcc.h ****   return result;
 778:Drivers/CMSIS/Include/cmsis_gcc.h **** #endif
 779:Drivers/CMSIS/Include/cmsis_gcc.h **** }
 780:Drivers/CMSIS/Include/cmsis_gcc.h **** #endif
 781:Drivers/CMSIS/Include/cmsis_gcc.h **** 
 782:Drivers/CMSIS/Include/cmsis_gcc.h **** 
 783:Drivers/CMSIS/Include/cmsis_gcc.h **** /**
 784:Drivers/CMSIS/Include/cmsis_gcc.h ****   \brief   Set Main Stack Pointer Limit
 785:Drivers/CMSIS/Include/cmsis_gcc.h ****   Devices without ARMv8-M Main Extensions (i.e. Cortex-M23) lack the non-secure
 786:Drivers/CMSIS/Include/cmsis_gcc.h ****   Stack Pointer Limit register hence the write is silently ignored in non-secure
 787:Drivers/CMSIS/Include/cmsis_gcc.h ****   mode.
 788:Drivers/CMSIS/Include/cmsis_gcc.h **** 
 789:Drivers/CMSIS/Include/cmsis_gcc.h ****   \details Assigns the given value to the Main Stack Pointer Limit (MSPLIM).
 790:Drivers/CMSIS/Include/cmsis_gcc.h ****   \param [in]    MainStackPtrLimit  Main Stack Pointer Limit value to set
 791:Drivers/CMSIS/Include/cmsis_gcc.h ****  */
 792:Drivers/CMSIS/Include/cmsis_gcc.h **** __STATIC_FORCEINLINE void __set_MSPLIM(uint32_t MainStackPtrLimit)
 793:Drivers/CMSIS/Include/cmsis_gcc.h **** {
 794:Drivers/CMSIS/Include/cmsis_gcc.h **** #if (!(defined (__ARM_ARCH_8M_MAIN__ ) && (__ARM_ARCH_8M_MAIN__ == 1)) && \
 795:Drivers/CMSIS/Include/cmsis_gcc.h ****     (!defined (__ARM_FEATURE_CMSE) || (__ARM_FEATURE_CMSE < 3)))
 796:Drivers/CMSIS/Include/cmsis_gcc.h ****   // without main extensions, the non-secure MSPLIM is RAZ/WI
 797:Drivers/CMSIS/Include/cmsis_gcc.h ****   (void)MainStackPtrLimit;
 798:Drivers/CMSIS/Include/cmsis_gcc.h **** #else
ARM GAS  C:\Users\a_hae\AppData\Local\Temp\ccY5vqR6.s 			page 33


 799:Drivers/CMSIS/Include/cmsis_gcc.h ****   __ASM volatile ("MSR msplim, %0" : : "r" (MainStackPtrLimit));
 800:Drivers/CMSIS/Include/cmsis_gcc.h **** #endif
 801:Drivers/CMSIS/Include/cmsis_gcc.h **** }
 802:Drivers/CMSIS/Include/cmsis_gcc.h **** 
 803:Drivers/CMSIS/Include/cmsis_gcc.h **** 
 804:Drivers/CMSIS/Include/cmsis_gcc.h **** #if (defined (__ARM_FEATURE_CMSE  ) && (__ARM_FEATURE_CMSE   == 3))
 805:Drivers/CMSIS/Include/cmsis_gcc.h **** /**
 806:Drivers/CMSIS/Include/cmsis_gcc.h ****   \brief   Set Main Stack Pointer Limit (non-secure)
 807:Drivers/CMSIS/Include/cmsis_gcc.h ****   Devices without ARMv8-M Main Extensions (i.e. Cortex-M23) lack the non-secure
 808:Drivers/CMSIS/Include/cmsis_gcc.h ****   Stack Pointer Limit register hence the write is silently ignored.
 809:Drivers/CMSIS/Include/cmsis_gcc.h **** 
 810:Drivers/CMSIS/Include/cmsis_gcc.h ****   \details Assigns the given value to the non-secure Main Stack Pointer Limit (MSPLIM) when in secu
 811:Drivers/CMSIS/Include/cmsis_gcc.h ****   \param [in]    MainStackPtrLimit  Main Stack Pointer value to set
 812:Drivers/CMSIS/Include/cmsis_gcc.h ****  */
 813:Drivers/CMSIS/Include/cmsis_gcc.h **** __STATIC_FORCEINLINE void __TZ_set_MSPLIM_NS(uint32_t MainStackPtrLimit)
 814:Drivers/CMSIS/Include/cmsis_gcc.h **** {
 815:Drivers/CMSIS/Include/cmsis_gcc.h **** #if (!(defined (__ARM_ARCH_8M_MAIN__ ) && (__ARM_ARCH_8M_MAIN__ == 1)))
 816:Drivers/CMSIS/Include/cmsis_gcc.h ****   // without main extensions, the non-secure MSPLIM is RAZ/WI
 817:Drivers/CMSIS/Include/cmsis_gcc.h ****   (void)MainStackPtrLimit;
 818:Drivers/CMSIS/Include/cmsis_gcc.h **** #else
 819:Drivers/CMSIS/Include/cmsis_gcc.h ****   __ASM volatile ("MSR msplim_ns, %0" : : "r" (MainStackPtrLimit));
 820:Drivers/CMSIS/Include/cmsis_gcc.h **** #endif
 821:Drivers/CMSIS/Include/cmsis_gcc.h **** }
 822:Drivers/CMSIS/Include/cmsis_gcc.h **** #endif
 823:Drivers/CMSIS/Include/cmsis_gcc.h **** 
 824:Drivers/CMSIS/Include/cmsis_gcc.h **** #endif /* ((defined (__ARM_ARCH_8M_MAIN__ ) && (__ARM_ARCH_8M_MAIN__ == 1)) || \
 825:Drivers/CMSIS/Include/cmsis_gcc.h ****            (defined (__ARM_ARCH_8M_BASE__ ) && (__ARM_ARCH_8M_BASE__ == 1))    ) */
 826:Drivers/CMSIS/Include/cmsis_gcc.h **** 
 827:Drivers/CMSIS/Include/cmsis_gcc.h **** 
 828:Drivers/CMSIS/Include/cmsis_gcc.h **** /**
 829:Drivers/CMSIS/Include/cmsis_gcc.h ****   \brief   Get FPSCR
 830:Drivers/CMSIS/Include/cmsis_gcc.h ****   \details Returns the current value of the Floating Point Status/Control register.
 831:Drivers/CMSIS/Include/cmsis_gcc.h ****   \return               Floating Point Status/Control register value
 832:Drivers/CMSIS/Include/cmsis_gcc.h ****  */
 833:Drivers/CMSIS/Include/cmsis_gcc.h **** __STATIC_FORCEINLINE uint32_t __get_FPSCR(void)
 834:Drivers/CMSIS/Include/cmsis_gcc.h **** {
 835:Drivers/CMSIS/Include/cmsis_gcc.h **** #if ((defined (__FPU_PRESENT) && (__FPU_PRESENT == 1U)) && \
 836:Drivers/CMSIS/Include/cmsis_gcc.h ****      (defined (__FPU_USED   ) && (__FPU_USED    == 1U))     )
 837:Drivers/CMSIS/Include/cmsis_gcc.h **** #if __has_builtin(__builtin_arm_get_fpscr) 
 838:Drivers/CMSIS/Include/cmsis_gcc.h **** // Re-enable using built-in when GCC has been fixed
 839:Drivers/CMSIS/Include/cmsis_gcc.h **** // || (__GNUC__ > 7) || (__GNUC__ == 7 && __GNUC_MINOR__ >= 2)
 840:Drivers/CMSIS/Include/cmsis_gcc.h ****   /* see https://gcc.gnu.org/ml/gcc-patches/2017-04/msg00443.html */
 841:Drivers/CMSIS/Include/cmsis_gcc.h ****   return __builtin_arm_get_fpscr();
 842:Drivers/CMSIS/Include/cmsis_gcc.h **** #else
 843:Drivers/CMSIS/Include/cmsis_gcc.h ****   uint32_t result;
 844:Drivers/CMSIS/Include/cmsis_gcc.h **** 
 845:Drivers/CMSIS/Include/cmsis_gcc.h ****   __ASM volatile ("VMRS %0, fpscr" : "=r" (result) );
 846:Drivers/CMSIS/Include/cmsis_gcc.h ****   return(result);
 847:Drivers/CMSIS/Include/cmsis_gcc.h **** #endif
 848:Drivers/CMSIS/Include/cmsis_gcc.h **** #else
 849:Drivers/CMSIS/Include/cmsis_gcc.h ****   return(0U);
 850:Drivers/CMSIS/Include/cmsis_gcc.h **** #endif
 851:Drivers/CMSIS/Include/cmsis_gcc.h **** }
 852:Drivers/CMSIS/Include/cmsis_gcc.h **** 
 853:Drivers/CMSIS/Include/cmsis_gcc.h **** 
 854:Drivers/CMSIS/Include/cmsis_gcc.h **** /**
 855:Drivers/CMSIS/Include/cmsis_gcc.h ****   \brief   Set FPSCR
ARM GAS  C:\Users\a_hae\AppData\Local\Temp\ccY5vqR6.s 			page 34


 856:Drivers/CMSIS/Include/cmsis_gcc.h ****   \details Assigns the given value to the Floating Point Status/Control register.
 857:Drivers/CMSIS/Include/cmsis_gcc.h ****   \param [in]    fpscr  Floating Point Status/Control value to set
 858:Drivers/CMSIS/Include/cmsis_gcc.h ****  */
 859:Drivers/CMSIS/Include/cmsis_gcc.h **** __STATIC_FORCEINLINE void __set_FPSCR(uint32_t fpscr)
 860:Drivers/CMSIS/Include/cmsis_gcc.h **** {
 861:Drivers/CMSIS/Include/cmsis_gcc.h **** #if ((defined (__FPU_PRESENT) && (__FPU_PRESENT == 1U)) && \
 862:Drivers/CMSIS/Include/cmsis_gcc.h ****      (defined (__FPU_USED   ) && (__FPU_USED    == 1U))     )
 863:Drivers/CMSIS/Include/cmsis_gcc.h **** #if __has_builtin(__builtin_arm_set_fpscr)
 864:Drivers/CMSIS/Include/cmsis_gcc.h **** // Re-enable using built-in when GCC has been fixed
 865:Drivers/CMSIS/Include/cmsis_gcc.h **** // || (__GNUC__ > 7) || (__GNUC__ == 7 && __GNUC_MINOR__ >= 2)
 866:Drivers/CMSIS/Include/cmsis_gcc.h ****   /* see https://gcc.gnu.org/ml/gcc-patches/2017-04/msg00443.html */
 867:Drivers/CMSIS/Include/cmsis_gcc.h ****   __builtin_arm_set_fpscr(fpscr);
 868:Drivers/CMSIS/Include/cmsis_gcc.h **** #else
 869:Drivers/CMSIS/Include/cmsis_gcc.h ****   __ASM volatile ("VMSR fpscr, %0" : : "r" (fpscr) : "vfpcc", "memory");
 870:Drivers/CMSIS/Include/cmsis_gcc.h **** #endif
 871:Drivers/CMSIS/Include/cmsis_gcc.h **** #else
 872:Drivers/CMSIS/Include/cmsis_gcc.h ****   (void)fpscr;
 873:Drivers/CMSIS/Include/cmsis_gcc.h **** #endif
 874:Drivers/CMSIS/Include/cmsis_gcc.h **** }
 875:Drivers/CMSIS/Include/cmsis_gcc.h **** 
 876:Drivers/CMSIS/Include/cmsis_gcc.h **** 
 877:Drivers/CMSIS/Include/cmsis_gcc.h **** /*@} end of CMSIS_Core_RegAccFunctions */
 878:Drivers/CMSIS/Include/cmsis_gcc.h **** 
 879:Drivers/CMSIS/Include/cmsis_gcc.h **** 
 880:Drivers/CMSIS/Include/cmsis_gcc.h **** /* ##########################  Core Instruction Access  ######################### */
 881:Drivers/CMSIS/Include/cmsis_gcc.h **** /** \defgroup CMSIS_Core_InstructionInterface CMSIS Core Instruction Interface
 882:Drivers/CMSIS/Include/cmsis_gcc.h ****   Access to dedicated instructions
 883:Drivers/CMSIS/Include/cmsis_gcc.h ****   @{
 884:Drivers/CMSIS/Include/cmsis_gcc.h **** */
 885:Drivers/CMSIS/Include/cmsis_gcc.h **** 
 886:Drivers/CMSIS/Include/cmsis_gcc.h **** /* Define macros for porting to both thumb1 and thumb2.
 887:Drivers/CMSIS/Include/cmsis_gcc.h ****  * For thumb1, use low register (r0-r7), specified by constraint "l"
 888:Drivers/CMSIS/Include/cmsis_gcc.h ****  * Otherwise, use general registers, specified by constraint "r" */
 889:Drivers/CMSIS/Include/cmsis_gcc.h **** #if defined (__thumb__) && !defined (__thumb2__)
 890:Drivers/CMSIS/Include/cmsis_gcc.h **** #define __CMSIS_GCC_OUT_REG(r) "=l" (r)
 891:Drivers/CMSIS/Include/cmsis_gcc.h **** #define __CMSIS_GCC_RW_REG(r) "+l" (r)
 892:Drivers/CMSIS/Include/cmsis_gcc.h **** #define __CMSIS_GCC_USE_REG(r) "l" (r)
 893:Drivers/CMSIS/Include/cmsis_gcc.h **** #else
 894:Drivers/CMSIS/Include/cmsis_gcc.h **** #define __CMSIS_GCC_OUT_REG(r) "=r" (r)
 895:Drivers/CMSIS/Include/cmsis_gcc.h **** #define __CMSIS_GCC_RW_REG(r) "+r" (r)
 896:Drivers/CMSIS/Include/cmsis_gcc.h **** #define __CMSIS_GCC_USE_REG(r) "r" (r)
 897:Drivers/CMSIS/Include/cmsis_gcc.h **** #endif
 898:Drivers/CMSIS/Include/cmsis_gcc.h **** 
 899:Drivers/CMSIS/Include/cmsis_gcc.h **** /**
 900:Drivers/CMSIS/Include/cmsis_gcc.h ****   \brief   No Operation
 901:Drivers/CMSIS/Include/cmsis_gcc.h ****   \details No Operation does nothing. This instruction can be used for code alignment purposes.
 902:Drivers/CMSIS/Include/cmsis_gcc.h ****  */
 903:Drivers/CMSIS/Include/cmsis_gcc.h **** #define __NOP()                             __ASM volatile ("nop")
 904:Drivers/CMSIS/Include/cmsis_gcc.h **** 
 905:Drivers/CMSIS/Include/cmsis_gcc.h **** /**
 906:Drivers/CMSIS/Include/cmsis_gcc.h ****   \brief   Wait For Interrupt
 907:Drivers/CMSIS/Include/cmsis_gcc.h ****   \details Wait For Interrupt is a hint instruction that suspends execution until one of a number o
 908:Drivers/CMSIS/Include/cmsis_gcc.h ****  */
 909:Drivers/CMSIS/Include/cmsis_gcc.h **** #define __WFI()                             __ASM volatile ("wfi")
 910:Drivers/CMSIS/Include/cmsis_gcc.h **** 
 911:Drivers/CMSIS/Include/cmsis_gcc.h **** 
 912:Drivers/CMSIS/Include/cmsis_gcc.h **** /**
ARM GAS  C:\Users\a_hae\AppData\Local\Temp\ccY5vqR6.s 			page 35


 913:Drivers/CMSIS/Include/cmsis_gcc.h ****   \brief   Wait For Event
 914:Drivers/CMSIS/Include/cmsis_gcc.h ****   \details Wait For Event is a hint instruction that permits the processor to enter
 915:Drivers/CMSIS/Include/cmsis_gcc.h ****            a low-power state until one of a number of events occurs.
 916:Drivers/CMSIS/Include/cmsis_gcc.h ****  */
 917:Drivers/CMSIS/Include/cmsis_gcc.h **** #define __WFE()                             __ASM volatile ("wfe")
 918:Drivers/CMSIS/Include/cmsis_gcc.h **** 
 919:Drivers/CMSIS/Include/cmsis_gcc.h **** 
 920:Drivers/CMSIS/Include/cmsis_gcc.h **** /**
 921:Drivers/CMSIS/Include/cmsis_gcc.h ****   \brief   Send Event
 922:Drivers/CMSIS/Include/cmsis_gcc.h ****   \details Send Event is a hint instruction. It causes an event to be signaled to the CPU.
 923:Drivers/CMSIS/Include/cmsis_gcc.h ****  */
 924:Drivers/CMSIS/Include/cmsis_gcc.h **** #define __SEV()                             __ASM volatile ("sev")
 925:Drivers/CMSIS/Include/cmsis_gcc.h **** 
 926:Drivers/CMSIS/Include/cmsis_gcc.h **** 
 927:Drivers/CMSIS/Include/cmsis_gcc.h **** /**
 928:Drivers/CMSIS/Include/cmsis_gcc.h ****   \brief   Instruction Synchronization Barrier
 929:Drivers/CMSIS/Include/cmsis_gcc.h ****   \details Instruction Synchronization Barrier flushes the pipeline in the processor,
 930:Drivers/CMSIS/Include/cmsis_gcc.h ****            so that all instructions following the ISB are fetched from cache or memory,
 931:Drivers/CMSIS/Include/cmsis_gcc.h ****            after the instruction has been completed.
 932:Drivers/CMSIS/Include/cmsis_gcc.h ****  */
 933:Drivers/CMSIS/Include/cmsis_gcc.h **** __STATIC_FORCEINLINE void __ISB(void)
 934:Drivers/CMSIS/Include/cmsis_gcc.h **** {
 935:Drivers/CMSIS/Include/cmsis_gcc.h ****   __ASM volatile ("isb 0xF":::"memory");
 936:Drivers/CMSIS/Include/cmsis_gcc.h **** }
 937:Drivers/CMSIS/Include/cmsis_gcc.h **** 
 938:Drivers/CMSIS/Include/cmsis_gcc.h **** 
 939:Drivers/CMSIS/Include/cmsis_gcc.h **** /**
 940:Drivers/CMSIS/Include/cmsis_gcc.h ****   \brief   Data Synchronization Barrier
 941:Drivers/CMSIS/Include/cmsis_gcc.h ****   \details Acts as a special kind of Data Memory Barrier.
 942:Drivers/CMSIS/Include/cmsis_gcc.h ****            It completes when all explicit memory accesses before this instruction complete.
 943:Drivers/CMSIS/Include/cmsis_gcc.h ****  */
 944:Drivers/CMSIS/Include/cmsis_gcc.h **** __STATIC_FORCEINLINE void __DSB(void)
 945:Drivers/CMSIS/Include/cmsis_gcc.h **** {
 946:Drivers/CMSIS/Include/cmsis_gcc.h ****   __ASM volatile ("dsb 0xF":::"memory");
  42              		.loc 3 946 3
  43              		.syntax divided
  44              	@ 946 "Drivers/CMSIS/Include/cmsis_gcc.h" 1
  45 0004 BFF34F8F 		dsb 0xF
  46              	@ 0 "" 2
 947:Drivers/CMSIS/Include/cmsis_gcc.h **** }
  47              		.loc 3 947 1
  48              		.thumb
  49              		.syntax unified
  50 0008 C046     		nop
  51              	.LBE11:
  52              	.LBE10:
 987:Drivers/CMSIS/Include/core_cm0plus.h ****   __DSB();                                                          /* Ensure all outstanding memor
 988:Drivers/CMSIS/Include/core_cm0plus.h ****                                                                        buffered write are completed
 989:Drivers/CMSIS/Include/core_cm0plus.h ****   SCB->AIRCR  = ((0x5FAUL << SCB_AIRCR_VECTKEY_Pos) |
  53              		.loc 2 989 6
  54 000a 044B     		ldr	r3, .L3
  55              		.loc 2 989 15
  56 000c 044A     		ldr	r2, .L3+4
  57 000e DA60     		str	r2, [r3, #12]
  58              	.LBB12:
  59              	.LBB13:
 946:Drivers/CMSIS/Include/cmsis_gcc.h **** }
ARM GAS  C:\Users\a_hae\AppData\Local\Temp\ccY5vqR6.s 			page 36


  60              		.loc 3 946 3
  61              		.syntax divided
  62              	@ 946 "Drivers/CMSIS/Include/cmsis_gcc.h" 1
  63 0010 BFF34F8F 		dsb 0xF
  64              	@ 0 "" 2
  65              		.loc 3 947 1
  66              		.thumb
  67              		.syntax unified
  68 0014 C046     		nop
  69              	.L2:
  70              	.LBE13:
  71              	.LBE12:
 990:Drivers/CMSIS/Include/core_cm0plus.h ****                  SCB_AIRCR_SYSRESETREQ_Msk);
 991:Drivers/CMSIS/Include/core_cm0plus.h ****   __DSB();                                                          /* Ensure completion of memory 
 992:Drivers/CMSIS/Include/core_cm0plus.h **** 
 993:Drivers/CMSIS/Include/core_cm0plus.h ****   for(;;)                                                           /* wait until reset */
 994:Drivers/CMSIS/Include/core_cm0plus.h ****   {
 995:Drivers/CMSIS/Include/core_cm0plus.h ****     __NOP();
  72              		.loc 2 995 5 discriminator 1
  73              		.syntax divided
  74              	@ 995 "Drivers/CMSIS/Include/core_cm0plus.h" 1
  75 0016 C046     		nop
  76              	@ 0 "" 2
  77              		.thumb
  78              		.syntax unified
  79 0018 FDE7     		b	.L2
  80              	.L4:
  81 001a C046     		.align	2
  82              	.L3:
  83 001c 00ED00E0 		.word	-536810240
  84 0020 0400FA05 		.word	100270084
  85              		.cfi_endproc
  86              	.LFE39:
  88              		.section	.rodata.CHANNEL_OFFSET_TAB,"a"
  89              		.align	2
  92              	CHANNEL_OFFSET_TAB:
  93 0000 081C3044 		.ascii	"\010\0340DXl\200"
  93      586C80
  94              		.section	.text.handle_group_function,"ax",%progbits
  95              		.align	1
  96              		.global	handle_group_function
  97              		.syntax unified
  98              		.code	16
  99              		.thumb_func
 101              	handle_group_function:
 102              	.LFB363:
   1:Core/Src/nmea_app.c **** /*
   2:Core/Src/nmea_app.c ****  * nmea_app.c
   3:Core/Src/nmea_app.c ****  *
   4:Core/Src/nmea_app.c ****  * NMEA2000-Handler der Applikationsebene (siehe nmea_app.h).
   5:Core/Src/nmea_app.c ****  * Aus main.c herausgezogen; Verhalten unveraendert.
   6:Core/Src/nmea_app.c ****  */
   7:Core/Src/nmea_app.c **** #include "main.h"
   8:Core/Src/nmea_app.c **** #include "nmea_app.h"
   9:Core/Src/nmea_app.c **** #include "ble_app.h"
  10:Core/Src/nmea_app.c **** #include "app_types.h"
  11:Core/Src/nmea_app.c **** #include "app_config.h"
ARM GAS  C:\Users\a_hae\AppData\Local\Temp\ccY5vqR6.s 			page 37


  12:Core/Src/nmea_app.c **** #include "config_store.h"
  13:Core/Src/nmea_app.c **** #include <string.h>
  14:Core/Src/nmea_app.c **** 
  15:Core/Src/nmea_app.c **** /* Proprietary-Header fuer PGN 126720: MFR-Code 2046, reserved 0x3, Industry
  16:Core/Src/nmea_app.c ****  * Group 4 -> uint16 LE 0x9FFE -> Bytes 0xFE, 0x9F */
  17:Core/Src/nmea_app.c **** #define PROP_HDR_0 0xFE
  18:Core/Src/nmea_app.c **** #define PROP_HDR_1 0x9F
  19:Core/Src/nmea_app.c **** #define PROP_CMD_SET_LIN 0x01
  20:Core/Src/nmea_app.c **** #define PROP_CMD_GET_LIN 0x02
  21:Core/Src/nmea_app.c **** #define PROP_CMD_CALIB   0x03	/* aktuellen Druck als 100 % (max_val) kalibrieren */
  22:Core/Src/nmea_app.c **** #define PROP_CMD_RESET   0x04	/* Kalibrierung auf Werkswert zuruecksetzen */
  23:Core/Src/nmea_app.c **** #define PROP_CMD_FRESET  0x05	/* Werksreset: kompletten Config loeschen + Neustart */
  24:Core/Src/nmea_app.c **** 
  25:Core/Src/nmea_app.c **** /* CubeMX-Handle und App-Zustand - definiert in main.c.
  26:Core/Src/nmea_app.c ****  * (gf_buf/gf_len/gf_src kommen aus nmea2000.h.) */
  27:Core/Src/nmea_app.c **** extern FDCAN_HandleTypeDef hfdcan1;
  28:Core/Src/nmea_app.c **** extern NMEA_parameter_Device dev_info_par;
  29:Core/Src/nmea_app.c **** extern prod_param device_param;
  30:Core/Src/nmea_app.c **** extern calib_data EEPROM_values;
  31:Core/Src/nmea_app.c **** extern char sensor_name[CFG_NAME_LEN + 1];
  32:Core/Src/nmea_app.c **** extern uint16_t percent_val;
  33:Core/Src/nmea_app.c **** extern volatile int32_t raw_press;
  34:Core/Src/nmea_app.c **** extern uint32_t claim_time;
  35:Core/Src/nmea_app.c **** extern volatile uint8_t dev_info;
  36:Core/Src/nmea_app.c **** 
  37:Core/Src/nmea_app.c **** /*
  38:Core/Src/nmea_app.c ****  * Verarbeitet eine komplett empfangene Group Function (PGN 126208).
  39:Core/Src/nmea_app.c ****  * Unterstuetzt fuer PGN 127505 (Fluid Level):
  40:Core/Src/nmea_app.c ****  *   Funktionscode 0 (Request): PGN sofort senden
  41:Core/Src/nmea_app.c ****  *   Funktionscode 1 (Command): Feld 1 = Instanz (0..15), Feld 2 = Fluidtyp (0..15),
  42:Core/Src/nmea_app.c ****  *                              Feld 4 = Kapazitaet (uint32, 0,1-L-Schritte)
  43:Core/Src/nmea_app.c ****  * Antwortet mit Acknowledge (Funktionscode 2) inkl. Fehlercodes je Parameter.
  44:Core/Src/nmea_app.c ****  * Hinweis: Feldwerte werden byte-aligned erwartet (wie in gaengigen
  45:Core/Src/nmea_app.c ****  * Open-Source-Stacks), nicht bit-gepackt.
  46:Core/Src/nmea_app.c ****  */
  47:Core/Src/nmea_app.c **** void handle_group_function(void)
  48:Core/Src/nmea_app.c **** {
 103              		.loc 1 48 1
 104              		.cfi_startproc
 105              		@ args = 0, pretend = 0, frame = 104
 106              		@ frame_needed = 1, uses_anonymous_args = 0
 107 0000 F0B5     		push	{r4, r5, r6, r7, lr}
 108              	.LCFI2:
 109              		.cfi_def_cfa_offset 20
 110              		.cfi_offset 4, -20
 111              		.cfi_offset 5, -16
 112              		.cfi_offset 6, -12
 113              		.cfi_offset 7, -8
 114              		.cfi_offset 14, -4
 115 0002 C646     		mov	lr, r8
 116 0004 00B5     		push	{lr}
 117              	.LCFI3:
 118              		.cfi_def_cfa_offset 24
 119              		.cfi_offset 8, -24
 120 0006 A0B0     		sub	sp, sp, #128
 121              	.LCFI4:
 122              		.cfi_def_cfa_offset 152
ARM GAS  C:\Users\a_hae\AppData\Local\Temp\ccY5vqR6.s 			page 38


 123 0008 06AF     		add	r7, sp, #24
 124              	.LCFI5:
 125              		.cfi_def_cfa 7, 128
  49:Core/Src/nmea_app.c **** 	uint8_t fn = gf_buf[0];
 126              		.loc 1 49 10
 127 000a 5F21     		movs	r1, #95
 128 000c 7B18     		adds	r3, r7, r1
 129 000e D94A     		ldr	r2, .L41
 130 0010 1278     		ldrb	r2, [r2]
 131 0012 1A70     		strb	r2, [r3]
  50:Core/Src/nmea_app.c **** 	uint32_t target_pgn = gf_buf[1] | ((uint32_t)gf_buf[2] << 8) | ((uint32_t)gf_buf[3] << 16);
 132              		.loc 1 50 30
 133 0014 D74B     		ldr	r3, .L41
 134 0016 5B78     		ldrb	r3, [r3, #1]
 135 0018 1A00     		movs	r2, r3
 136              		.loc 1 50 53
 137 001a D64B     		ldr	r3, .L41
 138 001c 9B78     		ldrb	r3, [r3, #2]
 139              		.loc 1 50 57
 140 001e 1B02     		lsls	r3, r3, #8
 141              		.loc 1 50 34
 142 0020 1A43     		orrs	r2, r3
 143              		.loc 1 50 82
 144 0022 D44B     		ldr	r3, .L41
 145 0024 DB78     		ldrb	r3, [r3, #3]
 146              		.loc 1 50 86
 147 0026 1B04     		lsls	r3, r3, #16
 148              		.loc 1 50 11
 149 0028 1343     		orrs	r3, r2
 150 002a BB65     		str	r3, [r7, #88]
  51:Core/Src/nmea_app.c **** 
  52:Core/Src/nmea_app.c **** 	if (target_pgn == 126998)
 151              		.loc 1 52 5
 152 002c BB6D     		ldr	r3, [r7, #88]
 153 002e D24A     		ldr	r2, .L41+4
 154 0030 9342     		cmp	r3, r2
 155 0032 00D0     		beq	.LCB83
 156 0034 E8E0     		b	.L6	@long jump
 157              	.LCB83:
  53:Core/Src/nmea_app.c **** 	{
  54:Core/Src/nmea_app.c **** 		/* Configuration Information: Feld 1 = Installation Description 1
  55:Core/Src/nmea_app.c **** 		 * (variabler String [Laenge n+2][0x01][n Zeichen]) -> Sensorname.
  56:Core/Src/nmea_app.c **** 		 * So koennen auch Plotter den Namen setzen. */
  57:Core/Src/nmea_app.c **** 		if (fn == 0)
 158              		.loc 1 57 6
 159 0036 7B18     		adds	r3, r7, r1
 160 0038 1B78     		ldrb	r3, [r3]
 161 003a 002B     		cmp	r3, #0
 162 003c 07D1     		bne	.L7
  58:Core/Src/nmea_app.c **** 		{
  59:Core/Src/nmea_app.c **** 			dev_info++;		/* Request: 126998 senden */
 163              		.loc 1 59 12
 164 003e CF4B     		ldr	r3, .L41+8
 165 0040 1B78     		ldrb	r3, [r3]
 166 0042 DBB2     		uxtb	r3, r3
 167 0044 0133     		adds	r3, r3, #1
 168 0046 DAB2     		uxtb	r2, r3
ARM GAS  C:\Users\a_hae\AppData\Local\Temp\ccY5vqR6.s 			page 39


 169 0048 CC4B     		ldr	r3, .L41+8
 170 004a 1A70     		strb	r2, [r3]
  60:Core/Src/nmea_app.c **** 		}
  61:Core/Src/nmea_app.c **** 		else if (fn == 1)
  62:Core/Src/nmea_app.c **** 		{
  63:Core/Src/nmea_app.c **** 			uint8_t n = gf_buf[5];
  64:Core/Src/nmea_app.c **** 			uint8_t pos = 6;
  65:Core/Src/nmea_app.c **** 			uint8_t perr[8] = {0};
  66:Core/Src/nmea_app.c **** 			uint8_t changed = 0;
  67:Core/Src/nmea_app.c **** 
  68:Core/Src/nmea_app.c **** 			for (uint8_t i = 0; (i < n) && (i < 8) && (pos < gf_len); i++)
  69:Core/Src/nmea_app.c **** 			{
  70:Core/Src/nmea_app.c **** 				uint8_t field = gf_buf[pos++];
  71:Core/Src/nmea_app.c **** 				uint8_t sl = (pos < gf_len) ? gf_buf[pos] : 0;
  72:Core/Src/nmea_app.c **** 
  73:Core/Src/nmea_app.c **** 				if ((field == 1) && (sl >= 2) && ((uint16_t)(pos + sl) <= gf_len))
  74:Core/Src/nmea_app.c **** 				{
  75:Core/Src/nmea_app.c **** 					uint8_t cn = (uint8_t)(sl - 2);
  76:Core/Src/nmea_app.c **** 					char nm[CFG_NAME_LEN + 1];
  77:Core/Src/nmea_app.c **** 					if (cn > CFG_NAME_LEN)
  78:Core/Src/nmea_app.c **** 					{
  79:Core/Src/nmea_app.c **** 						cn = CFG_NAME_LEN;	/* zu lang -> kuerzen */
  80:Core/Src/nmea_app.c **** 					}
  81:Core/Src/nmea_app.c **** 					memcpy(nm, &gf_buf[pos + 2], cn);
  82:Core/Src/nmea_app.c **** 					nm[cn] = '\0';
  83:Core/Src/nmea_app.c **** 					if (strcmp(nm, sensor_name) != 0)
  84:Core/Src/nmea_app.c **** 					{
  85:Core/Src/nmea_app.c **** 						set_name_eeprom(nm);
  86:Core/Src/nmea_app.c **** 						get_name_eeprom(sensor_name);
  87:Core/Src/nmea_app.c **** 						/* BLE-Modulname sofort mitziehen (trennt ggf. eine
  88:Core/Src/nmea_app.c **** 						 * bestehende BLE-Verbindung, Modul startet neu) */
  89:Core/Src/nmea_app.c **** 						{
  90:Core/Src/nmea_app.c **** 							char want[21];
  91:Core/Src/nmea_app.c **** 							ble_desired_name(want);
  92:Core/Src/nmea_app.c **** 							BLE_SetDeviceName(want);
  93:Core/Src/nmea_app.c **** 						}
  94:Core/Src/nmea_app.c **** 						changed = 1;
  95:Core/Src/nmea_app.c **** 					}
  96:Core/Src/nmea_app.c **** 					pos = (uint8_t)(pos + sl);
  97:Core/Src/nmea_app.c **** 				}
  98:Core/Src/nmea_app.c **** 				else
  99:Core/Src/nmea_app.c **** 				{
 100:Core/Src/nmea_app.c **** 					perr[i] = 4;	/* Feld nicht unterstuetzt / defekt */
 101:Core/Src/nmea_app.c **** 					pos = gf_len;	/* Groesse unbekannt -> Abbruch */
 102:Core/Src/nmea_app.c **** 				}
 103:Core/Src/nmea_app.c **** 			}
 104:Core/Src/nmea_app.c **** 
 105:Core/Src/nmea_app.c **** 			if (changed)
 106:Core/Src/nmea_app.c **** 			{
 107:Core/Src/nmea_app.c **** 				dev_info++;		/* aktualisierte Info gleich verschicken */
 108:Core/Src/nmea_app.c **** 			}
 109:Core/Src/nmea_app.c **** 			NMEA2000_SendGFAck(&hfdcan1, dev_info_par.srcAdr, gf_src, target_pgn, 0, perr, n);
 110:Core/Src/nmea_app.c **** 		}
 111:Core/Src/nmea_app.c **** 		return;
 171              		.loc 1 111 3
 172 004c 4EE2     		b	.L39
 173              	.L7:
ARM GAS  C:\Users\a_hae\AppData\Local\Temp\ccY5vqR6.s 			page 40


  61:Core/Src/nmea_app.c **** 		{
 174              		.loc 1 61 11
 175 004e 5F23     		movs	r3, #95
 176 0050 FB18     		adds	r3, r7, r3
 177 0052 1B78     		ldrb	r3, [r3]
 178 0054 012B     		cmp	r3, #1
 179 0056 00D0     		beq	.LCB104
 180 0058 48E2     		b	.L39	@long jump
 181              	.LCB104:
 182              	.LBB14:
  63:Core/Src/nmea_app.c **** 			uint8_t pos = 6;
 183              		.loc 1 63 12
 184 005a 4B23     		movs	r3, #75
 185 005c FB18     		adds	r3, r7, r3
 186 005e C54A     		ldr	r2, .L41
 187 0060 5279     		ldrb	r2, [r2, #5]
 188 0062 1A70     		strb	r2, [r3]
  64:Core/Src/nmea_app.c **** 			uint8_t perr[8] = {0};
 189              		.loc 1 64 12
 190 0064 6723     		movs	r3, #103
 191 0066 FB18     		adds	r3, r7, r3
 192 0068 0622     		movs	r2, #6
 193 006a 1A70     		strb	r2, [r3]
  65:Core/Src/nmea_app.c **** 			uint8_t changed = 0;
 194              		.loc 1 65 12
 195 006c 4023     		movs	r3, #64
 196 006e FB18     		adds	r3, r7, r3
 197 0070 1800     		movs	r0, r3
 198 0072 0823     		movs	r3, #8
 199 0074 1A00     		movs	r2, r3
 200 0076 0021     		movs	r1, #0
 201 0078 FFF7FEFF 		bl	memset
  66:Core/Src/nmea_app.c **** 
 202              		.loc 1 66 12
 203 007c 6623     		movs	r3, #102
 204 007e FB18     		adds	r3, r7, r3
 205 0080 0022     		movs	r2, #0
 206 0082 1A70     		strb	r2, [r3]
 207              	.LBB15:
  68:Core/Src/nmea_app.c **** 			{
 208              		.loc 1 68 17
 209 0084 6523     		movs	r3, #101
 210 0086 FB18     		adds	r3, r7, r3
 211 0088 0022     		movs	r2, #0
 212 008a 1A70     		strb	r2, [r3]
  68:Core/Src/nmea_app.c **** 			{
 213              		.loc 1 68 4
 214 008c 89E0     		b	.L9
 215              	.L17:
 216              	.LBB16:
  70:Core/Src/nmea_app.c **** 				uint8_t sl = (pos < gf_len) ? gf_buf[pos] : 0;
 217              		.loc 1 70 31
 218 008e 6720     		movs	r0, #103
 219 0090 3B18     		adds	r3, r7, r0
 220 0092 1B78     		ldrb	r3, [r3]
 221 0094 3A18     		adds	r2, r7, r0
 222 0096 591C     		adds	r1, r3, #1
ARM GAS  C:\Users\a_hae\AppData\Local\Temp\ccY5vqR6.s 			page 41


 223 0098 1170     		strb	r1, [r2]
 224 009a 1900     		movs	r1, r3
  70:Core/Src/nmea_app.c **** 				uint8_t sl = (pos < gf_len) ? gf_buf[pos] : 0;
 225              		.loc 1 70 13
 226 009c 4A23     		movs	r3, #74
 227 009e FB18     		adds	r3, r7, r3
 228 00a0 B44A     		ldr	r2, .L41
 229 00a2 525C     		ldrb	r2, [r2, r1]
 230 00a4 1A70     		strb	r2, [r3]
  71:Core/Src/nmea_app.c **** 
 231              		.loc 1 71 23
 232 00a6 B64B     		ldr	r3, .L41+12
 233 00a8 1B78     		ldrb	r3, [r3]
  71:Core/Src/nmea_app.c **** 
 234              		.loc 1 71 13
 235 00aa 3A18     		adds	r2, r7, r0
 236 00ac 1278     		ldrb	r2, [r2]
 237 00ae 9A42     		cmp	r2, r3
 238 00b0 04D2     		bcs	.L10
  71:Core/Src/nmea_app.c **** 
 239              		.loc 1 71 41 discriminator 1
 240 00b2 3B18     		adds	r3, r7, r0
 241 00b4 1B78     		ldrb	r3, [r3]
  71:Core/Src/nmea_app.c **** 
 242              		.loc 1 71 13 discriminator 1
 243 00b6 AF4A     		ldr	r2, .L41
 244 00b8 D25C     		ldrb	r2, [r2, r3]
 245 00ba 00E0     		b	.L11
 246              	.L10:
  71:Core/Src/nmea_app.c **** 
 247              		.loc 1 71 13 is_stmt 0 discriminator 2
 248 00bc 0022     		movs	r2, #0
 249              	.L11:
  71:Core/Src/nmea_app.c **** 
 250              		.loc 1 71 13 discriminator 4
 251 00be 4921     		movs	r1, #73
 252 00c0 7B18     		adds	r3, r7, r1
 253 00c2 1A70     		strb	r2, [r3]
  73:Core/Src/nmea_app.c **** 				{
 254              		.loc 1 73 8 is_stmt 1
 255 00c4 4A23     		movs	r3, #74
 256 00c6 FB18     		adds	r3, r7, r3
 257 00c8 1B78     		ldrb	r3, [r3]
 258 00ca 012B     		cmp	r3, #1
 259 00cc 57D1     		bne	.L12
  73:Core/Src/nmea_app.c **** 				{
 260              		.loc 1 73 22 discriminator 1
 261 00ce 7B18     		adds	r3, r7, r1
 262 00d0 1B78     		ldrb	r3, [r3]
 263 00d2 012B     		cmp	r3, #1
 264 00d4 53D9     		bls	.L12
  73:Core/Src/nmea_app.c **** 				{
 265              		.loc 1 73 39 discriminator 2
 266 00d6 6723     		movs	r3, #103
 267 00d8 FB18     		adds	r3, r7, r3
 268 00da 1B78     		ldrb	r3, [r3]
 269 00dc 9AB2     		uxth	r2, r3
ARM GAS  C:\Users\a_hae\AppData\Local\Temp\ccY5vqR6.s 			page 42


 270 00de 7B18     		adds	r3, r7, r1
 271 00e0 1B78     		ldrb	r3, [r3]
 272 00e2 9BB2     		uxth	r3, r3
 273 00e4 D318     		adds	r3, r2, r3
 274 00e6 9BB2     		uxth	r3, r3
  73:Core/Src/nmea_app.c **** 				{
 275              		.loc 1 73 60 discriminator 2
 276 00e8 A54A     		ldr	r2, .L41+12
 277 00ea 1278     		ldrb	r2, [r2]
  73:Core/Src/nmea_app.c **** 				{
 278              		.loc 1 73 35 discriminator 2
 279 00ec 9342     		cmp	r3, r2
 280 00ee 46D8     		bhi	.L12
 281              	.LBB17:
  75:Core/Src/nmea_app.c **** 					char nm[CFG_NAME_LEN + 1];
 282              		.loc 1 75 14
 283 00f0 6420     		movs	r0, #100
 284 00f2 3B18     		adds	r3, r7, r0
 285 00f4 7A18     		adds	r2, r7, r1
 286 00f6 1278     		ldrb	r2, [r2]
 287 00f8 023A     		subs	r2, r2, #2
 288 00fa 1A70     		strb	r2, [r3]
  77:Core/Src/nmea_app.c **** 					{
 289              		.loc 1 77 9
 290 00fc 3B18     		adds	r3, r7, r0
 291 00fe 1B78     		ldrb	r3, [r3]
 292 0100 182B     		cmp	r3, #24
 293 0102 02D9     		bls	.L13
  79:Core/Src/nmea_app.c **** 					}
 294              		.loc 1 79 10
 295 0104 3B18     		adds	r3, r7, r0
 296 0106 1822     		movs	r2, #24
 297 0108 1A70     		strb	r2, [r3]
 298              	.L13:
  81:Core/Src/nmea_app.c **** 					nm[cn] = '\0';
 299              		.loc 1 81 29
 300 010a 6723     		movs	r3, #103
 301 010c FB18     		adds	r3, r7, r3
 302 010e 1B78     		ldrb	r3, [r3]
 303 0110 9A1C     		adds	r2, r3, #2
  81:Core/Src/nmea_app.c **** 					nm[cn] = '\0';
 304              		.loc 1 81 17
 305 0112 984B     		ldr	r3, .L41
 306 0114 D118     		adds	r1, r2, r3
  81:Core/Src/nmea_app.c **** 					nm[cn] = '\0';
 307              		.loc 1 81 6
 308 0116 6425     		movs	r5, #100
 309 0118 7B19     		adds	r3, r7, r5
 310 011a 1A78     		ldrb	r2, [r3]
 311 011c 2424     		movs	r4, #36
 312 011e 3B19     		adds	r3, r7, r4
 313 0120 1800     		movs	r0, r3
 314 0122 FFF7FEFF 		bl	memcpy
  82:Core/Src/nmea_app.c **** 					if (strcmp(nm, sensor_name) != 0)
 315              		.loc 1 82 8
 316 0126 7B19     		adds	r3, r7, r5
 317 0128 1B78     		ldrb	r3, [r3]
ARM GAS  C:\Users\a_hae\AppData\Local\Temp\ccY5vqR6.s 			page 43


  82:Core/Src/nmea_app.c **** 					if (strcmp(nm, sensor_name) != 0)
 318              		.loc 1 82 13
 319 012a 3A19     		adds	r2, r7, r4
 320 012c 0021     		movs	r1, #0
 321 012e D154     		strb	r1, [r2, r3]
  83:Core/Src/nmea_app.c **** 					{
 322              		.loc 1 83 10
 323 0130 944A     		ldr	r2, .L41+16
 324 0132 3B19     		adds	r3, r7, r4
 325 0134 1100     		movs	r1, r2
 326 0136 1800     		movs	r0, r3
 327 0138 FFF7FEFF 		bl	strcmp
 328 013c 031E     		subs	r3, r0, #0
  83:Core/Src/nmea_app.c **** 					{
 329              		.loc 1 83 9 discriminator 1
 330 013e 14D0     		beq	.L14
  85:Core/Src/nmea_app.c **** 						get_name_eeprom(sensor_name);
 331              		.loc 1 85 7
 332 0140 3B19     		adds	r3, r7, r4
 333 0142 1800     		movs	r0, r3
 334 0144 FFF7FEFF 		bl	set_name_eeprom
  86:Core/Src/nmea_app.c **** 						/* BLE-Modulname sofort mitziehen (trennt ggf. eine
 335              		.loc 1 86 7
 336 0148 8E4B     		ldr	r3, .L41+16
 337 014a 1800     		movs	r0, r3
 338 014c FFF7FEFF 		bl	get_name_eeprom
 339              	.LBB18:
  91:Core/Src/nmea_app.c **** 							BLE_SetDeviceName(want);
 340              		.loc 1 91 8
 341 0150 0C24     		movs	r4, #12
 342 0152 3B19     		adds	r3, r7, r4
 343 0154 1800     		movs	r0, r3
 344 0156 FFF7FEFF 		bl	ble_desired_name
  92:Core/Src/nmea_app.c **** 						}
 345              		.loc 1 92 8
 346 015a 3B19     		adds	r3, r7, r4
 347 015c 1800     		movs	r0, r3
 348 015e FFF7FEFF 		bl	BLE_SetDeviceName
 349              	.LBE18:
  94:Core/Src/nmea_app.c **** 					}
 350              		.loc 1 94 15
 351 0162 6623     		movs	r3, #102
 352 0164 FB18     		adds	r3, r7, r3
 353 0166 0122     		movs	r2, #1
 354 0168 1A70     		strb	r2, [r3]
 355              	.L14:
  96:Core/Src/nmea_app.c **** 				}
 356              		.loc 1 96 10
 357 016a 6722     		movs	r2, #103
 358 016c BB18     		adds	r3, r7, r2
 359 016e B918     		adds	r1, r7, r2
 360 0170 4922     		movs	r2, #73
 361 0172 BA18     		adds	r2, r7, r2
 362 0174 0978     		ldrb	r1, [r1]
 363 0176 1278     		ldrb	r2, [r2]
 364 0178 8A18     		adds	r2, r1, r2
 365 017a 1A70     		strb	r2, [r3]
ARM GAS  C:\Users\a_hae\AppData\Local\Temp\ccY5vqR6.s 			page 44


 366              	.LBE17:
  74:Core/Src/nmea_app.c **** 					uint8_t cn = (uint8_t)(sl - 2);
 367              		.loc 1 74 5
 368 017c 0BE0     		b	.L15
 369              	.L12:
 100:Core/Src/nmea_app.c **** 					pos = gf_len;	/* Groesse unbekannt -> Abbruch */
 370              		.loc 1 100 10
 371 017e 6523     		movs	r3, #101
 372 0180 FB18     		adds	r3, r7, r3
 373 0182 1B78     		ldrb	r3, [r3]
 100:Core/Src/nmea_app.c **** 					pos = gf_len;	/* Groesse unbekannt -> Abbruch */
 374              		.loc 1 100 14
 375 0184 4022     		movs	r2, #64
 376 0186 BA18     		adds	r2, r7, r2
 377 0188 0421     		movs	r1, #4
 378 018a D154     		strb	r1, [r2, r3]
 101:Core/Src/nmea_app.c **** 				}
 379              		.loc 1 101 10
 380 018c 6723     		movs	r3, #103
 381 018e FB18     		adds	r3, r7, r3
 382 0190 7B4A     		ldr	r2, .L41+12
 383 0192 1278     		ldrb	r2, [r2]
 384 0194 1A70     		strb	r2, [r3]
 385              	.L15:
 386              	.LBE16:
  68:Core/Src/nmea_app.c **** 			{
 387              		.loc 1 68 63 discriminator 2
 388 0196 6521     		movs	r1, #101
 389 0198 7B18     		adds	r3, r7, r1
 390 019a 1A78     		ldrb	r2, [r3]
 391 019c 7B18     		adds	r3, r7, r1
 392 019e 0132     		adds	r2, r2, #1
 393 01a0 1A70     		strb	r2, [r3]
 394              	.L9:
  68:Core/Src/nmea_app.c **** 			{
 395              		.loc 1 68 43 discriminator 1
 396 01a2 6521     		movs	r1, #101
 397 01a4 7A18     		adds	r2, r7, r1
 398 01a6 4B23     		movs	r3, #75
 399 01a8 FB18     		adds	r3, r7, r3
 400 01aa 1278     		ldrb	r2, [r2]
 401 01ac 1B78     		ldrb	r3, [r3]
 402 01ae 9A42     		cmp	r2, r3
 403 01b0 0BD2     		bcs	.L16
  68:Core/Src/nmea_app.c **** 			{
 404              		.loc 1 68 32 discriminator 3
 405 01b2 7B18     		adds	r3, r7, r1
 406 01b4 1B78     		ldrb	r3, [r3]
 407 01b6 072B     		cmp	r3, #7
 408 01b8 07D8     		bhi	.L16
  68:Core/Src/nmea_app.c **** 			{
 409              		.loc 1 68 51 discriminator 4
 410 01ba 714B     		ldr	r3, .L41+12
 411 01bc 1B78     		ldrb	r3, [r3]
  68:Core/Src/nmea_app.c **** 			{
 412              		.loc 1 68 43 discriminator 4
 413 01be 6722     		movs	r2, #103
ARM GAS  C:\Users\a_hae\AppData\Local\Temp\ccY5vqR6.s 			page 45


 414 01c0 BA18     		adds	r2, r7, r2
 415 01c2 1278     		ldrb	r2, [r2]
 416 01c4 9A42     		cmp	r2, r3
 417 01c6 00D2     		bcs	.LCB324
 418 01c8 61E7     		b	.L17	@long jump
 419              	.LCB324:
 420              	.L16:
 421              	.LBE15:
 105:Core/Src/nmea_app.c **** 			{
 422              		.loc 1 105 7
 423 01ca 6623     		movs	r3, #102
 424 01cc FB18     		adds	r3, r7, r3
 425 01ce 1B78     		ldrb	r3, [r3]
 426 01d0 002B     		cmp	r3, #0
 427 01d2 06D0     		beq	.L18
 107:Core/Src/nmea_app.c **** 			}
 428              		.loc 1 107 13
 429 01d4 694B     		ldr	r3, .L41+8
 430 01d6 1B78     		ldrb	r3, [r3]
 431 01d8 DBB2     		uxtb	r3, r3
 432 01da 0133     		adds	r3, r3, #1
 433 01dc DAB2     		uxtb	r2, r3
 434 01de 674B     		ldr	r3, .L41+8
 435 01e0 1A70     		strb	r2, [r3]
 436              	.L18:
 109:Core/Src/nmea_app.c **** 		}
 437              		.loc 1 109 4
 438 01e2 694B     		ldr	r3, .L41+20
 439 01e4 D97A     		ldrb	r1, [r3, #11]
 440 01e6 694B     		ldr	r3, .L41+24
 441 01e8 1A78     		ldrb	r2, [r3]
 442 01ea BC6D     		ldr	r4, [r7, #88]
 443 01ec 6848     		ldr	r0, .L41+28
 444 01ee 4B23     		movs	r3, #75
 445 01f0 FB18     		adds	r3, r7, r3
 446 01f2 1B78     		ldrb	r3, [r3]
 447 01f4 0293     		str	r3, [sp, #8]
 448 01f6 4023     		movs	r3, #64
 449 01f8 FB18     		adds	r3, r7, r3
 450 01fa 0193     		str	r3, [sp, #4]
 451 01fc 0023     		movs	r3, #0
 452 01fe 0093     		str	r3, [sp]
 453 0200 2300     		movs	r3, r4
 454 0202 FFF7FEFF 		bl	NMEA2000_SendGFAck
 455              	.LBE14:
 456              		.loc 1 111 3
 457 0206 71E1     		b	.L39
 458              	.L6:
 112:Core/Src/nmea_app.c **** 	}
 113:Core/Src/nmea_app.c **** 
 114:Core/Src/nmea_app.c **** 	if (target_pgn != 127505)
 459              		.loc 1 114 5
 460 0208 BB6D     		ldr	r3, [r7, #88]
 461 020a 624A     		ldr	r2, .L41+32
 462 020c 9342     		cmp	r3, r2
 463 020e 14D0     		beq	.L20
 115:Core/Src/nmea_app.c **** 	{
ARM GAS  C:\Users\a_hae\AppData\Local\Temp\ccY5vqR6.s 			page 46


 116:Core/Src/nmea_app.c **** 		if (fn == 1)	/* Kommandos auf fremde PGNs negativ quittieren */
 464              		.loc 1 116 6
 465 0210 5F23     		movs	r3, #95
 466 0212 FB18     		adds	r3, r7, r3
 467 0214 1B78     		ldrb	r3, [r3]
 468 0216 012B     		cmp	r3, #1
 469 0218 00D0     		beq	.LCB371
 470 021a 69E1     		b	.L40	@long jump
 471              	.LCB371:
 117:Core/Src/nmea_app.c **** 		{
 118:Core/Src/nmea_app.c **** 			NMEA2000_SendGFAck(&hfdcan1, dev_info_par.srcAdr, gf_src, target_pgn, 1, NULL, 0);
 472              		.loc 1 118 4
 473 021c 5A4B     		ldr	r3, .L41+20
 474 021e D97A     		ldrb	r1, [r3, #11]
 475 0220 5A4B     		ldr	r3, .L41+24
 476 0222 1A78     		ldrb	r2, [r3]
 477 0224 BB6D     		ldr	r3, [r7, #88]
 478 0226 5A48     		ldr	r0, .L41+28
 479 0228 0024     		movs	r4, #0
 480 022a 0294     		str	r4, [sp, #8]
 481 022c 0024     		movs	r4, #0
 482 022e 0194     		str	r4, [sp, #4]
 483 0230 0124     		movs	r4, #1
 484 0232 0094     		str	r4, [sp]
 485 0234 FFF7FEFF 		bl	NMEA2000_SendGFAck
 119:Core/Src/nmea_app.c **** 		}
 120:Core/Src/nmea_app.c **** 		return;
 486              		.loc 1 120 3
 487 0238 5AE1     		b	.L40
 488              	.L20:
 121:Core/Src/nmea_app.c **** 	}
 122:Core/Src/nmea_app.c **** 
 123:Core/Src/nmea_app.c **** 	if (fn == 0)		/* Request: einmal sofort senden */
 489              		.loc 1 123 5
 490 023a 5F23     		movs	r3, #95
 491 023c FB18     		adds	r3, r7, r3
 492 023e 1B78     		ldrb	r3, [r3]
 493 0240 002B     		cmp	r3, #0
 494 0242 11D1     		bne	.L22
 124:Core/Src/nmea_app.c **** 	{
 125:Core/Src/nmea_app.c **** 		NMEA2000_SendFluidLevel(&hfdcan1, dev_info_par.srcAdr, dev_info_par.devInstance, dev_info_par.flu
 495              		.loc 1 125 3
 496 0244 504B     		ldr	r3, .L41+20
 497 0246 D97A     		ldrb	r1, [r3, #11]
 498 0248 4F4B     		ldr	r3, .L41+20
 499 024a 1C7A     		ldrb	r4, [r3, #8]
 500 024c 4E4B     		ldr	r3, .L41+20
 501 024e 1D7B     		ldrb	r5, [r3, #12]
 502 0250 514B     		ldr	r3, .L41+36
 503 0252 1B88     		ldrh	r3, [r3]
 504 0254 4C4A     		ldr	r2, .L41+20
 505 0256 527B     		ldrb	r2, [r2, #13]
 506 0258 4D48     		ldr	r0, .L41+28
 507 025a 0192     		str	r2, [sp, #4]
 508 025c 0093     		str	r3, [sp]
 509 025e 2B00     		movs	r3, r5
 510 0260 2200     		movs	r2, r4
ARM GAS  C:\Users\a_hae\AppData\Local\Temp\ccY5vqR6.s 			page 47


 511 0262 FFF7FEFF 		bl	NMEA2000_SendFluidLevel
 512 0266 44E1     		b	.L5
 513              	.L22:
 126:Core/Src/nmea_app.c **** 	}
 127:Core/Src/nmea_app.c **** 	else if (fn == 1)	/* Command */
 514              		.loc 1 127 10
 515 0268 5F23     		movs	r3, #95
 516 026a FB18     		adds	r3, r7, r3
 517 026c 1B78     		ldrb	r3, [r3]
 518 026e 012B     		cmp	r3, #1
 519 0270 00D0     		beq	.LCB418
 520 0272 3EE1     		b	.L5	@long jump
 521              	.LCB418:
 522              	.LBB19:
 128:Core/Src/nmea_app.c **** 	{
 129:Core/Src/nmea_app.c **** 		uint8_t n = gf_buf[5];
 523              		.loc 1 129 11
 524 0274 5723     		movs	r3, #87
 525 0276 FB18     		adds	r3, r7, r3
 526 0278 3E4A     		ldr	r2, .L41
 527 027a 5279     		ldrb	r2, [r2, #5]
 528 027c 1A70     		strb	r2, [r3]
 130:Core/Src/nmea_app.c **** 		uint8_t pos = 6;
 529              		.loc 1 130 11
 530 027e 6323     		movs	r3, #99
 531 0280 FB18     		adds	r3, r7, r3
 532 0282 0622     		movs	r2, #6
 533 0284 1A70     		strb	r2, [r3]
 131:Core/Src/nmea_app.c **** 		uint8_t perr[8] = {0};
 534              		.loc 1 131 11
 535 0286 3B1D     		adds	r3, r7, #4
 536 0288 1800     		movs	r0, r3
 537 028a 0823     		movs	r3, #8
 538 028c 1A00     		movs	r2, r3
 539 028e 0021     		movs	r1, #0
 540 0290 FFF7FEFF 		bl	memset
 132:Core/Src/nmea_app.c **** 		uint8_t changed = 0;
 541              		.loc 1 132 11
 542 0294 6223     		movs	r3, #98
 543 0296 FB18     		adds	r3, r7, r3
 544 0298 0022     		movs	r2, #0
 545 029a 1A70     		strb	r2, [r3]
 133:Core/Src/nmea_app.c **** 		uint8_t inst_changed = 0;
 546              		.loc 1 133 11
 547 029c 6123     		movs	r3, #97
 548 029e FB18     		adds	r3, r7, r3
 549 02a0 0022     		movs	r2, #0
 550 02a2 1A70     		strb	r2, [r3]
 551              	.LBB20:
 134:Core/Src/nmea_app.c **** 
 135:Core/Src/nmea_app.c **** 		for (uint8_t i = 0; (i < n) && (i < 8) && (pos < gf_len); i++)
 552              		.loc 1 135 16
 553 02a4 6023     		movs	r3, #96
 554 02a6 FB18     		adds	r3, r7, r3
 555 02a8 0022     		movs	r2, #0
 556 02aa 1A70     		strb	r2, [r3]
 557              		.loc 1 135 3
ARM GAS  C:\Users\a_hae\AppData\Local\Temp\ccY5vqR6.s 			page 48


 558 02ac C5E0     		b	.L23
 559              	.L36:
 560              	.LBB21:
 136:Core/Src/nmea_app.c **** 		{
 137:Core/Src/nmea_app.c **** 			uint8_t field = gf_buf[pos++];
 561              		.loc 1 137 30
 562 02ae 6322     		movs	r2, #99
 563 02b0 BB18     		adds	r3, r7, r2
 564 02b2 1B78     		ldrb	r3, [r3]
 565 02b4 BA18     		adds	r2, r7, r2
 566 02b6 591C     		adds	r1, r3, #1
 567 02b8 1170     		strb	r1, [r2]
 568 02ba 1900     		movs	r1, r3
 569              		.loc 1 137 12
 570 02bc 5620     		movs	r0, #86
 571 02be 3B18     		adds	r3, r7, r0
 572 02c0 2C4A     		ldr	r2, .L41
 573 02c2 525C     		ldrb	r2, [r2, r1]
 574 02c4 1A70     		strb	r2, [r3]
 138:Core/Src/nmea_app.c **** 			switch (field)
 575              		.loc 1 138 4
 576 02c6 3B18     		adds	r3, r7, r0
 577 02c8 1B78     		ldrb	r3, [r3]
 578 02ca 042B     		cmp	r3, #4
 579 02cc 66D0     		beq	.L24
 580 02ce 00DD     		ble	.LCB472
 581 02d0 A1E0     		b	.L25	@long jump
 582              	.LCB472:
 583 02d2 012B     		cmp	r3, #1
 584 02d4 02D0     		beq	.L26
 585 02d6 022B     		cmp	r3, #2
 586 02d8 2CD0     		beq	.L27
 587 02da 9CE0     		b	.L25
 588              	.L26:
 139:Core/Src/nmea_app.c **** 			{
 140:Core/Src/nmea_app.c **** 			case 1:		/* Instanz (4 bit im PGN) */
 141:Core/Src/nmea_app.c **** 				if (gf_buf[pos] <= 0x0F)
 589              		.loc 1 141 15
 590 02dc 6321     		movs	r1, #99
 591 02de 7B18     		adds	r3, r7, r1
 592 02e0 1B78     		ldrb	r3, [r3]
 593 02e2 244A     		ldr	r2, .L41
 594 02e4 D35C     		ldrb	r3, [r2, r3]
 595              		.loc 1 141 8
 596 02e6 0F2B     		cmp	r3, #15
 597 02e8 17D8     		bhi	.L28
 142:Core/Src/nmea_app.c **** 				{
 143:Core/Src/nmea_app.c **** 					if (dev_info_par.devInstance != gf_buf[pos])
 598              		.loc 1 143 22
 599 02ea 274B     		ldr	r3, .L41+20
 600 02ec 1A7A     		ldrb	r2, [r3, #8]
 601              		.loc 1 143 44
 602 02ee 0800     		movs	r0, r1
 603 02f0 7B18     		adds	r3, r7, r1
 604 02f2 1B78     		ldrb	r3, [r3]
 605 02f4 1F49     		ldr	r1, .L41
 606 02f6 CB5C     		ldrb	r3, [r1, r3]
ARM GAS  C:\Users\a_hae\AppData\Local\Temp\ccY5vqR6.s 			page 49


 607              		.loc 1 143 9
 608 02f8 9A42     		cmp	r2, r3
 609 02fa 14D0     		beq	.L29
 144:Core/Src/nmea_app.c **** 					{
 145:Core/Src/nmea_app.c **** 						dev_info_par.devInstance = gf_buf[pos];
 610              		.loc 1 145 40
 611 02fc 3B18     		adds	r3, r7, r0
 612 02fe 1B78     		ldrb	r3, [r3]
 613 0300 1C4A     		ldr	r2, .L41
 614 0302 D25C     		ldrb	r2, [r2, r3]
 615              		.loc 1 145 32
 616 0304 204B     		ldr	r3, .L41+20
 617 0306 1A72     		strb	r2, [r3, #8]
 146:Core/Src/nmea_app.c **** 						inst_changed = 1;
 618              		.loc 1 146 20
 619 0308 6123     		movs	r3, #97
 620 030a FB18     		adds	r3, r7, r3
 621 030c 0122     		movs	r2, #1
 622 030e 1A70     		strb	r2, [r3]
 147:Core/Src/nmea_app.c **** 						changed = 1;
 623              		.loc 1 147 15
 624 0310 6223     		movs	r3, #98
 625 0312 FB18     		adds	r3, r7, r3
 626 0314 0122     		movs	r2, #1
 627 0316 1A70     		strb	r2, [r3]
 628 0318 05E0     		b	.L29
 629              	.L28:
 148:Core/Src/nmea_app.c **** 					}
 149:Core/Src/nmea_app.c **** 				}
 150:Core/Src/nmea_app.c **** 				else
 151:Core/Src/nmea_app.c **** 				{
 152:Core/Src/nmea_app.c **** 					perr[i] = 3;	/* ausserhalb Bereich */
 630              		.loc 1 152 10
 631 031a 6023     		movs	r3, #96
 632 031c FB18     		adds	r3, r7, r3
 633 031e 1B78     		ldrb	r3, [r3]
 634              		.loc 1 152 14
 635 0320 3A1D     		adds	r2, r7, #4
 636 0322 0321     		movs	r1, #3
 637 0324 D154     		strb	r1, [r2, r3]
 638              	.L29:
 153:Core/Src/nmea_app.c **** 				}
 154:Core/Src/nmea_app.c **** 				pos += 1;
 639              		.loc 1 154 9
 640 0326 6322     		movs	r2, #99
 641 0328 BB18     		adds	r3, r7, r2
 642 032a BA18     		adds	r2, r7, r2
 643 032c 1278     		ldrb	r2, [r2]
 644 032e 0132     		adds	r2, r2, #1
 645 0330 1A70     		strb	r2, [r3]
 155:Core/Src/nmea_app.c **** 				break;
 646              		.loc 1 155 5
 647 0332 7CE0     		b	.L30
 648              	.L27:
 156:Core/Src/nmea_app.c **** 
 157:Core/Src/nmea_app.c **** 			case 2:		/* Fluidtyp (4 bit im PGN) */
 158:Core/Src/nmea_app.c **** 				if (gf_buf[pos] <= 0x0F)
ARM GAS  C:\Users\a_hae\AppData\Local\Temp\ccY5vqR6.s 			page 50


 649              		.loc 1 158 15
 650 0334 6321     		movs	r1, #99
 651 0336 7B18     		adds	r3, r7, r1
 652 0338 1B78     		ldrb	r3, [r3]
 653 033a 0E4A     		ldr	r2, .L41
 654 033c D35C     		ldrb	r3, [r2, r3]
 655              		.loc 1 158 8
 656 033e 0F2B     		cmp	r3, #15
 657 0340 0AD8     		bhi	.L31
 159:Core/Src/nmea_app.c **** 				{
 160:Core/Src/nmea_app.c **** 					dev_info_par.fluidType = gf_buf[pos];
 658              		.loc 1 160 37
 659 0342 7B18     		adds	r3, r7, r1
 660 0344 1B78     		ldrb	r3, [r3]
 661 0346 0B4A     		ldr	r2, .L41
 662 0348 D25C     		ldrb	r2, [r2, r3]
 663              		.loc 1 160 29
 664 034a 0F4B     		ldr	r3, .L41+20
 665 034c 1A73     		strb	r2, [r3, #12]
 161:Core/Src/nmea_app.c **** 					changed = 1;
 666              		.loc 1 161 14
 667 034e 6223     		movs	r3, #98
 668 0350 FB18     		adds	r3, r7, r3
 669 0352 0122     		movs	r2, #1
 670 0354 1A70     		strb	r2, [r3]
 671 0356 05E0     		b	.L32
 672              	.L31:
 162:Core/Src/nmea_app.c **** 				}
 163:Core/Src/nmea_app.c **** 				else
 164:Core/Src/nmea_app.c **** 				{
 165:Core/Src/nmea_app.c **** 					perr[i] = 3;
 673              		.loc 1 165 10
 674 0358 6023     		movs	r3, #96
 675 035a FB18     		adds	r3, r7, r3
 676 035c 1B78     		ldrb	r3, [r3]
 677              		.loc 1 165 14
 678 035e 3A1D     		adds	r2, r7, #4
 679 0360 0321     		movs	r1, #3
 680 0362 D154     		strb	r1, [r2, r3]
 681              	.L32:
 166:Core/Src/nmea_app.c **** 				}
 167:Core/Src/nmea_app.c **** 				pos += 1;
 682              		.loc 1 167 9
 683 0364 6322     		movs	r2, #99
 684 0366 BB18     		adds	r3, r7, r2
 685 0368 BA18     		adds	r2, r7, r2
 686 036a 1278     		ldrb	r2, [r2]
 687 036c 0132     		adds	r2, r2, #1
 688 036e 1A70     		strb	r2, [r3]
 168:Core/Src/nmea_app.c **** 				break;
 689              		.loc 1 168 5
 690 0370 5DE0     		b	.L30
 691              	.L42:
 692 0372 C046     		.align	2
 693              	.L41:
 694 0374 00000000 		.word	gf_buf
 695 0378 16F00100 		.word	126998
ARM GAS  C:\Users\a_hae\AppData\Local\Temp\ccY5vqR6.s 			page 51


 696 037c 00000000 		.word	dev_info
 697 0380 00000000 		.word	gf_len
 698 0384 00000000 		.word	sensor_name
 699 0388 00000000 		.word	dev_info_par
 700 038c 00000000 		.word	gf_src
 701 0390 00000000 		.word	hfdcan1
 702 0394 11F20100 		.word	127505
 703 0398 00000000 		.word	percent_val
 704              	.L24:
 705              	.LBB22:
 169:Core/Src/nmea_app.c **** 
 170:Core/Src/nmea_app.c **** 			case 4:		/* Kapazitaet, uint32 in 0,1 L */
 171:Core/Src/nmea_app.c **** 			{
 172:Core/Src/nmea_app.c **** 				uint32_t cap01 = gf_buf[pos] | ((uint32_t)gf_buf[pos+1] << 8) | ((uint32_t)gf_buf[pos+2] << 16)
 706              		.loc 1 172 28
 707 039c 6320     		movs	r0, #99
 708 039e 3B18     		adds	r3, r7, r0
 709 03a0 1B78     		ldrb	r3, [r3]
 710 03a2 564A     		ldr	r2, .L43
 711 03a4 D35C     		ldrb	r3, [r2, r3]
 712 03a6 1900     		movs	r1, r3
 713              		.loc 1 172 57
 714 03a8 3B18     		adds	r3, r7, r0
 715 03aa 1B78     		ldrb	r3, [r3]
 716 03ac 0133     		adds	r3, r3, #1
 717              		.loc 1 172 53
 718 03ae 534A     		ldr	r2, .L43
 719 03b0 D35C     		ldrb	r3, [r2, r3]
 720              		.loc 1 172 61
 721 03b2 1B02     		lsls	r3, r3, #8
 722              		.loc 1 172 34
 723 03b4 0A00     		movs	r2, r1
 724 03b6 1A43     		orrs	r2, r3
 725              		.loc 1 172 90
 726 03b8 3B18     		adds	r3, r7, r0
 727 03ba 1B78     		ldrb	r3, [r3]
 728 03bc 0233     		adds	r3, r3, #2
 729              		.loc 1 172 86
 730 03be 4F49     		ldr	r1, .L43
 731 03c0 CB5C     		ldrb	r3, [r1, r3]
 732              		.loc 1 172 94
 733 03c2 1B04     		lsls	r3, r3, #16
 734              		.loc 1 172 67
 735 03c4 1A43     		orrs	r2, r3
 736              		.loc 1 172 124
 737 03c6 3B18     		adds	r3, r7, r0
 738 03c8 1B78     		ldrb	r3, [r3]
 739 03ca 0333     		adds	r3, r3, #3
 740              		.loc 1 172 120
 741 03cc 4B49     		ldr	r1, .L43
 742 03ce CB5C     		ldrb	r3, [r1, r3]
 743              		.loc 1 172 128
 744 03d0 1B06     		lsls	r3, r3, #24
 745              		.loc 1 172 14
 746 03d2 1343     		orrs	r3, r2
 747 03d4 3B65     		str	r3, [r7, #80]
 173:Core/Src/nmea_app.c **** 				uint32_t cap_l = cap01 / 10;
ARM GAS  C:\Users\a_hae\AppData\Local\Temp\ccY5vqR6.s 			page 52


 748              		.loc 1 173 14
 749 03d6 3B6D     		ldr	r3, [r7, #80]
 750 03d8 0A21     		movs	r1, #10
 751 03da 1800     		movs	r0, r3
 752 03dc FFF7FEFF 		bl	__aeabi_uidiv
 753 03e0 0300     		movs	r3, r0
 754 03e2 FB64     		str	r3, [r7, #76]
 174:Core/Src/nmea_app.c **** 				if (cap_l <= 255)	/* EEPROM-Feld ist 1 Byte (Liter) */
 755              		.loc 1 174 8
 756 03e4 FB6C     		ldr	r3, [r7, #76]
 757 03e6 FF2B     		cmp	r3, #255
 758 03e8 08D8     		bhi	.L33
 175:Core/Src/nmea_app.c **** 				{
 176:Core/Src/nmea_app.c **** 					dev_info_par.cap = (uint8_t)cap_l;
 759              		.loc 1 176 25
 760 03ea FB6C     		ldr	r3, [r7, #76]
 761 03ec DAB2     		uxtb	r2, r3
 762              		.loc 1 176 23
 763 03ee 444B     		ldr	r3, .L43+4
 764 03f0 5A73     		strb	r2, [r3, #13]
 177:Core/Src/nmea_app.c **** 					changed = 1;
 765              		.loc 1 177 14
 766 03f2 6223     		movs	r3, #98
 767 03f4 FB18     		adds	r3, r7, r3
 768 03f6 0122     		movs	r2, #1
 769 03f8 1A70     		strb	r2, [r3]
 770 03fa 05E0     		b	.L34
 771              	.L33:
 178:Core/Src/nmea_app.c **** 				}
 179:Core/Src/nmea_app.c **** 				else
 180:Core/Src/nmea_app.c **** 				{
 181:Core/Src/nmea_app.c **** 					perr[i] = 3;
 772              		.loc 1 181 10
 773 03fc 6023     		movs	r3, #96
 774 03fe FB18     		adds	r3, r7, r3
 775 0400 1B78     		ldrb	r3, [r3]
 776              		.loc 1 181 14
 777 0402 3A1D     		adds	r2, r7, #4
 778 0404 0321     		movs	r1, #3
 779 0406 D154     		strb	r1, [r2, r3]
 780              	.L34:
 182:Core/Src/nmea_app.c **** 				}
 183:Core/Src/nmea_app.c **** 				pos += 4;
 781              		.loc 1 183 9
 782 0408 6322     		movs	r2, #99
 783 040a BB18     		adds	r3, r7, r2
 784 040c BA18     		adds	r2, r7, r2
 785 040e 1278     		ldrb	r2, [r2]
 786 0410 0432     		adds	r2, r2, #4
 787 0412 1A70     		strb	r2, [r3]
 184:Core/Src/nmea_app.c **** 				break;
 788              		.loc 1 184 5
 789 0414 0BE0     		b	.L30
 790              	.L25:
 791              	.LBE22:
 185:Core/Src/nmea_app.c **** 			}
 186:Core/Src/nmea_app.c **** 
ARM GAS  C:\Users\a_hae\AppData\Local\Temp\ccY5vqR6.s 			page 53


 187:Core/Src/nmea_app.c **** 			default:	/* Feld 3 (Fuellstand) ist Messwert, Rest unbekannt */
 188:Core/Src/nmea_app.c **** 				perr[i] = 4;	/* Parameter nicht unterstuetzt */
 792              		.loc 1 188 9
 793 0416 6023     		movs	r3, #96
 794 0418 FB18     		adds	r3, r7, r3
 795 041a 1B78     		ldrb	r3, [r3]
 796              		.loc 1 188 13
 797 041c 3A1D     		adds	r2, r7, #4
 798 041e 0421     		movs	r1, #4
 799 0420 D154     		strb	r1, [r2, r3]
 189:Core/Src/nmea_app.c **** 				pos = gf_len;	/* Feldgroesse unbekannt -> Abbruch */
 800              		.loc 1 189 9
 801 0422 6323     		movs	r3, #99
 802 0424 FB18     		adds	r3, r7, r3
 803 0426 374A     		ldr	r2, .L43+8
 804 0428 1278     		ldrb	r2, [r2]
 805 042a 1A70     		strb	r2, [r3]
 190:Core/Src/nmea_app.c **** 				break;
 806              		.loc 1 190 5
 807 042c C046     		nop
 808              	.L30:
 809              	.LBE21:
 135:Core/Src/nmea_app.c **** 		{
 810              		.loc 1 135 62 discriminator 2
 811 042e 6021     		movs	r1, #96
 812 0430 7B18     		adds	r3, r7, r1
 813 0432 1A78     		ldrb	r2, [r3]
 814 0434 7B18     		adds	r3, r7, r1
 815 0436 0132     		adds	r2, r2, #1
 816 0438 1A70     		strb	r2, [r3]
 817              	.L23:
 135:Core/Src/nmea_app.c **** 		{
 818              		.loc 1 135 42 discriminator 1
 819 043a 6021     		movs	r1, #96
 820 043c 7A18     		adds	r2, r7, r1
 821 043e 5723     		movs	r3, #87
 822 0440 FB18     		adds	r3, r7, r3
 823 0442 1278     		ldrb	r2, [r2]
 824 0444 1B78     		ldrb	r3, [r3]
 825 0446 9A42     		cmp	r2, r3
 826 0448 0BD2     		bcs	.L35
 135:Core/Src/nmea_app.c **** 		{
 827              		.loc 1 135 31 discriminator 3
 828 044a 7B18     		adds	r3, r7, r1
 829 044c 1B78     		ldrb	r3, [r3]
 830 044e 072B     		cmp	r3, #7
 831 0450 07D8     		bhi	.L35
 135:Core/Src/nmea_app.c **** 		{
 832              		.loc 1 135 50 discriminator 4
 833 0452 2C4B     		ldr	r3, .L43+8
 834 0454 1B78     		ldrb	r3, [r3]
 135:Core/Src/nmea_app.c **** 		{
 835              		.loc 1 135 42 discriminator 4
 836 0456 6322     		movs	r2, #99
 837 0458 BA18     		adds	r2, r7, r2
 838 045a 1278     		ldrb	r2, [r2]
 839 045c 9A42     		cmp	r2, r3
ARM GAS  C:\Users\a_hae\AppData\Local\Temp\ccY5vqR6.s 			page 54


 840 045e 00D2     		bcs	.LCB709
 841 0460 25E7     		b	.L36	@long jump
 842              	.LCB709:
 843              	.L35:
 844              	.LBE20:
 191:Core/Src/nmea_app.c **** 			}
 192:Core/Src/nmea_app.c **** 		}
 193:Core/Src/nmea_app.c **** 
 194:Core/Src/nmea_app.c **** 		if (changed)
 845              		.loc 1 194 6
 846 0462 6223     		movs	r3, #98
 847 0464 FB18     		adds	r3, r7, r3
 848 0466 1B78     		ldrb	r3, [r3]
 849 0468 002B     		cmp	r3, #0
 850 046a 05D0     		beq	.L37
 195:Core/Src/nmea_app.c **** 		{
 196:Core/Src/nmea_app.c **** 			set_param_eeprom(&dev_info_par, &device_param);
 851              		.loc 1 196 4
 852 046c 264A     		ldr	r2, .L43+12
 853 046e 244B     		ldr	r3, .L43+4
 854 0470 1100     		movs	r1, r2
 855 0472 1800     		movs	r0, r3
 856 0474 FFF7FEFF 		bl	set_param_eeprom
 857              	.L37:
 197:Core/Src/nmea_app.c **** 		}
 198:Core/Src/nmea_app.c **** 		if (inst_changed)
 858              		.loc 1 198 6
 859 0478 6123     		movs	r3, #97
 860 047a FB18     		adds	r3, r7, r3
 861 047c 1B78     		ldrb	r3, [r3]
 862 047e 002B     		cmp	r3, #0
 863 0480 22D0     		beq	.L38
 199:Core/Src/nmea_app.c **** 		{
 200:Core/Src/nmea_app.c **** 			/* Instanz ist Teil des NAME -> Address Claim wiederholen */
 201:Core/Src/nmea_app.c **** 			NMEA2000_AdrClaim(&hfdcan1, dev_info_par.srcAdr, dev_info_par.UniqueNumber, dev_info_par.MFRcode
 864              		.loc 1 201 4
 865 0482 1F4B     		ldr	r3, .L43+4
 866 0484 DE7A     		ldrb	r6, [r3, #11]
 867              		.loc 1 201 65
 868 0486 1E4B     		ldr	r3, .L43+4
 869 0488 1B68     		ldr	r3, [r3]
 870 048a 9C46     		mov	ip, r3
 871              		.loc 1 201 92
 872 048c 1C4B     		ldr	r3, .L43+4
 873 048e DB88     		ldrh	r3, [r3, #6]
 874              		.loc 1 201 4
 875 0490 9846     		mov	r8, r3
 876              		.loc 1 201 114
 877 0492 1B4B     		ldr	r3, .L43+4
 878 0494 1B79     		ldrb	r3, [r3, #4]
 879              		.loc 1 201 143
 880 0496 1A4A     		ldr	r2, .L43+4
 881 0498 5279     		ldrb	r2, [r2, #5]
 882              		.loc 1 201 169
 883 049a 1949     		ldr	r1, .L43+4
 884 049c 097A     		ldrb	r1, [r1, #8]
 885              		.loc 1 201 195
ARM GAS  C:\Users\a_hae\AppData\Local\Temp\ccY5vqR6.s 			page 55


 886 049e 1848     		ldr	r0, .L43+4
 887 04a0 407A     		ldrb	r0, [r0, #9]
 888              		.loc 1 201 221
 889 04a2 174C     		ldr	r4, .L43+4
 890 04a4 A47A     		ldrb	r4, [r4, #10]
 891              		.loc 1 201 4
 892 04a6 194D     		ldr	r5, .L43+16
 893 04a8 0494     		str	r4, [sp, #16]
 894 04aa 0390     		str	r0, [sp, #12]
 895 04ac 0291     		str	r1, [sp, #8]
 896 04ae 0192     		str	r2, [sp, #4]
 897 04b0 0093     		str	r3, [sp]
 898 04b2 4346     		mov	r3, r8
 899 04b4 6246     		mov	r2, ip
 900 04b6 3100     		movs	r1, r6
 901 04b8 2800     		movs	r0, r5
 902 04ba FFF7FEFF 		bl	NMEA2000_AdrClaim
 202:Core/Src/nmea_app.c **** 			claim_time = HAL_GetTick();
 903              		.loc 1 202 17
 904 04be FFF7FEFF 		bl	HAL_GetTick
 905 04c2 0200     		movs	r2, r0
 906              		.loc 1 202 15 discriminator 1
 907 04c4 124B     		ldr	r3, .L43+20
 908 04c6 1A60     		str	r2, [r3]
 909              	.L38:
 203:Core/Src/nmea_app.c **** 		}
 204:Core/Src/nmea_app.c **** 
 205:Core/Src/nmea_app.c **** 		NMEA2000_SendGFAck(&hfdcan1, dev_info_par.srcAdr, gf_src, target_pgn, 0, perr, n);
 910              		.loc 1 205 3
 911 04c8 0D4B     		ldr	r3, .L43+4
 912 04ca D97A     		ldrb	r1, [r3, #11]
 913 04cc 114B     		ldr	r3, .L43+24
 914 04ce 1A78     		ldrb	r2, [r3]
 915 04d0 BC6D     		ldr	r4, [r7, #88]
 916 04d2 0E48     		ldr	r0, .L43+16
 917 04d4 5723     		movs	r3, #87
 918 04d6 FB18     		adds	r3, r7, r3
 919 04d8 1B78     		ldrb	r3, [r3]
 920 04da 0293     		str	r3, [sp, #8]
 921 04dc 3B1D     		adds	r3, r7, #4
 922 04de 0193     		str	r3, [sp, #4]
 923 04e0 0023     		movs	r3, #0
 924 04e2 0093     		str	r3, [sp]
 925 04e4 2300     		movs	r3, r4
 926 04e6 FFF7FEFF 		bl	NMEA2000_SendGFAck
 927 04ea 02E0     		b	.L5
 928              	.L39:
 929              	.LBE19:
 111:Core/Src/nmea_app.c **** 	}
 930              		.loc 1 111 3
 931 04ec C046     		nop
 932 04ee 00E0     		b	.L5
 933              	.L40:
 120:Core/Src/nmea_app.c **** 	}
 934              		.loc 1 120 3
 935 04f0 C046     		nop
 936              	.L5:
ARM GAS  C:\Users\a_hae\AppData\Local\Temp\ccY5vqR6.s 			page 56


 206:Core/Src/nmea_app.c **** 	}
 207:Core/Src/nmea_app.c **** }
 937              		.loc 1 207 1
 938 04f2 BD46     		mov	sp, r7
 939 04f4 1AB0     		add	sp, sp, #104
 940              		@ sp needed
 941 04f6 80BC     		pop	{r7}
 942 04f8 B846     		mov	r8, r7
 943 04fa F0BD     		pop	{r4, r5, r6, r7, pc}
 944              	.L44:
 945              		.align	2
 946              	.L43:
 947 04fc 00000000 		.word	gf_buf
 948 0500 00000000 		.word	dev_info_par
 949 0504 00000000 		.word	gf_len
 950 0508 00000000 		.word	device_param
 951 050c 00000000 		.word	hfdcan1
 952 0510 00000000 		.word	claim_time
 953 0514 00000000 		.word	gf_src
 954              		.cfi_endproc
 955              	.LFE363:
 957              		.section	.text.handle_prop_config,"ax",%progbits
 958              		.align	1
 959              		.global	handle_prop_config
 960              		.syntax unified
 961              		.code	16
 962              		.thumb_func
 964              	handle_prop_config:
 965              	.LFB364:
 208:Core/Src/nmea_app.c **** 
 209:Core/Src/nmea_app.c **** /*
 210:Core/Src/nmea_app.c ****  * Verarbeitet proprietaere Konfiguration (PGN 126720):
 211:Core/Src/nmea_app.c ****  *   [Header 0xFE 0x9F] [0x01] [11 Stuetzstellen]  -> Tabelle schreiben, Antwort 0x81 + Status
 212:Core/Src/nmea_app.c ****  *   [Header 0xFE 0x9F] [0x02]                     -> Tabelle lesen,     Antwort 0x82 + 11 Werte
 213:Core/Src/nmea_app.c ****  */
 214:Core/Src/nmea_app.c **** void handle_prop_config(void)
 215:Core/Src/nmea_app.c **** {
 966              		.loc 1 215 1
 967              		.cfi_startproc
 968              		@ args = 0, pretend = 0, frame = 24
 969              		@ frame_needed = 1, uses_anonymous_args = 0
 970 0000 B0B5     		push	{r4, r5, r7, lr}
 971              	.LCFI6:
 972              		.cfi_def_cfa_offset 16
 973              		.cfi_offset 4, -16
 974              		.cfi_offset 5, -12
 975              		.cfi_offset 7, -8
 976              		.cfi_offset 14, -4
 977 0002 88B0     		sub	sp, sp, #32
 978              	.LCFI7:
 979              		.cfi_def_cfa_offset 48
 980 0004 02AF     		add	r7, sp, #8
 981              	.LCFI8:
 982              		.cfi_def_cfa 7, 40
 216:Core/Src/nmea_app.c **** 	uint8_t reply[16];
 217:Core/Src/nmea_app.c **** 
 218:Core/Src/nmea_app.c **** 	if ((gf_len < 3) || (gf_buf[0] != PROP_HDR_0) || (gf_buf[1] != PROP_HDR_1))
ARM GAS  C:\Users\a_hae\AppData\Local\Temp\ccY5vqR6.s 			page 57


 983              		.loc 1 218 14
 984 0006 724B     		ldr	r3, .L59
 985 0008 1B78     		ldrb	r3, [r3]
 986              		.loc 1 218 5
 987 000a 022B     		cmp	r3, #2
 988 000c 00D8     		bhi	.LCB838
 989 000e DAE0     		b	.L58	@long jump
 990              	.LCB838:
 991              		.loc 1 218 29 discriminator 1
 992 0010 704B     		ldr	r3, .L59+4
 993 0012 1B78     		ldrb	r3, [r3]
 994              		.loc 1 218 19 discriminator 1
 995 0014 FE2B     		cmp	r3, #254
 996 0016 00D0     		beq	.LCB842
 997 0018 D5E0     		b	.L58	@long jump
 998              	.LCB842:
 999              		.loc 1 218 58 discriminator 2
 1000 001a 6E4B     		ldr	r3, .L59+4
 1001 001c 5B78     		ldrb	r3, [r3, #1]
 1002              		.loc 1 218 48 discriminator 2
 1003 001e 9F2B     		cmp	r3, #159
 1004 0020 00D0     		beq	.LCB846
 1005 0022 D0E0     		b	.L58	@long jump
 1006              	.LCB846:
 219:Core/Src/nmea_app.c **** 	{
 220:Core/Src/nmea_app.c **** 		return;		/* nicht unser Herstellercode */
 221:Core/Src/nmea_app.c **** 	}
 222:Core/Src/nmea_app.c **** 
 223:Core/Src/nmea_app.c **** 	reply[0] = PROP_HDR_0;
 1007              		.loc 1 223 11
 1008 0024 3B1D     		adds	r3, r7, #4
 1009 0026 FE22     		movs	r2, #254
 1010 0028 1A70     		strb	r2, [r3]
 224:Core/Src/nmea_app.c **** 	reply[1] = PROP_HDR_1;
 1011              		.loc 1 224 11
 1012 002a 3B1D     		adds	r3, r7, #4
 1013 002c 9F22     		movs	r2, #159
 1014 002e 5A70     		strb	r2, [r3, #1]
 225:Core/Src/nmea_app.c **** 
 226:Core/Src/nmea_app.c **** 	if ((gf_buf[2] == PROP_CMD_SET_LIN) && (gf_len >= 14))
 1015              		.loc 1 226 13
 1016 0030 684B     		ldr	r3, .L59+4
 1017 0032 9B78     		ldrb	r3, [r3, #2]
 1018              		.loc 1 226 5
 1019 0034 012B     		cmp	r3, #1
 1020 0036 37D1     		bne	.L49
 1021              		.loc 1 226 49 discriminator 1
 1022 0038 654B     		ldr	r3, .L59
 1023 003a 1B78     		ldrb	r3, [r3]
 1024              		.loc 1 226 38 discriminator 1
 1025 003c 0D2B     		cmp	r3, #13
 1026 003e 33D9     		bls	.L49
 1027              	.LBB23:
 227:Core/Src/nmea_app.c **** 	{
 228:Core/Src/nmea_app.c **** 		uint8_t ok = lin_table_valid(&gf_buf[3]);
 1028              		.loc 1 228 16
 1029 0040 1625     		movs	r5, #22
ARM GAS  C:\Users\a_hae\AppData\Local\Temp\ccY5vqR6.s 			page 58


 1030 0042 7C19     		adds	r4, r7, r5
 1031 0044 644B     		ldr	r3, .L59+8
 1032 0046 1800     		movs	r0, r3
 1033 0048 FFF7FEFF 		bl	lin_table_valid
 1034 004c 0300     		movs	r3, r0
 1035 004e 2370     		strb	r3, [r4]
 229:Core/Src/nmea_app.c **** 		if (ok)
 1036              		.loc 1 229 6
 1037 0050 7B19     		adds	r3, r7, r5
 1038 0052 1B78     		ldrb	r3, [r3]
 1039 0054 002B     		cmp	r3, #0
 1040 0056 0FD0     		beq	.L50
 230:Core/Src/nmea_app.c **** 		{
 231:Core/Src/nmea_app.c **** 			memcpy(device_param.lin_point, &gf_buf[3], 11);
 1041              		.loc 1 231 4
 1042 0058 604A     		ldr	r2, .L59+12
 1043 005a 0220     		movs	r0, #2
 1044 005c 5D4B     		ldr	r3, .L59+4
 1045 005e 0321     		movs	r1, #3
 1046 0060 1018     		adds	r0, r2, r0
 1047 0062 5B18     		adds	r3, r3, r1
 1048 0064 0B22     		movs	r2, #11
 1049 0066 1900     		movs	r1, r3
 1050 0068 FFF7FEFF 		bl	memcpy
 232:Core/Src/nmea_app.c **** 			set_param_eeprom(&dev_info_par, &device_param);
 1051              		.loc 1 232 4
 1052 006c 5B4A     		ldr	r2, .L59+12
 1053 006e 5C4B     		ldr	r3, .L59+16
 1054 0070 1100     		movs	r1, r2
 1055 0072 1800     		movs	r0, r3
 1056 0074 FFF7FEFF 		bl	set_param_eeprom
 1057              	.L50:
 233:Core/Src/nmea_app.c **** 		}
 234:Core/Src/nmea_app.c **** 		reply[2] = 0x81;
 1058              		.loc 1 234 12
 1059 0078 3B1D     		adds	r3, r7, #4
 1060 007a 8122     		movs	r2, #129
 1061 007c 9A70     		strb	r2, [r3, #2]
 235:Core/Src/nmea_app.c **** 		reply[3] = ok ? 0 : 3;	/* 0 = OK, 3 = ungueltig (>100 oder nicht monoton) */
 1062              		.loc 1 235 12
 1063 007e 1623     		movs	r3, #22
 1064 0080 FB18     		adds	r3, r7, r3
 1065 0082 1B78     		ldrb	r3, [r3]
 1066 0084 002B     		cmp	r3, #0
 1067 0086 01D0     		beq	.L51
 1068              		.loc 1 235 12 is_stmt 0 discriminator 1
 1069 0088 0022     		movs	r2, #0
 1070 008a 00E0     		b	.L52
 1071              	.L51:
 1072              		.loc 1 235 12 discriminator 2
 1073 008c 0322     		movs	r2, #3
 1074              	.L52:
 1075              		.loc 1 235 12 discriminator 4
 1076 008e 3B1D     		adds	r3, r7, #4
 1077 0090 DA70     		strb	r2, [r3, #3]
 236:Core/Src/nmea_app.c **** 		NMEA2000_SendProprietaryFP(&hfdcan1, dev_info_par.srcAdr, gf_src, reply, 4);
 1078              		.loc 1 236 3 is_stmt 1
ARM GAS  C:\Users\a_hae\AppData\Local\Temp\ccY5vqR6.s 			page 59


 1079 0092 534B     		ldr	r3, .L59+16
 1080 0094 D97A     		ldrb	r1, [r3, #11]
 1081 0096 534B     		ldr	r3, .L59+20
 1082 0098 1A78     		ldrb	r2, [r3]
 1083 009a 3B1D     		adds	r3, r7, #4
 1084 009c 5248     		ldr	r0, .L59+24
 1085 009e 0424     		movs	r4, #4
 1086 00a0 0094     		str	r4, [sp]
 1087 00a2 FFF7FEFF 		bl	NMEA2000_SendProprietaryFP
 1088              	.LBE23:
 227:Core/Src/nmea_app.c **** 		uint8_t ok = lin_table_valid(&gf_buf[3]);
 1089              		.loc 1 227 2
 1090 00a6 8FE0     		b	.L45
 1091              	.L49:
 237:Core/Src/nmea_app.c **** 	}
 238:Core/Src/nmea_app.c **** 	else if (gf_buf[2] == PROP_CMD_GET_LIN)
 1092              		.loc 1 238 17
 1093 00a8 4A4B     		ldr	r3, .L59+4
 1094 00aa 9B78     		ldrb	r3, [r3, #2]
 1095              		.loc 1 238 10
 1096 00ac 022B     		cmp	r3, #2
 1097 00ae 17D1     		bne	.L54
 239:Core/Src/nmea_app.c **** 	{
 240:Core/Src/nmea_app.c **** 		reply[2] = 0x82;
 1098              		.loc 1 240 12
 1099 00b0 3B1D     		adds	r3, r7, #4
 1100 00b2 8222     		movs	r2, #130
 1101 00b4 9A70     		strb	r2, [r3, #2]
 241:Core/Src/nmea_app.c **** 		memcpy(&reply[3], device_param.lin_point, 11);
 1102              		.loc 1 241 3
 1103 00b6 3A1D     		adds	r2, r7, #4
 1104 00b8 0320     		movs	r0, #3
 1105 00ba 484B     		ldr	r3, .L59+12
 1106 00bc 0221     		movs	r1, #2
 1107 00be 1018     		adds	r0, r2, r0
 1108 00c0 5B18     		adds	r3, r3, r1
 1109 00c2 0B22     		movs	r2, #11
 1110 00c4 1900     		movs	r1, r3
 1111 00c6 FFF7FEFF 		bl	memcpy
 242:Core/Src/nmea_app.c **** 		NMEA2000_SendProprietaryFP(&hfdcan1, dev_info_par.srcAdr, gf_src, reply, 14);
 1112              		.loc 1 242 3
 1113 00ca 454B     		ldr	r3, .L59+16
 1114 00cc D97A     		ldrb	r1, [r3, #11]
 1115 00ce 454B     		ldr	r3, .L59+20
 1116 00d0 1A78     		ldrb	r2, [r3]
 1117 00d2 3B1D     		adds	r3, r7, #4
 1118 00d4 4448     		ldr	r0, .L59+24
 1119 00d6 0E24     		movs	r4, #14
 1120 00d8 0094     		str	r4, [sp]
 1121 00da FFF7FEFF 		bl	NMEA2000_SendProprietaryFP
 1122 00de 73E0     		b	.L45
 1123              	.L54:
 243:Core/Src/nmea_app.c **** 	}
 244:Core/Src/nmea_app.c **** 	else if (gf_buf[2] == PROP_CMD_CALIB)
 1124              		.loc 1 244 17
 1125 00e0 3C4B     		ldr	r3, .L59+4
 1126 00e2 9B78     		ldrb	r3, [r3, #2]
ARM GAS  C:\Users\a_hae\AppData\Local\Temp\ccY5vqR6.s 			page 60


 1127              		.loc 1 244 10
 1128 00e4 032B     		cmp	r3, #3
 1129 00e6 32D1     		bne	.L55
 1130              	.LBB24:
 245:Core/Src/nmea_app.c **** 	{
 246:Core/Src/nmea_app.c **** 		/* Wie der Taster-Kalibriermodus: aktuellen Druck als 100 % setzen.
 247:Core/Src/nmea_app.c **** 		 * Nur bei positivem Druck (Sensor plausibel angeschlossen). */
 248:Core/Src/nmea_app.c **** 		uint8_t ok = 0;
 1131              		.loc 1 248 11
 1132 00e8 1724     		movs	r4, #23
 1133 00ea 3B19     		adds	r3, r7, r4
 1134 00ec 0022     		movs	r2, #0
 1135 00ee 1A70     		strb	r2, [r3]
 249:Core/Src/nmea_app.c **** 		if (raw_press >= 100)	/* /100 muss max_val >= 1 ergeben (Div-durch-0-Schutz) */
 1136              		.loc 1 249 17
 1137 00f0 3E4B     		ldr	r3, .L59+28
 1138 00f2 1B68     		ldr	r3, [r3]
 1139              		.loc 1 249 6
 1140 00f4 632B     		cmp	r3, #99
 1141 00f6 13DD     		ble	.L56
 250:Core/Src/nmea_app.c **** 		{
 251:Core/Src/nmea_app.c **** 			EEPROM_values.max_val = raw_press / 100;
 1142              		.loc 1 251 38
 1143 00f8 3C4B     		ldr	r3, .L59+28
 1144 00fa 1B68     		ldr	r3, [r3]
 1145 00fc 6421     		movs	r1, #100
 1146 00fe 1800     		movs	r0, r3
 1147 0100 FFF7FEFF 		bl	__aeabi_idiv
 1148 0104 0300     		movs	r3, r0
 1149 0106 1A00     		movs	r2, r3
 1150              		.loc 1 251 26
 1151 0108 394B     		ldr	r3, .L59+32
 1152 010a 5A60     		str	r2, [r3, #4]
 252:Core/Src/nmea_app.c **** 			EEPROM_values.calib_available = 0x00;
 1153              		.loc 1 252 34
 1154 010c 384B     		ldr	r3, .L59+32
 1155 010e 0022     		movs	r2, #0
 1156 0110 1A70     		strb	r2, [r3]
 253:Core/Src/nmea_app.c **** 			save_EEPROM(&EEPROM_values);
 1157              		.loc 1 253 4
 1158 0112 374B     		ldr	r3, .L59+32
 1159 0114 1800     		movs	r0, r3
 1160 0116 FFF7FEFF 		bl	save_EEPROM
 254:Core/Src/nmea_app.c **** 			ok = 1;
 1161              		.loc 1 254 7
 1162 011a 3B19     		adds	r3, r7, r4
 1163 011c 0122     		movs	r2, #1
 1164 011e 1A70     		strb	r2, [r3]
 1165              	.L56:
 255:Core/Src/nmea_app.c **** 		}
 256:Core/Src/nmea_app.c **** 		reply[2] = 0x83;
 1166              		.loc 1 256 12
 1167 0120 3B1D     		adds	r3, r7, #4
 1168 0122 8322     		movs	r2, #131
 1169 0124 9A70     		strb	r2, [r3, #2]
 257:Core/Src/nmea_app.c **** 		reply[3] = ok ? 0 : 1;	/* 1 = kein gueltiger Druck */
 1170              		.loc 1 257 21
ARM GAS  C:\Users\a_hae\AppData\Local\Temp\ccY5vqR6.s 			page 61


 1171 0126 1723     		movs	r3, #23
 1172 0128 FB18     		adds	r3, r7, r3
 1173 012a 1B78     		ldrb	r3, [r3]
 1174 012c 5A42     		rsbs	r2, r3, #0
 1175 012e 5341     		adcs	r3, r3, r2
 1176 0130 DBB2     		uxtb	r3, r3
 1177 0132 1A00     		movs	r2, r3
 1178              		.loc 1 257 12
 1179 0134 3B1D     		adds	r3, r7, #4
 1180 0136 DA70     		strb	r2, [r3, #3]
 258:Core/Src/nmea_app.c **** 		NMEA2000_SendProprietaryFP(&hfdcan1, dev_info_par.srcAdr, gf_src, reply, 4);
 1181              		.loc 1 258 3
 1182 0138 294B     		ldr	r3, .L59+16
 1183 013a D97A     		ldrb	r1, [r3, #11]
 1184 013c 294B     		ldr	r3, .L59+20
 1185 013e 1A78     		ldrb	r2, [r3]
 1186 0140 3B1D     		adds	r3, r7, #4
 1187 0142 2948     		ldr	r0, .L59+24
 1188 0144 0424     		movs	r4, #4
 1189 0146 0094     		str	r4, [sp]
 1190 0148 FFF7FEFF 		bl	NMEA2000_SendProprietaryFP
 1191              	.LBE24:
 1192 014c 3CE0     		b	.L45
 1193              	.L55:
 259:Core/Src/nmea_app.c **** 	}
 260:Core/Src/nmea_app.c **** 	else if (gf_buf[2] == PROP_CMD_RESET)
 1194              		.loc 1 260 17
 1195 014e 214B     		ldr	r3, .L59+4
 1196 0150 9B78     		ldrb	r3, [r3, #2]
 1197              		.loc 1 260 10
 1198 0152 042B     		cmp	r3, #4
 1199 0154 1AD1     		bne	.L57
 261:Core/Src/nmea_app.c **** 	{
 262:Core/Src/nmea_app.c **** 		/* Kalibrierung verwerfen -> Werkswert (std_press) beim naechsten Boot */
 263:Core/Src/nmea_app.c **** 		EEPROM_values.calib_available = 0xFF;
 1200              		.loc 1 263 33
 1201 0156 264B     		ldr	r3, .L59+32
 1202 0158 FF22     		movs	r2, #255
 1203 015a 1A70     		strb	r2, [r3]
 264:Core/Src/nmea_app.c **** 		save_EEPROM(&EEPROM_values);
 1204              		.loc 1 264 3
 1205 015c 244B     		ldr	r3, .L59+32
 1206 015e 1800     		movs	r0, r3
 1207 0160 FFF7FEFF 		bl	save_EEPROM
 265:Core/Src/nmea_app.c **** 		EEPROM_values.max_val = std_press;
 1208              		.loc 1 265 25
 1209 0164 224B     		ldr	r3, .L59+32
 1210 0166 6422     		movs	r2, #100
 1211 0168 5A60     		str	r2, [r3, #4]
 266:Core/Src/nmea_app.c **** 		reply[2] = 0x84;
 1212              		.loc 1 266 12
 1213 016a 3B1D     		adds	r3, r7, #4
 1214 016c 8422     		movs	r2, #132
 1215 016e 9A70     		strb	r2, [r3, #2]
 267:Core/Src/nmea_app.c **** 		reply[3] = 0;
 1216              		.loc 1 267 12
 1217 0170 3B1D     		adds	r3, r7, #4
ARM GAS  C:\Users\a_hae\AppData\Local\Temp\ccY5vqR6.s 			page 62


 1218 0172 0022     		movs	r2, #0
 1219 0174 DA70     		strb	r2, [r3, #3]
 268:Core/Src/nmea_app.c **** 		NMEA2000_SendProprietaryFP(&hfdcan1, dev_info_par.srcAdr, gf_src, reply, 4);
 1220              		.loc 1 268 3
 1221 0176 1A4B     		ldr	r3, .L59+16
 1222 0178 D97A     		ldrb	r1, [r3, #11]
 1223 017a 1A4B     		ldr	r3, .L59+20
 1224 017c 1A78     		ldrb	r2, [r3]
 1225 017e 3B1D     		adds	r3, r7, #4
 1226 0180 1948     		ldr	r0, .L59+24
 1227 0182 0424     		movs	r4, #4
 1228 0184 0094     		str	r4, [sp]
 1229 0186 FFF7FEFF 		bl	NMEA2000_SendProprietaryFP
 1230 018a 1DE0     		b	.L45
 1231              	.L57:
 269:Core/Src/nmea_app.c **** 	}
 270:Core/Src/nmea_app.c **** 	else if (gf_buf[2] == PROP_CMD_FRESET)
 1232              		.loc 1 270 17
 1233 018c 114B     		ldr	r3, .L59+4
 1234 018e 9B78     		ldrb	r3, [r3, #2]
 1235              		.loc 1 270 10
 1236 0190 052B     		cmp	r3, #5
 1237 0192 19D1     		bne	.L45
 271:Core/Src/nmea_app.c **** 	{
 272:Core/Src/nmea_app.c **** 		/* Werksreset: erst bestaetigen (damit das PC-Tool die Antwort sieht),
 273:Core/Src/nmea_app.c **** 		 * dann kompletten Config-Speicher loeschen und neu starten. Nach dem
 274:Core/Src/nmea_app.c **** 		 * Boot gelten Werkswerte: Adresse 0x21, unkalibriert, kein Name. */
 275:Core/Src/nmea_app.c **** 		reply[2] = 0x85;
 1238              		.loc 1 275 12
 1239 0194 3B1D     		adds	r3, r7, #4
 1240 0196 8522     		movs	r2, #133
 1241 0198 9A70     		strb	r2, [r3, #2]
 276:Core/Src/nmea_app.c **** 		reply[3] = 0;
 1242              		.loc 1 276 12
 1243 019a 3B1D     		adds	r3, r7, #4
 1244 019c 0022     		movs	r2, #0
 1245 019e DA70     		strb	r2, [r3, #3]
 277:Core/Src/nmea_app.c **** 		NMEA2000_SendProprietaryFP(&hfdcan1, dev_info_par.srcAdr, gf_src, reply, 4);
 1246              		.loc 1 277 3
 1247 01a0 0F4B     		ldr	r3, .L59+16
 1248 01a2 D97A     		ldrb	r1, [r3, #11]
 1249 01a4 0F4B     		ldr	r3, .L59+20
 1250 01a6 1A78     		ldrb	r2, [r3]
 1251 01a8 3B1D     		adds	r3, r7, #4
 1252 01aa 0F48     		ldr	r0, .L59+24
 1253 01ac 0424     		movs	r4, #4
 1254 01ae 0094     		str	r4, [sp]
 1255 01b0 FFF7FEFF 		bl	NMEA2000_SendProprietaryFP
 278:Core/Src/nmea_app.c **** 		HAL_Delay(100);
 1256              		.loc 1 278 3
 1257 01b4 6420     		movs	r0, #100
 1258 01b6 FFF7FEFF 		bl	HAL_Delay
 279:Core/Src/nmea_app.c **** 		config_factory_reset();
 1259              		.loc 1 279 3
 1260 01ba FFF7FEFF 		bl	config_factory_reset
 1261              	.LBB25:
 1262              	.LBB26:
ARM GAS  C:\Users\a_hae\AppData\Local\Temp\ccY5vqR6.s 			page 63


 209:Drivers/CMSIS/Include/cmsis_gcc.h **** }
 1263              		.loc 3 209 3
 1264              		.syntax divided
 1265              	@ 209 "Drivers/CMSIS/Include/cmsis_gcc.h" 1
 1266 01be 72B6     		cpsid i
 1267              	@ 0 "" 2
 210:Drivers/CMSIS/Include/cmsis_gcc.h **** 
 1268              		.loc 3 210 1
 1269              		.thumb
 1270              		.syntax unified
 1271 01c0 C046     		nop
 1272              	.LBE26:
 1273              	.LBE25:
 280:Core/Src/nmea_app.c **** 		__disable_irq();
 281:Core/Src/nmea_app.c **** 		NVIC_SystemReset();
 1274              		.loc 1 281 3
 1275 01c2 FFF7FEFF 		bl	__NVIC_SystemReset
 1276              	.L58:
 220:Core/Src/nmea_app.c **** 	}
 1277              		.loc 1 220 3 discriminator 1
 1278 01c6 C046     		nop
 1279              	.L45:
 282:Core/Src/nmea_app.c **** 	}
 283:Core/Src/nmea_app.c **** }
 1280              		.loc 1 283 1
 1281 01c8 BD46     		mov	sp, r7
 1282 01ca 06B0     		add	sp, sp, #24
 1283              		@ sp needed
 1284 01cc B0BD     		pop	{r4, r5, r7, pc}
 1285              	.L60:
 1286 01ce C046     		.align	2
 1287              	.L59:
 1288 01d0 00000000 		.word	gf_len
 1289 01d4 00000000 		.word	gf_buf
 1290 01d8 03000000 		.word	gf_buf+3
 1291 01dc 00000000 		.word	device_param
 1292 01e0 00000000 		.word	dev_info_par
 1293 01e4 00000000 		.word	gf_src
 1294 01e8 00000000 		.word	hfdcan1
 1295 01ec 00000000 		.word	raw_press
 1296 01f0 00000000 		.word	EEPROM_values
 1297              		.cfi_endproc
 1298              	.LFE364:
 1300              		.section	.text.handle_commanded_address,"ax",%progbits
 1301              		.align	1
 1302              		.global	handle_commanded_address
 1303              		.syntax unified
 1304              		.code	16
 1305              		.thumb_func
 1307              	handle_commanded_address:
 1308              	.LFB365:
 284:Core/Src/nmea_app.c **** 
 285:Core/Src/nmea_app.c **** /*
 286:Core/Src/nmea_app.c ****  * PGN 65240 Commanded Address (ISO 11783-5): 8 Byte NAME (LE) + 1 Byte neue
 287:Core/Src/nmea_app.c ****  * Quelladresse. Gilt nur, wenn der NAME exakt unserer ist - so kann ein
 288:Core/Src/nmea_app.c ****  * Bus-Tool gezielt einem Geraet eine Adresse zuweisen.
 289:Core/Src/nmea_app.c ****  */
ARM GAS  C:\Users\a_hae\AppData\Local\Temp\ccY5vqR6.s 			page 64


 290:Core/Src/nmea_app.c **** void handle_commanded_address(void)
 291:Core/Src/nmea_app.c **** {
 1309              		.loc 1 291 1
 1310              		.cfi_startproc
 1311              		@ args = 0, pretend = 0, frame = 16
 1312              		@ frame_needed = 1, uses_anonymous_args = 0
 1313 0000 F0B5     		push	{r4, r5, r6, r7, lr}
 1314              	.LCFI9:
 1315              		.cfi_def_cfa_offset 20
 1316              		.cfi_offset 4, -20
 1317              		.cfi_offset 5, -16
 1318              		.cfi_offset 6, -12
 1319              		.cfi_offset 7, -8
 1320              		.cfi_offset 14, -4
 1321 0002 C646     		mov	lr, r8
 1322 0004 00B5     		push	{lr}
 1323              	.LCFI10:
 1324              		.cfi_def_cfa_offset 24
 1325              		.cfi_offset 8, -24
 1326 0006 8AB0     		sub	sp, sp, #40
 1327              	.LCFI11:
 1328              		.cfi_def_cfa_offset 64
 1329 0008 06AF     		add	r7, sp, #24
 1330              	.LCFI12:
 1331              		.cfi_def_cfa 7, 40
 292:Core/Src/nmea_app.c **** 	uint64_t name = 0;
 1332              		.loc 1 292 11
 1333 000a 0024     		movs	r4, #0
 1334 000c 0025     		movs	r5, #0
 1335 000e BC60     		str	r4, [r7, #8]
 1336 0010 FD60     		str	r5, [r7, #12]
 293:Core/Src/nmea_app.c **** 
 294:Core/Src/nmea_app.c **** 	if (gf_len < 9)
 1337              		.loc 1 294 13
 1338 0012 3A4C     		ldr	r4, .L72
 1339 0014 2478     		ldrb	r4, [r4]
 1340              		.loc 1 294 5
 1341 0016 082C     		cmp	r4, #8
 1342 0018 66D9     		bls	.L69
 1343              	.LBB27:
 295:Core/Src/nmea_app.c **** 	{
 296:Core/Src/nmea_app.c **** 		return;
 297:Core/Src/nmea_app.c **** 	}
 298:Core/Src/nmea_app.c **** 	for (int8_t i = 7; i >= 0; i--)
 1344              		.loc 1 298 14
 1345 001a FC1D     		adds	r4, r7, #7
 1346 001c 0725     		movs	r5, #7
 1347 001e 2570     		strb	r5, [r4]
 1348              		.loc 1 298 2
 1349 0020 1CE0     		b	.L64
 1350              	.L65:
 299:Core/Src/nmea_app.c **** 	{
 300:Core/Src/nmea_app.c **** 		name = (name << 8) | gf_buf[i];
 1351              		.loc 1 300 16
 1352 0022 BC68     		ldr	r4, [r7, #8]
 1353 0024 240E     		lsrs	r4, r4, #24
 1354 0026 FD68     		ldr	r5, [r7, #12]
ARM GAS  C:\Users\a_hae\AppData\Local\Temp\ccY5vqR6.s 			page 65


 1355 0028 2B02     		lsls	r3, r5, #8
 1356 002a 2343     		orrs	r3, r4
 1357 002c BC68     		ldr	r4, [r7, #8]
 1358 002e 2202     		lsls	r2, r4, #8
 1359              		.loc 1 300 30
 1360 0030 FC1D     		adds	r4, r7, #7
 1361 0032 2478     		ldrb	r4, [r4]
 1362 0034 64B2     		sxtb	r4, r4
 1363 0036 324D     		ldr	r5, .L72+4
 1364 0038 2C5D     		ldrb	r4, [r5, r4]
 1365 003a 2000     		movs	r0, r4
 1366 003c 0024     		movs	r4, #0
 1367 003e 2100     		movs	r1, r4
 1368              		.loc 1 300 8
 1369 0040 1400     		movs	r4, r2
 1370 0042 0443     		orrs	r4, r0
 1371 0044 BC60     		str	r4, [r7, #8]
 1372 0046 1C00     		movs	r4, r3
 1373 0048 0C43     		orrs	r4, r1
 1374 004a FC60     		str	r4, [r7, #12]
 298:Core/Src/nmea_app.c **** 	{
 1375              		.loc 1 298 30 discriminator 3
 1376 004c FC1D     		adds	r4, r7, #7
 1377 004e 2478     		ldrb	r4, [r4]
 1378 0050 64B2     		sxtb	r4, r4
 1379 0052 E4B2     		uxtb	r4, r4
 1380 0054 013C     		subs	r4, r4, #1
 1381 0056 E5B2     		uxtb	r5, r4
 1382 0058 FC1D     		adds	r4, r7, #7
 1383 005a 2570     		strb	r5, [r4]
 1384              	.L64:
 298:Core/Src/nmea_app.c **** 	{
 1385              		.loc 1 298 23 discriminator 1
 1386 005c FC1D     		adds	r4, r7, #7
 1387 005e 2478     		ldrb	r4, [r4]
 1388 0060 7F2C     		cmp	r4, #127
 1389 0062 DED9     		bls	.L65
 1390              	.LBE27:
 301:Core/Src/nmea_app.c **** 	}
 302:Core/Src/nmea_app.c **** 	if (name != NMEA2000_BuildOwnName())
 1391              		.loc 1 302 14
 1392 0064 FFF7FEFF 		bl	NMEA2000_BuildOwnName
 1393 0068 0200     		movs	r2, r0
 1394 006a 0B00     		movs	r3, r1
 1395              		.loc 1 302 5 discriminator 1
 1396 006c B968     		ldr	r1, [r7, #8]
 1397 006e 9142     		cmp	r1, r2
 1398 0070 3CD1     		bne	.L70
 1399 0072 F968     		ldr	r1, [r7, #12]
 1400 0074 9942     		cmp	r1, r3
 1401 0076 39D1     		bne	.L70
 303:Core/Src/nmea_app.c **** 	{
 304:Core/Src/nmea_app.c **** 		return;			/* anderes Geraet gemeint */
 305:Core/Src/nmea_app.c **** 	}
 306:Core/Src/nmea_app.c **** 	if (gf_buf[8] > 251)
 1402              		.loc 1 306 12
 1403 0078 214B     		ldr	r3, .L72+4
ARM GAS  C:\Users\a_hae\AppData\Local\Temp\ccY5vqR6.s 			page 66


 1404 007a 1B7A     		ldrb	r3, [r3, #8]
 1405              		.loc 1 306 5
 1406 007c FB2B     		cmp	r3, #251
 1407 007e 37D8     		bhi	.L71
 307:Core/Src/nmea_app.c **** 	{
 308:Core/Src/nmea_app.c **** 		return;			/* 252..255 sind keine gueltigen Quelladressen */
 309:Core/Src/nmea_app.c **** 	}
 310:Core/Src/nmea_app.c **** 
 311:Core/Src/nmea_app.c **** 	dev_info_par.srcAdr = gf_buf[8];
 1408              		.loc 1 311 30
 1409 0080 1F4B     		ldr	r3, .L72+4
 1410 0082 1A7A     		ldrb	r2, [r3, #8]
 1411              		.loc 1 311 22
 1412 0084 1F4B     		ldr	r3, .L72+8
 1413 0086 DA72     		strb	r2, [r3, #11]
 312:Core/Src/nmea_app.c **** 	NMEA2000_change_address(&hfdcan1, dev_info_par.srcAdr);
 1414              		.loc 1 312 2
 1415 0088 1E4B     		ldr	r3, .L72+8
 1416 008a DA7A     		ldrb	r2, [r3, #11]
 1417 008c 1E4B     		ldr	r3, .L72+12
 1418 008e 1100     		movs	r1, r2
 1419 0090 1800     		movs	r0, r3
 1420 0092 FFF7FEFF 		bl	NMEA2000_change_address
 313:Core/Src/nmea_app.c **** 	NMEA2000_AdrClaim(&hfdcan1, dev_info_par.srcAdr, dev_info_par.UniqueNumber, dev_info_par.MFRcode, 
 1421              		.loc 1 313 2
 1422 0096 1B4B     		ldr	r3, .L72+8
 1423 0098 DE7A     		ldrb	r6, [r3, #11]
 1424              		.loc 1 313 63
 1425 009a 1A4B     		ldr	r3, .L72+8
 1426 009c 1B68     		ldr	r3, [r3]
 1427 009e 9C46     		mov	ip, r3
 1428              		.loc 1 313 90
 1429 00a0 184B     		ldr	r3, .L72+8
 1430 00a2 DB88     		ldrh	r3, [r3, #6]
 1431              		.loc 1 313 2
 1432 00a4 9846     		mov	r8, r3
 1433              		.loc 1 313 112
 1434 00a6 174B     		ldr	r3, .L72+8
 1435 00a8 1B79     		ldrb	r3, [r3, #4]
 1436              		.loc 1 313 141
 1437 00aa 164A     		ldr	r2, .L72+8
 1438 00ac 5279     		ldrb	r2, [r2, #5]
 1439              		.loc 1 313 167
 1440 00ae 1549     		ldr	r1, .L72+8
 1441 00b0 097A     		ldrb	r1, [r1, #8]
 1442              		.loc 1 313 193
 1443 00b2 1448     		ldr	r0, .L72+8
 1444 00b4 407A     		ldrb	r0, [r0, #9]
 1445              		.loc 1 313 219
 1446 00b6 134C     		ldr	r4, .L72+8
 1447 00b8 A47A     		ldrb	r4, [r4, #10]
 1448              		.loc 1 313 2
 1449 00ba 134D     		ldr	r5, .L72+12
 1450 00bc 0494     		str	r4, [sp, #16]
 1451 00be 0390     		str	r0, [sp, #12]
 1452 00c0 0291     		str	r1, [sp, #8]
 1453 00c2 0192     		str	r2, [sp, #4]
ARM GAS  C:\Users\a_hae\AppData\Local\Temp\ccY5vqR6.s 			page 67


 1454 00c4 0093     		str	r3, [sp]
 1455 00c6 4346     		mov	r3, r8
 1456 00c8 6246     		mov	r2, ip
 1457 00ca 3100     		movs	r1, r6
 1458 00cc 2800     		movs	r0, r5
 1459 00ce FFF7FEFF 		bl	NMEA2000_AdrClaim
 314:Core/Src/nmea_app.c **** 	claim_time = HAL_GetTick();
 1460              		.loc 1 314 15
 1461 00d2 FFF7FEFF 		bl	HAL_GetTick
 1462 00d6 0200     		movs	r2, r0
 1463              		.loc 1 314 13 discriminator 1
 1464 00d8 0C4B     		ldr	r3, .L72+16
 1465 00da 1A60     		str	r2, [r3]
 315:Core/Src/nmea_app.c **** 	set_adr_eeprom(dev_info_par.srcAdr);
 1466              		.loc 1 315 2
 1467 00dc 094B     		ldr	r3, .L72+8
 1468 00de DB7A     		ldrb	r3, [r3, #11]
 1469 00e0 1800     		movs	r0, r3
 1470 00e2 FFF7FEFF 		bl	set_adr_eeprom
 1471 00e6 04E0     		b	.L61
 1472              	.L69:
 296:Core/Src/nmea_app.c **** 	}
 1473              		.loc 1 296 3
 1474 00e8 C046     		nop
 1475 00ea 02E0     		b	.L61
 1476              	.L70:
 304:Core/Src/nmea_app.c **** 	}
 1477              		.loc 1 304 3
 1478 00ec C046     		nop
 1479 00ee 00E0     		b	.L61
 1480              	.L71:
 308:Core/Src/nmea_app.c **** 	}
 1481              		.loc 1 308 3
 1482 00f0 C046     		nop
 1483              	.L61:
 316:Core/Src/nmea_app.c **** }
 1484              		.loc 1 316 1
 1485 00f2 BD46     		mov	sp, r7
 1486 00f4 04B0     		add	sp, sp, #16
 1487              		@ sp needed
 1488 00f6 80BC     		pop	{r7}
 1489 00f8 B846     		mov	r8, r7
 1490 00fa F0BD     		pop	{r4, r5, r6, r7, pc}
 1491              	.L73:
 1492              		.align	2
 1493              	.L72:
 1494 00fc 00000000 		.word	gf_len
 1495 0100 00000000 		.word	gf_buf
 1496 0104 00000000 		.word	dev_info_par
 1497 0108 00000000 		.word	hfdcan1
 1498 010c 00000000 		.word	claim_time
 1499              		.cfi_endproc
 1500              	.LFE365:
 1502              		.text
 1503              	.Letext0:
 1504              		.file 4 "C:\\ST\\STM32CubeIDE_2.2.0\\STM32CubeIDE\\plugins\\com.st.stm32cube.ide.mcu.externaltools
 1505              		.file 5 "C:\\ST\\STM32CubeIDE_2.2.0\\STM32CubeIDE\\plugins\\com.st.stm32cube.ide.mcu.externaltools
ARM GAS  C:\Users\a_hae\AppData\Local\Temp\ccY5vqR6.s 			page 68


 1506              		.file 6 "Drivers/CMSIS/Device/ST/STM32G0xx/Include/stm32g0b1xx.h"
 1507              		.file 7 "Drivers/CMSIS/Device/ST/STM32G0xx/Include/stm32g0xx.h"
 1508              		.file 8 "Drivers/STM32G0xx_HAL_Driver/Inc/stm32g0xx_hal_def.h"
 1509              		.file 9 "Drivers/STM32G0xx_HAL_Driver/Inc/stm32g0xx_hal_fdcan.h"
 1510              		.file 10 "Core/Inc/nmea2000.h"
 1511              		.file 11 "Core/Inc/app_types.h"
 1512              		.file 12 "Core/Inc/config_store.h"
 1513              		.file 13 "Core/Inc/app_config.h"
 1514              		.file 14 "Drivers/STM32G0xx_HAL_Driver/Inc/stm32g0xx_hal.h"
 1515              		.file 15 "Core/Inc/ble.h"
 1516              		.file 16 "Core/Inc/ble_app.h"
 1517              		.file 17 "C:\\ST\\STM32CubeIDE_2.2.0\\STM32CubeIDE\\plugins\\com.st.stm32cube.ide.mcu.externaltool
 1518              		.file 18 "Drivers/STM32G0xx_HAL_Driver/Inc/stm32g0xx_ll_dma.h"
ARM GAS  C:\Users\a_hae\AppData\Local\Temp\ccY5vqR6.s 			page 69


DEFINED SYMBOLS
                            *ABS*:00000000 nmea_app.c
C:\Users\a_hae\AppData\Local\Temp\ccY5vqR6.s:19     .text.__NVIC_SystemReset:00000000 $t
C:\Users\a_hae\AppData\Local\Temp\ccY5vqR6.s:24     .text.__NVIC_SystemReset:00000000 __NVIC_SystemReset
C:\Users\a_hae\AppData\Local\Temp\ccY5vqR6.s:83     .text.__NVIC_SystemReset:0000001c $d
C:\Users\a_hae\AppData\Local\Temp\ccY5vqR6.s:89     .rodata.CHANNEL_OFFSET_TAB:00000000 $d
C:\Users\a_hae\AppData\Local\Temp\ccY5vqR6.s:92     .rodata.CHANNEL_OFFSET_TAB:00000000 CHANNEL_OFFSET_TAB
C:\Users\a_hae\AppData\Local\Temp\ccY5vqR6.s:95     .text.handle_group_function:00000000 $t
C:\Users\a_hae\AppData\Local\Temp\ccY5vqR6.s:101    .text.handle_group_function:00000000 handle_group_function
C:\Users\a_hae\AppData\Local\Temp\ccY5vqR6.s:694    .text.handle_group_function:00000374 $d
C:\Users\a_hae\AppData\Local\Temp\ccY5vqR6.s:707    .text.handle_group_function:0000039c $t
C:\Users\a_hae\AppData\Local\Temp\ccY5vqR6.s:947    .text.handle_group_function:000004fc $d
C:\Users\a_hae\AppData\Local\Temp\ccY5vqR6.s:958    .text.handle_prop_config:00000000 $t
C:\Users\a_hae\AppData\Local\Temp\ccY5vqR6.s:964    .text.handle_prop_config:00000000 handle_prop_config
C:\Users\a_hae\AppData\Local\Temp\ccY5vqR6.s:1288   .text.handle_prop_config:000001d0 $d
C:\Users\a_hae\AppData\Local\Temp\ccY5vqR6.s:1301   .text.handle_commanded_address:00000000 $t
C:\Users\a_hae\AppData\Local\Temp\ccY5vqR6.s:1307   .text.handle_commanded_address:00000000 handle_commanded_address
C:\Users\a_hae\AppData\Local\Temp\ccY5vqR6.s:1494   .text.handle_commanded_address:000000fc $d

UNDEFINED SYMBOLS
memset
memcpy
strcmp
set_name_eeprom
get_name_eeprom
ble_desired_name
BLE_SetDeviceName
NMEA2000_SendGFAck
NMEA2000_SendFluidLevel
gf_buf
dev_info
gf_len
sensor_name
dev_info_par
gf_src
hfdcan1
percent_val
__aeabi_uidiv
set_param_eeprom
NMEA2000_AdrClaim
HAL_GetTick
device_param
claim_time
lin_table_valid
NMEA2000_SendProprietaryFP
__aeabi_idiv
save_EEPROM
HAL_Delay
config_factory_reset
raw_press
EEPROM_values
NMEA2000_BuildOwnName
NMEA2000_change_address
set_adr_eeprom
