ARM GAS  C:\Users\a_hae\AppData\Local\Temp\cc3QFm9N.s 			page 1


   1              		.cpu cortex-m0plus
   2              		.arch armv6s-m
   3              		.fpu softvfp
   4              		.eabi_attribute 20, 1
   5              		.eabi_attribute 21, 1
   6              		.eabi_attribute 23, 3
   7              		.eabi_attribute 24, 1
   8              		.eabi_attribute 25, 1
   9              		.eabi_attribute 26, 1
  10              		.eabi_attribute 30, 6
  11              		.eabi_attribute 34, 0
  12              		.eabi_attribute 18, 4
  13              		.file	"nmea2000.c"
  14              		.text
  15              	.Ltext0:
  16              		.cfi_sections	.debug_frame
  17              		.file 1 "Core/Src/nmea2000.c"
  18              		.section	.rodata.CHANNEL_OFFSET_TAB,"a"
  19              		.align	2
  22              	CHANNEL_OFFSET_TAB:
  23 0000 081C3044 		.ascii	"\010\0340DXl\200"
  23      586C80
  24              		.global	RxHeader
  25              		.section	.bss.RxHeader,"aw",%nobits
  26              		.align	2
  29              	RxHeader:
  30 0000 00000000 		.space	40
  30      00000000 
  30      00000000 
  30      00000000 
  30      00000000 
  31              		.global	RxHeader0
  32              		.section	.bss.RxHeader0,"aw",%nobits
  33              		.align	2
  36              	RxHeader0:
  37 0000 00000000 		.space	40
  37      00000000 
  37      00000000 
  37      00000000 
  37      00000000 
  38              		.global	RxData
  39              		.section	.bss.RxData,"aw",%nobits
  40              		.align	2
  43              	RxData:
  44 0000 00000000 		.space	8
  44      00000000 
  45              		.global	RxData0
  46              		.section	.bss.RxData0,"aw",%nobits
  47              		.align	2
  50              	RxData0:
  51 0000 00000000 		.space	8
  51      00000000 
  52              		.global	gf_buf
  53              		.section	.bss.gf_buf,"aw",%nobits
  54              		.align	2
  57              	gf_buf:
  58 0000 00000000 		.space	48
ARM GAS  C:\Users\a_hae\AppData\Local\Temp\cc3QFm9N.s 			page 2


  58      00000000 
  58      00000000 
  58      00000000 
  58      00000000 
  59              		.global	gf_ready
  60              		.section	.bss.gf_ready,"aw",%nobits
  63              	gf_ready:
  64 0000 00       		.space	1
  65              		.global	gf_src
  66              		.section	.bss.gf_src,"aw",%nobits
  69              	gf_src:
  70 0000 00       		.space	1
  71              		.global	gf_len
  72              		.section	.bss.gf_len,"aw",%nobits
  75              	gf_len:
  76 0000 00       		.space	1
  77              		.global	gf_pgn
  78              		.section	.bss.gf_pgn,"aw",%nobits
  79              		.align	2
  82              	gf_pgn:
  83 0000 00000000 		.space	4
  84              		.section	.data.gf_frame_next,"aw"
  87              	gf_frame_next:
  88 0000 FF       		.byte	-1
  89              		.section	.bss.gf_pos,"aw",%nobits
  92              	gf_pos:
  93 0000 00       		.space	1
  94              		.section	.bss.gf_total,"aw",%nobits
  97              	gf_total:
  98 0000 00       		.space	1
  99              		.section	.bss.gf_rx_pgn,"aw",%nobits
 100              		.align	2
 103              	gf_rx_pgn:
 104 0000 00000000 		.space	4
 105              		.global	fluid_req
 106              		.section	.bss.fluid_req,"aw",%nobits
 109              	fluid_req:
 110 0000 00       		.space	1
 111              		.global	pgnlist_req
 112              		.section	.bss.pgnlist_req,"aw",%nobits
 115              	pgnlist_req:
 116 0000 00       		.space	1
 117              		.section	.text.gf_feed,"ax",%progbits
 118              		.align	1
 119              		.syntax unified
 120              		.code	16
 121              		.thumb_func
 123              	gf_feed:
 124              	.LFB363:
   1:Core/Src/nmea2000.c **** /*
   2:Core/Src/nmea2000.c ****  * nmea2000.c
   3:Core/Src/nmea2000.c ****  *
   4:Core/Src/nmea2000.c ****  *  Created on: May 22, 2024
   5:Core/Src/nmea2000.c ****  *      Author: a_hae
   6:Core/Src/nmea2000.c ****  */
   7:Core/Src/nmea2000.c **** 
   8:Core/Src/nmea2000.c **** #include "nmea2000.h"
ARM GAS  C:\Users\a_hae\AppData\Local\Temp\cc3QFm9N.s 			page 3


   9:Core/Src/nmea2000.c **** #include "main.h"		/* fuer Error_Handler() */
  10:Core/Src/nmea2000.c **** #include "version.h"	/* zentrale Firmware-Version */
  11:Core/Src/nmea2000.c **** #include "sensor_cfg.h"	/* HW_REV_SUFFIX der Variante (fuer HWV_FULL_STR) */
  12:Core/Src/nmea2000.c **** 
  13:Core/Src/nmea2000.c **** extern char hw_id_str[];	/* Laufzeit-Kennung "1003A", OTP oder Build (main.c) */
  14:Core/Src/nmea2000.c **** 
  15:Core/Src/nmea2000.c **** typedef union nmea_int16_convert{
  16:Core/Src/nmea2000.c **** 	uint8_t small_arr[2];
  17:Core/Src/nmea2000.c **** 	uint16_t max_val;
  18:Core/Src/nmea2000.c **** }nmea_int16_convert;
  19:Core/Src/nmea2000.c **** 
  20:Core/Src/nmea2000.c **** typedef union nmea_int32_convert{
  21:Core/Src/nmea2000.c **** 	uint8_t small_arr[4];
  22:Core/Src/nmea2000.c **** 	uint32_t max_val;
  23:Core/Src/nmea2000.c **** }nmea_int32_convert;
  24:Core/Src/nmea2000.c **** 
  25:Core/Src/nmea2000.c **** typedef struct prod_param{
  26:Core/Src/nmea2000.c **** 	uint8_t fluid_type;
  27:Core/Src/nmea2000.c **** 	uint8_t tank_cap;
  28:Core/Src/nmea2000.c **** 	uint8_t lin_point[11];
  29:Core/Src/nmea2000.c **** }prod_param;
  30:Core/Src/nmea2000.c **** 
  31:Core/Src/nmea2000.c **** 
  32:Core/Src/nmea2000.c **** 
  33:Core/Src/nmea2000.c **** extern volatile uint8_t adr_claim;
  34:Core/Src/nmea2000.c **** extern volatile uint8_t adr_lost;
  35:Core/Src/nmea2000.c **** extern volatile uint8_t prod_info;
  36:Core/Src/nmea2000.c **** extern volatile uint8_t dev_info;
  37:Core/Src/nmea2000.c **** extern NMEA_parameter_Product p_info;
  38:Core/Src/nmea2000.c **** extern NMEA_parameter_Device dev_info_par;
  39:Core/Src/nmea2000.c **** 
  40:Core/Src/nmea2000.c **** 
  41:Core/Src/nmea2000.c **** FDCAN_RxHeaderTypeDef RxHeader,RxHeader0;
  42:Core/Src/nmea2000.c **** uint8_t RxData[8];
  43:Core/Src/nmea2000.c **** uint8_t RxData0[8];
  44:Core/Src/nmea2000.c **** 
  45:Core/Src/nmea2000.c **** /* --- Fast-Packet-Reassembly fuer PGN 126208 (Group Function) --- */
  46:Core/Src/nmea2000.c **** uint8_t gf_buf[GF_BUF_SIZE];
  47:Core/Src/nmea2000.c **** volatile uint8_t gf_ready = 0;
  48:Core/Src/nmea2000.c **** uint8_t gf_src = 0;
  49:Core/Src/nmea2000.c **** uint8_t gf_len = 0;
  50:Core/Src/nmea2000.c **** uint32_t gf_pgn = 0;
  51:Core/Src/nmea2000.c **** static uint8_t gf_frame_next = 0xFF;	/* 0xFF = keine Reassembly aktiv */
  52:Core/Src/nmea2000.c **** static uint8_t gf_pos = 0;
  53:Core/Src/nmea2000.c **** static uint8_t gf_total = 0;
  54:Core/Src/nmea2000.c **** static uint32_t gf_rx_pgn = 0;
  55:Core/Src/nmea2000.c **** 
  56:Core/Src/nmea2000.c **** /* ISO-Request-Flags (PGN 59904): im RX-Interrupt gesetzt, in der
  57:Core/Src/nmea2000.c ****  * Hauptschleife abgearbeitet (gleiches Muster wie adr_claim/prod_info). */
  58:Core/Src/nmea2000.c **** volatile uint8_t fluid_req = 0;
  59:Core/Src/nmea2000.c **** volatile uint8_t pgnlist_req = 0;
  60:Core/Src/nmea2000.c **** 
  61:Core/Src/nmea2000.c **** /* Verarbeitet einen Fast-Packet-Frame (PGN 126208/126720, ISR-Kontext, leichtgewichtig).
  62:Core/Src/nmea2000.c ****  * Frame 0: [SeqZaehler, Gesamtlaenge, 6 Datenbytes], Folgeframes: [Zaehler, 7 Datenbytes] */
  63:Core/Src/nmea2000.c **** static void gf_feed(uint32_t pgn, uint8_t src, uint8_t *frame)
  64:Core/Src/nmea2000.c **** {
 125              		.loc 1 64 1
ARM GAS  C:\Users\a_hae\AppData\Local\Temp\cc3QFm9N.s 			page 4


 126              		.cfi_startproc
 127              		@ args = 0, pretend = 0, frame = 24
 128              		@ frame_needed = 1, uses_anonymous_args = 0
 129 0000 90B5     		push	{r4, r7, lr}
 130              	.LCFI0:
 131              		.cfi_def_cfa_offset 12
 132              		.cfi_offset 4, -12
 133              		.cfi_offset 7, -8
 134              		.cfi_offset 14, -4
 135 0002 87B0     		sub	sp, sp, #28
 136              	.LCFI1:
 137              		.cfi_def_cfa_offset 40
 138 0004 00AF     		add	r7, sp, #0
 139              	.LCFI2:
 140              		.cfi_def_cfa_register 7
 141 0006 F860     		str	r0, [r7, #12]
 142 0008 7A60     		str	r2, [r7, #4]
 143 000a 0B24     		movs	r4, #11
 144 000c 3B19     		adds	r3, r7, r4
 145 000e 0A1C     		adds	r2, r1, #0
 146 0010 1A70     		strb	r2, [r3]
  65:Core/Src/nmea2000.c **** 	uint8_t counter = frame[0] & 0x1F;
 147              		.loc 1 65 25
 148 0012 7B68     		ldr	r3, [r7, #4]
 149 0014 1A78     		ldrb	r2, [r3]
 150              		.loc 1 65 10
 151 0016 1620     		movs	r0, #22
 152 0018 3B18     		adds	r3, r7, r0
 153 001a 1F21     		movs	r1, #31
 154 001c 0A40     		ands	r2, r1
 155 001e 1A70     		strb	r2, [r3]
  66:Core/Src/nmea2000.c **** 
  67:Core/Src/nmea2000.c **** 	if (gf_ready)		/* Hauptschleife hat den letzten Befehl noch nicht abgeholt */
 156              		.loc 1 67 6
 157 0020 414B     		ldr	r3, .L10
 158 0022 1B78     		ldrb	r3, [r3]
 159 0024 DBB2     		uxtb	r3, r3
 160              		.loc 1 67 5
 161 0026 002B     		cmp	r3, #0
 162 0028 00D0     		beq	.LCB33
 163 002a 79E0     		b	.L9	@long jump
 164              	.LCB33:
  68:Core/Src/nmea2000.c **** 	{
  69:Core/Src/nmea2000.c **** 		return;
  70:Core/Src/nmea2000.c **** 	}
  71:Core/Src/nmea2000.c **** 
  72:Core/Src/nmea2000.c **** 	if (counter == 0)
 165              		.loc 1 72 5
 166 002c 3B18     		adds	r3, r7, r0
 167 002e 1B78     		ldrb	r3, [r3]
 168 0030 002B     		cmp	r3, #0
 169 0032 20D1     		bne	.L4
  73:Core/Src/nmea2000.c **** 	{
  74:Core/Src/nmea2000.c **** 		gf_total = frame[1];
 170              		.loc 1 74 12
 171 0034 7B68     		ldr	r3, [r7, #4]
 172 0036 5A78     		ldrb	r2, [r3, #1]
ARM GAS  C:\Users\a_hae\AppData\Local\Temp\cc3QFm9N.s 			page 5


 173 0038 3C4B     		ldr	r3, .L10+4
 174 003a 1A70     		strb	r2, [r3]
  75:Core/Src/nmea2000.c **** 		if (gf_total <= GF_BUF_SIZE)
 175              		.loc 1 75 16
 176 003c 3B4B     		ldr	r3, .L10+4
 177 003e 1B78     		ldrb	r3, [r3]
 178              		.loc 1 75 6
 179 0040 302B     		cmp	r3, #48
 180 0042 14D8     		bhi	.L5
  76:Core/Src/nmea2000.c **** 		{
  77:Core/Src/nmea2000.c **** 			memcpy(gf_buf, &frame[2], 6);
 181              		.loc 1 77 19
 182 0044 7B68     		ldr	r3, [r7, #4]
 183 0046 991C     		adds	r1, r3, #2
 184              		.loc 1 77 4
 185 0048 394B     		ldr	r3, .L10+8
 186 004a 0622     		movs	r2, #6
 187 004c 1800     		movs	r0, r3
 188 004e FFF7FEFF 		bl	memcpy
  78:Core/Src/nmea2000.c **** 			gf_pos = 6;
 189              		.loc 1 78 11
 190 0052 384B     		ldr	r3, .L10+12
 191 0054 0622     		movs	r2, #6
 192 0056 1A70     		strb	r2, [r3]
  79:Core/Src/nmea2000.c **** 			gf_frame_next = 1;
 193              		.loc 1 79 18
 194 0058 374B     		ldr	r3, .L10+16
 195 005a 0122     		movs	r2, #1
 196 005c 1A70     		strb	r2, [r3]
  80:Core/Src/nmea2000.c **** 			gf_src = src;
 197              		.loc 1 80 11
 198 005e 374B     		ldr	r3, .L10+20
 199 0060 3A19     		adds	r2, r7, r4
 200 0062 1278     		ldrb	r2, [r2]
 201 0064 1A70     		strb	r2, [r3]
  81:Core/Src/nmea2000.c **** 			gf_rx_pgn = pgn;
 202              		.loc 1 81 14
 203 0066 364B     		ldr	r3, .L10+24
 204 0068 FA68     		ldr	r2, [r7, #12]
 205 006a 1A60     		str	r2, [r3]
 206 006c 3FE0     		b	.L6
 207              	.L5:
  82:Core/Src/nmea2000.c **** 		}
  83:Core/Src/nmea2000.c **** 		else
  84:Core/Src/nmea2000.c **** 		{
  85:Core/Src/nmea2000.c **** 			gf_frame_next = 0xFF;	/* zu lang -> verwerfen */
 208              		.loc 1 85 18
 209 006e 324B     		ldr	r3, .L10+16
 210 0070 FF22     		movs	r2, #255
 211 0072 1A70     		strb	r2, [r3]
 212 0074 3BE0     		b	.L6
 213              	.L4:
  86:Core/Src/nmea2000.c **** 		}
  87:Core/Src/nmea2000.c **** 	}
  88:Core/Src/nmea2000.c **** 	else if ((counter == gf_frame_next) && (gf_pos < GF_BUF_SIZE))
 214              		.loc 1 88 20
 215 0076 304B     		ldr	r3, .L10+16
ARM GAS  C:\Users\a_hae\AppData\Local\Temp\cc3QFm9N.s 			page 6


 216 0078 1B78     		ldrb	r3, [r3]
 217              		.loc 1 88 10
 218 007a 1622     		movs	r2, #22
 219 007c BA18     		adds	r2, r7, r2
 220 007e 1278     		ldrb	r2, [r2]
 221 0080 9A42     		cmp	r2, r3
 222 0082 31D1     		bne	.L7
 223              		.loc 1 88 49 discriminator 1
 224 0084 2B4B     		ldr	r3, .L10+12
 225 0086 1B78     		ldrb	r3, [r3]
 226              		.loc 1 88 38 discriminator 1
 227 0088 2F2B     		cmp	r3, #47
 228 008a 2DD8     		bhi	.L7
 229              	.LBB2:
  89:Core/Src/nmea2000.c **** 	{
  90:Core/Src/nmea2000.c **** 		uint8_t chunk = 7;
 230              		.loc 1 90 11
 231 008c 1721     		movs	r1, #23
 232 008e 7B18     		adds	r3, r7, r1
 233 0090 0722     		movs	r2, #7
 234 0092 1A70     		strb	r2, [r3]
  91:Core/Src/nmea2000.c **** 		if ((uint8_t)(gf_pos + chunk) > GF_BUF_SIZE)
 235              		.loc 1 91 7
 236 0094 274B     		ldr	r3, .L10+12
 237 0096 1A78     		ldrb	r2, [r3]
 238 0098 7B18     		adds	r3, r7, r1
 239 009a 1B78     		ldrb	r3, [r3]
 240 009c D318     		adds	r3, r2, r3
 241 009e DBB2     		uxtb	r3, r3
 242              		.loc 1 91 6
 243 00a0 302B     		cmp	r3, #48
 244 00a2 05D9     		bls	.L8
  92:Core/Src/nmea2000.c **** 		{
  93:Core/Src/nmea2000.c **** 			chunk = GF_BUF_SIZE - gf_pos;
 245              		.loc 1 93 24
 246 00a4 234B     		ldr	r3, .L10+12
 247 00a6 1A78     		ldrb	r2, [r3]
 248              		.loc 1 93 10
 249 00a8 7B18     		adds	r3, r7, r1
 250 00aa 3021     		movs	r1, #48
 251 00ac 8A1A     		subs	r2, r1, r2
 252 00ae 1A70     		strb	r2, [r3]
 253              	.L8:
  94:Core/Src/nmea2000.c **** 		}
  95:Core/Src/nmea2000.c **** 		memcpy(&gf_buf[gf_pos], &frame[1], chunk);
 254              		.loc 1 95 17
 255 00b0 204B     		ldr	r3, .L10+12
 256 00b2 1B78     		ldrb	r3, [r3]
 257 00b4 1A00     		movs	r2, r3
 258              		.loc 1 95 10
 259 00b6 1E4B     		ldr	r3, .L10+8
 260 00b8 D018     		adds	r0, r2, r3
 261              		.loc 1 95 27
 262 00ba 7B68     		ldr	r3, [r7, #4]
 263 00bc 591C     		adds	r1, r3, #1
 264              		.loc 1 95 3
 265 00be 1724     		movs	r4, #23
ARM GAS  C:\Users\a_hae\AppData\Local\Temp\cc3QFm9N.s 			page 7


 266 00c0 3B19     		adds	r3, r7, r4
 267 00c2 1B78     		ldrb	r3, [r3]
 268 00c4 1A00     		movs	r2, r3
 269 00c6 FFF7FEFF 		bl	memcpy
  96:Core/Src/nmea2000.c **** 		gf_pos += chunk;
 270              		.loc 1 96 10
 271 00ca 1A4B     		ldr	r3, .L10+12
 272 00cc 1A78     		ldrb	r2, [r3]
 273 00ce 3B19     		adds	r3, r7, r4
 274 00d0 1B78     		ldrb	r3, [r3]
 275 00d2 D318     		adds	r3, r2, r3
 276 00d4 DAB2     		uxtb	r2, r3
 277 00d6 174B     		ldr	r3, .L10+12
 278 00d8 1A70     		strb	r2, [r3]
  97:Core/Src/nmea2000.c **** 		gf_frame_next++;
 279              		.loc 1 97 16
 280 00da 174B     		ldr	r3, .L10+16
 281 00dc 1B78     		ldrb	r3, [r3]
 282 00de 0133     		adds	r3, r3, #1
 283 00e0 DAB2     		uxtb	r2, r3
 284 00e2 154B     		ldr	r3, .L10+16
 285 00e4 1A70     		strb	r2, [r3]
 286              	.LBE2:
  89:Core/Src/nmea2000.c **** 		uint8_t chunk = 7;
 287              		.loc 1 89 2
 288 00e6 02E0     		b	.L6
 289              	.L7:
  98:Core/Src/nmea2000.c **** 	}
  99:Core/Src/nmea2000.c **** 	else
 100:Core/Src/nmea2000.c **** 	{
 101:Core/Src/nmea2000.c **** 		gf_frame_next = 0xFF;		/* Sequenzfehler -> verwerfen */
 290              		.loc 1 101 17
 291 00e8 134B     		ldr	r3, .L10+16
 292 00ea FF22     		movs	r2, #255
 293 00ec 1A70     		strb	r2, [r3]
 294              	.L6:
 102:Core/Src/nmea2000.c **** 	}
 103:Core/Src/nmea2000.c **** 
 104:Core/Src/nmea2000.c **** 	if ((gf_frame_next != 0xFF) && (gf_pos >= gf_total))
 295              		.loc 1 104 21
 296 00ee 124B     		ldr	r3, .L10+16
 297 00f0 1B78     		ldrb	r3, [r3]
 298              		.loc 1 104 5
 299 00f2 FF2B     		cmp	r3, #255
 300 00f4 15D0     		beq	.L1
 301              		.loc 1 104 41 discriminator 1
 302 00f6 0F4B     		ldr	r3, .L10+12
 303 00f8 1A78     		ldrb	r2, [r3]
 304 00fa 0C4B     		ldr	r3, .L10+4
 305 00fc 1B78     		ldrb	r3, [r3]
 306              		.loc 1 104 30 discriminator 1
 307 00fe 9A42     		cmp	r2, r3
 308 0100 0FD3     		bcc	.L1
 105:Core/Src/nmea2000.c **** 	{
 106:Core/Src/nmea2000.c **** 		gf_len = gf_total;
 309              		.loc 1 106 10
 310 0102 0A4B     		ldr	r3, .L10+4
ARM GAS  C:\Users\a_hae\AppData\Local\Temp\cc3QFm9N.s 			page 8


 311 0104 1A78     		ldrb	r2, [r3]
 312 0106 0F4B     		ldr	r3, .L10+28
 313 0108 1A70     		strb	r2, [r3]
 107:Core/Src/nmea2000.c **** 		gf_pgn = gf_rx_pgn;
 314              		.loc 1 107 10
 315 010a 0D4B     		ldr	r3, .L10+24
 316 010c 1A68     		ldr	r2, [r3]
 317 010e 0E4B     		ldr	r3, .L10+32
 318 0110 1A60     		str	r2, [r3]
 108:Core/Src/nmea2000.c **** 		gf_ready = 1;
 319              		.loc 1 108 12
 320 0112 054B     		ldr	r3, .L10
 321 0114 0122     		movs	r2, #1
 322 0116 1A70     		strb	r2, [r3]
 109:Core/Src/nmea2000.c **** 		gf_frame_next = 0xFF;
 323              		.loc 1 109 17
 324 0118 074B     		ldr	r3, .L10+16
 325 011a FF22     		movs	r2, #255
 326 011c 1A70     		strb	r2, [r3]
 327 011e 00E0     		b	.L1
 328              	.L9:
  69:Core/Src/nmea2000.c **** 	}
 329              		.loc 1 69 3
 330 0120 C046     		nop
 331              	.L1:
 110:Core/Src/nmea2000.c **** 	}
 111:Core/Src/nmea2000.c **** }
 332              		.loc 1 111 1
 333 0122 BD46     		mov	sp, r7
 334 0124 07B0     		add	sp, sp, #28
 335              		@ sp needed
 336 0126 90BD     		pop	{r4, r7, pc}
 337              	.L11:
 338              		.align	2
 339              	.L10:
 340 0128 00000000 		.word	gf_ready
 341 012c 00000000 		.word	gf_total
 342 0130 00000000 		.word	gf_buf
 343 0134 00000000 		.word	gf_pos
 344 0138 00000000 		.word	gf_frame_next
 345 013c 00000000 		.word	gf_src
 346 0140 00000000 		.word	gf_rx_pgn
 347 0144 00000000 		.word	gf_len
 348 0148 00000000 		.word	gf_pgn
 349              		.cfi_endproc
 350              	.LFE363:
 352              		.section	.text.handle_iso_request,"ax",%progbits
 353              		.align	1
 354              		.syntax unified
 355              		.code	16
 356              		.thumb_func
 358              	handle_iso_request:
 359              	.LFB364:
 112:Core/Src/nmea2000.c **** 
 113:Core/Src/nmea2000.c **** /* Wertet einen ISO Request (PGN 59904) aus: die angefragte PGN steht als
 114:Core/Src/nmea2000.c ****  * 3 Bytes (LE) im Datenfeld. Setzt nur Flags - gesendet wird in der
 115:Core/Src/nmea2000.c ****  * Hauptschleife. Wird fuer gerichtete Requests (RX-FIFO0) und
ARM GAS  C:\Users\a_hae\AppData\Local\Temp\cc3QFm9N.s 			page 9


 116:Core/Src/nmea2000.c ****  * Broadcast-Requests an 0xFF (RX-FIFO1) gleichermassen genutzt. */
 117:Core/Src/nmea2000.c **** static void handle_iso_request(const uint8_t *d)
 118:Core/Src/nmea2000.c **** {
 360              		.loc 1 118 1
 361              		.cfi_startproc
 362              		@ args = 0, pretend = 0, frame = 16
 363              		@ frame_needed = 1, uses_anonymous_args = 0
 364 0000 80B5     		push	{r7, lr}
 365              	.LCFI3:
 366              		.cfi_def_cfa_offset 8
 367              		.cfi_offset 7, -8
 368              		.cfi_offset 14, -4
 369 0002 84B0     		sub	sp, sp, #16
 370              	.LCFI4:
 371              		.cfi_def_cfa_offset 24
 372 0004 00AF     		add	r7, sp, #0
 373              	.LCFI5:
 374              		.cfi_def_cfa_register 7
 375 0006 7860     		str	r0, [r7, #4]
 119:Core/Src/nmea2000.c **** 	uint32_t req_pgn = (uint32_t)d[0] | ((uint32_t)d[1] << 8) | ((uint32_t)d[2] << 16);
 376              		.loc 1 119 32
 377 0008 7B68     		ldr	r3, [r7, #4]
 378 000a 1B78     		ldrb	r3, [r3]
 379              		.loc 1 119 21
 380 000c 1A00     		movs	r2, r3
 381              		.loc 1 119 50
 382 000e 7B68     		ldr	r3, [r7, #4]
 383 0010 0133     		adds	r3, r3, #1
 384 0012 1B78     		ldrb	r3, [r3]
 385              		.loc 1 119 54
 386 0014 1B02     		lsls	r3, r3, #8
 387              		.loc 1 119 36
 388 0016 1A43     		orrs	r2, r3
 389              		.loc 1 119 74
 390 0018 7B68     		ldr	r3, [r7, #4]
 391 001a 0233     		adds	r3, r3, #2
 392 001c 1B78     		ldrb	r3, [r3]
 393              		.loc 1 119 78
 394 001e 1B04     		lsls	r3, r3, #16
 395              		.loc 1 119 11
 396 0020 1343     		orrs	r3, r2
 397 0022 FB60     		str	r3, [r7, #12]
 120:Core/Src/nmea2000.c **** 
 121:Core/Src/nmea2000.c **** 	switch (req_pgn)
 398              		.loc 1 121 2
 399 0024 FB68     		ldr	r3, [r7, #12]
 400 0026 274A     		ldr	r2, .L21
 401 0028 9342     		cmp	r3, r2
 402 002a 36D0     		beq	.L13
 403 002c FB68     		ldr	r3, [r7, #12]
 404 002e 254A     		ldr	r2, .L21
 405 0030 9342     		cmp	r3, r2
 406 0032 42D8     		bhi	.L20
 407 0034 FB68     		ldr	r3, [r7, #12]
 408 0036 244A     		ldr	r2, .L21+4
 409 0038 9342     		cmp	r3, r2
 410 003a 26D0     		beq	.L15
ARM GAS  C:\Users\a_hae\AppData\Local\Temp\cc3QFm9N.s 			page 10


 411 003c FB68     		ldr	r3, [r7, #12]
 412 003e 224A     		ldr	r2, .L21+4
 413 0040 9342     		cmp	r3, r2
 414 0042 3AD8     		bhi	.L20
 415 0044 FB68     		ldr	r3, [r7, #12]
 416 0046 214A     		ldr	r2, .L21+8
 417 0048 9342     		cmp	r3, r2
 418 004a 16D0     		beq	.L16
 419 004c FB68     		ldr	r3, [r7, #12]
 420 004e 1F4A     		ldr	r2, .L21+8
 421 0050 9342     		cmp	r3, r2
 422 0052 32D8     		bhi	.L20
 423 0054 FA68     		ldr	r2, [r7, #12]
 424 0056 EE23     		movs	r3, #238
 425 0058 1B02     		lsls	r3, r3, #8
 426 005a 9A42     		cmp	r2, r3
 427 005c 05D0     		beq	.L17
 428 005e FA68     		ldr	r2, [r7, #12]
 429 0060 F723     		movs	r3, #247
 430 0062 5B02     		lsls	r3, r3, #9
 431 0064 9A42     		cmp	r2, r3
 432 0066 20D0     		beq	.L18
 122:Core/Src/nmea2000.c **** 	{
 123:Core/Src/nmea2000.c **** 	case 60928:  adr_claim++;   break;	/* ISO Address Claim */
 124:Core/Src/nmea2000.c **** 	case 126996: prod_info++;   break;	/* Product Information */
 125:Core/Src/nmea2000.c **** 	case 126998: dev_info++;    break;	/* Configuration Information */
 126:Core/Src/nmea2000.c **** 	case 127505: fluid_req++;   break;	/* Fluid Level */
 127:Core/Src/nmea2000.c **** 	case 126464: pgnlist_req++; break;	/* TX/RX-PGN-Liste */
 128:Core/Src/nmea2000.c **** 	default:     break;
 433              		.loc 1 128 15
 434 0068 27E0     		b	.L20
 435              	.L17:
 123:Core/Src/nmea2000.c **** 	case 126996: prod_info++;   break;	/* Product Information */
 436              		.loc 1 123 24
 437 006a 194B     		ldr	r3, .L21+12
 438 006c 1B78     		ldrb	r3, [r3]
 439 006e DBB2     		uxtb	r3, r3
 440 0070 0133     		adds	r3, r3, #1
 441 0072 DAB2     		uxtb	r2, r3
 442 0074 164B     		ldr	r3, .L21+12
 443 0076 1A70     		strb	r2, [r3]
 123:Core/Src/nmea2000.c **** 	case 126996: prod_info++;   break;	/* Product Information */
 444              		.loc 1 123 30
 445 0078 20E0     		b	.L19
 446              	.L16:
 124:Core/Src/nmea2000.c **** 	case 126998: dev_info++;    break;	/* Configuration Information */
 447              		.loc 1 124 24
 448 007a 164B     		ldr	r3, .L21+16
 449 007c 1B78     		ldrb	r3, [r3]
 450 007e DBB2     		uxtb	r3, r3
 451 0080 0133     		adds	r3, r3, #1
 452 0082 DAB2     		uxtb	r2, r3
 453 0084 134B     		ldr	r3, .L21+16
 454 0086 1A70     		strb	r2, [r3]
 124:Core/Src/nmea2000.c **** 	case 126998: dev_info++;    break;	/* Configuration Information */
 455              		.loc 1 124 30
 456 0088 18E0     		b	.L19
ARM GAS  C:\Users\a_hae\AppData\Local\Temp\cc3QFm9N.s 			page 11


 457              	.L15:
 125:Core/Src/nmea2000.c **** 	case 127505: fluid_req++;   break;	/* Fluid Level */
 458              		.loc 1 125 23
 459 008a 134B     		ldr	r3, .L21+20
 460 008c 1B78     		ldrb	r3, [r3]
 461 008e DBB2     		uxtb	r3, r3
 462 0090 0133     		adds	r3, r3, #1
 463 0092 DAB2     		uxtb	r2, r3
 464 0094 104B     		ldr	r3, .L21+20
 465 0096 1A70     		strb	r2, [r3]
 125:Core/Src/nmea2000.c **** 	case 127505: fluid_req++;   break;	/* Fluid Level */
 466              		.loc 1 125 30
 467 0098 10E0     		b	.L19
 468              	.L13:
 126:Core/Src/nmea2000.c **** 	case 126464: pgnlist_req++; break;	/* TX/RX-PGN-Liste */
 469              		.loc 1 126 24
 470 009a 104B     		ldr	r3, .L21+24
 471 009c 1B78     		ldrb	r3, [r3]
 472 009e DBB2     		uxtb	r3, r3
 473 00a0 0133     		adds	r3, r3, #1
 474 00a2 DAB2     		uxtb	r2, r3
 475 00a4 0D4B     		ldr	r3, .L21+24
 476 00a6 1A70     		strb	r2, [r3]
 126:Core/Src/nmea2000.c **** 	case 126464: pgnlist_req++; break;	/* TX/RX-PGN-Liste */
 477              		.loc 1 126 30
 478 00a8 08E0     		b	.L19
 479              	.L18:
 127:Core/Src/nmea2000.c **** 	default:     break;
 480              		.loc 1 127 26
 481 00aa 0D4B     		ldr	r3, .L21+28
 482 00ac 1B78     		ldrb	r3, [r3]
 483 00ae DBB2     		uxtb	r3, r3
 484 00b0 0133     		adds	r3, r3, #1
 485 00b2 DAB2     		uxtb	r2, r3
 486 00b4 0A4B     		ldr	r3, .L21+28
 487 00b6 1A70     		strb	r2, [r3]
 127:Core/Src/nmea2000.c **** 	default:     break;
 488              		.loc 1 127 30
 489 00b8 00E0     		b	.L19
 490              	.L20:
 491              		.loc 1 128 15
 492 00ba C046     		nop
 493              	.L19:
 129:Core/Src/nmea2000.c **** 	}
 130:Core/Src/nmea2000.c **** }
 494              		.loc 1 130 1
 495 00bc C046     		nop
 496 00be BD46     		mov	sp, r7
 497 00c0 04B0     		add	sp, sp, #16
 498              		@ sp needed
 499 00c2 80BD     		pop	{r7, pc}
 500              	.L22:
 501              		.align	2
 502              	.L21:
 503 00c4 11F20100 		.word	127505
 504 00c8 16F00100 		.word	126998
 505 00cc 14F00100 		.word	126996
ARM GAS  C:\Users\a_hae\AppData\Local\Temp\cc3QFm9N.s 			page 12


 506 00d0 00000000 		.word	adr_claim
 507 00d4 00000000 		.word	prod_info
 508 00d8 00000000 		.word	dev_info
 509 00dc 00000000 		.word	fluid_req
 510 00e0 00000000 		.word	pgnlist_req
 511              		.cfi_endproc
 512              	.LFE364:
 514              		.section	.text.canid_to_pgn,"ax",%progbits
 515              		.align	1
 516              		.syntax unified
 517              		.code	16
 518              		.thumb_func
 520              	canid_to_pgn:
 521              	.LFB365:
 131:Core/Src/nmea2000.c **** 
 132:Core/Src/nmea2000.c **** /* Extrahiert die PGN aus einer 29-bit-CAN-ID (inkl. EDP/DP-Bits).
 133:Core/Src/nmea2000.c ****  * Bei PDU1 (PF < 240) ist das PS-Byte die Zieladresse und gehoert nicht zur PGN. */
 134:Core/Src/nmea2000.c **** static uint32_t canid_to_pgn(uint32_t id)
 135:Core/Src/nmea2000.c **** {
 522              		.loc 1 135 1
 523              		.cfi_startproc
 524              		@ args = 0, pretend = 0, frame = 16
 525              		@ frame_needed = 1, uses_anonymous_args = 0
 526 0000 80B5     		push	{r7, lr}
 527              	.LCFI6:
 528              		.cfi_def_cfa_offset 8
 529              		.cfi_offset 7, -8
 530              		.cfi_offset 14, -4
 531 0002 84B0     		sub	sp, sp, #16
 532              	.LCFI7:
 533              		.cfi_def_cfa_offset 24
 534 0004 00AF     		add	r7, sp, #0
 535              	.LCFI8:
 536              		.cfi_def_cfa_register 7
 537 0006 7860     		str	r0, [r7, #4]
 136:Core/Src/nmea2000.c **** 	uint32_t pf = (id >> 16) & 0xFF;
 538              		.loc 1 136 20
 539 0008 7B68     		ldr	r3, [r7, #4]
 540 000a 1B0C     		lsrs	r3, r3, #16
 541              		.loc 1 136 11
 542 000c FF22     		movs	r2, #255
 543 000e 1340     		ands	r3, r2
 544 0010 FB60     		str	r3, [r7, #12]
 137:Core/Src/nmea2000.c **** 	if (pf < 240)
 545              		.loc 1 137 5
 546 0012 FB68     		ldr	r3, [r7, #12]
 547 0014 EF2B     		cmp	r3, #239
 548 0016 04D8     		bhi	.L24
 138:Core/Src/nmea2000.c **** 	{
 139:Core/Src/nmea2000.c **** 		return (id >> 8) & 0x3FF00;
 549              		.loc 1 139 14
 550 0018 7B68     		ldr	r3, [r7, #4]
 551 001a 1B0A     		lsrs	r3, r3, #8
 552              		.loc 1 139 20
 553 001c 054A     		ldr	r2, .L26
 554 001e 1340     		ands	r3, r2
 555 0020 03E0     		b	.L25
ARM GAS  C:\Users\a_hae\AppData\Local\Temp\cc3QFm9N.s 			page 13


 556              	.L24:
 140:Core/Src/nmea2000.c **** 	}
 141:Core/Src/nmea2000.c **** 	return (id >> 8) & 0x3FFFF;
 557              		.loc 1 141 13
 558 0022 7B68     		ldr	r3, [r7, #4]
 559 0024 1B0A     		lsrs	r3, r3, #8
 560              		.loc 1 141 19
 561 0026 9B03     		lsls	r3, r3, #14
 562 0028 9B0B     		lsrs	r3, r3, #14
 563              	.L25:
 142:Core/Src/nmea2000.c **** }
 564              		.loc 1 142 1
 565 002a 1800     		movs	r0, r3
 566 002c BD46     		mov	sp, r7
 567 002e 04B0     		add	sp, sp, #16
 568              		@ sp needed
 569 0030 80BD     		pop	{r7, pc}
 570              	.L27:
 571 0032 C046     		.align	2
 572              	.L26:
 573 0034 00FF0300 		.word	261888
 574              		.cfi_endproc
 575              	.LFE365:
 577              		.section	.text.NMEA2000_BuildOwnName,"ax",%progbits
 578              		.align	1
 579              		.global	NMEA2000_BuildOwnName
 580              		.syntax unified
 581              		.code	16
 582              		.thumb_func
 584              	NMEA2000_BuildOwnName:
 585              	.LFB366:
 143:Core/Src/nmea2000.c **** 
 144:Core/Src/nmea2000.c **** /* Baut den eigenen 64-bit-NAME exakt so auf, wie ihn NMEA2000_AdrClaim sendet
 145:Core/Src/nmea2000.c ****  * (little endian). Wird fuer den Arbitrierungs-Vergleich benoetigt. */
 146:Core/Src/nmea2000.c **** uint64_t NMEA2000_BuildOwnName(void)
 147:Core/Src/nmea2000.c **** {
 586              		.loc 1 147 1
 587              		.cfi_startproc
 588              		@ args = 0, pretend = 0, frame = 96
 589              		@ frame_needed = 1, uses_anonymous_args = 0
 590 0000 B0B5     		push	{r4, r5, r7, lr}
 591              	.LCFI9:
 592              		.cfi_def_cfa_offset 16
 593              		.cfi_offset 4, -16
 594              		.cfi_offset 5, -12
 595              		.cfi_offset 7, -8
 596              		.cfi_offset 14, -4
 597 0002 98B0     		sub	sp, sp, #96
 598              	.LCFI10:
 599              		.cfi_def_cfa_offset 112
 600 0004 00AF     		add	r7, sp, #0
 601              	.LCFI11:
 602              		.cfi_def_cfa_register 7
 148:Core/Src/nmea2000.c **** 	uint64_t name;
 149:Core/Src/nmea2000.c **** 	name  = (uint64_t)((dev_info_par.UniqueNumber & 0x1FFFFF) | (((uint32_t)(dev_info_par.MFRcode & 0x
 603              		.loc 1 149 34
 604 0006 3F4B     		ldr	r3, .L30
ARM GAS  C:\Users\a_hae\AppData\Local\Temp\cc3QFm9N.s 			page 14


 605 0008 1B68     		ldr	r3, [r3]
 606              		.loc 1 149 48
 607 000a DB02     		lsls	r3, r3, #11
 608 000c DA0A     		lsrs	r2, r3, #11
 609              		.loc 1 149 87
 610 000e 3D4B     		ldr	r3, .L30
 611 0010 DB88     		ldrh	r3, [r3, #6]
 612              		.loc 1 149 106
 613 0012 5B05     		lsls	r3, r3, #21
 614              		.loc 1 149 60
 615 0014 1343     		orrs	r3, r2
 616              		.loc 1 149 8
 617 0016 BB65     		str	r3, [r7, #88]
 618 0018 0023     		movs	r3, #0
 619 001a FB65     		str	r3, [r7, #92]
 150:Core/Src/nmea2000.c **** 	name |= (uint64_t)dev_info_par.devInstance << 32;
 620              		.loc 1 150 32
 621 001c 394B     		ldr	r3, .L30
 622 001e 1B7A     		ldrb	r3, [r3, #8]
 623              		.loc 1 150 10
 624 0020 3B65     		str	r3, [r7, #80]
 625 0022 0023     		movs	r3, #0
 626 0024 7B65     		str	r3, [r7, #84]
 627              		.loc 1 150 45
 628 0026 3B6D     		ldr	r3, [r7, #80]
 629 0028 1900     		lsls	r1, r3, #0
 630 002a 0023     		movs	r3, #0
 631 002c 1800     		movs	r0, r3
 632              		.loc 1 150 7
 633 002e BB6D     		ldr	r3, [r7, #88]
 634 0030 0343     		orrs	r3, r0
 635 0032 1C00     		movs	r4, r3
 636 0034 FB6D     		ldr	r3, [r7, #92]
 637 0036 0B43     		orrs	r3, r1
 638 0038 1D00     		movs	r5, r3
 639 003a BC65     		str	r4, [r7, #88]
 640 003c FD65     		str	r5, [r7, #92]
 151:Core/Src/nmea2000.c **** 	name |= (uint64_t)dev_info_par.DeviceFunction << 40;
 641              		.loc 1 151 32
 642 003e 314B     		ldr	r3, .L30
 643 0040 1B79     		ldrb	r3, [r3, #4]
 644              		.loc 1 151 10
 645 0042 BB64     		str	r3, [r7, #72]
 646 0044 0023     		movs	r3, #0
 647 0046 FB64     		str	r3, [r7, #76]
 648              		.loc 1 151 48
 649 0048 BB6C     		ldr	r3, [r7, #72]
 650 004a 1B02     		lsls	r3, r3, #8
 651 004c 7B64     		str	r3, [r7, #68]
 652 004e 0023     		movs	r3, #0
 653 0050 3B64     		str	r3, [r7, #64]
 654              		.loc 1 151 7
 655 0052 BB6D     		ldr	r3, [r7, #88]
 656 0054 396C     		ldr	r1, [r7, #64]
 657 0056 7A6C     		ldr	r2, [r7, #68]
 658 0058 0800     		movs	r0, r1
 659 005a 1843     		orrs	r0, r3
ARM GAS  C:\Users\a_hae\AppData\Local\Temp\cc3QFm9N.s 			page 15


 660 005c 3861     		str	r0, [r7, #16]
 661 005e FB6D     		ldr	r3, [r7, #92]
 662 0060 1A43     		orrs	r2, r3
 663 0062 7A61     		str	r2, [r7, #20]
 664 0064 3B69     		ldr	r3, [r7, #16]
 665 0066 7C69     		ldr	r4, [r7, #20]
 666 0068 BB65     		str	r3, [r7, #88]
 667 006a FC65     		str	r4, [r7, #92]
 152:Core/Src/nmea2000.c **** 	name |= (uint64_t)((dev_info_par.DeviceClass & 0x7F) << 1) << 48;
 668              		.loc 1 152 34
 669 006c 254B     		ldr	r3, .L30
 670 006e 5B79     		ldrb	r3, [r3, #5]
 671              		.loc 1 152 55
 672 0070 5B00     		lsls	r3, r3, #1
 673              		.loc 1 152 10
 674 0072 BB63     		str	r3, [r7, #56]
 675 0074 DB17     		asrs	r3, r3, #31
 676 0076 FB63     		str	r3, [r7, #60]
 677              		.loc 1 152 61
 678 0078 BB6B     		ldr	r3, [r7, #56]
 679 007a 1B04     		lsls	r3, r3, #16
 680 007c 7B63     		str	r3, [r7, #52]
 681 007e 0023     		movs	r3, #0
 682 0080 3B63     		str	r3, [r7, #48]
 683 0082 0023     		movs	r3, #0
 684 0084 396B     		ldr	r1, [r7, #48]
 685 0086 7A6B     		ldr	r2, [r7, #52]
 686 0088 0800     		movs	r0, r1
 687 008a 1840     		ands	r0, r3
 688 008c B862     		str	r0, [r7, #40]
 689 008e FF23     		movs	r3, #255
 690 0090 1B04     		lsls	r3, r3, #16
 691 0092 1A40     		ands	r2, r3
 692 0094 FA62     		str	r2, [r7, #44]
 693              		.loc 1 152 7
 694 0096 BB6D     		ldr	r3, [r7, #88]
 695 0098 B96A     		ldr	r1, [r7, #40]
 696 009a FA6A     		ldr	r2, [r7, #44]
 697 009c 0800     		movs	r0, r1
 698 009e 1843     		orrs	r0, r3
 699 00a0 B860     		str	r0, [r7, #8]
 700 00a2 FB6D     		ldr	r3, [r7, #92]
 701 00a4 1A43     		orrs	r2, r3
 702 00a6 FA60     		str	r2, [r7, #12]
 703 00a8 BB68     		ldr	r3, [r7, #8]
 704 00aa FC68     		ldr	r4, [r7, #12]
 705 00ac BB65     		str	r3, [r7, #88]
 706 00ae FC65     		str	r4, [r7, #92]
 153:Core/Src/nmea2000.c **** 	name |= (uint64_t)(0x80 | ((dev_info_par.indGroup & 0x7) << 4) | (dev_info_par.sysInstance & 0x0F)
 707              		.loc 1 153 42
 708 00b0 144B     		ldr	r3, .L30
 709 00b2 9B7A     		ldrb	r3, [r3, #10]
 710              		.loc 1 153 59
 711 00b4 1B01     		lsls	r3, r3, #4
 712 00b6 7022     		movs	r2, #112
 713 00b8 1340     		ands	r3, r2
 714              		.loc 1 153 26
ARM GAS  C:\Users\a_hae\AppData\Local\Temp\cc3QFm9N.s 			page 16


 715 00ba 8022     		movs	r2, #128
 716 00bc 1A43     		orrs	r2, r3
 717              		.loc 1 153 80
 718 00be 114B     		ldr	r3, .L30
 719 00c0 5B7A     		ldrb	r3, [r3, #9]
 720              		.loc 1 153 93
 721 00c2 1900     		movs	r1, r3
 722 00c4 0F23     		movs	r3, #15
 723 00c6 0B40     		ands	r3, r1
 724              		.loc 1 153 65
 725 00c8 1343     		orrs	r3, r2
 726              		.loc 1 153 10
 727 00ca 3B62     		str	r3, [r7, #32]
 728 00cc DB17     		asrs	r3, r3, #31
 729 00ce 7B62     		str	r3, [r7, #36]
 730              		.loc 1 153 102
 731 00d0 3B6A     		ldr	r3, [r7, #32]
 732 00d2 1B06     		lsls	r3, r3, #24
 733 00d4 FB61     		str	r3, [r7, #28]
 734 00d6 0023     		movs	r3, #0
 735 00d8 BB61     		str	r3, [r7, #24]
 736              		.loc 1 153 7
 737 00da BB6D     		ldr	r3, [r7, #88]
 738 00dc B969     		ldr	r1, [r7, #24]
 739 00de FA69     		ldr	r2, [r7, #28]
 740 00e0 0800     		movs	r0, r1
 741 00e2 1843     		orrs	r0, r3
 742 00e4 3860     		str	r0, [r7]
 743 00e6 FB6D     		ldr	r3, [r7, #92]
 744 00e8 1A43     		orrs	r2, r3
 745 00ea 7A60     		str	r2, [r7, #4]
 746 00ec 3B68     		ldr	r3, [r7]
 747 00ee 7C68     		ldr	r4, [r7, #4]
 748 00f0 BB65     		str	r3, [r7, #88]
 749 00f2 FC65     		str	r4, [r7, #92]
 154:Core/Src/nmea2000.c **** 	return name;
 750              		.loc 1 154 9
 751 00f4 BA6D     		ldr	r2, [r7, #88]
 752 00f6 FB6D     		ldr	r3, [r7, #92]
 155:Core/Src/nmea2000.c **** }
 753              		.loc 1 155 1
 754 00f8 1000     		movs	r0, r2
 755 00fa 1900     		movs	r1, r3
 756 00fc BD46     		mov	sp, r7
 757 00fe 18B0     		add	sp, sp, #96
 758              		@ sp needed
 759 0100 B0BD     		pop	{r4, r5, r7, pc}
 760              	.L31:
 761 0102 C046     		.align	2
 762              	.L30:
 763 0104 00000000 		.word	dev_info_par
 764              		.cfi_endproc
 765              	.LFE366:
 767              		.section	.text.wait_tx_fifo_free,"ax",%progbits
 768              		.align	1
 769              		.syntax unified
 770              		.code	16
ARM GAS  C:\Users\a_hae\AppData\Local\Temp\cc3QFm9N.s 			page 17


 771              		.thumb_func
 773              	wait_tx_fifo_free:
 774              	.LFB367:
 156:Core/Src/nmea2000.c **** 
 157:Core/Src/nmea2000.c **** static uint8_t fp_send(FDCAN_HandleTypeDef *can_handle, uint32_t PGN, uint8_t Priority, uint8_t src
 158:Core/Src/nmea2000.c **** 
 159:Core/Src/nmea2000.c **** /* Wartet mit Timeout, bis die TX-FIFO leer ist (3 freie Plaetze).
 160:Core/Src/nmea2000.c ****  * Verhindert Endlos-Haenger bei Bus-Off / fehlendem ACK. */
 161:Core/Src/nmea2000.c **** static uint8_t wait_tx_fifo_free(FDCAN_HandleTypeDef *can_handle)
 162:Core/Src/nmea2000.c **** {
 775              		.loc 1 162 1
 776              		.cfi_startproc
 777              		@ args = 0, pretend = 0, frame = 16
 778              		@ frame_needed = 1, uses_anonymous_args = 0
 779 0000 80B5     		push	{r7, lr}
 780              	.LCFI12:
 781              		.cfi_def_cfa_offset 8
 782              		.cfi_offset 7, -8
 783              		.cfi_offset 14, -4
 784 0002 84B0     		sub	sp, sp, #16
 785              	.LCFI13:
 786              		.cfi_def_cfa_offset 24
 787 0004 00AF     		add	r7, sp, #0
 788              	.LCFI14:
 789              		.cfi_def_cfa_register 7
 790 0006 7860     		str	r0, [r7, #4]
 163:Core/Src/nmea2000.c **** 	uint32_t start = HAL_GetTick();
 791              		.loc 1 163 19
 792 0008 FFF7FEFF 		bl	HAL_GetTick
 793 000c 0300     		movs	r3, r0
 794 000e FB60     		str	r3, [r7, #12]
 164:Core/Src/nmea2000.c **** 	while (HAL_FDCAN_GetTxFifoFreeLevel(can_handle) != 3)
 795              		.loc 1 164 8
 796 0010 08E0     		b	.L33
 797              	.L35:
 165:Core/Src/nmea2000.c **** 	{
 166:Core/Src/nmea2000.c **** 		if ((HAL_GetTick() - start) > 10)
 798              		.loc 1 166 8
 799 0012 FFF7FEFF 		bl	HAL_GetTick
 800 0016 0200     		movs	r2, r0
 801              		.loc 1 166 22 discriminator 1
 802 0018 FB68     		ldr	r3, [r7, #12]
 803 001a D31A     		subs	r3, r2, r3
 804              		.loc 1 166 6 discriminator 1
 805 001c 0A2B     		cmp	r3, #10
 806 001e 01D9     		bls	.L33
 167:Core/Src/nmea2000.c **** 		{
 168:Core/Src/nmea2000.c **** 			return 0;
 807              		.loc 1 168 11
 808 0020 0023     		movs	r3, #0
 809 0022 07E0     		b	.L34
 810              	.L33:
 164:Core/Src/nmea2000.c **** 	{
 811              		.loc 1 164 9
 812 0024 7B68     		ldr	r3, [r7, #4]
 813 0026 1800     		movs	r0, r3
 814 0028 FFF7FEFF 		bl	HAL_FDCAN_GetTxFifoFreeLevel
ARM GAS  C:\Users\a_hae\AppData\Local\Temp\cc3QFm9N.s 			page 18


 815 002c 0300     		movs	r3, r0
 164:Core/Src/nmea2000.c **** 	{
 816              		.loc 1 164 50 discriminator 1
 817 002e 032B     		cmp	r3, #3
 818 0030 EFD1     		bne	.L35
 169:Core/Src/nmea2000.c **** 		}
 170:Core/Src/nmea2000.c **** 	}
 171:Core/Src/nmea2000.c **** 	return 1;
 819              		.loc 1 171 9
 820 0032 0123     		movs	r3, #1
 821              	.L34:
 172:Core/Src/nmea2000.c **** }
 822              		.loc 1 172 1
 823 0034 1800     		movs	r0, r3
 824 0036 BD46     		mov	sp, r7
 825 0038 04B0     		add	sp, sp, #16
 826              		@ sp needed
 827 003a 80BD     		pop	{r7, pc}
 828              		.cfi_endproc
 829              	.LFE367:
 831              		.section	.rodata
 832              		.align	2
 833              	.LC17:
 834 0000 53696D70 		.ascii	"Simple Level Monitor\000"
 834      6C65204C 
 834      6576656C 
 834      204D6F6E 
 834      69746F72 
 835 0015 000000   		.align	2
 836              	.LC21:
 837 0018 312E322E 		.ascii	"1.2.11-dev (2026-07-30)\000"
 837      31312D64 
 837      65762028 
 837      32303236 
 837      2D30372D 
 838              		.align	2
 839              	.LC15:
 840 0030 FFFFFFFF 		.ascii	"\377\377\377\377\377\377\377\377\377\377\377\377\377"
 840      FFFFFFFF 
 840      FFFFFFFF 
 840      FF
 841 003d FFFFFFFF 		.ascii	"\377\377\377\377\377\377\377\377\377\377\377\377\377"
 841      FFFFFFFF 
 841      FFFFFFFF 
 841      FF
 842 004a FFFFFFFF 		.ascii	"\377\377\377\377\377\377"
 842      FFFF
 843              		.section	.text.init_p_struct,"ax",%progbits
 844              		.align	1
 845              		.global	init_p_struct
 846              		.syntax unified
 847              		.code	16
 848              		.thumb_func
 850              	init_p_struct:
 851              	.LFB368:
 173:Core/Src/nmea2000.c **** 
 174:Core/Src/nmea2000.c **** uint8_t init_p_struct(NMEA_parameter_Product *p_info_struct)
ARM GAS  C:\Users\a_hae\AppData\Local\Temp\cc3QFm9N.s 			page 19


 175:Core/Src/nmea2000.c **** {
 852              		.loc 1 175 1
 853              		.cfi_startproc
 854              		@ args = 0, pretend = 0, frame = 56
 855              		@ frame_needed = 1, uses_anonymous_args = 0
 856 0000 B0B5     		push	{r4, r5, r7, lr}
 857              	.LCFI15:
 858              		.cfi_def_cfa_offset 16
 859              		.cfi_offset 4, -16
 860              		.cfi_offset 5, -12
 861              		.cfi_offset 7, -8
 862              		.cfi_offset 14, -4
 863 0002 8EB0     		sub	sp, sp, #56
 864              	.LCFI16:
 865              		.cfi_def_cfa_offset 72
 866 0004 00AF     		add	r7, sp, #0
 867              	.LCFI17:
 868              		.cfi_def_cfa_register 7
 869 0006 7860     		str	r0, [r7, #4]
 176:Core/Src/nmea2000.c **** 	uint8_t filled_string[32] = {[0 ... 31] = 0xFF};
 870              		.loc 1 176 10
 871 0008 0C25     		movs	r5, #12
 872 000a 7B19     		adds	r3, r7, r5
 873 000c 3C4A     		ldr	r2, .L40
 874 000e 13CA     		ldmia	r2!, {r0, r1, r4}
 875 0010 13C3     		stmia	r3!, {r0, r1, r4}
 876 0012 13CA     		ldmia	r2!, {r0, r1, r4}
 877 0014 13C3     		stmia	r3!, {r0, r1, r4}
 878 0016 03CA     		ldmia	r2!, {r0, r1}
 879 0018 03C3     		stmia	r3!, {r0, r1}
 177:Core/Src/nmea2000.c **** 	memcpy(p_info_struct->ModelID, filled_string,32);
 880              		.loc 1 177 22
 881 001a 7B68     		ldr	r3, [r7, #4]
 882 001c 9A1C     		adds	r2, r3, #2
 883              		.loc 1 177 2
 884 001e 2C00     		movs	r4, r5
 885 0020 3B19     		adds	r3, r7, r4
 886 0022 1000     		movs	r0, r2
 887 0024 1900     		movs	r1, r3
 888 0026 2023     		movs	r3, #32
 889 0028 1A00     		movs	r2, r3
 890 002a FFF7FEFF 		bl	memcpy
 178:Core/Src/nmea2000.c **** 	/* Felder sind uint8_t[] (werden als Roh-Bytes ins Payload kopiert);
 179:Core/Src/nmea2000.c **** 	 * fuer die String-Funktionen explizit nach char* casten. */
 180:Core/Src/nmea2000.c **** 	strcpy((char *)p_info_struct->ModelID, "Simple Level Monitor");
 891              		.loc 1 180 17
 892 002e 7B68     		ldr	r3, [r7, #4]
 893 0030 9A1C     		adds	r2, r3, #2
 894              		.loc 1 180 2
 895 0032 344B     		ldr	r3, .L40+4
 896 0034 1000     		movs	r0, r2
 897 0036 1900     		movs	r1, r3
 898 0038 1523     		movs	r3, #21
 899 003a 1A00     		movs	r2, r3
 900 003c FFF7FEFF 		bl	memcpy
 181:Core/Src/nmea2000.c **** 	memcpy(p_info_struct->ModelSerialCode, filled_string,32);
 901              		.loc 1 181 22
ARM GAS  C:\Users\a_hae\AppData\Local\Temp\cc3QFm9N.s 			page 20


 902 0040 7B68     		ldr	r3, [r7, #4]
 903 0042 6233     		adds	r3, r3, #98
 904 0044 1A00     		movs	r2, r3
 905              		.loc 1 181 2
 906 0046 3B19     		adds	r3, r7, r4
 907 0048 1000     		movs	r0, r2
 908 004a 1900     		movs	r1, r3
 909 004c 2023     		movs	r3, #32
 910 004e 1A00     		movs	r2, r3
 911 0050 FFF7FEFF 		bl	memcpy
 912              	.LBB3:
 182:Core/Src/nmea2000.c **** 	/* Seriennummer aus der 96-bit-Chip-UID als 8-stelliger Hex-String. */
 183:Core/Src/nmea2000.c **** 	{
 184:Core/Src/nmea2000.c **** 		uint32_t uid = *(volatile uint32_t *)(UID_BASE + 0U)
 913              		.loc 1 184 18
 914 0054 2C4B     		ldr	r3, .L40+8
 915 0056 1A68     		ldr	r2, [r3]
 185:Core/Src/nmea2000.c **** 		             ^ *(volatile uint32_t *)(UID_BASE + 4U)
 916              		.loc 1 185 18
 917 0058 2C4B     		ldr	r3, .L40+12
 918 005a 1B68     		ldr	r3, [r3]
 919              		.loc 1 185 16
 920 005c 5A40     		eors	r2, r3
 186:Core/Src/nmea2000.c **** 		             ^ *(volatile uint32_t *)(UID_BASE + 8U);
 921              		.loc 1 186 18
 922 005e 2C4B     		ldr	r3, .L40+16
 923 0060 1B68     		ldr	r3, [r3]
 184:Core/Src/nmea2000.c **** 		             ^ *(volatile uint32_t *)(UID_BASE + 4U)
 924              		.loc 1 184 12
 925 0062 5340     		eors	r3, r2
 926 0064 3B63     		str	r3, [r7, #48]
 187:Core/Src/nmea2000.c **** 		static const char hexd[] = "0123456789ABCDEF";
 188:Core/Src/nmea2000.c **** 		char *s = (char *)p_info_struct->ModelSerialCode;
 927              		.loc 1 188 9
 928 0066 7B68     		ldr	r3, [r7, #4]
 929 0068 6233     		adds	r3, r3, #98
 930 006a FB62     		str	r3, [r7, #44]
 931              	.LBB4:
 189:Core/Src/nmea2000.c **** 		for (int i = 0; i < 8; i++)
 932              		.loc 1 189 12
 933 006c 0023     		movs	r3, #0
 934 006e 7B63     		str	r3, [r7, #52]
 935              		.loc 1 189 3
 936 0070 11E0     		b	.L37
 937              	.L38:
 190:Core/Src/nmea2000.c **** 		{
 191:Core/Src/nmea2000.c **** 			s[i] = hexd[(uid >> ((7 - i) * 4)) & 0xF];
 938              		.loc 1 191 28
 939 0072 7B6B     		ldr	r3, [r7, #52]
 940 0074 0722     		movs	r2, #7
 941 0076 D31A     		subs	r3, r2, r3
 942              		.loc 1 191 33
 943 0078 9B00     		lsls	r3, r3, #2
 944              		.loc 1 191 21
 945 007a 3A6B     		ldr	r2, [r7, #48]
 946 007c DA40     		lsrs	r2, r2, r3
 947 007e 1300     		movs	r3, r2
ARM GAS  C:\Users\a_hae\AppData\Local\Temp\cc3QFm9N.s 			page 21


 948              		.loc 1 191 39
 949 0080 0F22     		movs	r2, #15
 950 0082 1A40     		ands	r2, r3
 951              		.loc 1 191 5
 952 0084 7B6B     		ldr	r3, [r7, #52]
 953 0086 F96A     		ldr	r1, [r7, #44]
 954 0088 CB18     		adds	r3, r1, r3
 955              		.loc 1 191 15
 956 008a 2249     		ldr	r1, .L40+20
 957 008c 8A5C     		ldrb	r2, [r1, r2]
 958              		.loc 1 191 9
 959 008e 1A70     		strb	r2, [r3]
 189:Core/Src/nmea2000.c **** 		for (int i = 0; i < 8; i++)
 960              		.loc 1 189 27 discriminator 3
 961 0090 7B6B     		ldr	r3, [r7, #52]
 962 0092 0133     		adds	r3, r3, #1
 963 0094 7B63     		str	r3, [r7, #52]
 964              	.L37:
 189:Core/Src/nmea2000.c **** 		for (int i = 0; i < 8; i++)
 965              		.loc 1 189 21 discriminator 1
 966 0096 7B6B     		ldr	r3, [r7, #52]
 967 0098 072B     		cmp	r3, #7
 968 009a EADD     		ble	.L38
 969              	.LBE4:
 192:Core/Src/nmea2000.c **** 		}
 193:Core/Src/nmea2000.c **** 		s[8] = '\0';
 970              		.loc 1 193 4
 971 009c FB6A     		ldr	r3, [r7, #44]
 972 009e 0833     		adds	r3, r3, #8
 973              		.loc 1 193 8
 974 00a0 0022     		movs	r2, #0
 975 00a2 1A70     		strb	r2, [r3]
 976              	.LBE3:
 194:Core/Src/nmea2000.c **** 	}
 195:Core/Src/nmea2000.c **** 	memcpy(p_info_struct->ModelVersion, filled_string,32);
 977              		.loc 1 195 22
 978 00a4 7B68     		ldr	r3, [r7, #4]
 979 00a6 4233     		adds	r3, r3, #66
 980 00a8 1A00     		movs	r2, r3
 981              		.loc 1 195 2
 982 00aa 0C24     		movs	r4, #12
 983 00ac 3B19     		adds	r3, r7, r4
 984 00ae 1000     		movs	r0, r2
 985 00b0 1900     		movs	r1, r3
 986 00b2 2023     		movs	r3, #32
 987 00b4 1A00     		movs	r2, r3
 988 00b6 FFF7FEFF 		bl	memcpy
 196:Core/Src/nmea2000.c **** 	strcpy((char *)p_info_struct->ModelVersion, hw_id_str);
 989              		.loc 1 196 17
 990 00ba 7B68     		ldr	r3, [r7, #4]
 991 00bc 4233     		adds	r3, r3, #66
 992              		.loc 1 196 2
 993 00be 164A     		ldr	r2, .L40+24
 994 00c0 1100     		movs	r1, r2
 995 00c2 1800     		movs	r0, r3
 996 00c4 FFF7FEFF 		bl	strcpy
 197:Core/Src/nmea2000.c **** 	memcpy(p_info_struct->SwCode, filled_string,32);
ARM GAS  C:\Users\a_hae\AppData\Local\Temp\cc3QFm9N.s 			page 22


 997              		.loc 1 197 22
 998 00c8 7B68     		ldr	r3, [r7, #4]
 999 00ca 2233     		adds	r3, r3, #34
 1000 00cc 1A00     		movs	r2, r3
 1001              		.loc 1 197 2
 1002 00ce 3B19     		adds	r3, r7, r4
 1003 00d0 1000     		movs	r0, r2
 1004 00d2 1900     		movs	r1, r3
 1005 00d4 2023     		movs	r3, #32
 1006 00d6 1A00     		movs	r2, r3
 1007 00d8 FFF7FEFF 		bl	memcpy
 198:Core/Src/nmea2000.c **** 	strcpy((char *)p_info_struct->SwCode, FW_VERSION_STR);
 1008              		.loc 1 198 17
 1009 00dc 7B68     		ldr	r3, [r7, #4]
 1010 00de 2233     		adds	r3, r3, #34
 1011 00e0 1A00     		movs	r2, r3
 1012              		.loc 1 198 2
 1013 00e2 0E4B     		ldr	r3, .L40+28
 1014 00e4 1000     		movs	r0, r2
 1015 00e6 1900     		movs	r1, r3
 1016 00e8 1823     		movs	r3, #24
 1017 00ea 1A00     		movs	r2, r3
 1018 00ec FFF7FEFF 		bl	memcpy
 199:Core/Src/nmea2000.c **** 
 200:Core/Src/nmea2000.c **** 	p_info_struct->ProductCode=102;
 1019              		.loc 1 200 28
 1020 00f0 7B68     		ldr	r3, [r7, #4]
 1021 00f2 6622     		movs	r2, #102
 1022 00f4 1A80     		strh	r2, [r3]
 201:Core/Src/nmea2000.c **** 
 202:Core/Src/nmea2000.c **** 	return 1;
 1023              		.loc 1 202 9
 1024 00f6 0123     		movs	r3, #1
 203:Core/Src/nmea2000.c **** }
 1025              		.loc 1 203 1
 1026 00f8 1800     		movs	r0, r3
 1027 00fa BD46     		mov	sp, r7
 1028 00fc 0EB0     		add	sp, sp, #56
 1029              		@ sp needed
 1030 00fe B0BD     		pop	{r4, r5, r7, pc}
 1031              	.L41:
 1032              		.align	2
 1033              	.L40:
 1034 0100 30000000 		.word	.LC15
 1035 0104 00000000 		.word	.LC17
 1036 0108 9075FF1F 		.word	536835472
 1037 010c 9475FF1F 		.word	536835476
 1038 0110 9875FF1F 		.word	536835480
 1039 0114 00000000 		.word	hexd.4
 1040 0118 00000000 		.word	hw_id_str
 1041 011c 18000000 		.word	.LC21
 1042              		.cfi_endproc
 1043              	.LFE368:
 1045              		.section	.rodata
 1046              		.align	2
 1047              	.LC23:
 1048 0050 FFFFFFFF 		.ascii	"\377\377\377\377\377\377\377\377\377\377\377\377\377"
ARM GAS  C:\Users\a_hae\AppData\Local\Temp\cc3QFm9N.s 			page 23


 1048      FFFFFFFF 
 1048      FFFFFFFF 
 1048      FF
 1049 005d FFFFFFFF 		.ascii	"\377\377\377\377\377\377\377\377\377\377\377\377\377"
 1049      FFFFFFFF 
 1049      FFFFFFFF 
 1049      FF
 1050 006a FFFFFFFF 		.ascii	"\377\377\377\377\377\377\377\377\377\377\377\377\377"
 1050      FFFFFFFF 
 1050      FFFFFFFF 
 1050      FF
 1051 0077 FFFFFFFF 		.ascii	"\377\377\377\377\377\377\377\377\377\377\377\377\377"
 1051      FFFFFFFF 
 1051      FFFFFFFF 
 1051      FF
 1052 0084 FFFFFFFF 		.ascii	"\377\377\377\377\377\377\377\377\377\377\377\377\377"
 1052      FFFFFFFF 
 1052      FFFFFFFF 
 1052      FF
 1053 0091 FFFFFFFF 		.ascii	"\377\377\377\377\377\377\377\377\377\377\377\377\377"
 1053      FFFFFFFF 
 1053      FFFFFFFF 
 1053      FF
 1054 009e FFFFFFFF 		.ascii	"\377\377\377\377\377\377\377\377\377\377\377\377\377"
 1054      FFFFFFFF 
 1054      FFFFFFFF 
 1054      FF
 1055 00ab FFFFFFFF 		.ascii	"\377\377\377\377\377\377\377\377\377\377\377\377\377"
 1055      FFFFFFFF 
 1055      FFFFFFFF 
 1055      FF
 1056 00b8 FFFFFFFF 		.ascii	"\377\377\377\377\377\377\377\377\377\377\377\377\377"
 1056      FFFFFFFF 
 1056      FFFFFFFF 
 1056      FF
 1057 00c5 FFFFFFFF 		.ascii	"\377\377\377\377\377\377\377\377\377\377\377\377\377"
 1057      FFFFFFFF 
 1057      FFFFFFFF 
 1057      FF
 1058 00d2 FFFFFFFF 		.ascii	"\377\377\377\377\377\377\377\377\377\377"
 1058      FFFFFFFF 
 1058      FFFF
 1059              		.section	.text.NMEA2000_setPInfo,"ax",%progbits
 1060              		.align	1
 1061              		.global	NMEA2000_setPInfo
 1062              		.syntax unified
 1063              		.code	16
 1064              		.thumb_func
 1066              	NMEA2000_setPInfo:
 1067              	.LFB369:
 204:Core/Src/nmea2000.c **** 
 205:Core/Src/nmea2000.c **** uint8_t NMEA2000_setPInfo(FDCAN_HandleTypeDef *can_handle, NMEA_parameter_Product *p_parameter, uin
 206:Core/Src/nmea2000.c **** {
 1068              		.loc 1 206 1
 1069              		.cfi_startproc
 1070              		@ args = 0, pretend = 0, frame = 216
 1071              		@ frame_needed = 1, uses_anonymous_args = 0
ARM GAS  C:\Users\a_hae\AppData\Local\Temp\cc3QFm9N.s 			page 24


 1072 0000 90B5     		push	{r4, r7, lr}
 1073              	.LCFI18:
 1074              		.cfi_def_cfa_offset 12
 1075              		.cfi_offset 4, -12
 1076              		.cfi_offset 7, -8
 1077              		.cfi_offset 14, -4
 1078 0002 B7B0     		sub	sp, sp, #220
 1079              	.LCFI19:
 1080              		.cfi_def_cfa_offset 232
 1081 0004 00AF     		add	r7, sp, #0
 1082              	.LCFI20:
 1083              		.cfi_def_cfa_register 7
 1084 0006 F860     		str	r0, [r7, #12]
 1085 0008 B960     		str	r1, [r7, #8]
 1086 000a FB1D     		adds	r3, r7, #7
 1087 000c 1A70     		strb	r2, [r3]
 207:Core/Src/nmea2000.c **** 	uint8_t can_msg[140] = {[0 ... 139] = 0xFF};
 1088              		.loc 1 207 10
 1089 000e 4024     		movs	r4, #64
 1090 0010 3A19     		adds	r2, r7, r4
 1091 0012 574B     		ldr	r3, .L49
 1092 0014 1000     		movs	r0, r2
 1093 0016 1900     		movs	r1, r3
 1094 0018 8C23     		movs	r3, #140
 1095 001a 1A00     		movs	r2, r3
 1096 001c FFF7FEFF 		bl	memcpy
 208:Core/Src/nmea2000.c **** 	uint8_t tx_msg[8];
 209:Core/Src/nmea2000.c **** 
 210:Core/Src/nmea2000.c **** 	uint32_t PGN = 126996;
 1097              		.loc 1 210 11
 1098 0020 544B     		ldr	r3, .L49+4
 1099 0022 D021     		movs	r1, #208
 1100 0024 7A18     		adds	r2, r7, r1
 1101 0026 1360     		str	r3, [r2]
 211:Core/Src/nmea2000.c **** 	uint8_t Priority = 6;
 1102              		.loc 1 211 10
 1103 0028 CF20     		movs	r0, #207
 1104 002a 3B18     		adds	r3, r7, r0
 1105 002c 0622     		movs	r2, #6
 1106 002e 1A70     		strb	r2, [r3]
 212:Core/Src/nmea2000.c **** 
 213:Core/Src/nmea2000.c **** 
 214:Core/Src/nmea2000.c **** 	FDCAN_TxHeaderTypeDef TxHeader;
 215:Core/Src/nmea2000.c **** 
 216:Core/Src/nmea2000.c **** 	TxHeader.Identifier = (uint32_t)N2ktoCanID( (unsigned char)Priority, (unsigned long) PGN, (unsigne
 1107              		.loc 1 216 24
 1108 0030 FB1D     		adds	r3, r7, #7
 1109 0032 1A78     		ldrb	r2, [r3]
 1110 0034 7B18     		adds	r3, r7, r1
 1111 0036 1968     		ldr	r1, [r3]
 1112 0038 3B18     		adds	r3, r7, r0
 1113 003a 1878     		ldrb	r0, [r3]
 1114 003c FF23     		movs	r3, #255
 1115 003e FFF7FEFF 		bl	N2ktoCanID
 1116 0042 0200     		movs	r2, r0
 1117              		.loc 1 216 22 discriminator 1
 1118 0044 1421     		movs	r1, #20
ARM GAS  C:\Users\a_hae\AppData\Local\Temp\cc3QFm9N.s 			page 25


 1119 0046 7B18     		adds	r3, r7, r1
 1120 0048 1A60     		str	r2, [r3]
 217:Core/Src/nmea2000.c **** 	TxHeader.IdType = FDCAN_EXTENDED_ID;
 1121              		.loc 1 217 18
 1122 004a 7B18     		adds	r3, r7, r1
 1123 004c 8022     		movs	r2, #128
 1124 004e D205     		lsls	r2, r2, #23
 1125 0050 5A60     		str	r2, [r3, #4]
 218:Core/Src/nmea2000.c **** 	TxHeader.TxFrameType = FDCAN_DATA_FRAME;
 1126              		.loc 1 218 23
 1127 0052 7B18     		adds	r3, r7, r1
 1128 0054 0022     		movs	r2, #0
 1129 0056 9A60     		str	r2, [r3, #8]
 219:Core/Src/nmea2000.c **** 	TxHeader.DataLength = FDCAN_DLC_BYTES_8;
 1130              		.loc 1 219 22
 1131 0058 7B18     		adds	r3, r7, r1
 1132 005a 0822     		movs	r2, #8
 1133 005c DA60     		str	r2, [r3, #12]
 220:Core/Src/nmea2000.c **** 	TxHeader.ErrorStateIndicator = FDCAN_ESI_ACTIVE;
 1134              		.loc 1 220 31
 1135 005e 7B18     		adds	r3, r7, r1
 1136 0060 0022     		movs	r2, #0
 1137 0062 1A61     		str	r2, [r3, #16]
 221:Core/Src/nmea2000.c **** 	TxHeader.BitRateSwitch = FDCAN_BRS_OFF;
 1138              		.loc 1 221 25
 1139 0064 7B18     		adds	r3, r7, r1
 1140 0066 0022     		movs	r2, #0
 1141 0068 5A61     		str	r2, [r3, #20]
 222:Core/Src/nmea2000.c **** 	TxHeader.FDFormat = FDCAN_CLASSIC_CAN;
 1142              		.loc 1 222 20
 1143 006a 7B18     		adds	r3, r7, r1
 1144 006c 0022     		movs	r2, #0
 1145 006e 9A61     		str	r2, [r3, #24]
 223:Core/Src/nmea2000.c **** 	TxHeader.TxEventFifoControl = FDCAN_NO_TX_EVENTS;
 1146              		.loc 1 223 30
 1147 0070 7B18     		adds	r3, r7, r1
 1148 0072 0022     		movs	r2, #0
 1149 0074 DA61     		str	r2, [r3, #28]
 224:Core/Src/nmea2000.c **** 	TxHeader.MessageMarker = 0;
 1150              		.loc 1 224 25
 1151 0076 7B18     		adds	r3, r7, r1
 1152 0078 0022     		movs	r2, #0
 1153 007a 1A62     		str	r2, [r3, #32]
 225:Core/Src/nmea2000.c **** 
 226:Core/Src/nmea2000.c **** 	can_msg[0] = 0x86;
 1154              		.loc 1 226 13
 1155 007c 3B19     		adds	r3, r7, r4
 1156 007e 8622     		movs	r2, #134
 1157 0080 1A70     		strb	r2, [r3]
 227:Core/Src/nmea2000.c **** 	can_msg[1] = 0x35;		//nmea Version
 1158              		.loc 1 227 13
 1159 0082 3B19     		adds	r3, r7, r4
 1160 0084 3522     		movs	r2, #53
 1161 0086 5A70     		strb	r2, [r3, #1]
 228:Core/Src/nmea2000.c **** 
 229:Core/Src/nmea2000.c **** 	//uint16_convert.max_val = p_parameter.ProductCode;
 230:Core/Src/nmea2000.c **** 	//can_msg[2] = uint16_convert.small_arr[0];
ARM GAS  C:\Users\a_hae\AppData\Local\Temp\cc3QFm9N.s 			page 26


 231:Core/Src/nmea2000.c **** 	//can_msg[3] = uint16_convert.small_arr[1];
 232:Core/Src/nmea2000.c **** 
 233:Core/Src/nmea2000.c **** 	can_msg[2] = 0x08;
 1162              		.loc 1 233 13
 1163 0088 3B19     		adds	r3, r7, r4
 1164 008a 0822     		movs	r2, #8
 1165 008c 9A70     		strb	r2, [r3, #2]
 234:Core/Src/nmea2000.c **** 	can_msg[3] = (uint8_t)p_parameter->ProductCode;
 1166              		.loc 1 234 35
 1167 008e BB68     		ldr	r3, [r7, #8]
 1168 0090 1B88     		ldrh	r3, [r3]
 1169              		.loc 1 234 15
 1170 0092 DAB2     		uxtb	r2, r3
 1171              		.loc 1 234 13
 1172 0094 3B19     		adds	r3, r7, r4
 1173 0096 DA70     		strb	r2, [r3, #3]
 235:Core/Src/nmea2000.c **** 
 236:Core/Src/nmea2000.c **** 	can_msg[4] = 0x00;
 1174              		.loc 1 236 13
 1175 0098 3B19     		adds	r3, r7, r4
 1176 009a 0022     		movs	r2, #0
 1177 009c 1A71     		strb	r2, [r3, #4]
 237:Core/Src/nmea2000.c **** 
 238:Core/Src/nmea2000.c **** 	memcpy(can_msg+5, p_parameter->ModelID,32);
 1178              		.loc 1 238 2
 1179 009e 3B19     		adds	r3, r7, r4
 1180 00a0 0533     		adds	r3, r3, #5
 1181              		.loc 1 238 31
 1182 00a2 BA68     		ldr	r2, [r7, #8]
 1183 00a4 911C     		adds	r1, r2, #2
 1184              		.loc 1 238 2
 1185 00a6 2022     		movs	r2, #32
 1186 00a8 1800     		movs	r0, r3
 1187 00aa FFF7FEFF 		bl	memcpy
 239:Core/Src/nmea2000.c **** 	memcpy(can_msg+37, p_parameter->SwCode,32);
 1188              		.loc 1 239 2
 1189 00ae 3B19     		adds	r3, r7, r4
 1190 00b0 2533     		adds	r3, r3, #37
 1191              		.loc 1 239 32
 1192 00b2 BA68     		ldr	r2, [r7, #8]
 1193 00b4 2232     		adds	r2, r2, #34
 1194 00b6 1100     		movs	r1, r2
 1195              		.loc 1 239 2
 1196 00b8 2022     		movs	r2, #32
 1197 00ba 1800     		movs	r0, r3
 1198 00bc FFF7FEFF 		bl	memcpy
 240:Core/Src/nmea2000.c **** 	memcpy(can_msg+69, p_parameter->ModelVersion,32);
 1199              		.loc 1 240 2
 1200 00c0 3B19     		adds	r3, r7, r4
 1201 00c2 4533     		adds	r3, r3, #69
 1202              		.loc 1 240 32
 1203 00c4 BA68     		ldr	r2, [r7, #8]
 1204 00c6 4232     		adds	r2, r2, #66
 1205 00c8 1100     		movs	r1, r2
 1206              		.loc 1 240 2
 1207 00ca 2022     		movs	r2, #32
 1208 00cc 1800     		movs	r0, r3
ARM GAS  C:\Users\a_hae\AppData\Local\Temp\cc3QFm9N.s 			page 27


 1209 00ce FFF7FEFF 		bl	memcpy
 241:Core/Src/nmea2000.c **** 	memcpy(can_msg+101, p_parameter->ModelSerialCode,32);
 1210              		.loc 1 241 2
 1211 00d2 3B19     		adds	r3, r7, r4
 1212 00d4 6533     		adds	r3, r3, #101
 1213              		.loc 1 241 33
 1214 00d6 BA68     		ldr	r2, [r7, #8]
 1215 00d8 6232     		adds	r2, r2, #98
 1216 00da 1100     		movs	r1, r2
 1217              		.loc 1 241 2
 1218 00dc 2022     		movs	r2, #32
 1219 00de 1800     		movs	r0, r3
 1220 00e0 FFF7FEFF 		bl	memcpy
 242:Core/Src/nmea2000.c **** 	/* Payload-Bytes 132/133: Certification Level und Load Equivalency (LEN).
 243:Core/Src/nmea2000.c **** 	 * Vorher wurden ASCII-Zeichen gesendet ('0' = 48) -> Plotter zeigten
 244:Core/Src/nmea2000.c **** 	 * LEN 48 = 2,4 A Strombedarf an. 0xFF = "nicht verfuegbar" (Geraet ist
 245:Core/Src/nmea2000.c **** 	 * nicht zertifiziert); LEN 2 = 2 x 50 mA = 100 mA - bei geaenderter
 246:Core/Src/nmea2000.c **** 	 * Hardware anpassen. Bytes dahinter bleiben 0xFF (Fast-Packet-Padding). */
 247:Core/Src/nmea2000.c **** 	can_msg[133] = 0xFF;	/* Certification Level: nicht verfuegbar */
 1221              		.loc 1 247 15
 1222 00e4 3B19     		adds	r3, r7, r4
 1223 00e6 8522     		movs	r2, #133
 1224 00e8 FF21     		movs	r1, #255
 1225 00ea 9954     		strb	r1, [r3, r2]
 248:Core/Src/nmea2000.c **** 	can_msg[134] = 2;		/* Load Equivalency Number (LEN, 1 = 50 mA) */
 1226              		.loc 1 248 15
 1227 00ec 3B19     		adds	r3, r7, r4
 1228 00ee 8622     		movs	r2, #134
 1229 00f0 0221     		movs	r1, #2
 1230 00f2 9954     		strb	r1, [r3, r2]
 1231              	.LBB5:
 249:Core/Src/nmea2000.c **** 
 250:Core/Src/nmea2000.c **** 
 251:Core/Src/nmea2000.c **** 
 252:Core/Src/nmea2000.c **** 	for (uint8_t var = 0; var < 20; ++var) {
 1232              		.loc 1 252 15
 1233 00f4 D723     		movs	r3, #215
 1234 00f6 FB18     		adds	r3, r7, r3
 1235 00f8 0022     		movs	r2, #0
 1236 00fa 1A70     		strb	r2, [r3]
 1237              		.loc 1 252 2
 1238 00fc 2DE0     		b	.L43
 1239              	.L47:
 253:Core/Src/nmea2000.c **** 		tx_msg[0] = var;
 1240              		.loc 1 253 13
 1241 00fe 3824     		movs	r4, #56
 1242 0100 3B19     		adds	r3, r7, r4
 1243 0102 D721     		movs	r1, #215
 1244 0104 7A18     		adds	r2, r7, r1
 1245 0106 1278     		ldrb	r2, [r2]
 1246 0108 1A70     		strb	r2, [r3]
 254:Core/Src/nmea2000.c **** 		memcpy(tx_msg + 1, can_msg + (var*7), 7);
 1247              		.loc 1 254 3
 1248 010a 3B19     		adds	r3, r7, r4
 1249 010c 0133     		adds	r3, r3, #1
 1250              		.loc 1 254 36
 1251 010e 7A18     		adds	r2, r7, r1
ARM GAS  C:\Users\a_hae\AppData\Local\Temp\cc3QFm9N.s 			page 28


 1252 0110 1178     		ldrb	r1, [r2]
 1253 0112 0A00     		movs	r2, r1
 1254 0114 D200     		lsls	r2, r2, #3
 1255 0116 521A     		subs	r2, r2, r1
 1256 0118 1100     		movs	r1, r2
 1257              		.loc 1 254 3
 1258 011a 4022     		movs	r2, #64
 1259 011c BA18     		adds	r2, r7, r2
 1260 011e 5118     		adds	r1, r2, r1
 1261 0120 0722     		movs	r2, #7
 1262 0122 1800     		movs	r0, r3
 1263 0124 FFF7FEFF 		bl	memcpy
 255:Core/Src/nmea2000.c **** 
 256:Core/Src/nmea2000.c **** 		if (HAL_FDCAN_AddMessageToTxFifoQ(can_handle, &TxHeader, tx_msg) != HAL_OK)
 1264              		.loc 1 256 7
 1265 0128 3A19     		adds	r2, r7, r4
 1266 012a 1423     		movs	r3, #20
 1267 012c F918     		adds	r1, r7, r3
 1268 012e FB68     		ldr	r3, [r7, #12]
 1269 0130 1800     		movs	r0, r3
 1270 0132 FFF7FEFF 		bl	HAL_FDCAN_AddMessageToTxFifoQ
 1271 0136 031E     		subs	r3, r0, #0
 1272              		.loc 1 256 6 discriminator 1
 1273 0138 01D0     		beq	.L44
 257:Core/Src/nmea2000.c **** 		{
 258:Core/Src/nmea2000.c **** 			return 0;
 1274              		.loc 1 258 11
 1275 013a 0023     		movs	r3, #0
 1276 013c 13E0     		b	.L48
 1277              	.L44:
 259:Core/Src/nmea2000.c **** 		}
 260:Core/Src/nmea2000.c **** 		if (wait_tx_fifo_free(can_handle) == 0)
 1278              		.loc 1 260 7
 1279 013e FB68     		ldr	r3, [r7, #12]
 1280 0140 1800     		movs	r0, r3
 1281 0142 FFF7FEFF 		bl	wait_tx_fifo_free
 1282 0146 031E     		subs	r3, r0, #0
 1283              		.loc 1 260 6 discriminator 1
 1284 0148 01D1     		bne	.L46
 261:Core/Src/nmea2000.c **** 		{
 262:Core/Src/nmea2000.c **** 			return 0;
 1285              		.loc 1 262 11
 1286 014a 0023     		movs	r3, #0
 1287 014c 0BE0     		b	.L48
 1288              	.L46:
 252:Core/Src/nmea2000.c **** 		tx_msg[0] = var;
 1289              		.loc 1 252 34 discriminator 2
 1290 014e D722     		movs	r2, #215
 1291 0150 BB18     		adds	r3, r7, r2
 1292 0152 BA18     		adds	r2, r7, r2
 1293 0154 1278     		ldrb	r2, [r2]
 1294 0156 0132     		adds	r2, r2, #1
 1295 0158 1A70     		strb	r2, [r3]
 1296              	.L43:
 252:Core/Src/nmea2000.c **** 		tx_msg[0] = var;
 1297              		.loc 1 252 28 discriminator 1
 1298 015a D723     		movs	r3, #215
ARM GAS  C:\Users\a_hae\AppData\Local\Temp\cc3QFm9N.s 			page 29


 1299 015c FB18     		adds	r3, r7, r3
 1300 015e 1B78     		ldrb	r3, [r3]
 1301 0160 132B     		cmp	r3, #19
 1302 0162 CCD9     		bls	.L47
 1303              	.LBE5:
 263:Core/Src/nmea2000.c **** 		}
 264:Core/Src/nmea2000.c **** 	}
 265:Core/Src/nmea2000.c **** 	return 1;
 1304              		.loc 1 265 9
 1305 0164 0123     		movs	r3, #1
 1306              	.L48:
 266:Core/Src/nmea2000.c **** }
 1307              		.loc 1 266 1
 1308 0166 1800     		movs	r0, r3
 1309 0168 BD46     		mov	sp, r7
 1310 016a 37B0     		add	sp, sp, #220
 1311              		@ sp needed
 1312 016c 90BD     		pop	{r4, r7, pc}
 1313              	.L50:
 1314 016e C046     		.align	2
 1315              	.L49:
 1316 0170 50000000 		.word	.LC23
 1317 0174 14F00100 		.word	126996
 1318              		.cfi_endproc
 1319              	.LFE369:
 1321              		.section	.text.NMEA2000_setDevInfo,"ax",%progbits
 1322              		.align	1
 1323              		.global	NMEA2000_setDevInfo
 1324              		.syntax unified
 1325              		.code	16
 1326              		.thumb_func
 1328              	NMEA2000_setDevInfo:
 1329              	.LFB370:
 267:Core/Src/nmea2000.c **** uint8_t NMEA2000_setDevInfo(FDCAN_HandleTypeDef *can_handle, uint8_t src_adr, const char *inst_desc
 268:Core/Src/nmea2000.c **** {
 1330              		.loc 1 268 1
 1331              		.cfi_startproc
 1332              		@ args = 0, pretend = 0, frame = 88
 1333              		@ frame_needed = 1, uses_anonymous_args = 0
 1334 0000 F0B5     		push	{r4, r5, r6, r7, lr}
 1335              	.LCFI21:
 1336              		.cfi_def_cfa_offset 20
 1337              		.cfi_offset 4, -20
 1338              		.cfi_offset 5, -16
 1339              		.cfi_offset 6, -12
 1340              		.cfi_offset 7, -8
 1341              		.cfi_offset 14, -4
 1342 0002 9BB0     		sub	sp, sp, #108
 1343              	.LCFI22:
 1344              		.cfi_def_cfa_offset 128
 1345 0004 04AF     		add	r7, sp, #16
 1346              	.LCFI23:
 1347              		.cfi_def_cfa 7, 112
 1348 0006 F860     		str	r0, [r7, #12]
 1349 0008 7A60     		str	r2, [r7, #4]
 1350 000a 0B23     		movs	r3, #11
 1351 000c FB18     		adds	r3, r7, r3
ARM GAS  C:\Users\a_hae\AppData\Local\Temp\cc3QFm9N.s 			page 30


 1352 000e 0A1C     		adds	r2, r1, #0
 1353 0010 1A70     		strb	r2, [r3]
 269:Core/Src/nmea2000.c **** 	/*
 270:Core/Src/nmea2000.c **** 	 * PGN 126998 (Configuration Information), Fast Packet. Drei variable
 271:Core/Src/nmea2000.c **** 	 * Strings, jeweils [Laenge n+2][0x01 = ASCII][n Zeichen]:
 272:Core/Src/nmea2000.c **** 	 *   1) Installation Description 1 - Sensorname (per BLE "NAME ..." oder
 273:Core/Src/nmea2000.c **** 	 *      per Group Function vom Plotter gesetzt; Anzeige in der
 274:Core/Src/nmea2000.c **** 	 *      Geraeteliste vieler MFDs)
 275:Core/Src/nmea2000.c **** 	 *   2) Installation Description 2 - leer
 276:Core/Src/nmea2000.c **** 	 *   3) Manufacturer Information
 277:Core/Src/nmea2000.c **** 	 * Vorher wurde hier nur ein einzelner Roh-String gesendet.
 278:Core/Src/nmea2000.c **** 	 */
 279:Core/Src/nmea2000.c **** 	uint8_t payload[64];
 280:Core/Src/nmea2000.c **** 	uint8_t pos = 0;
 1354              		.loc 1 280 10
 1355 0012 5723     		movs	r3, #87
 1356 0014 FB18     		adds	r3, r7, r3
 1357 0016 0022     		movs	r2, #0
 1358 0018 1A70     		strb	r2, [r3]
 281:Core/Src/nmea2000.c **** 	static const char mfr[] = "DIY NMEA2000 Lib";
 282:Core/Src/nmea2000.c **** 	uint8_t n = 0;
 1359              		.loc 1 282 10
 1360 001a 5623     		movs	r3, #86
 1361 001c FB18     		adds	r3, r7, r3
 1362 001e 0022     		movs	r2, #0
 1363 0020 1A70     		strb	r2, [r3]
 283:Core/Src/nmea2000.c **** 
 284:Core/Src/nmea2000.c **** 	if (inst_desc1 != NULL)
 1364              		.loc 1 284 5
 1365 0022 7B68     		ldr	r3, [r7, #4]
 1366 0024 002B     		cmp	r3, #0
 1367 0026 12D0     		beq	.L52
 285:Core/Src/nmea2000.c **** 	{
 286:Core/Src/nmea2000.c **** 		while ((inst_desc1[n] != '\0') && (n < 32))
 1368              		.loc 1 286 9
 1369 0028 05E0     		b	.L53
 1370              	.L54:
 287:Core/Src/nmea2000.c **** 		{
 288:Core/Src/nmea2000.c **** 			n++;
 1371              		.loc 1 288 5
 1372 002a 5621     		movs	r1, #86
 1373 002c 7B18     		adds	r3, r7, r1
 1374 002e 1A78     		ldrb	r2, [r3]
 1375 0030 7B18     		adds	r3, r7, r1
 1376 0032 0132     		adds	r2, r2, #1
 1377 0034 1A70     		strb	r2, [r3]
 1378              	.L53:
 286:Core/Src/nmea2000.c **** 		{
 1379              		.loc 1 286 21
 1380 0036 5621     		movs	r1, #86
 1381 0038 7B18     		adds	r3, r7, r1
 1382 003a 1B78     		ldrb	r3, [r3]
 1383 003c 7A68     		ldr	r2, [r7, #4]
 1384 003e D318     		adds	r3, r2, r3
 1385 0040 1B78     		ldrb	r3, [r3]
 286:Core/Src/nmea2000.c **** 		{
 1386              		.loc 1 286 34
ARM GAS  C:\Users\a_hae\AppData\Local\Temp\cc3QFm9N.s 			page 31


 1387 0042 002B     		cmp	r3, #0
 1388 0044 03D0     		beq	.L52
 286:Core/Src/nmea2000.c **** 		{
 1389              		.loc 1 286 34 is_stmt 0 discriminator 1
 1390 0046 7B18     		adds	r3, r7, r1
 1391 0048 1B78     		ldrb	r3, [r3]
 1392 004a 1F2B     		cmp	r3, #31
 1393 004c EDD9     		bls	.L54
 1394              	.L52:
 289:Core/Src/nmea2000.c **** 		}
 290:Core/Src/nmea2000.c **** 	}
 291:Core/Src/nmea2000.c **** 	payload[pos++] = (uint8_t)(n + 2);
 1395              		.loc 1 291 13 is_stmt 1
 1396 004e 5720     		movs	r0, #87
 1397 0050 3B18     		adds	r3, r7, r0
 1398 0052 1B78     		ldrb	r3, [r3]
 1399 0054 3A18     		adds	r2, r7, r0
 1400 0056 591C     		adds	r1, r3, #1
 1401 0058 1170     		strb	r1, [r2]
 1402 005a 1A00     		movs	r2, r3
 1403              		.loc 1 291 19
 1404 005c 5624     		movs	r4, #86
 1405 005e 3B19     		adds	r3, r7, r4
 1406 0060 1B78     		ldrb	r3, [r3]
 1407 0062 0233     		adds	r3, r3, #2
 1408 0064 D9B2     		uxtb	r1, r3
 1409              		.loc 1 291 17
 1410 0066 1425     		movs	r5, #20
 1411 0068 7B19     		adds	r3, r7, r5
 1412 006a 9954     		strb	r1, [r3, r2]
 292:Core/Src/nmea2000.c **** 	payload[pos++] = 0x01;
 1413              		.loc 1 292 13
 1414 006c 3B18     		adds	r3, r7, r0
 1415 006e 1B78     		ldrb	r3, [r3]
 1416 0070 3A18     		adds	r2, r7, r0
 1417 0072 591C     		adds	r1, r3, #1
 1418 0074 1170     		strb	r1, [r2]
 1419 0076 1A00     		movs	r2, r3
 1420              		.loc 1 292 17
 1421 0078 7B19     		adds	r3, r7, r5
 1422 007a 0121     		movs	r1, #1
 1423 007c 9954     		strb	r1, [r3, r2]
 293:Core/Src/nmea2000.c **** 	if (n > 0)
 1424              		.loc 1 293 5
 1425 007e 2100     		movs	r1, r4
 1426 0080 7B18     		adds	r3, r7, r1
 1427 0082 1B78     		ldrb	r3, [r3]
 1428 0084 002B     		cmp	r3, #0
 1429 0086 12D0     		beq	.L55
 294:Core/Src/nmea2000.c **** 	{
 295:Core/Src/nmea2000.c **** 		memcpy(&payload[pos], inst_desc1, n);
 1430              		.loc 1 295 18
 1431 0088 0400     		movs	r4, r0
 1432 008a 3B18     		adds	r3, r7, r0
 1433 008c 1B78     		ldrb	r3, [r3]
 1434              		.loc 1 295 10
 1435 008e 7A19     		adds	r2, r7, r5
ARM GAS  C:\Users\a_hae\AppData\Local\Temp\cc3QFm9N.s 			page 32


 1436 0090 D018     		adds	r0, r2, r3
 1437              		.loc 1 295 3
 1438 0092 0D00     		movs	r5, r1
 1439 0094 7B18     		adds	r3, r7, r1
 1440 0096 1A78     		ldrb	r2, [r3]
 1441 0098 7B68     		ldr	r3, [r7, #4]
 1442 009a 1900     		movs	r1, r3
 1443 009c FFF7FEFF 		bl	memcpy
 296:Core/Src/nmea2000.c **** 		pos += n;
 1444              		.loc 1 296 7
 1445 00a0 3B19     		adds	r3, r7, r4
 1446 00a2 3919     		adds	r1, r7, r4
 1447 00a4 7A19     		adds	r2, r7, r5
 1448 00a6 0978     		ldrb	r1, [r1]
 1449 00a8 1278     		ldrb	r2, [r2]
 1450 00aa 8A18     		adds	r2, r1, r2
 1451 00ac 1A70     		strb	r2, [r3]
 1452              	.L55:
 297:Core/Src/nmea2000.c **** 	}
 298:Core/Src/nmea2000.c **** 
 299:Core/Src/nmea2000.c **** 	payload[pos++] = 2;			/* Installation Description 2: leer */
 1453              		.loc 1 299 13
 1454 00ae 5720     		movs	r0, #87
 1455 00b0 3B18     		adds	r3, r7, r0
 1456 00b2 1B78     		ldrb	r3, [r3]
 1457 00b4 3A18     		adds	r2, r7, r0
 1458 00b6 591C     		adds	r1, r3, #1
 1459 00b8 1170     		strb	r1, [r2]
 1460 00ba 1A00     		movs	r2, r3
 1461              		.loc 1 299 17
 1462 00bc 1425     		movs	r5, #20
 1463 00be 7B19     		adds	r3, r7, r5
 1464 00c0 0221     		movs	r1, #2
 1465 00c2 9954     		strb	r1, [r3, r2]
 300:Core/Src/nmea2000.c **** 	payload[pos++] = 0x01;
 1466              		.loc 1 300 13
 1467 00c4 3B18     		adds	r3, r7, r0
 1468 00c6 1B78     		ldrb	r3, [r3]
 1469 00c8 3A18     		adds	r2, r7, r0
 1470 00ca 591C     		adds	r1, r3, #1
 1471 00cc 1170     		strb	r1, [r2]
 1472 00ce 1A00     		movs	r2, r3
 1473              		.loc 1 300 17
 1474 00d0 7B19     		adds	r3, r7, r5
 1475 00d2 0121     		movs	r1, #1
 1476 00d4 9954     		strb	r1, [r3, r2]
 301:Core/Src/nmea2000.c **** 
 302:Core/Src/nmea2000.c **** 	n = (uint8_t)(sizeof(mfr) - 1);
 1477              		.loc 1 302 4
 1478 00d6 5626     		movs	r6, #86
 1479 00d8 BB19     		adds	r3, r7, r6
 1480 00da 1022     		movs	r2, #16
 1481 00dc 1A70     		strb	r2, [r3]
 303:Core/Src/nmea2000.c **** 	payload[pos++] = (uint8_t)(n + 2);
 1482              		.loc 1 303 13
 1483 00de 3B18     		adds	r3, r7, r0
 1484 00e0 1B78     		ldrb	r3, [r3]
ARM GAS  C:\Users\a_hae\AppData\Local\Temp\cc3QFm9N.s 			page 33


 1485 00e2 3A18     		adds	r2, r7, r0
 1486 00e4 591C     		adds	r1, r3, #1
 1487 00e6 1170     		strb	r1, [r2]
 1488 00e8 1A00     		movs	r2, r3
 1489              		.loc 1 303 19
 1490 00ea BB19     		adds	r3, r7, r6
 1491 00ec 1B78     		ldrb	r3, [r3]
 1492 00ee 0233     		adds	r3, r3, #2
 1493 00f0 D9B2     		uxtb	r1, r3
 1494              		.loc 1 303 17
 1495 00f2 7B19     		adds	r3, r7, r5
 1496 00f4 9954     		strb	r1, [r3, r2]
 304:Core/Src/nmea2000.c **** 	payload[pos++] = 0x01;
 1497              		.loc 1 304 13
 1498 00f6 0400     		movs	r4, r0
 1499 00f8 3B19     		adds	r3, r7, r4
 1500 00fa 1B78     		ldrb	r3, [r3]
 1501 00fc 3A19     		adds	r2, r7, r4
 1502 00fe 591C     		adds	r1, r3, #1
 1503 0100 1170     		strb	r1, [r2]
 1504 0102 1A00     		movs	r2, r3
 1505              		.loc 1 304 17
 1506 0104 7B19     		adds	r3, r7, r5
 1507 0106 0121     		movs	r1, #1
 1508 0108 9954     		strb	r1, [r3, r2]
 305:Core/Src/nmea2000.c **** 	memcpy(&payload[pos], mfr, n);
 1509              		.loc 1 305 17
 1510 010a 3B19     		adds	r3, r7, r4
 1511 010c 1B78     		ldrb	r3, [r3]
 1512              		.loc 1 305 9
 1513 010e 7A19     		adds	r2, r7, r5
 1514 0110 D018     		adds	r0, r2, r3
 1515              		.loc 1 305 2
 1516 0112 BB19     		adds	r3, r7, r6
 1517 0114 1A78     		ldrb	r2, [r3]
 1518 0116 104B     		ldr	r3, .L57
 1519 0118 1900     		movs	r1, r3
 1520 011a FFF7FEFF 		bl	memcpy
 306:Core/Src/nmea2000.c **** 	pos += n;
 1521              		.loc 1 306 6
 1522 011e 3B19     		adds	r3, r7, r4
 1523 0120 3919     		adds	r1, r7, r4
 1524 0122 BA19     		adds	r2, r7, r6
 1525 0124 0978     		ldrb	r1, [r1]
 1526 0126 1278     		ldrb	r2, [r2]
 1527 0128 8A18     		adds	r2, r1, r2
 1528 012a 1A70     		strb	r2, [r3]
 307:Core/Src/nmea2000.c **** 
 308:Core/Src/nmea2000.c **** 	return fp_send(can_handle, 126998, 6, src_adr, 0xFF, payload, pos);
 1529              		.loc 1 308 9
 1530 012c 0B23     		movs	r3, #11
 1531 012e FB18     		adds	r3, r7, r3
 1532 0130 1A78     		ldrb	r2, [r3]
 1533 0132 0A49     		ldr	r1, .L57+4
 1534 0134 F868     		ldr	r0, [r7, #12]
 1535 0136 3B19     		adds	r3, r7, r4
 1536 0138 1B78     		ldrb	r3, [r3]
ARM GAS  C:\Users\a_hae\AppData\Local\Temp\cc3QFm9N.s 			page 34


 1537 013a 0293     		str	r3, [sp, #8]
 1538 013c 7B19     		adds	r3, r7, r5
 1539 013e 0193     		str	r3, [sp, #4]
 1540 0140 FF23     		movs	r3, #255
 1541 0142 0093     		str	r3, [sp]
 1542 0144 1300     		movs	r3, r2
 1543 0146 0622     		movs	r2, #6
 1544 0148 FFF7FEFF 		bl	fp_send
 1545 014c 0300     		movs	r3, r0
 309:Core/Src/nmea2000.c **** }
 1546              		.loc 1 309 1
 1547 014e 1800     		movs	r0, r3
 1548 0150 BD46     		mov	sp, r7
 1549 0152 17B0     		add	sp, sp, #92
 1550              		@ sp needed
 1551 0154 F0BD     		pop	{r4, r5, r6, r7, pc}
 1552              	.L58:
 1553 0156 C046     		.align	2
 1554              	.L57:
 1555 0158 00000000 		.word	mfr.3
 1556 015c 16F00100 		.word	126998
 1557              		.cfi_endproc
 1558              	.LFE370:
 1560              		.section	.text.NMEA2000_config,"ax",%progbits
 1561              		.align	1
 1562              		.global	NMEA2000_config
 1563              		.syntax unified
 1564              		.code	16
 1565              		.thumb_func
 1567              	NMEA2000_config:
 1568              	.LFB371:
 310:Core/Src/nmea2000.c **** 
 311:Core/Src/nmea2000.c **** uint8_t NMEA2000_config(FDCAN_HandleTypeDef *can_handle, uint8_t src_adr)
 312:Core/Src/nmea2000.c **** {
 1569              		.loc 1 312 1
 1570              		.cfi_startproc
 1571              		@ args = 0, pretend = 0, frame = 32
 1572              		@ frame_needed = 1, uses_anonymous_args = 0
 1573 0000 80B5     		push	{r7, lr}
 1574              	.LCFI24:
 1575              		.cfi_def_cfa_offset 8
 1576              		.cfi_offset 7, -8
 1577              		.cfi_offset 14, -4
 1578 0002 88B0     		sub	sp, sp, #32
 1579              	.LCFI25:
 1580              		.cfi_def_cfa_offset 40
 1581 0004 00AF     		add	r7, sp, #0
 1582              	.LCFI26:
 1583              		.cfi_def_cfa_register 7
 1584 0006 7860     		str	r0, [r7, #4]
 1585 0008 0A00     		movs	r2, r1
 1586 000a FB1C     		adds	r3, r7, #3
 1587 000c 1A70     		strb	r2, [r3]
 313:Core/Src/nmea2000.c **** 	FDCAN_FilterTypeDef sFilterConfig;
 314:Core/Src/nmea2000.c **** 
 315:Core/Src/nmea2000.c **** 
 316:Core/Src/nmea2000.c **** 	  /* Configure reception filter to Rx FIFO 0 */
ARM GAS  C:\Users\a_hae\AppData\Local\Temp\cc3QFm9N.s 			page 35


 317:Core/Src/nmea2000.c **** 	    sFilterConfig.IdType = FDCAN_EXTENDED_ID;
 1588              		.loc 1 317 27
 1589 000e 0821     		movs	r1, #8
 1590 0010 7B18     		adds	r3, r7, r1
 1591 0012 8022     		movs	r2, #128
 1592 0014 D205     		lsls	r2, r2, #23
 1593 0016 1A60     		str	r2, [r3]
 318:Core/Src/nmea2000.c **** 	    sFilterConfig.FilterIndex = 0;
 1594              		.loc 1 318 32
 1595 0018 7B18     		adds	r3, r7, r1
 1596 001a 0022     		movs	r2, #0
 1597 001c 5A60     		str	r2, [r3, #4]
 319:Core/Src/nmea2000.c **** 	    sFilterConfig.FilterType = FDCAN_FILTER_MASK;
 1598              		.loc 1 319 31
 1599 001e 7B18     		adds	r3, r7, r1
 1600 0020 0222     		movs	r2, #2
 1601 0022 9A60     		str	r2, [r3, #8]
 320:Core/Src/nmea2000.c **** 	    sFilterConfig.FilterConfig = FDCAN_FILTER_TO_RXFIFO0;
 1602              		.loc 1 320 33
 1603 0024 7B18     		adds	r3, r7, r1
 1604 0026 0122     		movs	r2, #1
 1605 0028 DA60     		str	r2, [r3, #12]
 321:Core/Src/nmea2000.c **** 	    sFilterConfig.FilterID1 = (src_adr << 8);
 1606              		.loc 1 321 41
 1607 002a FB1C     		adds	r3, r7, #3
 1608 002c 1B78     		ldrb	r3, [r3]
 1609 002e 1A02     		lsls	r2, r3, #8
 1610              		.loc 1 321 30
 1611 0030 7B18     		adds	r3, r7, r1
 1612 0032 1A61     		str	r2, [r3, #16]
 322:Core/Src/nmea2000.c **** 	    sFilterConfig.FilterID2 = 0xFF00;
 1613              		.loc 1 322 30
 1614 0034 7B18     		adds	r3, r7, r1
 1615 0036 FF22     		movs	r2, #255
 1616 0038 1202     		lsls	r2, r2, #8
 1617 003a 5A61     		str	r2, [r3, #20]
 323:Core/Src/nmea2000.c **** 	    if (HAL_FDCAN_ConfigFilter(can_handle, &sFilterConfig) != HAL_OK)
 1618              		.loc 1 323 10
 1619 003c 7A18     		adds	r2, r7, r1
 1620 003e 7B68     		ldr	r3, [r7, #4]
 1621 0040 1100     		movs	r1, r2
 1622 0042 1800     		movs	r0, r3
 1623 0044 FFF7FEFF 		bl	HAL_FDCAN_ConfigFilter
 1624 0048 031E     		subs	r3, r0, #0
 1625              		.loc 1 323 9 discriminator 1
 1626 004a 01D0     		beq	.L60
 324:Core/Src/nmea2000.c **** 	    {
 325:Core/Src/nmea2000.c **** 	      return 0;
 1627              		.loc 1 325 15
 1628 004c 0023     		movs	r3, #0
 1629 004e 34E0     		b	.L65
 1630              	.L60:
 326:Core/Src/nmea2000.c **** 	    }
 327:Core/Src/nmea2000.c **** 	    sFilterConfig.IdType = FDCAN_EXTENDED_ID;
 1631              		.loc 1 327 27
 1632 0050 0821     		movs	r1, #8
 1633 0052 7B18     		adds	r3, r7, r1
ARM GAS  C:\Users\a_hae\AppData\Local\Temp\cc3QFm9N.s 			page 36


 1634 0054 8022     		movs	r2, #128
 1635 0056 D205     		lsls	r2, r2, #23
 1636 0058 1A60     		str	r2, [r3]
 328:Core/Src/nmea2000.c **** 		sFilterConfig.FilterIndex = 1;
 1637              		.loc 1 328 29
 1638 005a 7B18     		adds	r3, r7, r1
 1639 005c 0122     		movs	r2, #1
 1640 005e 5A60     		str	r2, [r3, #4]
 329:Core/Src/nmea2000.c **** 		sFilterConfig.FilterType = FDCAN_FILTER_MASK;
 1641              		.loc 1 329 28
 1642 0060 7B18     		adds	r3, r7, r1
 1643 0062 0222     		movs	r2, #2
 1644 0064 9A60     		str	r2, [r3, #8]
 330:Core/Src/nmea2000.c **** 		sFilterConfig.FilterConfig = FDCAN_FILTER_TO_RXFIFO1;
 1645              		.loc 1 330 30
 1646 0066 7B18     		adds	r3, r7, r1
 1647 0068 0222     		movs	r2, #2
 1648 006a DA60     		str	r2, [r3, #12]
 331:Core/Src/nmea2000.c **** 		sFilterConfig.FilterID1 = 0xFF00;
 1649              		.loc 1 331 27
 1650 006c 7B18     		adds	r3, r7, r1
 1651 006e FF22     		movs	r2, #255
 1652 0070 1202     		lsls	r2, r2, #8
 1653 0072 1A61     		str	r2, [r3, #16]
 332:Core/Src/nmea2000.c **** 		sFilterConfig.FilterID2 = 0xFF00;
 1654              		.loc 1 332 27
 1655 0074 7B18     		adds	r3, r7, r1
 1656 0076 FF22     		movs	r2, #255
 1657 0078 1202     		lsls	r2, r2, #8
 1658 007a 5A61     		str	r2, [r3, #20]
 333:Core/Src/nmea2000.c **** 		if (HAL_FDCAN_ConfigFilter(can_handle, &sFilterConfig) != HAL_OK)
 1659              		.loc 1 333 7
 1660 007c 7A18     		adds	r2, r7, r1
 1661 007e 7B68     		ldr	r3, [r7, #4]
 1662 0080 1100     		movs	r1, r2
 1663 0082 1800     		movs	r0, r3
 1664 0084 FFF7FEFF 		bl	HAL_FDCAN_ConfigFilter
 1665 0088 031E     		subs	r3, r0, #0
 1666              		.loc 1 333 6 discriminator 1
 1667 008a 01D0     		beq	.L62
 334:Core/Src/nmea2000.c **** 		{
 335:Core/Src/nmea2000.c **** 			return 0;
 1668              		.loc 1 335 11
 1669 008c 0023     		movs	r3, #0
 1670 008e 14E0     		b	.L65
 1671              	.L62:
 336:Core/Src/nmea2000.c **** 		}
 337:Core/Src/nmea2000.c **** 
 338:Core/Src/nmea2000.c **** 		 if (HAL_FDCAN_ActivateNotification(can_handle, FDCAN_IT_RX_FIFO0_NEW_MESSAGE, 0) != HAL_OK)
 1672              		.loc 1 338 8
 1673 0090 7B68     		ldr	r3, [r7, #4]
 1674 0092 0022     		movs	r2, #0
 1675 0094 0121     		movs	r1, #1
 1676 0096 1800     		movs	r0, r3
 1677 0098 FFF7FEFF 		bl	HAL_FDCAN_ActivateNotification
 1678 009c 031E     		subs	r3, r0, #0
 1679              		.loc 1 338 7 discriminator 1
ARM GAS  C:\Users\a_hae\AppData\Local\Temp\cc3QFm9N.s 			page 37


 1680 009e 01D0     		beq	.L63
 339:Core/Src/nmea2000.c **** 			   {
 340:Core/Src/nmea2000.c **** 			 return 0;
 1681              		.loc 1 340 12
 1682 00a0 0023     		movs	r3, #0
 1683 00a2 0AE0     		b	.L65
 1684              	.L63:
 341:Core/Src/nmea2000.c **** 			   }
 342:Core/Src/nmea2000.c **** 		 if (HAL_FDCAN_ActivateNotification(can_handle, FDCAN_IT_RX_FIFO1_NEW_MESSAGE, 0) != HAL_OK)
 1685              		.loc 1 342 8
 1686 00a4 7B68     		ldr	r3, [r7, #4]
 1687 00a6 0022     		movs	r2, #0
 1688 00a8 0821     		movs	r1, #8
 1689 00aa 1800     		movs	r0, r3
 1690 00ac FFF7FEFF 		bl	HAL_FDCAN_ActivateNotification
 1691 00b0 031E     		subs	r3, r0, #0
 1692              		.loc 1 342 7 discriminator 1
 1693 00b2 01D0     		beq	.L64
 343:Core/Src/nmea2000.c **** 			{
 344:Core/Src/nmea2000.c **** 			 return 0;
 1694              		.loc 1 344 12
 1695 00b4 0023     		movs	r3, #0
 1696 00b6 00E0     		b	.L65
 1697              	.L64:
 345:Core/Src/nmea2000.c **** 			}
 346:Core/Src/nmea2000.c **** 		 return 1;
 1698              		.loc 1 346 11
 1699 00b8 0123     		movs	r3, #1
 1700              	.L65:
 347:Core/Src/nmea2000.c **** }
 1701              		.loc 1 347 1
 1702 00ba 1800     		movs	r0, r3
 1703 00bc BD46     		mov	sp, r7
 1704 00be 08B0     		add	sp, sp, #32
 1705              		@ sp needed
 1706 00c0 80BD     		pop	{r7, pc}
 1707              		.cfi_endproc
 1708              	.LFE371:
 1710              		.section	.text.NMEA2000_AdrClaim,"ax",%progbits
 1711              		.align	1
 1712              		.global	NMEA2000_AdrClaim
 1713              		.syntax unified
 1714              		.code	16
 1715              		.thumb_func
 1717              	NMEA2000_AdrClaim:
 1718              	.LFB372:
 348:Core/Src/nmea2000.c **** 
 349:Core/Src/nmea2000.c **** 
 350:Core/Src/nmea2000.c **** uint8_t NMEA2000_AdrClaim(FDCAN_HandleTypeDef *can_handle, uint8_t src_adr, unsigned long UniqueNum
 351:Core/Src/nmea2000.c ****         unsigned char DeviceFunction, unsigned char DeviceClass,
 352:Core/Src/nmea2000.c ****         unsigned char DeviceInstance, unsigned char SystemInstance, unsigned char IndustryGroup
 353:Core/Src/nmea2000.c ****         )
 354:Core/Src/nmea2000.c **** {
 1719              		.loc 1 354 1
 1720              		.cfi_startproc
 1721              		@ args = 20, pretend = 0, frame = 72
 1722              		@ frame_needed = 1, uses_anonymous_args = 0
ARM GAS  C:\Users\a_hae\AppData\Local\Temp\cc3QFm9N.s 			page 38


 1723 0000 90B5     		push	{r4, r7, lr}
 1724              	.LCFI27:
 1725              		.cfi_def_cfa_offset 12
 1726              		.cfi_offset 4, -12
 1727              		.cfi_offset 7, -8
 1728              		.cfi_offset 14, -4
 1729 0002 93B0     		sub	sp, sp, #76
 1730              	.LCFI28:
 1731              		.cfi_def_cfa_offset 88
 1732 0004 00AF     		add	r7, sp, #0
 1733              	.LCFI29:
 1734              		.cfi_def_cfa_register 7
 1735 0006 F860     		str	r0, [r7, #12]
 1736 0008 7A60     		str	r2, [r7, #4]
 1737 000a 3B60     		str	r3, [r7]
 1738 000c 0B20     		movs	r0, #11
 1739 000e 3B18     		adds	r3, r7, r0
 1740 0010 0A1C     		adds	r2, r1, #0
 1741 0012 1A70     		strb	r2, [r3]
 355:Core/Src/nmea2000.c **** 	uint8_t tx_data[8];
 356:Core/Src/nmea2000.c **** 	nmea_int32_convert convert_m;
 357:Core/Src/nmea2000.c **** 	uint32_t PGN = 60928;
 1742              		.loc 1 357 11
 1743 0014 EE23     		movs	r3, #238
 1744 0016 1B02     		lsls	r3, r3, #8
 1745 0018 7B64     		str	r3, [r7, #68]
 358:Core/Src/nmea2000.c **** 	uint8_t Priority = 6;
 1746              		.loc 1 358 10
 1747 001a 4324     		movs	r4, #67
 1748 001c 3B19     		adds	r3, r7, r4
 1749 001e 0622     		movs	r2, #6
 1750 0020 1A70     		strb	r2, [r3]
 359:Core/Src/nmea2000.c **** 
 360:Core/Src/nmea2000.c **** 	FDCAN_TxHeaderTypeDef TxHeader;
 361:Core/Src/nmea2000.c **** 
 362:Core/Src/nmea2000.c **** 	TxHeader.Identifier = (uint32_t)N2ktoCanID( (unsigned char)Priority, (unsigned long) PGN, (unsigne
 1751              		.loc 1 362 24
 1752 0022 3B18     		adds	r3, r7, r0
 1753 0024 1A78     		ldrb	r2, [r3]
 1754 0026 796C     		ldr	r1, [r7, #68]
 1755 0028 3B19     		adds	r3, r7, r4
 1756 002a 1878     		ldrb	r0, [r3]
 1757 002c FF23     		movs	r3, #255
 1758 002e FFF7FEFF 		bl	N2ktoCanID
 1759 0032 0200     		movs	r2, r0
 1760              		.loc 1 362 22 discriminator 1
 1761 0034 1021     		movs	r1, #16
 1762 0036 7B18     		adds	r3, r7, r1
 1763 0038 1A60     		str	r2, [r3]
 363:Core/Src/nmea2000.c **** 	TxHeader.IdType = FDCAN_EXTENDED_ID;
 1764              		.loc 1 363 18
 1765 003a 7B18     		adds	r3, r7, r1
 1766 003c 8022     		movs	r2, #128
 1767 003e D205     		lsls	r2, r2, #23
 1768 0040 5A60     		str	r2, [r3, #4]
 364:Core/Src/nmea2000.c **** 	TxHeader.TxFrameType = FDCAN_DATA_FRAME;
 1769              		.loc 1 364 23
ARM GAS  C:\Users\a_hae\AppData\Local\Temp\cc3QFm9N.s 			page 39


 1770 0042 0800     		movs	r0, r1
 1771 0044 3B18     		adds	r3, r7, r0
 1772 0046 0022     		movs	r2, #0
 1773 0048 9A60     		str	r2, [r3, #8]
 365:Core/Src/nmea2000.c **** 	TxHeader.DataLength = FDCAN_DLC_BYTES_8;
 1774              		.loc 1 365 22
 1775 004a 3B18     		adds	r3, r7, r0
 1776 004c 0822     		movs	r2, #8
 1777 004e DA60     		str	r2, [r3, #12]
 366:Core/Src/nmea2000.c **** 	TxHeader.ErrorStateIndicator = FDCAN_ESI_ACTIVE;
 1778              		.loc 1 366 31
 1779 0050 3B18     		adds	r3, r7, r0
 1780 0052 0022     		movs	r2, #0
 1781 0054 1A61     		str	r2, [r3, #16]
 367:Core/Src/nmea2000.c **** 	TxHeader.BitRateSwitch = FDCAN_BRS_OFF;
 1782              		.loc 1 367 25
 1783 0056 3B18     		adds	r3, r7, r0
 1784 0058 0022     		movs	r2, #0
 1785 005a 5A61     		str	r2, [r3, #20]
 368:Core/Src/nmea2000.c **** 	TxHeader.FDFormat = FDCAN_CLASSIC_CAN;
 1786              		.loc 1 368 20
 1787 005c 3B18     		adds	r3, r7, r0
 1788 005e 0022     		movs	r2, #0
 1789 0060 9A61     		str	r2, [r3, #24]
 369:Core/Src/nmea2000.c **** 	TxHeader.TxEventFifoControl = FDCAN_NO_TX_EVENTS;
 1790              		.loc 1 369 30
 1791 0062 3B18     		adds	r3, r7, r0
 1792 0064 0022     		movs	r2, #0
 1793 0066 DA61     		str	r2, [r3, #28]
 370:Core/Src/nmea2000.c **** 	TxHeader.MessageMarker = 0;
 1794              		.loc 1 370 25
 1795 0068 3B18     		adds	r3, r7, r0
 1796 006a 0022     		movs	r2, #0
 1797 006c 1A62     		str	r2, [r3, #32]
 371:Core/Src/nmea2000.c **** 
 372:Core/Src/nmea2000.c **** 	convert_m.max_val = ((UniqueNumber&0x1FFFFF) | ((unsigned long)(ManufacturerCode&0x7ff))<<21);
 1798              		.loc 1 372 36
 1799 006e 7B68     		ldr	r3, [r7, #4]
 1800 0070 DB02     		lsls	r3, r3, #11
 1801 0072 DA0A     		lsrs	r2, r3, #11
 1802              		.loc 1 372 82
 1803 0074 3B68     		ldr	r3, [r7]
 1804              		.loc 1 372 90
 1805 0076 5B05     		lsls	r3, r3, #21
 1806              		.loc 1 372 47
 1807 0078 1343     		orrs	r3, r2
 1808              		.loc 1 372 20
 1809 007a 7B63     		str	r3, [r7, #52]
 373:Core/Src/nmea2000.c **** 	tx_data[0]=convert_m.small_arr[0];
 1810              		.loc 1 373 32
 1811 007c 3421     		movs	r1, #52
 1812 007e 7B18     		adds	r3, r7, r1
 1813 0080 1A78     		ldrb	r2, [r3]
 1814              		.loc 1 373 12
 1815 0082 3824     		movs	r4, #56
 1816 0084 3B19     		adds	r3, r7, r4
 1817 0086 1A70     		strb	r2, [r3]
ARM GAS  C:\Users\a_hae\AppData\Local\Temp\cc3QFm9N.s 			page 40


 374:Core/Src/nmea2000.c **** 	tx_data[1]=convert_m.small_arr[1];
 1818              		.loc 1 374 32
 1819 0088 7B18     		adds	r3, r7, r1
 1820 008a 5A78     		ldrb	r2, [r3, #1]
 1821              		.loc 1 374 12
 1822 008c 3B19     		adds	r3, r7, r4
 1823 008e 5A70     		strb	r2, [r3, #1]
 375:Core/Src/nmea2000.c **** 	tx_data[2]=convert_m.small_arr[2];
 1824              		.loc 1 375 32
 1825 0090 7B18     		adds	r3, r7, r1
 1826 0092 9A78     		ldrb	r2, [r3, #2]
 1827              		.loc 1 375 12
 1828 0094 3B19     		adds	r3, r7, r4
 1829 0096 9A70     		strb	r2, [r3, #2]
 376:Core/Src/nmea2000.c **** 	tx_data[3]=convert_m.small_arr[3];
 1830              		.loc 1 376 32
 1831 0098 7B18     		adds	r3, r7, r1
 1832 009a DA78     		ldrb	r2, [r3, #3]
 1833              		.loc 1 376 12
 1834 009c 3B19     		adds	r3, r7, r4
 1835 009e DA70     		strb	r2, [r3, #3]
 377:Core/Src/nmea2000.c **** 	tx_data[4]=(uint8_t) DeviceInstance;
 1836              		.loc 1 377 12
 1837 00a0 3B19     		adds	r3, r7, r4
 1838 00a2 5822     		movs	r2, #88
 1839 00a4 0821     		movs	r1, #8
 1840 00a6 5218     		adds	r2, r2, r1
 1841 00a8 D219     		adds	r2, r2, r7
 1842 00aa 1278     		ldrb	r2, [r2]
 1843 00ac 1A71     		strb	r2, [r3, #4]
 378:Core/Src/nmea2000.c **** 	tx_data[5]=(uint8_t) DeviceFunction;
 1844              		.loc 1 378 12
 1845 00ae 3A19     		adds	r2, r7, r4
 1846 00b0 5023     		movs	r3, #80
 1847 00b2 5B18     		adds	r3, r3, r1
 1848 00b4 DB19     		adds	r3, r3, r7
 1849 00b6 1B78     		ldrb	r3, [r3]
 1850 00b8 5371     		strb	r3, [r2, #5]
 379:Core/Src/nmea2000.c **** 	tx_data[6]=(uint8_t) ((DeviceClass&0x7f)<<1);
 1851              		.loc 1 379 13
 1852 00ba 5423     		movs	r3, #84
 1853 00bc 5B18     		adds	r3, r3, r1
 1854 00be DB19     		adds	r3, r3, r7
 1855 00c0 1B78     		ldrb	r3, [r3]
 1856 00c2 DB18     		adds	r3, r3, r3
 1857 00c4 DAB2     		uxtb	r2, r3
 1858              		.loc 1 379 12
 1859 00c6 3B19     		adds	r3, r7, r4
 1860 00c8 9A71     		strb	r2, [r3, #6]
 380:Core/Src/nmea2000.c **** 	tx_data[7]=(uint8_t) ( 0x80 | ((IndustryGroup&0x7)<<4) | (SystemInstance&0x0f) );
 1861              		.loc 1 380 30
 1862 00ca 6023     		movs	r3, #96
 1863 00cc 5B18     		adds	r3, r3, r1
 1864 00ce DB19     		adds	r3, r3, r7
 1865 00d0 1B78     		ldrb	r3, [r3]
 1866 00d2 5BB2     		sxtb	r3, r3
 1867 00d4 1B01     		lsls	r3, r3, #4
ARM GAS  C:\Users\a_hae\AppData\Local\Temp\cc3QFm9N.s 			page 41


 1868 00d6 5BB2     		sxtb	r3, r3
 1869 00d8 7022     		movs	r2, #112
 1870 00da 1340     		ands	r3, r2
 1871 00dc 5BB2     		sxtb	r3, r3
 1872 00de 8022     		movs	r2, #128
 1873 00e0 5242     		rsbs	r2, r2, #0
 1874 00e2 1343     		orrs	r3, r2
 1875 00e4 5AB2     		sxtb	r2, r3
 1876              		.loc 1 380 74
 1877 00e6 5C23     		movs	r3, #92
 1878 00e8 5B18     		adds	r3, r3, r1
 1879 00ea DB19     		adds	r3, r3, r7
 1880 00ec 1B78     		ldrb	r3, [r3]
 1881 00ee 5BB2     		sxtb	r3, r3
 1882 00f0 0F21     		movs	r1, #15
 1883 00f2 0B40     		ands	r3, r1
 1884 00f4 5BB2     		sxtb	r3, r3
 1885              		.loc 1 380 57
 1886 00f6 1343     		orrs	r3, r2
 1887 00f8 5BB2     		sxtb	r3, r3
 1888              		.loc 1 380 13
 1889 00fa DAB2     		uxtb	r2, r3
 1890              		.loc 1 380 12
 1891 00fc 3B19     		adds	r3, r7, r4
 1892 00fe DA71     		strb	r2, [r3, #7]
 381:Core/Src/nmea2000.c **** 
 382:Core/Src/nmea2000.c **** 	if (HAL_FDCAN_AddMessageToTxFifoQ(can_handle, &TxHeader, tx_data) != HAL_OK)
 1893              		.loc 1 382 6
 1894 0100 3A19     		adds	r2, r7, r4
 1895 0102 3918     		adds	r1, r7, r0
 1896 0104 FB68     		ldr	r3, [r7, #12]
 1897 0106 1800     		movs	r0, r3
 1898 0108 FFF7FEFF 		bl	HAL_FDCAN_AddMessageToTxFifoQ
 1899 010c 031E     		subs	r3, r0, #0
 1900              		.loc 1 382 5 discriminator 1
 1901 010e 01D0     		beq	.L67
 383:Core/Src/nmea2000.c **** 	{
 384:Core/Src/nmea2000.c **** 		return 0;
 1902              		.loc 1 384 10
 1903 0110 0023     		movs	r3, #0
 1904 0112 08E0     		b	.L70
 1905              	.L67:
 385:Core/Src/nmea2000.c **** 	}
 386:Core/Src/nmea2000.c **** 	if (wait_tx_fifo_free(can_handle) == 0)
 1906              		.loc 1 386 6
 1907 0114 FB68     		ldr	r3, [r7, #12]
 1908 0116 1800     		movs	r0, r3
 1909 0118 FFF7FEFF 		bl	wait_tx_fifo_free
 1910 011c 031E     		subs	r3, r0, #0
 1911              		.loc 1 386 5 discriminator 1
 1912 011e 01D1     		bne	.L69
 387:Core/Src/nmea2000.c **** 	{
 388:Core/Src/nmea2000.c **** 		return 0;
 1913              		.loc 1 388 10
 1914 0120 0023     		movs	r3, #0
 1915 0122 00E0     		b	.L70
 1916              	.L69:
ARM GAS  C:\Users\a_hae\AppData\Local\Temp\cc3QFm9N.s 			page 42


 389:Core/Src/nmea2000.c **** 	}
 390:Core/Src/nmea2000.c **** 
 391:Core/Src/nmea2000.c **** 	return 1;
 1917              		.loc 1 391 9
 1918 0124 0123     		movs	r3, #1
 1919              	.L70:
 392:Core/Src/nmea2000.c **** }
 1920              		.loc 1 392 1
 1921 0126 1800     		movs	r0, r3
 1922 0128 BD46     		mov	sp, r7
 1923 012a 13B0     		add	sp, sp, #76
 1924              		@ sp needed
 1925 012c 90BD     		pop	{r4, r7, pc}
 1926              		.cfi_endproc
 1927              	.LFE372:
 1929              		.section	.text.NMEA2000_SendFluidLevel,"ax",%progbits
 1930              		.align	1
 1931              		.global	NMEA2000_SendFluidLevel
 1932              		.syntax unified
 1933              		.code	16
 1934              		.thumb_func
 1936              	NMEA2000_SendFluidLevel:
 1937              	.LFB373:
 393:Core/Src/nmea2000.c **** 
 394:Core/Src/nmea2000.c **** uint8_t NMEA2000_SendFluidLevel(FDCAN_HandleTypeDef *can_handle, uint8_t src_adr, uint8_t Instance,
 395:Core/Src/nmea2000.c **** {
 1938              		.loc 1 395 1
 1939              		.cfi_startproc
 1940              		@ args = 8, pretend = 0, frame = 80
 1941              		@ frame_needed = 1, uses_anonymous_args = 0
 1942 0000 90B5     		push	{r4, r7, lr}
 1943              	.LCFI30:
 1944              		.cfi_def_cfa_offset 12
 1945              		.cfi_offset 4, -12
 1946              		.cfi_offset 7, -8
 1947              		.cfi_offset 14, -4
 1948 0002 95B0     		sub	sp, sp, #84
 1949              	.LCFI31:
 1950              		.cfi_def_cfa_offset 96
 1951 0004 00AF     		add	r7, sp, #0
 1952              	.LCFI32:
 1953              		.cfi_def_cfa_register 7
 1954 0006 7860     		str	r0, [r7, #4]
 1955 0008 0C00     		movs	r4, r1
 1956 000a 1000     		movs	r0, r2
 1957 000c 1900     		movs	r1, r3
 1958 000e FB1C     		adds	r3, r7, #3
 1959 0010 221C     		adds	r2, r4, #0
 1960 0012 1A70     		strb	r2, [r3]
 1961 0014 BB1C     		adds	r3, r7, #2
 1962 0016 021C     		adds	r2, r0, #0
 1963 0018 1A70     		strb	r2, [r3]
 1964 001a 7B1C     		adds	r3, r7, #1
 1965 001c 0A1C     		adds	r2, r1, #0
 1966 001e 1A70     		strb	r2, [r3]
 396:Core/Src/nmea2000.c **** 	uint8_t tx_data[8];
 397:Core/Src/nmea2000.c **** 	uint32_t PGN = 127505;
ARM GAS  C:\Users\a_hae\AppData\Local\Temp\cc3QFm9N.s 			page 43


 1967              		.loc 1 397 11
 1968 0020 484B     		ldr	r3, .L78
 1969 0022 BB64     		str	r3, [r7, #72]
 398:Core/Src/nmea2000.c **** 	uint8_t Priority = 6;
 1970              		.loc 1 398 10
 1971 0024 4720     		movs	r0, #71
 1972 0026 3B18     		adds	r3, r7, r0
 1973 0028 0622     		movs	r2, #6
 1974 002a 1A70     		strb	r2, [r3]
 399:Core/Src/nmea2000.c **** 	int32_t lvl;
 400:Core/Src/nmea2000.c **** 	uint32_t capv;
 401:Core/Src/nmea2000.c **** 	nmea_int16_convert convert_n;
 402:Core/Src/nmea2000.c **** 	nmea_int32_convert convert_m;
 403:Core/Src/nmea2000.c **** 
 404:Core/Src/nmea2000.c **** 	FDCAN_TxHeaderTypeDef TxHeader;
 405:Core/Src/nmea2000.c **** 
 406:Core/Src/nmea2000.c **** 	TxHeader.Identifier = (uint32_t)N2ktoCanID( (unsigned char)Priority, (unsigned long) PGN, (unsigne
 1975              		.loc 1 406 24
 1976 002c FB1C     		adds	r3, r7, #3
 1977 002e 1A78     		ldrb	r2, [r3]
 1978 0030 B96C     		ldr	r1, [r7, #72]
 1979 0032 3B18     		adds	r3, r7, r0
 1980 0034 1878     		ldrb	r0, [r3]
 1981 0036 FF23     		movs	r3, #255
 1982 0038 FFF7FEFF 		bl	N2ktoCanID
 1983 003c 0200     		movs	r2, r0
 1984              		.loc 1 406 22 discriminator 1
 1985 003e 0C21     		movs	r1, #12
 1986 0040 7B18     		adds	r3, r7, r1
 1987 0042 1A60     		str	r2, [r3]
 407:Core/Src/nmea2000.c **** 	TxHeader.IdType = FDCAN_EXTENDED_ID;
 1988              		.loc 1 407 18
 1989 0044 7B18     		adds	r3, r7, r1
 1990 0046 8022     		movs	r2, #128
 1991 0048 D205     		lsls	r2, r2, #23
 1992 004a 5A60     		str	r2, [r3, #4]
 408:Core/Src/nmea2000.c **** 	TxHeader.TxFrameType = FDCAN_DATA_FRAME;
 1993              		.loc 1 408 23
 1994 004c 7B18     		adds	r3, r7, r1
 1995 004e 0022     		movs	r2, #0
 1996 0050 9A60     		str	r2, [r3, #8]
 409:Core/Src/nmea2000.c **** 	TxHeader.DataLength = FDCAN_DLC_BYTES_8;
 1997              		.loc 1 409 22
 1998 0052 7B18     		adds	r3, r7, r1
 1999 0054 0822     		movs	r2, #8
 2000 0056 DA60     		str	r2, [r3, #12]
 410:Core/Src/nmea2000.c **** 	TxHeader.ErrorStateIndicator = FDCAN_ESI_ACTIVE;
 2001              		.loc 1 410 31
 2002 0058 7B18     		adds	r3, r7, r1
 2003 005a 0022     		movs	r2, #0
 2004 005c 1A61     		str	r2, [r3, #16]
 411:Core/Src/nmea2000.c **** 	TxHeader.BitRateSwitch = FDCAN_BRS_OFF;
 2005              		.loc 1 411 25
 2006 005e 7B18     		adds	r3, r7, r1
 2007 0060 0022     		movs	r2, #0
 2008 0062 5A61     		str	r2, [r3, #20]
 412:Core/Src/nmea2000.c **** 	TxHeader.FDFormat = FDCAN_CLASSIC_CAN;
ARM GAS  C:\Users\a_hae\AppData\Local\Temp\cc3QFm9N.s 			page 44


 2009              		.loc 1 412 20
 2010 0064 7B18     		adds	r3, r7, r1
 2011 0066 0022     		movs	r2, #0
 2012 0068 9A61     		str	r2, [r3, #24]
 413:Core/Src/nmea2000.c **** 	TxHeader.TxEventFifoControl = FDCAN_NO_TX_EVENTS;
 2013              		.loc 1 413 30
 2014 006a 7B18     		adds	r3, r7, r1
 2015 006c 0022     		movs	r2, #0
 2016 006e DA61     		str	r2, [r3, #28]
 414:Core/Src/nmea2000.c **** 	TxHeader.MessageMarker = 0;
 2017              		.loc 1 414 25
 2018 0070 7B18     		adds	r3, r7, r1
 2019 0072 0022     		movs	r2, #0
 2020 0074 1A62     		str	r2, [r3, #32]
 415:Core/Src/nmea2000.c **** 
 416:Core/Src/nmea2000.c **** 	tx_data[0]=((Instance&0x0f) | ((FluidType&0x0f)<<4));
 2021              		.loc 1 416 23
 2022 0076 BB1C     		adds	r3, r7, #2
 2023 0078 1B78     		ldrb	r3, [r3]
 2024 007a 5BB2     		sxtb	r3, r3
 2025 007c 0F22     		movs	r2, #15
 2026 007e 1340     		ands	r3, r2
 2027 0080 5AB2     		sxtb	r2, r3
 2028              		.loc 1 416 30
 2029 0082 7B1C     		adds	r3, r7, #1
 2030 0084 1B78     		ldrb	r3, [r3]
 2031 0086 5BB2     		sxtb	r3, r3
 2032 0088 1B01     		lsls	r3, r3, #4
 2033 008a 5BB2     		sxtb	r3, r3
 2034 008c 1343     		orrs	r3, r2
 2035 008e 5BB2     		sxtb	r3, r3
 2036 0090 DAB2     		uxtb	r2, r3
 2037              		.loc 1 416 12
 2038 0092 3823     		movs	r3, #56
 2039 0094 FB18     		adds	r3, r7, r3
 2040 0096 1A70     		strb	r2, [r3]
 417:Core/Src/nmea2000.c **** 
 418:Core/Src/nmea2000.c **** 	/* Fuellstand: PGN-Aufloesung 0,004 % -> level_percent100 (0,01 %) * 5 / 2.
 419:Core/Src/nmea2000.c **** 	 * Integer statt float/round(): keine Soft-Float-Lib noetig (M0+ ohne FPU). */
 420:Core/Src/nmea2000.c **** 	lvl = ((int32_t)level_percent100 * 5) / 2;
 2041              		.loc 1 420 9
 2042 0098 6023     		movs	r3, #96
 2043 009a FB18     		adds	r3, r7, r3
 2044 009c 1A88     		ldrh	r2, [r3]
 2045              		.loc 1 420 35
 2046 009e 1300     		movs	r3, r2
 2047 00a0 9B00     		lsls	r3, r3, #2
 2048 00a2 9B18     		adds	r3, r3, r2
 2049              		.loc 1 420 6
 2050 00a4 002B     		cmp	r3, #0
 2051 00a6 00DA     		bge	.L72
 2052 00a8 0133     		adds	r3, r3, #1
 2053              	.L72:
 2054 00aa 5B10     		asrs	r3, r3, #1
 2055 00ac FB64     		str	r3, [r7, #76]
 421:Core/Src/nmea2000.c **** 	if (lvl >= N2kInt16OR)
 2056              		.loc 1 421 5
ARM GAS  C:\Users\a_hae\AppData\Local\Temp\cc3QFm9N.s 			page 45


 2057 00ae FB6C     		ldr	r3, [r7, #76]
 2058 00b0 254A     		ldr	r2, .L78+4
 2059 00b2 9342     		cmp	r3, r2
 2060 00b4 01DD     		ble	.L73
 422:Core/Src/nmea2000.c **** 	{
 423:Core/Src/nmea2000.c **** 		lvl = N2kInt16OR;
 2061              		.loc 1 423 7
 2062 00b6 254B     		ldr	r3, .L78+8
 2063 00b8 FB64     		str	r3, [r7, #76]
 2064              	.L73:
 424:Core/Src/nmea2000.c **** 	}
 425:Core/Src/nmea2000.c **** 	convert_n.max_val = (uint16_t)(int16_t)lvl;
 2065              		.loc 1 425 22
 2066 00ba FB6C     		ldr	r3, [r7, #76]
 2067 00bc 9AB2     		uxth	r2, r3
 2068              		.loc 1 425 20
 2069 00be 3420     		movs	r0, #52
 2070 00c0 3B18     		adds	r3, r7, r0
 2071 00c2 1A80     		strh	r2, [r3]
 426:Core/Src/nmea2000.c **** 	tx_data[1]=convert_n.small_arr[0];
 2072              		.loc 1 426 32
 2073 00c4 3B18     		adds	r3, r7, r0
 2074 00c6 1A78     		ldrb	r2, [r3]
 2075              		.loc 1 426 12
 2076 00c8 3821     		movs	r1, #56
 2077 00ca 7B18     		adds	r3, r7, r1
 2078 00cc 5A70     		strb	r2, [r3, #1]
 427:Core/Src/nmea2000.c **** 	tx_data[2]=convert_n.small_arr[1];
 2079              		.loc 1 427 32
 2080 00ce 3B18     		adds	r3, r7, r0
 2081 00d0 5A78     		ldrb	r2, [r3, #1]
 2082              		.loc 1 427 12
 2083 00d2 7B18     		adds	r3, r7, r1
 2084 00d4 9A70     		strb	r2, [r3, #2]
 428:Core/Src/nmea2000.c **** 
 429:Core/Src/nmea2000.c **** 	/* Kapazitaet: Liter -> 0,1-L-Schritte */
 430:Core/Src/nmea2000.c **** 	capv = (uint32_t)Capacity * 10U;
 2085              		.loc 1 430 9
 2086 00d6 6423     		movs	r3, #100
 2087 00d8 FB18     		adds	r3, r7, r3
 2088 00da 1A78     		ldrb	r2, [r3]
 2089              		.loc 1 430 7
 2090 00dc 1300     		movs	r3, r2
 2091 00de 9B00     		lsls	r3, r3, #2
 2092 00e0 9B18     		adds	r3, r3, r2
 2093 00e2 5B00     		lsls	r3, r3, #1
 2094 00e4 3B64     		str	r3, [r7, #64]
 431:Core/Src/nmea2000.c **** 	convert_m.max_val = capv;
 2095              		.loc 1 431 20
 2096 00e6 3B6C     		ldr	r3, [r7, #64]
 2097 00e8 3B63     		str	r3, [r7, #48]
 432:Core/Src/nmea2000.c **** 	tx_data[3]=convert_m.small_arr[0];
 2098              		.loc 1 432 32
 2099 00ea 3020     		movs	r0, #48
 2100 00ec 3B18     		adds	r3, r7, r0
 2101 00ee 1A78     		ldrb	r2, [r3]
 2102              		.loc 1 432 12
ARM GAS  C:\Users\a_hae\AppData\Local\Temp\cc3QFm9N.s 			page 46


 2103 00f0 7B18     		adds	r3, r7, r1
 2104 00f2 DA70     		strb	r2, [r3, #3]
 433:Core/Src/nmea2000.c **** 	tx_data[4]=convert_m.small_arr[1];
 2105              		.loc 1 433 32
 2106 00f4 3B18     		adds	r3, r7, r0
 2107 00f6 5A78     		ldrb	r2, [r3, #1]
 2108              		.loc 1 433 12
 2109 00f8 7B18     		adds	r3, r7, r1
 2110 00fa 1A71     		strb	r2, [r3, #4]
 434:Core/Src/nmea2000.c **** 	tx_data[5]=convert_m.small_arr[2];
 2111              		.loc 1 434 32
 2112 00fc 3B18     		adds	r3, r7, r0
 2113 00fe 9A78     		ldrb	r2, [r3, #2]
 2114              		.loc 1 434 12
 2115 0100 7B18     		adds	r3, r7, r1
 2116 0102 5A71     		strb	r2, [r3, #5]
 435:Core/Src/nmea2000.c **** 	tx_data[6]=convert_m.small_arr[3];
 2117              		.loc 1 435 32
 2118 0104 3B18     		adds	r3, r7, r0
 2119 0106 DA78     		ldrb	r2, [r3, #3]
 2120              		.loc 1 435 12
 2121 0108 7B18     		adds	r3, r7, r1
 2122 010a 9A71     		strb	r2, [r3, #6]
 436:Core/Src/nmea2000.c **** 	tx_data[7]= 0xFF;
 2123              		.loc 1 436 12
 2124 010c 7B18     		adds	r3, r7, r1
 2125 010e FF22     		movs	r2, #255
 2126 0110 DA71     		strb	r2, [r3, #7]
 437:Core/Src/nmea2000.c **** 
 438:Core/Src/nmea2000.c **** 	if (HAL_FDCAN_AddMessageToTxFifoQ(can_handle, &TxHeader, tx_data) != HAL_OK)
 2127              		.loc 1 438 6
 2128 0112 7A18     		adds	r2, r7, r1
 2129 0114 0C23     		movs	r3, #12
 2130 0116 F918     		adds	r1, r7, r3
 2131 0118 7B68     		ldr	r3, [r7, #4]
 2132 011a 1800     		movs	r0, r3
 2133 011c FFF7FEFF 		bl	HAL_FDCAN_AddMessageToTxFifoQ
 2134 0120 031E     		subs	r3, r0, #0
 2135              		.loc 1 438 5 discriminator 1
 2136 0122 01D0     		beq	.L74
 439:Core/Src/nmea2000.c **** 	{
 440:Core/Src/nmea2000.c **** 		return 0;
 2137              		.loc 1 440 10
 2138 0124 0023     		movs	r3, #0
 2139 0126 08E0     		b	.L77
 2140              	.L74:
 441:Core/Src/nmea2000.c **** 	}
 442:Core/Src/nmea2000.c **** 	if (wait_tx_fifo_free(can_handle) == 0)
 2141              		.loc 1 442 6
 2142 0128 7B68     		ldr	r3, [r7, #4]
 2143 012a 1800     		movs	r0, r3
 2144 012c FFF7FEFF 		bl	wait_tx_fifo_free
 2145 0130 031E     		subs	r3, r0, #0
 2146              		.loc 1 442 5 discriminator 1
 2147 0132 01D1     		bne	.L76
 443:Core/Src/nmea2000.c **** 	{
 444:Core/Src/nmea2000.c **** 		return 0;
ARM GAS  C:\Users\a_hae\AppData\Local\Temp\cc3QFm9N.s 			page 47


 2148              		.loc 1 444 10
 2149 0134 0023     		movs	r3, #0
 2150 0136 00E0     		b	.L77
 2151              	.L76:
 445:Core/Src/nmea2000.c **** 	}
 446:Core/Src/nmea2000.c **** 
 447:Core/Src/nmea2000.c **** 	return 1;
 2152              		.loc 1 447 9
 2153 0138 0123     		movs	r3, #1
 2154              	.L77:
 448:Core/Src/nmea2000.c **** 
 449:Core/Src/nmea2000.c **** }
 2155              		.loc 1 449 1
 2156 013a 1800     		movs	r0, r3
 2157 013c BD46     		mov	sp, r7
 2158 013e 15B0     		add	sp, sp, #84
 2159              		@ sp needed
 2160 0140 90BD     		pop	{r4, r7, pc}
 2161              	.L79:
 2162 0142 C046     		.align	2
 2163              	.L78:
 2164 0144 11F20100 		.word	127505
 2165 0148 FD7F0000 		.word	32765
 2166 014c FE7F0000 		.word	32766
 2167              		.cfi_endproc
 2168              	.LFE373:
 2170              		.section	.text.NMEA2000_SendTemperature,"ax",%progbits
 2171              		.align	1
 2172              		.global	NMEA2000_SendTemperature
 2173              		.syntax unified
 2174              		.code	16
 2175              		.thumb_func
 2177              	NMEA2000_SendTemperature:
 2178              	.LFB374:
 450:Core/Src/nmea2000.c **** 
 451:Core/Src/nmea2000.c **** /*
 452:Core/Src/nmea2000.c ****  * Sendet PGN 130312 (Temperature).
 453:Core/Src/nmea2000.c ****  * temp_centi_deg: Temperatur in 0,01 Grad C (z.B. 2345 = 23,45 Grad C)
 454:Core/Src/nmea2000.c ****  * source: NMEA2000 Temperature Source (z.B. 2 = Inside Temperature)
 455:Core/Src/nmea2000.c ****  */
 456:Core/Src/nmea2000.c **** uint8_t NMEA2000_SendTemperature(FDCAN_HandleTypeDef *can_handle, uint8_t src_adr, uint8_t Instance
 457:Core/Src/nmea2000.c **** {
 2179              		.loc 1 457 1
 2180              		.cfi_startproc
 2181              		@ args = 4, pretend = 0, frame = 64
 2182              		@ frame_needed = 1, uses_anonymous_args = 0
 2183 0000 90B5     		push	{r4, r7, lr}
 2184              	.LCFI33:
 2185              		.cfi_def_cfa_offset 12
 2186              		.cfi_offset 4, -12
 2187              		.cfi_offset 7, -8
 2188              		.cfi_offset 14, -4
 2189 0002 91B0     		sub	sp, sp, #68
 2190              	.LCFI34:
 2191              		.cfi_def_cfa_offset 80
 2192 0004 00AF     		add	r7, sp, #0
 2193              	.LCFI35:
ARM GAS  C:\Users\a_hae\AppData\Local\Temp\cc3QFm9N.s 			page 48


 2194              		.cfi_def_cfa_register 7
 2195 0006 7860     		str	r0, [r7, #4]
 2196 0008 0C00     		movs	r4, r1
 2197 000a 1000     		movs	r0, r2
 2198 000c 1900     		movs	r1, r3
 2199 000e FB1C     		adds	r3, r7, #3
 2200 0010 221C     		adds	r2, r4, #0
 2201 0012 1A70     		strb	r2, [r3]
 2202 0014 BB1C     		adds	r3, r7, #2
 2203 0016 021C     		adds	r2, r0, #0
 2204 0018 1A70     		strb	r2, [r3]
 2205 001a 7B1C     		adds	r3, r7, #1
 2206 001c 0A1C     		adds	r2, r1, #0
 2207 001e 1A70     		strb	r2, [r3]
 458:Core/Src/nmea2000.c **** 	uint8_t tx_data[8];
 459:Core/Src/nmea2000.c **** 	uint32_t PGN = 130312;
 2208              		.loc 1 459 11
 2209 0020 334B     		ldr	r3, .L85
 2210 0022 FB63     		str	r3, [r7, #60]
 460:Core/Src/nmea2000.c **** 	uint8_t Priority = 6;
 2211              		.loc 1 460 10
 2212 0024 3B20     		movs	r0, #59
 2213 0026 3B18     		adds	r3, r7, r0
 2214 0028 0622     		movs	r2, #6
 2215 002a 1A70     		strb	r2, [r3]
 461:Core/Src/nmea2000.c **** 	uint32_t temp_k100;
 462:Core/Src/nmea2000.c **** 
 463:Core/Src/nmea2000.c **** 	FDCAN_TxHeaderTypeDef TxHeader;
 464:Core/Src/nmea2000.c **** 
 465:Core/Src/nmea2000.c **** 	TxHeader.Identifier = (uint32_t)N2ktoCanID( (unsigned char)Priority, (unsigned long) PGN, (unsigne
 2216              		.loc 1 465 24
 2217 002c FB1C     		adds	r3, r7, #3
 2218 002e 1A78     		ldrb	r2, [r3]
 2219 0030 F96B     		ldr	r1, [r7, #60]
 2220 0032 3B18     		adds	r3, r7, r0
 2221 0034 1878     		ldrb	r0, [r3]
 2222 0036 FF23     		movs	r3, #255
 2223 0038 FFF7FEFF 		bl	N2ktoCanID
 2224 003c 0200     		movs	r2, r0
 2225              		.loc 1 465 22 discriminator 1
 2226 003e 0821     		movs	r1, #8
 2227 0040 7B18     		adds	r3, r7, r1
 2228 0042 1A60     		str	r2, [r3]
 466:Core/Src/nmea2000.c **** 	TxHeader.IdType = FDCAN_EXTENDED_ID;
 2229              		.loc 1 466 18
 2230 0044 7B18     		adds	r3, r7, r1
 2231 0046 8022     		movs	r2, #128
 2232 0048 D205     		lsls	r2, r2, #23
 2233 004a 5A60     		str	r2, [r3, #4]
 467:Core/Src/nmea2000.c **** 	TxHeader.TxFrameType = FDCAN_DATA_FRAME;
 2234              		.loc 1 467 23
 2235 004c 7B18     		adds	r3, r7, r1
 2236 004e 0022     		movs	r2, #0
 2237 0050 9A60     		str	r2, [r3, #8]
 468:Core/Src/nmea2000.c **** 	TxHeader.DataLength = FDCAN_DLC_BYTES_8;
 2238              		.loc 1 468 22
 2239 0052 7B18     		adds	r3, r7, r1
ARM GAS  C:\Users\a_hae\AppData\Local\Temp\cc3QFm9N.s 			page 49


 2240 0054 0822     		movs	r2, #8
 2241 0056 DA60     		str	r2, [r3, #12]
 469:Core/Src/nmea2000.c **** 	TxHeader.ErrorStateIndicator = FDCAN_ESI_ACTIVE;
 2242              		.loc 1 469 31
 2243 0058 7B18     		adds	r3, r7, r1
 2244 005a 0022     		movs	r2, #0
 2245 005c 1A61     		str	r2, [r3, #16]
 470:Core/Src/nmea2000.c **** 	TxHeader.BitRateSwitch = FDCAN_BRS_OFF;
 2246              		.loc 1 470 25
 2247 005e 7B18     		adds	r3, r7, r1
 2248 0060 0022     		movs	r2, #0
 2249 0062 5A61     		str	r2, [r3, #20]
 471:Core/Src/nmea2000.c **** 	TxHeader.FDFormat = FDCAN_CLASSIC_CAN;
 2250              		.loc 1 471 20
 2251 0064 7B18     		adds	r3, r7, r1
 2252 0066 0022     		movs	r2, #0
 2253 0068 9A61     		str	r2, [r3, #24]
 472:Core/Src/nmea2000.c **** 	TxHeader.TxEventFifoControl = FDCAN_NO_TX_EVENTS;
 2254              		.loc 1 472 30
 2255 006a 7B18     		adds	r3, r7, r1
 2256 006c 0022     		movs	r2, #0
 2257 006e DA61     		str	r2, [r3, #28]
 473:Core/Src/nmea2000.c **** 	TxHeader.MessageMarker = 0;
 2258              		.loc 1 473 25
 2259 0070 7B18     		adds	r3, r7, r1
 2260 0072 0022     		movs	r2, #0
 2261 0074 1A62     		str	r2, [r3, #32]
 474:Core/Src/nmea2000.c **** 
 475:Core/Src/nmea2000.c **** 	// 0,01 Grad C -> 0,01 Kelvin (uint16, little endian)
 476:Core/Src/nmea2000.c **** 	temp_k100 = (uint32_t)((int32_t)temp_centi_deg + 27315);
 2262              		.loc 1 476 25
 2263 0076 5023     		movs	r3, #80
 2264 0078 FB18     		adds	r3, r7, r3
 2265 007a 0022     		movs	r2, #0
 2266 007c 9B5E     		ldrsh	r3, [r3, r2]
 2267              		.loc 1 476 49
 2268 007e 1D4A     		ldr	r2, .L85+4
 2269 0080 9446     		mov	ip, r2
 2270 0082 6344     		add	r3, r3, ip
 2271              		.loc 1 476 12
 2272 0084 7B63     		str	r3, [r7, #52]
 477:Core/Src/nmea2000.c **** 
 478:Core/Src/nmea2000.c **** 	tx_data[0] = 0xFF;						// SID (nicht verwendet)
 2273              		.loc 1 478 13
 2274 0086 2C20     		movs	r0, #44
 2275 0088 3B18     		adds	r3, r7, r0
 2276 008a FF22     		movs	r2, #255
 2277 008c 1A70     		strb	r2, [r3]
 479:Core/Src/nmea2000.c **** 	tx_data[1] = Instance;
 2278              		.loc 1 479 13
 2279 008e 3B18     		adds	r3, r7, r0
 2280 0090 BA1C     		adds	r2, r7, #2
 2281 0092 1278     		ldrb	r2, [r2]
 2282 0094 5A70     		strb	r2, [r3, #1]
 480:Core/Src/nmea2000.c **** 	tx_data[2] = Source;
 2283              		.loc 1 480 13
 2284 0096 3B18     		adds	r3, r7, r0
ARM GAS  C:\Users\a_hae\AppData\Local\Temp\cc3QFm9N.s 			page 50


 2285 0098 7A1C     		adds	r2, r7, #1
 2286 009a 1278     		ldrb	r2, [r2]
 2287 009c 9A70     		strb	r2, [r3, #2]
 481:Core/Src/nmea2000.c **** 	tx_data[3] = (uint8_t)(temp_k100 & 0xFF);
 2288              		.loc 1 481 15
 2289 009e 7B6B     		ldr	r3, [r7, #52]
 2290 00a0 DAB2     		uxtb	r2, r3
 2291              		.loc 1 481 13
 2292 00a2 3B18     		adds	r3, r7, r0
 2293 00a4 DA70     		strb	r2, [r3, #3]
 482:Core/Src/nmea2000.c **** 	tx_data[4] = (uint8_t)((temp_k100 >> 8) & 0xFF);
 2294              		.loc 1 482 36
 2295 00a6 7B6B     		ldr	r3, [r7, #52]
 2296 00a8 1B0A     		lsrs	r3, r3, #8
 2297              		.loc 1 482 15
 2298 00aa DAB2     		uxtb	r2, r3
 2299              		.loc 1 482 13
 2300 00ac 3B18     		adds	r3, r7, r0
 2301 00ae 1A71     		strb	r2, [r3, #4]
 483:Core/Src/nmea2000.c **** 	tx_data[5] = 0xFF;						// Set Temperature: n/a
 2302              		.loc 1 483 13
 2303 00b0 3B18     		adds	r3, r7, r0
 2304 00b2 FF22     		movs	r2, #255
 2305 00b4 5A71     		strb	r2, [r3, #5]
 484:Core/Src/nmea2000.c **** 	tx_data[6] = 0xFF;
 2306              		.loc 1 484 13
 2307 00b6 3B18     		adds	r3, r7, r0
 2308 00b8 FF22     		movs	r2, #255
 2309 00ba 9A71     		strb	r2, [r3, #6]
 485:Core/Src/nmea2000.c **** 	tx_data[7] = 0xFF;						// reserved
 2310              		.loc 1 485 13
 2311 00bc 3B18     		adds	r3, r7, r0
 2312 00be FF22     		movs	r2, #255
 2313 00c0 DA71     		strb	r2, [r3, #7]
 486:Core/Src/nmea2000.c **** 
 487:Core/Src/nmea2000.c **** 	if (HAL_FDCAN_AddMessageToTxFifoQ(can_handle, &TxHeader, tx_data) != HAL_OK)
 2314              		.loc 1 487 6
 2315 00c2 3A18     		adds	r2, r7, r0
 2316 00c4 7918     		adds	r1, r7, r1
 2317 00c6 7B68     		ldr	r3, [r7, #4]
 2318 00c8 1800     		movs	r0, r3
 2319 00ca FFF7FEFF 		bl	HAL_FDCAN_AddMessageToTxFifoQ
 2320 00ce 031E     		subs	r3, r0, #0
 2321              		.loc 1 487 5 discriminator 1
 2322 00d0 01D0     		beq	.L81
 488:Core/Src/nmea2000.c **** 	{
 489:Core/Src/nmea2000.c **** 		return 0;
 2323              		.loc 1 489 10
 2324 00d2 0023     		movs	r3, #0
 2325 00d4 08E0     		b	.L84
 2326              	.L81:
 490:Core/Src/nmea2000.c **** 	}
 491:Core/Src/nmea2000.c **** 	if (wait_tx_fifo_free(can_handle) == 0)
 2327              		.loc 1 491 6
 2328 00d6 7B68     		ldr	r3, [r7, #4]
 2329 00d8 1800     		movs	r0, r3
 2330 00da FFF7FEFF 		bl	wait_tx_fifo_free
ARM GAS  C:\Users\a_hae\AppData\Local\Temp\cc3QFm9N.s 			page 51


 2331 00de 031E     		subs	r3, r0, #0
 2332              		.loc 1 491 5 discriminator 1
 2333 00e0 01D1     		bne	.L83
 492:Core/Src/nmea2000.c **** 	{
 493:Core/Src/nmea2000.c **** 		return 0;
 2334              		.loc 1 493 10
 2335 00e2 0023     		movs	r3, #0
 2336 00e4 00E0     		b	.L84
 2337              	.L83:
 494:Core/Src/nmea2000.c **** 	}
 495:Core/Src/nmea2000.c **** 
 496:Core/Src/nmea2000.c **** 	return 1;
 2338              		.loc 1 496 9
 2339 00e6 0123     		movs	r3, #1
 2340              	.L84:
 497:Core/Src/nmea2000.c **** }
 2341              		.loc 1 497 1
 2342 00e8 1800     		movs	r0, r3
 2343 00ea BD46     		mov	sp, r7
 2344 00ec 11B0     		add	sp, sp, #68
 2345              		@ sp needed
 2346 00ee 90BD     		pop	{r4, r7, pc}
 2347              	.L86:
 2348              		.align	2
 2349              	.L85:
 2350 00f0 08FD0100 		.word	130312
 2351 00f4 B36A0000 		.word	27315
 2352              		.cfi_endproc
 2353              	.LFE374:
 2355              		.section	.text.NMEA2000_SendGFAck,"ax",%progbits
 2356              		.align	1
 2357              		.global	NMEA2000_SendGFAck
 2358              		.syntax unified
 2359              		.code	16
 2360              		.thumb_func
 2362              	NMEA2000_SendGFAck:
 2363              	.LFB375:
 498:Core/Src/nmea2000.c **** 
 499:Core/Src/nmea2000.c **** /*
 500:Core/Src/nmea2000.c ****  * Sendet eine Acknowledge Group Function (PGN 126208, Funktionscode 2) an 'dest'.
 501:Core/Src/nmea2000.c ****  * pgn_err: 0 = OK, 1 = PGN nicht unterstuetzt, ...
 502:Core/Src/nmea2000.c ****  * param_errs: 4-bit-Fehlercode je Parameter (0 = OK, 3 = ausserhalb Bereich,
 503:Core/Src/nmea2000.c ****  *             4 = Parameter nicht unterstuetzt), je zwei in ein Byte gepackt.
 504:Core/Src/nmea2000.c ****  */
 505:Core/Src/nmea2000.c **** uint8_t NMEA2000_SendGFAck(FDCAN_HandleTypeDef *can_handle, uint8_t src_adr, uint8_t dest, uint32_t
 506:Core/Src/nmea2000.c **** {
 2364              		.loc 1 506 1
 2365              		.cfi_startproc
 2366              		@ args = 12, pretend = 0, frame = 88
 2367              		@ frame_needed = 1, uses_anonymous_args = 0
 2368 0000 B0B5     		push	{r4, r5, r7, lr}
 2369              	.LCFI36:
 2370              		.cfi_def_cfa_offset 16
 2371              		.cfi_offset 4, -16
 2372              		.cfi_offset 5, -12
 2373              		.cfi_offset 7, -8
 2374              		.cfi_offset 14, -4
ARM GAS  C:\Users\a_hae\AppData\Local\Temp\cc3QFm9N.s 			page 52


 2375 0002 96B0     		sub	sp, sp, #88
 2376              	.LCFI37:
 2377              		.cfi_def_cfa_offset 104
 2378 0004 00AF     		add	r7, sp, #0
 2379              	.LCFI38:
 2380              		.cfi_def_cfa_register 7
 2381 0006 F860     		str	r0, [r7, #12]
 2382 0008 0800     		movs	r0, r1
 2383 000a 1100     		movs	r1, r2
 2384 000c 7B60     		str	r3, [r7, #4]
 2385 000e 0B24     		movs	r4, #11
 2386 0010 3B19     		adds	r3, r7, r4
 2387 0012 021C     		adds	r2, r0, #0
 2388 0014 1A70     		strb	r2, [r3]
 2389 0016 0A20     		movs	r0, #10
 2390 0018 3B18     		adds	r3, r7, r0
 2391 001a 0A1C     		adds	r2, r1, #0
 2392 001c 1A70     		strb	r2, [r3]
 507:Core/Src/nmea2000.c **** 	uint8_t payload[16];
 508:Core/Src/nmea2000.c **** 	uint8_t tx_msg[8];
 509:Core/Src/nmea2000.c **** 	uint8_t len;
 510:Core/Src/nmea2000.c **** 	uint32_t PGN = 126208;
 2393              		.loc 1 510 11
 2394 001e 9F4B     		ldr	r3, .L106
 2395 0020 3B65     		str	r3, [r7, #80]
 511:Core/Src/nmea2000.c **** 	uint8_t Priority = 6;
 2396              		.loc 1 511 10
 2397 0022 4F25     		movs	r5, #79
 2398 0024 7B19     		adds	r3, r7, r5
 2399 0026 0622     		movs	r2, #6
 2400 0028 1A70     		strb	r2, [r3]
 512:Core/Src/nmea2000.c **** 
 513:Core/Src/nmea2000.c **** 	FDCAN_TxHeaderTypeDef TxHeader;
 514:Core/Src/nmea2000.c **** 
 515:Core/Src/nmea2000.c **** 	TxHeader.Identifier = (uint32_t)N2ktoCanID( (unsigned char)Priority, (unsigned long) PGN, (unsigne
 2401              		.loc 1 515 24
 2402 002a 3B19     		adds	r3, r7, r4
 2403 002c 1A78     		ldrb	r2, [r3]
 2404 002e 3B18     		adds	r3, r7, r0
 2405 0030 1C78     		ldrb	r4, [r3]
 2406 0032 396D     		ldr	r1, [r7, #80]
 2407 0034 7B19     		adds	r3, r7, r5
 2408 0036 1878     		ldrb	r0, [r3]
 2409 0038 2300     		movs	r3, r4
 2410 003a FFF7FEFF 		bl	N2ktoCanID
 2411 003e 0200     		movs	r2, r0
 2412              		.loc 1 515 22 discriminator 1
 2413 0040 1021     		movs	r1, #16
 2414 0042 7B18     		adds	r3, r7, r1
 2415 0044 1A60     		str	r2, [r3]
 516:Core/Src/nmea2000.c **** 	TxHeader.IdType = FDCAN_EXTENDED_ID;
 2416              		.loc 1 516 18
 2417 0046 7B18     		adds	r3, r7, r1
 2418 0048 8022     		movs	r2, #128
 2419 004a D205     		lsls	r2, r2, #23
 2420 004c 5A60     		str	r2, [r3, #4]
 517:Core/Src/nmea2000.c **** 	TxHeader.TxFrameType = FDCAN_DATA_FRAME;
ARM GAS  C:\Users\a_hae\AppData\Local\Temp\cc3QFm9N.s 			page 53


 2421              		.loc 1 517 23
 2422 004e 7B18     		adds	r3, r7, r1
 2423 0050 0022     		movs	r2, #0
 2424 0052 9A60     		str	r2, [r3, #8]
 518:Core/Src/nmea2000.c **** 	TxHeader.DataLength = FDCAN_DLC_BYTES_8;
 2425              		.loc 1 518 22
 2426 0054 7B18     		adds	r3, r7, r1
 2427 0056 0822     		movs	r2, #8
 2428 0058 DA60     		str	r2, [r3, #12]
 519:Core/Src/nmea2000.c **** 	TxHeader.ErrorStateIndicator = FDCAN_ESI_ACTIVE;
 2429              		.loc 1 519 31
 2430 005a 7B18     		adds	r3, r7, r1
 2431 005c 0022     		movs	r2, #0
 2432 005e 1A61     		str	r2, [r3, #16]
 520:Core/Src/nmea2000.c **** 	TxHeader.BitRateSwitch = FDCAN_BRS_OFF;
 2433              		.loc 1 520 25
 2434 0060 7B18     		adds	r3, r7, r1
 2435 0062 0022     		movs	r2, #0
 2436 0064 5A61     		str	r2, [r3, #20]
 521:Core/Src/nmea2000.c **** 	TxHeader.FDFormat = FDCAN_CLASSIC_CAN;
 2437              		.loc 1 521 20
 2438 0066 7B18     		adds	r3, r7, r1
 2439 0068 0022     		movs	r2, #0
 2440 006a 9A61     		str	r2, [r3, #24]
 522:Core/Src/nmea2000.c **** 	TxHeader.TxEventFifoControl = FDCAN_NO_TX_EVENTS;
 2441              		.loc 1 522 30
 2442 006c 7B18     		adds	r3, r7, r1
 2443 006e 0022     		movs	r2, #0
 2444 0070 DA61     		str	r2, [r3, #28]
 523:Core/Src/nmea2000.c **** 	TxHeader.MessageMarker = 0;
 2445              		.loc 1 523 25
 2446 0072 7B18     		adds	r3, r7, r1
 2447 0074 0022     		movs	r2, #0
 2448 0076 1A62     		str	r2, [r3, #32]
 524:Core/Src/nmea2000.c **** 
 525:Core/Src/nmea2000.c **** 	memset(payload, 0xFF, sizeof(payload));
 2449              		.loc 1 525 2
 2450 0078 3C24     		movs	r4, #60
 2451 007a 3B19     		adds	r3, r7, r4
 2452 007c 1022     		movs	r2, #16
 2453 007e FF21     		movs	r1, #255
 2454 0080 1800     		movs	r0, r3
 2455 0082 FFF7FEFF 		bl	memset
 526:Core/Src/nmea2000.c **** 	payload[0] = 2;								/* Acknowledge */
 2456              		.loc 1 526 13
 2457 0086 2100     		movs	r1, r4
 2458 0088 7B18     		adds	r3, r7, r1
 2459 008a 0222     		movs	r2, #2
 2460 008c 1A70     		strb	r2, [r3]
 527:Core/Src/nmea2000.c **** 	payload[1] = (uint8_t)(target_pgn & 0xFF);
 2461              		.loc 1 527 15
 2462 008e 7B68     		ldr	r3, [r7, #4]
 2463 0090 DAB2     		uxtb	r2, r3
 2464              		.loc 1 527 13
 2465 0092 7B18     		adds	r3, r7, r1
 2466 0094 5A70     		strb	r2, [r3, #1]
 528:Core/Src/nmea2000.c **** 	payload[2] = (uint8_t)((target_pgn >> 8) & 0xFF);
ARM GAS  C:\Users\a_hae\AppData\Local\Temp\cc3QFm9N.s 			page 54


 2467              		.loc 1 528 37
 2468 0096 7B68     		ldr	r3, [r7, #4]
 2469 0098 1B0A     		lsrs	r3, r3, #8
 2470              		.loc 1 528 15
 2471 009a DAB2     		uxtb	r2, r3
 2472              		.loc 1 528 13
 2473 009c 7B18     		adds	r3, r7, r1
 2474 009e 9A70     		strb	r2, [r3, #2]
 529:Core/Src/nmea2000.c **** 	payload[3] = (uint8_t)((target_pgn >> 16) & 0xFF);
 2475              		.loc 1 529 37
 2476 00a0 7B68     		ldr	r3, [r7, #4]
 2477 00a2 1B0C     		lsrs	r3, r3, #16
 2478              		.loc 1 529 15
 2479 00a4 DAB2     		uxtb	r2, r3
 2480              		.loc 1 529 13
 2481 00a6 7B18     		adds	r3, r7, r1
 2482 00a8 DA70     		strb	r2, [r3, #3]
 530:Core/Src/nmea2000.c **** 	payload[4] = (uint8_t)(pgn_err & 0x0F);		/* High-Nibble: Intervall-Fehlercode = 0 */
 2483              		.loc 1 530 15
 2484 00aa 6823     		movs	r3, #104
 2485 00ac FB18     		adds	r3, r7, r3
 2486 00ae 1B78     		ldrb	r3, [r3]
 2487 00b0 0F22     		movs	r2, #15
 2488 00b2 1340     		ands	r3, r2
 2489 00b4 DAB2     		uxtb	r2, r3
 2490              		.loc 1 530 13
 2491 00b6 7B18     		adds	r3, r7, r1
 2492 00b8 1A71     		strb	r2, [r3, #4]
 531:Core/Src/nmea2000.c **** 	payload[5] = n_params;
 2493              		.loc 1 531 13
 2494 00ba 7B18     		adds	r3, r7, r1
 2495 00bc 7022     		movs	r2, #112
 2496 00be BA18     		adds	r2, r7, r2
 2497 00c0 1278     		ldrb	r2, [r2]
 2498 00c2 5A71     		strb	r2, [r3, #5]
 2499              	.LBB6:
 532:Core/Src/nmea2000.c **** 
 533:Core/Src/nmea2000.c **** 	for (uint8_t i = 0; i < n_params && i < 8; i++)
 2500              		.loc 1 533 15
 2501 00c4 5723     		movs	r3, #87
 2502 00c6 FB18     		adds	r3, r7, r3
 2503 00c8 0022     		movs	r2, #0
 2504 00ca 1A70     		strb	r2, [r3]
 2505              		.loc 1 533 2
 2506 00cc 3CE0     		b	.L88
 2507              	.L94:
 2508              	.LBB7:
 534:Core/Src/nmea2000.c **** 	{
 535:Core/Src/nmea2000.c **** 		uint8_t err = (param_errs != NULL) ? (param_errs[i] & 0x0F) : 0;
 2509              		.loc 1 535 11
 2510 00ce FB6E     		ldr	r3, [r7, #108]
 2511 00d0 002B     		cmp	r3, #0
 2512 00d2 09D0     		beq	.L89
 2513              		.loc 1 535 51 discriminator 1
 2514 00d4 5723     		movs	r3, #87
 2515 00d6 FB18     		adds	r3, r7, r3
 2516 00d8 1B78     		ldrb	r3, [r3]
ARM GAS  C:\Users\a_hae\AppData\Local\Temp\cc3QFm9N.s 			page 55


 2517 00da FA6E     		ldr	r2, [r7, #108]
 2518 00dc D318     		adds	r3, r2, r3
 2519 00de 1B78     		ldrb	r3, [r3]
 2520              		.loc 1 535 11 discriminator 1
 2521 00e0 0F22     		movs	r2, #15
 2522 00e2 1340     		ands	r3, r2
 2523 00e4 DAB2     		uxtb	r2, r3
 2524 00e6 00E0     		b	.L90
 2525              	.L89:
 2526              		.loc 1 535 11 is_stmt 0 discriminator 2
 2527 00e8 0022     		movs	r2, #0
 2528              	.L90:
 2529              		.loc 1 535 11 discriminator 4
 2530 00ea 4E21     		movs	r1, #78
 2531 00ec 7B18     		adds	r3, r7, r1
 2532 00ee 1A70     		strb	r2, [r3]
 536:Core/Src/nmea2000.c **** 		if ((i & 1) == 0)
 2533              		.loc 1 536 10 is_stmt 1
 2534 00f0 5720     		movs	r0, #87
 2535 00f2 3B18     		adds	r3, r7, r0
 2536 00f4 1B78     		ldrb	r3, [r3]
 2537 00f6 0122     		movs	r2, #1
 2538 00f8 1340     		ands	r3, r2
 2539              		.loc 1 536 6
 2540 00fa 0AD1     		bne	.L91
 537:Core/Src/nmea2000.c **** 		{
 538:Core/Src/nmea2000.c **** 			payload[6 + i/2] = err;				/* Low-Nibble zuerst */
 2541              		.loc 1 538 17
 2542 00fc 3B18     		adds	r3, r7, r0
 2543 00fe 1B78     		ldrb	r3, [r3]
 2544 0100 5B08     		lsrs	r3, r3, #1
 2545 0102 DBB2     		uxtb	r3, r3
 2546              		.loc 1 538 14
 2547 0104 0633     		adds	r3, r3, #6
 2548              		.loc 1 538 21
 2549 0106 3C22     		movs	r2, #60
 2550 0108 BA18     		adds	r2, r7, r2
 2551 010a 7918     		adds	r1, r7, r1
 2552 010c 0978     		ldrb	r1, [r1]
 2553 010e D154     		strb	r1, [r2, r3]
 2554 0110 14E0     		b	.L92
 2555              	.L91:
 539:Core/Src/nmea2000.c **** 		}
 540:Core/Src/nmea2000.c **** 		else
 541:Core/Src/nmea2000.c **** 		{
 542:Core/Src/nmea2000.c **** 			payload[6 + i/2] |= (uint8_t)(err << 4);
 2556              		.loc 1 542 11
 2557 0112 5723     		movs	r3, #87
 2558 0114 FB18     		adds	r3, r7, r3
 2559 0116 1B78     		ldrb	r3, [r3]
 2560 0118 5B08     		lsrs	r3, r3, #1
 2561 011a D8B2     		uxtb	r0, r3
 2562 011c 0300     		movs	r3, r0
 2563 011e 0633     		adds	r3, r3, #6
 2564 0120 3C24     		movs	r4, #60
 2565 0122 3A19     		adds	r2, r7, r4
 2566 0124 D15C     		ldrb	r1, [r2, r3]
ARM GAS  C:\Users\a_hae\AppData\Local\Temp\cc3QFm9N.s 			page 56


 2567              		.loc 1 542 24
 2568 0126 4E23     		movs	r3, #78
 2569 0128 FB18     		adds	r3, r7, r3
 2570 012a 1B78     		ldrb	r3, [r3]
 2571 012c 1B01     		lsls	r3, r3, #4
 2572 012e DAB2     		uxtb	r2, r3
 2573              		.loc 1 542 11
 2574 0130 0300     		movs	r3, r0
 2575 0132 0633     		adds	r3, r3, #6
 2576              		.loc 1 542 21
 2577 0134 0A43     		orrs	r2, r1
 2578 0136 D1B2     		uxtb	r1, r2
 2579 0138 3A19     		adds	r2, r7, r4
 2580 013a D154     		strb	r1, [r2, r3]
 2581              	.L92:
 2582              	.LBE7:
 533:Core/Src/nmea2000.c **** 	{
 2583              		.loc 1 533 46 discriminator 2
 2584 013c 5721     		movs	r1, #87
 2585 013e 7B18     		adds	r3, r7, r1
 2586 0140 1A78     		ldrb	r2, [r3]
 2587 0142 7B18     		adds	r3, r7, r1
 2588 0144 0132     		adds	r2, r2, #1
 2589 0146 1A70     		strb	r2, [r3]
 2590              	.L88:
 533:Core/Src/nmea2000.c **** 	{
 2591              		.loc 1 533 35 discriminator 1
 2592 0148 5721     		movs	r1, #87
 2593 014a 7A18     		adds	r2, r7, r1
 2594 014c 7023     		movs	r3, #112
 2595 014e FB18     		adds	r3, r7, r3
 2596 0150 1278     		ldrb	r2, [r2]
 2597 0152 1B78     		ldrb	r3, [r3]
 2598 0154 9A42     		cmp	r2, r3
 2599 0156 03D2     		bcs	.L93
 533:Core/Src/nmea2000.c **** 	{
 2600              		.loc 1 533 35 is_stmt 0 discriminator 3
 2601 0158 7B18     		adds	r3, r7, r1
 2602 015a 1B78     		ldrb	r3, [r3]
 2603 015c 072B     		cmp	r3, #7
 2604 015e B6D9     		bls	.L94
 2605              	.L93:
 2606              	.LBE6:
 543:Core/Src/nmea2000.c **** 		}
 544:Core/Src/nmea2000.c **** 	}
 545:Core/Src/nmea2000.c **** 	len = 6 + (n_params + 1) / 2;
 2607              		.loc 1 545 22 is_stmt 1
 2608 0160 7023     		movs	r3, #112
 2609 0162 FB18     		adds	r3, r7, r3
 2610 0164 1B78     		ldrb	r3, [r3]
 2611 0166 0133     		adds	r3, r3, #1
 2612              		.loc 1 545 27
 2613 0168 002B     		cmp	r3, #0
 2614 016a 00DA     		bge	.L95
 2615 016c 0133     		adds	r3, r3, #1
 2616              	.L95:
 2617 016e 5B10     		asrs	r3, r3, #1
ARM GAS  C:\Users\a_hae\AppData\Local\Temp\cc3QFm9N.s 			page 57


 2618              		.loc 1 545 10
 2619 0170 DAB2     		uxtb	r2, r3
 2620              		.loc 1 545 6
 2621 0172 4D21     		movs	r1, #77
 2622 0174 7B18     		adds	r3, r7, r1
 2623 0176 0632     		adds	r2, r2, #6
 2624 0178 1A70     		strb	r2, [r3]
 546:Core/Src/nmea2000.c **** 
 547:Core/Src/nmea2000.c **** 	/* Fast-Packet-Rahmen senden: Frame 0 = [0, len, 6 Bytes], danach [n, 7 Bytes] */
 548:Core/Src/nmea2000.c **** 	uint8_t nframes = 1;
 2625              		.loc 1 548 10
 2626 017a 5624     		movs	r4, #86
 2627 017c 3B19     		adds	r3, r7, r4
 2628 017e 0122     		movs	r2, #1
 2629 0180 1A70     		strb	r2, [r3]
 549:Core/Src/nmea2000.c **** 	if (len > 6)
 2630              		.loc 1 549 5
 2631 0182 7B18     		adds	r3, r7, r1
 2632 0184 1B78     		ldrb	r3, [r3]
 2633 0186 062B     		cmp	r3, #6
 2634 0188 0CD9     		bls	.L96
 550:Core/Src/nmea2000.c **** 	{
 551:Core/Src/nmea2000.c **** 		nframes += (uint8_t)((len - 6 + 6) / 7);
 2635              		.loc 1 551 33
 2636 018a 7B18     		adds	r3, r7, r1
 2637 018c 1B78     		ldrb	r3, [r3]
 2638              		.loc 1 551 38
 2639 018e 0721     		movs	r1, #7
 2640 0190 1800     		movs	r0, r3
 2641 0192 FFF7FEFF 		bl	__aeabi_idiv
 2642 0196 0300     		movs	r3, r0
 2643              		.loc 1 551 14
 2644 0198 D9B2     		uxtb	r1, r3
 2645              		.loc 1 551 11
 2646 019a 3B19     		adds	r3, r7, r4
 2647 019c 3A19     		adds	r2, r7, r4
 2648 019e 1278     		ldrb	r2, [r2]
 2649 01a0 8A18     		adds	r2, r1, r2
 2650 01a2 1A70     		strb	r2, [r3]
 2651              	.L96:
 2652              	.LBB8:
 552:Core/Src/nmea2000.c **** 	}
 553:Core/Src/nmea2000.c **** 
 554:Core/Src/nmea2000.c **** 	for (uint8_t var = 0; var < nframes; ++var) {
 2653              		.loc 1 554 15
 2654 01a4 5523     		movs	r3, #85
 2655 01a6 FB18     		adds	r3, r7, r3
 2656 01a8 0022     		movs	r2, #0
 2657 01aa 1A70     		strb	r2, [r3]
 2658              		.loc 1 554 2
 2659 01ac 68E0     		b	.L97
 2660              	.L104:
 555:Core/Src/nmea2000.c **** 		memset(tx_msg, 0xFF, sizeof(tx_msg));
 2661              		.loc 1 555 3
 2662 01ae 3424     		movs	r4, #52
 2663 01b0 3B19     		adds	r3, r7, r4
 2664 01b2 0822     		movs	r2, #8
ARM GAS  C:\Users\a_hae\AppData\Local\Temp\cc3QFm9N.s 			page 58


 2665 01b4 FF21     		movs	r1, #255
 2666 01b6 1800     		movs	r0, r3
 2667 01b8 FFF7FEFF 		bl	memset
 556:Core/Src/nmea2000.c **** 		tx_msg[0] = var;
 2668              		.loc 1 556 13
 2669 01bc 2100     		movs	r1, r4
 2670 01be 7B18     		adds	r3, r7, r1
 2671 01c0 5520     		movs	r0, #85
 2672 01c2 3A18     		adds	r2, r7, r0
 2673 01c4 1278     		ldrb	r2, [r2]
 2674 01c6 1A70     		strb	r2, [r3]
 557:Core/Src/nmea2000.c **** 		if (var == 0)
 2675              		.loc 1 557 6
 2676 01c8 3B18     		adds	r3, r7, r0
 2677 01ca 1B78     		ldrb	r3, [r3]
 2678 01cc 002B     		cmp	r3, #0
 2679 01ce 0DD1     		bne	.L98
 558:Core/Src/nmea2000.c **** 		{
 559:Core/Src/nmea2000.c **** 			tx_msg[1] = len;
 2680              		.loc 1 559 14
 2681 01d0 7B18     		adds	r3, r7, r1
 2682 01d2 4D22     		movs	r2, #77
 2683 01d4 BA18     		adds	r2, r7, r2
 2684 01d6 1278     		ldrb	r2, [r2]
 2685 01d8 5A70     		strb	r2, [r3, #1]
 560:Core/Src/nmea2000.c **** 			memcpy(tx_msg + 2, payload, 6);
 2686              		.loc 1 560 4
 2687 01da 7B18     		adds	r3, r7, r1
 2688 01dc 0233     		adds	r3, r3, #2
 2689 01de 3C22     		movs	r2, #60
 2690 01e0 B918     		adds	r1, r7, r2
 2691 01e2 0622     		movs	r2, #6
 2692 01e4 1800     		movs	r0, r3
 2693 01e6 FFF7FEFF 		bl	memcpy
 2694 01ea 2FE0     		b	.L99
 2695              	.L98:
 2696              	.LBB9:
 561:Core/Src/nmea2000.c **** 		}
 562:Core/Src/nmea2000.c **** 		else
 563:Core/Src/nmea2000.c **** 		{
 564:Core/Src/nmea2000.c **** 			uint8_t off = (uint8_t)(6 + (var - 1) * 7);
 2697              		.loc 1 564 18
 2698 01ec 5523     		movs	r3, #85
 2699 01ee FB18     		adds	r3, r7, r3
 2700 01f0 1B78     		ldrb	r3, [r3]
 2701 01f2 1A1C     		adds	r2, r3, #0
 2702 01f4 D200     		lsls	r2, r2, #3
 2703 01f6 D31A     		subs	r3, r2, r3
 2704 01f8 DAB2     		uxtb	r2, r3
 2705              		.loc 1 564 12
 2706 01fa 4C20     		movs	r0, #76
 2707 01fc 3B18     		adds	r3, r7, r0
 2708 01fe 013A     		subs	r2, r2, #1
 2709 0200 1A70     		strb	r2, [r3]
 565:Core/Src/nmea2000.c **** 			uint8_t chunk = 7;
 2710              		.loc 1 565 12
 2711 0202 5421     		movs	r1, #84
ARM GAS  C:\Users\a_hae\AppData\Local\Temp\cc3QFm9N.s 			page 59


 2712 0204 7B18     		adds	r3, r7, r1
 2713 0206 0722     		movs	r2, #7
 2714 0208 1A70     		strb	r2, [r3]
 566:Core/Src/nmea2000.c **** 			if ((uint8_t)(off + chunk) > len)
 2715              		.loc 1 566 8
 2716 020a 3A18     		adds	r2, r7, r0
 2717 020c 7B18     		adds	r3, r7, r1
 2718 020e 1278     		ldrb	r2, [r2]
 2719 0210 1B78     		ldrb	r3, [r3]
 2720 0212 D318     		adds	r3, r2, r3
 2721 0214 DBB2     		uxtb	r3, r3
 2722              		.loc 1 566 7
 2723 0216 4D24     		movs	r4, #77
 2724 0218 3A19     		adds	r2, r7, r4
 2725 021a 1278     		ldrb	r2, [r2]
 2726 021c 9A42     		cmp	r2, r3
 2727 021e 06D2     		bcs	.L100
 567:Core/Src/nmea2000.c **** 			{
 568:Core/Src/nmea2000.c **** 				chunk = len - off;
 2728              		.loc 1 568 11
 2729 0220 7B18     		adds	r3, r7, r1
 2730 0222 3919     		adds	r1, r7, r4
 2731 0224 3A18     		adds	r2, r7, r0
 2732 0226 0978     		ldrb	r1, [r1]
 2733 0228 1278     		ldrb	r2, [r2]
 2734 022a 8A1A     		subs	r2, r1, r2
 2735 022c 1A70     		strb	r2, [r3]
 2736              	.L100:
 569:Core/Src/nmea2000.c **** 			}
 570:Core/Src/nmea2000.c **** 			memcpy(tx_msg + 1, payload + off, chunk);
 2737              		.loc 1 570 4
 2738 022e 3423     		movs	r3, #52
 2739 0230 FB18     		adds	r3, r7, r3
 2740 0232 0133     		adds	r3, r3, #1
 2741 0234 4C22     		movs	r2, #76
 2742 0236 BA18     		adds	r2, r7, r2
 2743 0238 1278     		ldrb	r2, [r2]
 2744 023a 3C21     		movs	r1, #60
 2745 023c 7918     		adds	r1, r7, r1
 2746 023e 8918     		adds	r1, r1, r2
 2747 0240 5422     		movs	r2, #84
 2748 0242 BA18     		adds	r2, r7, r2
 2749 0244 1278     		ldrb	r2, [r2]
 2750 0246 1800     		movs	r0, r3
 2751 0248 FFF7FEFF 		bl	memcpy
 2752              	.L99:
 2753              	.LBE9:
 571:Core/Src/nmea2000.c **** 		}
 572:Core/Src/nmea2000.c **** 
 573:Core/Src/nmea2000.c **** 		if (HAL_FDCAN_AddMessageToTxFifoQ(can_handle, &TxHeader, tx_msg) != HAL_OK)
 2754              		.loc 1 573 7
 2755 024c 3423     		movs	r3, #52
 2756 024e FA18     		adds	r2, r7, r3
 2757 0250 1023     		movs	r3, #16
 2758 0252 F918     		adds	r1, r7, r3
 2759 0254 FB68     		ldr	r3, [r7, #12]
 2760 0256 1800     		movs	r0, r3
ARM GAS  C:\Users\a_hae\AppData\Local\Temp\cc3QFm9N.s 			page 60


 2761 0258 FFF7FEFF 		bl	HAL_FDCAN_AddMessageToTxFifoQ
 2762 025c 031E     		subs	r3, r0, #0
 2763              		.loc 1 573 6 discriminator 1
 2764 025e 01D0     		beq	.L101
 574:Core/Src/nmea2000.c **** 		{
 575:Core/Src/nmea2000.c **** 			return 0;
 2765              		.loc 1 575 11
 2766 0260 0023     		movs	r3, #0
 2767 0262 16E0     		b	.L105
 2768              	.L101:
 576:Core/Src/nmea2000.c **** 		}
 577:Core/Src/nmea2000.c **** 		if (wait_tx_fifo_free(can_handle) == 0)
 2769              		.loc 1 577 7
 2770 0264 FB68     		ldr	r3, [r7, #12]
 2771 0266 1800     		movs	r0, r3
 2772 0268 FFF7FEFF 		bl	wait_tx_fifo_free
 2773 026c 031E     		subs	r3, r0, #0
 2774              		.loc 1 577 6 discriminator 1
 2775 026e 01D1     		bne	.L103
 578:Core/Src/nmea2000.c **** 		{
 579:Core/Src/nmea2000.c **** 			return 0;
 2776              		.loc 1 579 11
 2777 0270 0023     		movs	r3, #0
 2778 0272 0EE0     		b	.L105
 2779              	.L103:
 554:Core/Src/nmea2000.c **** 		memset(tx_msg, 0xFF, sizeof(tx_msg));
 2780              		.loc 1 554 39 discriminator 2
 2781 0274 5522     		movs	r2, #85
 2782 0276 BB18     		adds	r3, r7, r2
 2783 0278 BA18     		adds	r2, r7, r2
 2784 027a 1278     		ldrb	r2, [r2]
 2785 027c 0132     		adds	r2, r2, #1
 2786 027e 1A70     		strb	r2, [r3]
 2787              	.L97:
 554:Core/Src/nmea2000.c **** 		memset(tx_msg, 0xFF, sizeof(tx_msg));
 2788              		.loc 1 554 28 discriminator 1
 2789 0280 5523     		movs	r3, #85
 2790 0282 FA18     		adds	r2, r7, r3
 2791 0284 5623     		movs	r3, #86
 2792 0286 FB18     		adds	r3, r7, r3
 2793 0288 1278     		ldrb	r2, [r2]
 2794 028a 1B78     		ldrb	r3, [r3]
 2795 028c 9A42     		cmp	r2, r3
 2796 028e 8ED3     		bcc	.L104
 2797              	.LBE8:
 580:Core/Src/nmea2000.c **** 		}
 581:Core/Src/nmea2000.c **** 	}
 582:Core/Src/nmea2000.c **** 	return 1;
 2798              		.loc 1 582 9
 2799 0290 0123     		movs	r3, #1
 2800              	.L105:
 583:Core/Src/nmea2000.c **** }
 2801              		.loc 1 583 1
 2802 0292 1800     		movs	r0, r3
 2803 0294 BD46     		mov	sp, r7
 2804 0296 16B0     		add	sp, sp, #88
 2805              		@ sp needed
ARM GAS  C:\Users\a_hae\AppData\Local\Temp\cc3QFm9N.s 			page 61


 2806 0298 B0BD     		pop	{r4, r5, r7, pc}
 2807              	.L107:
 2808 029a C046     		.align	2
 2809              	.L106:
 2810 029c 00ED0100 		.word	126208
 2811              		.cfi_endproc
 2812              	.LFE375:
 2814              		.section	.text.NMEA2000_SendProprietaryFP,"ax",%progbits
 2815              		.align	1
 2816              		.global	NMEA2000_SendProprietaryFP
 2817              		.syntax unified
 2818              		.code	16
 2819              		.thumb_func
 2821              	NMEA2000_SendProprietaryFP:
 2822              	.LFB376:
 584:Core/Src/nmea2000.c **** 
 585:Core/Src/nmea2000.c **** /*
 586:Core/Src/nmea2000.c ****  * Sendet eine proprietaere Fast-Packet-Nachricht (PGN 126720) an 'dest'.
 587:Core/Src/nmea2000.c ****  * Der Aufrufer liefert den kompletten Payload inkl. Proprietary-Header.
 588:Core/Src/nmea2000.c ****  */
 589:Core/Src/nmea2000.c **** uint8_t NMEA2000_SendProprietaryFP(FDCAN_HandleTypeDef *can_handle, uint8_t src_adr, uint8_t dest, 
 590:Core/Src/nmea2000.c **** {
 2823              		.loc 1 590 1
 2824              		.cfi_startproc
 2825              		@ args = 4, pretend = 0, frame = 72
 2826              		@ frame_needed = 1, uses_anonymous_args = 0
 2827 0000 B0B5     		push	{r4, r5, r7, lr}
 2828              	.LCFI39:
 2829              		.cfi_def_cfa_offset 16
 2830              		.cfi_offset 4, -16
 2831              		.cfi_offset 5, -12
 2832              		.cfi_offset 7, -8
 2833              		.cfi_offset 14, -4
 2834 0002 92B0     		sub	sp, sp, #72
 2835              	.LCFI40:
 2836              		.cfi_def_cfa_offset 88
 2837 0004 00AF     		add	r7, sp, #0
 2838              	.LCFI41:
 2839              		.cfi_def_cfa_register 7
 2840 0006 F860     		str	r0, [r7, #12]
 2841 0008 0800     		movs	r0, r1
 2842 000a 1100     		movs	r1, r2
 2843 000c 7B60     		str	r3, [r7, #4]
 2844 000e 0B24     		movs	r4, #11
 2845 0010 3B19     		adds	r3, r7, r4
 2846 0012 021C     		adds	r2, r0, #0
 2847 0014 1A70     		strb	r2, [r3]
 2848 0016 0A20     		movs	r0, #10
 2849 0018 3B18     		adds	r3, r7, r0
 2850 001a 0A1C     		adds	r2, r1, #0
 2851 001c 1A70     		strb	r2, [r3]
 591:Core/Src/nmea2000.c **** 	uint8_t tx_msg[8];
 592:Core/Src/nmea2000.c **** 	uint32_t PGN = 126720;
 2852              		.loc 1 592 11
 2853 001e 644B     		ldr	r3, .L120
 2854 0020 3B64     		str	r3, [r7, #64]
 593:Core/Src/nmea2000.c **** 	uint8_t Priority = 6;
ARM GAS  C:\Users\a_hae\AppData\Local\Temp\cc3QFm9N.s 			page 62


 2855              		.loc 1 593 10
 2856 0022 3F25     		movs	r5, #63
 2857 0024 7B19     		adds	r3, r7, r5
 2858 0026 0622     		movs	r2, #6
 2859 0028 1A70     		strb	r2, [r3]
 594:Core/Src/nmea2000.c **** 
 595:Core/Src/nmea2000.c **** 	FDCAN_TxHeaderTypeDef TxHeader;
 596:Core/Src/nmea2000.c **** 
 597:Core/Src/nmea2000.c **** 	TxHeader.Identifier = (uint32_t)N2ktoCanID( (unsigned char)Priority, (unsigned long) PGN, (unsigne
 2860              		.loc 1 597 24
 2861 002a 3B19     		adds	r3, r7, r4
 2862 002c 1A78     		ldrb	r2, [r3]
 2863 002e 3B18     		adds	r3, r7, r0
 2864 0030 1C78     		ldrb	r4, [r3]
 2865 0032 396C     		ldr	r1, [r7, #64]
 2866 0034 7B19     		adds	r3, r7, r5
 2867 0036 1878     		ldrb	r0, [r3]
 2868 0038 2300     		movs	r3, r4
 2869 003a FFF7FEFF 		bl	N2ktoCanID
 2870 003e 0200     		movs	r2, r0
 2871              		.loc 1 597 22 discriminator 1
 2872 0040 1021     		movs	r1, #16
 2873 0042 7B18     		adds	r3, r7, r1
 2874 0044 1A60     		str	r2, [r3]
 598:Core/Src/nmea2000.c **** 	TxHeader.IdType = FDCAN_EXTENDED_ID;
 2875              		.loc 1 598 18
 2876 0046 7B18     		adds	r3, r7, r1
 2877 0048 8022     		movs	r2, #128
 2878 004a D205     		lsls	r2, r2, #23
 2879 004c 5A60     		str	r2, [r3, #4]
 599:Core/Src/nmea2000.c **** 	TxHeader.TxFrameType = FDCAN_DATA_FRAME;
 2880              		.loc 1 599 23
 2881 004e 7B18     		adds	r3, r7, r1
 2882 0050 0022     		movs	r2, #0
 2883 0052 9A60     		str	r2, [r3, #8]
 600:Core/Src/nmea2000.c **** 	TxHeader.DataLength = FDCAN_DLC_BYTES_8;
 2884              		.loc 1 600 22
 2885 0054 7B18     		adds	r3, r7, r1
 2886 0056 0822     		movs	r2, #8
 2887 0058 DA60     		str	r2, [r3, #12]
 601:Core/Src/nmea2000.c **** 	TxHeader.ErrorStateIndicator = FDCAN_ESI_ACTIVE;
 2888              		.loc 1 601 31
 2889 005a 7B18     		adds	r3, r7, r1
 2890 005c 0022     		movs	r2, #0
 2891 005e 1A61     		str	r2, [r3, #16]
 602:Core/Src/nmea2000.c **** 	TxHeader.BitRateSwitch = FDCAN_BRS_OFF;
 2892              		.loc 1 602 25
 2893 0060 7B18     		adds	r3, r7, r1
 2894 0062 0022     		movs	r2, #0
 2895 0064 5A61     		str	r2, [r3, #20]
 603:Core/Src/nmea2000.c **** 	TxHeader.FDFormat = FDCAN_CLASSIC_CAN;
 2896              		.loc 1 603 20
 2897 0066 7B18     		adds	r3, r7, r1
 2898 0068 0022     		movs	r2, #0
 2899 006a 9A61     		str	r2, [r3, #24]
 604:Core/Src/nmea2000.c **** 	TxHeader.TxEventFifoControl = FDCAN_NO_TX_EVENTS;
 2900              		.loc 1 604 30
ARM GAS  C:\Users\a_hae\AppData\Local\Temp\cc3QFm9N.s 			page 63


 2901 006c 7B18     		adds	r3, r7, r1
 2902 006e 0022     		movs	r2, #0
 2903 0070 DA61     		str	r2, [r3, #28]
 605:Core/Src/nmea2000.c **** 	TxHeader.MessageMarker = 0;
 2904              		.loc 1 605 25
 2905 0072 7B18     		adds	r3, r7, r1
 2906 0074 0022     		movs	r2, #0
 2907 0076 1A62     		str	r2, [r3, #32]
 606:Core/Src/nmea2000.c **** 
 607:Core/Src/nmea2000.c **** 	uint8_t nframes = 1;
 2908              		.loc 1 607 10
 2909 0078 4724     		movs	r4, #71
 2910 007a 3B19     		adds	r3, r7, r4
 2911 007c 0122     		movs	r2, #1
 2912 007e 1A70     		strb	r2, [r3]
 608:Core/Src/nmea2000.c **** 	if (len > 6)
 2913              		.loc 1 608 5
 2914 0080 5822     		movs	r2, #88
 2915 0082 BB18     		adds	r3, r7, r2
 2916 0084 1B78     		ldrb	r3, [r3]
 2917 0086 062B     		cmp	r3, #6
 2918 0088 0CD9     		bls	.L109
 609:Core/Src/nmea2000.c **** 	{
 610:Core/Src/nmea2000.c **** 		nframes += (uint8_t)((len - 6 + 6) / 7);
 2919              		.loc 1 610 33
 2920 008a BB18     		adds	r3, r7, r2
 2921 008c 1B78     		ldrb	r3, [r3]
 2922              		.loc 1 610 38
 2923 008e 0721     		movs	r1, #7
 2924 0090 1800     		movs	r0, r3
 2925 0092 FFF7FEFF 		bl	__aeabi_idiv
 2926 0096 0300     		movs	r3, r0
 2927              		.loc 1 610 14
 2928 0098 D9B2     		uxtb	r1, r3
 2929              		.loc 1 610 11
 2930 009a 3B19     		adds	r3, r7, r4
 2931 009c 3A19     		adds	r2, r7, r4
 2932 009e 1278     		ldrb	r2, [r2]
 2933 00a0 8A18     		adds	r2, r1, r2
 2934 00a2 1A70     		strb	r2, [r3]
 2935              	.L109:
 2936              	.LBB10:
 611:Core/Src/nmea2000.c **** 	}
 612:Core/Src/nmea2000.c **** 
 613:Core/Src/nmea2000.c **** 	for (uint8_t var = 0; var < nframes; ++var) {
 2937              		.loc 1 613 15
 2938 00a4 4623     		movs	r3, #70
 2939 00a6 FB18     		adds	r3, r7, r3
 2940 00a8 0022     		movs	r2, #0
 2941 00aa 1A70     		strb	r2, [r3]
 2942              		.loc 1 613 2
 2943 00ac 72E0     		b	.L110
 2944              	.L118:
 614:Core/Src/nmea2000.c **** 		memset(tx_msg, 0xFF, sizeof(tx_msg));
 2945              		.loc 1 614 3
 2946 00ae 3424     		movs	r4, #52
 2947 00b0 3B19     		adds	r3, r7, r4
ARM GAS  C:\Users\a_hae\AppData\Local\Temp\cc3QFm9N.s 			page 64


 2948 00b2 0822     		movs	r2, #8
 2949 00b4 FF21     		movs	r1, #255
 2950 00b6 1800     		movs	r0, r3
 2951 00b8 FFF7FEFF 		bl	memset
 615:Core/Src/nmea2000.c **** 		tx_msg[0] = var;
 2952              		.loc 1 615 13
 2953 00bc 2100     		movs	r1, r4
 2954 00be 7B18     		adds	r3, r7, r1
 2955 00c0 4620     		movs	r0, #70
 2956 00c2 3A18     		adds	r2, r7, r0
 2957 00c4 1278     		ldrb	r2, [r2]
 2958 00c6 1A70     		strb	r2, [r3]
 616:Core/Src/nmea2000.c **** 		if (var == 0)
 2959              		.loc 1 616 6
 2960 00c8 3B18     		adds	r3, r7, r0
 2961 00ca 1B78     		ldrb	r3, [r3]
 2962 00cc 002B     		cmp	r3, #0
 2963 00ce 18D1     		bne	.L111
 2964              	.LBB11:
 617:Core/Src/nmea2000.c **** 		{
 618:Core/Src/nmea2000.c **** 			tx_msg[1] = len;
 2965              		.loc 1 618 14
 2966 00d0 7A18     		adds	r2, r7, r1
 2967 00d2 5821     		movs	r1, #88
 2968 00d4 7B18     		adds	r3, r7, r1
 2969 00d6 1B78     		ldrb	r3, [r3]
 2970 00d8 5370     		strb	r3, [r2, #1]
 619:Core/Src/nmea2000.c **** 			uint8_t chunk0 = (len < 6) ? len : 6;
 2971              		.loc 1 619 12
 2972 00da 3D23     		movs	r3, #61
 2973 00dc FA18     		adds	r2, r7, r3
 2974 00de 7B18     		adds	r3, r7, r1
 2975 00e0 1B78     		ldrb	r3, [r3]
 2976 00e2 D9B2     		uxtb	r1, r3
 2977 00e4 0629     		cmp	r1, #6
 2978 00e6 00D9     		bls	.L112
 2979 00e8 0623     		movs	r3, #6
 2980              	.L112:
 2981 00ea 1370     		strb	r3, [r2]
 620:Core/Src/nmea2000.c **** 			memcpy(tx_msg + 2, payload, chunk0);
 2982              		.loc 1 620 4
 2983 00ec 3423     		movs	r3, #52
 2984 00ee FB18     		adds	r3, r7, r3
 2985 00f0 0233     		adds	r3, r3, #2
 2986 00f2 3D22     		movs	r2, #61
 2987 00f4 BA18     		adds	r2, r7, r2
 2988 00f6 1278     		ldrb	r2, [r2]
 2989 00f8 7968     		ldr	r1, [r7, #4]
 2990 00fa 1800     		movs	r0, r3
 2991 00fc FFF7FEFF 		bl	memcpy
 2992              	.LBE11:
 2993 0100 2EE0     		b	.L113
 2994              	.L111:
 2995              	.LBB12:
 621:Core/Src/nmea2000.c **** 		}
 622:Core/Src/nmea2000.c **** 		else
 623:Core/Src/nmea2000.c **** 		{
ARM GAS  C:\Users\a_hae\AppData\Local\Temp\cc3QFm9N.s 			page 65


 624:Core/Src/nmea2000.c **** 			uint8_t off = (uint8_t)(6 + (var - 1) * 7);
 2996              		.loc 1 624 18
 2997 0102 4623     		movs	r3, #70
 2998 0104 FB18     		adds	r3, r7, r3
 2999 0106 1B78     		ldrb	r3, [r3]
 3000 0108 1A1C     		adds	r2, r3, #0
 3001 010a D200     		lsls	r2, r2, #3
 3002 010c D31A     		subs	r3, r2, r3
 3003 010e DAB2     		uxtb	r2, r3
 3004              		.loc 1 624 12
 3005 0110 3E21     		movs	r1, #62
 3006 0112 7B18     		adds	r3, r7, r1
 3007 0114 013A     		subs	r2, r2, #1
 3008 0116 1A70     		strb	r2, [r3]
 625:Core/Src/nmea2000.c **** 			uint8_t chunk = 7;
 3009              		.loc 1 625 12
 3010 0118 4520     		movs	r0, #69
 3011 011a 3B18     		adds	r3, r7, r0
 3012 011c 0722     		movs	r2, #7
 3013 011e 1A70     		strb	r2, [r3]
 626:Core/Src/nmea2000.c **** 			if ((uint8_t)(off + chunk) > len)
 3014              		.loc 1 626 8
 3015 0120 7A18     		adds	r2, r7, r1
 3016 0122 3B18     		adds	r3, r7, r0
 3017 0124 1278     		ldrb	r2, [r2]
 3018 0126 1B78     		ldrb	r3, [r3]
 3019 0128 D318     		adds	r3, r2, r3
 3020 012a DAB2     		uxtb	r2, r3
 3021              		.loc 1 626 7
 3022 012c 5824     		movs	r4, #88
 3023 012e 3B19     		adds	r3, r7, r4
 3024 0130 1B78     		ldrb	r3, [r3]
 3025 0132 9342     		cmp	r3, r2
 3026 0134 06D2     		bcs	.L114
 627:Core/Src/nmea2000.c **** 			{
 628:Core/Src/nmea2000.c **** 				chunk = len - off;
 3027              		.loc 1 628 11
 3028 0136 3A18     		adds	r2, r7, r0
 3029 0138 3B19     		adds	r3, r7, r4
 3030 013a 7818     		adds	r0, r7, r1
 3031 013c 1978     		ldrb	r1, [r3]
 3032 013e 0378     		ldrb	r3, [r0]
 3033 0140 CB1A     		subs	r3, r1, r3
 3034 0142 1370     		strb	r3, [r2]
 3035              	.L114:
 629:Core/Src/nmea2000.c **** 			}
 630:Core/Src/nmea2000.c **** 			memcpy(tx_msg + 1, payload + off, chunk);
 3036              		.loc 1 630 4
 3037 0144 3423     		movs	r3, #52
 3038 0146 FB18     		adds	r3, r7, r3
 3039 0148 0133     		adds	r3, r3, #1
 3040 014a 3E22     		movs	r2, #62
 3041 014c BA18     		adds	r2, r7, r2
 3042 014e 1278     		ldrb	r2, [r2]
 3043              		.loc 1 630 31
 3044 0150 7968     		ldr	r1, [r7, #4]
 3045 0152 8918     		adds	r1, r1, r2
ARM GAS  C:\Users\a_hae\AppData\Local\Temp\cc3QFm9N.s 			page 66


 3046              		.loc 1 630 4
 3047 0154 4522     		movs	r2, #69
 3048 0156 BA18     		adds	r2, r7, r2
 3049 0158 1278     		ldrb	r2, [r2]
 3050 015a 1800     		movs	r0, r3
 3051 015c FFF7FEFF 		bl	memcpy
 3052              	.L113:
 3053              	.LBE12:
 631:Core/Src/nmea2000.c **** 		}
 632:Core/Src/nmea2000.c **** 
 633:Core/Src/nmea2000.c **** 		if (HAL_FDCAN_AddMessageToTxFifoQ(can_handle, &TxHeader, tx_msg) != HAL_OK)
 3054              		.loc 1 633 7
 3055 0160 3423     		movs	r3, #52
 3056 0162 FA18     		adds	r2, r7, r3
 3057 0164 1023     		movs	r3, #16
 3058 0166 F918     		adds	r1, r7, r3
 3059 0168 FB68     		ldr	r3, [r7, #12]
 3060 016a 1800     		movs	r0, r3
 3061 016c FFF7FEFF 		bl	HAL_FDCAN_AddMessageToTxFifoQ
 3062 0170 031E     		subs	r3, r0, #0
 3063              		.loc 1 633 6 discriminator 1
 3064 0172 01D0     		beq	.L115
 634:Core/Src/nmea2000.c **** 		{
 635:Core/Src/nmea2000.c **** 			return 0;
 3065              		.loc 1 635 11
 3066 0174 0023     		movs	r3, #0
 3067 0176 16E0     		b	.L119
 3068              	.L115:
 636:Core/Src/nmea2000.c **** 		}
 637:Core/Src/nmea2000.c **** 		if (wait_tx_fifo_free(can_handle) == 0)
 3069              		.loc 1 637 7
 3070 0178 FB68     		ldr	r3, [r7, #12]
 3071 017a 1800     		movs	r0, r3
 3072 017c FFF7FEFF 		bl	wait_tx_fifo_free
 3073 0180 031E     		subs	r3, r0, #0
 3074              		.loc 1 637 6 discriminator 1
 3075 0182 01D1     		bne	.L117
 638:Core/Src/nmea2000.c **** 		{
 639:Core/Src/nmea2000.c **** 			return 0;
 3076              		.loc 1 639 11
 3077 0184 0023     		movs	r3, #0
 3078 0186 0EE0     		b	.L119
 3079              	.L117:
 613:Core/Src/nmea2000.c **** 		memset(tx_msg, 0xFF, sizeof(tx_msg));
 3080              		.loc 1 613 39 discriminator 2
 3081 0188 4622     		movs	r2, #70
 3082 018a BB18     		adds	r3, r7, r2
 3083 018c BA18     		adds	r2, r7, r2
 3084 018e 1278     		ldrb	r2, [r2]
 3085 0190 0132     		adds	r2, r2, #1
 3086 0192 1A70     		strb	r2, [r3]
 3087              	.L110:
 613:Core/Src/nmea2000.c **** 		memset(tx_msg, 0xFF, sizeof(tx_msg));
 3088              		.loc 1 613 28 discriminator 1
 3089 0194 4623     		movs	r3, #70
 3090 0196 FA18     		adds	r2, r7, r3
 3091 0198 4723     		movs	r3, #71
ARM GAS  C:\Users\a_hae\AppData\Local\Temp\cc3QFm9N.s 			page 67


 3092 019a FB18     		adds	r3, r7, r3
 3093 019c 1278     		ldrb	r2, [r2]
 3094 019e 1B78     		ldrb	r3, [r3]
 3095 01a0 9A42     		cmp	r2, r3
 3096 01a2 84D3     		bcc	.L118
 3097              	.LBE10:
 640:Core/Src/nmea2000.c **** 		}
 641:Core/Src/nmea2000.c **** 	}
 642:Core/Src/nmea2000.c **** 	return 1;
 3098              		.loc 1 642 9
 3099 01a4 0123     		movs	r3, #1
 3100              	.L119:
 643:Core/Src/nmea2000.c **** }
 3101              		.loc 1 643 1
 3102 01a6 1800     		movs	r0, r3
 3103 01a8 BD46     		mov	sp, r7
 3104 01aa 12B0     		add	sp, sp, #72
 3105              		@ sp needed
 3106 01ac B0BD     		pop	{r4, r5, r7, pc}
 3107              	.L121:
 3108 01ae C046     		.align	2
 3109              	.L120:
 3110 01b0 00EF0100 		.word	126720
 3111              		.cfi_endproc
 3112              	.LFE376:
 3114              		.section	.text.NMEA2000_SendHeartbeat,"ax",%progbits
 3115              		.align	1
 3116              		.global	NMEA2000_SendHeartbeat
 3117              		.syntax unified
 3118              		.code	16
 3119              		.thumb_func
 3121              	NMEA2000_SendHeartbeat:
 3122              	.LFB377:
 644:Core/Src/nmea2000.c **** 
 645:Core/Src/nmea2000.c **** /*
 646:Core/Src/nmea2000.c ****  * Sendet PGN 126993 (Heartbeat). Norm: alle 60 s, Prioritaet 7. Viele MFDs
 647:Core/Src/nmea2000.c ****  * nutzen den Heartbeat, um zu erkennen, dass ein Geraet noch am Bus ist.
 648:Core/Src/nmea2000.c ****  * interval_ms: gemeldetes Sendeintervall in Millisekunden.
 649:Core/Src/nmea2000.c ****  */
 650:Core/Src/nmea2000.c **** uint8_t NMEA2000_SendHeartbeat(FDCAN_HandleTypeDef *can_handle, uint8_t src_adr, uint16_t interval_
 651:Core/Src/nmea2000.c **** {
 3123              		.loc 1 651 1
 3124              		.cfi_startproc
 3125              		@ args = 0, pretend = 0, frame = 64
 3126              		@ frame_needed = 1, uses_anonymous_args = 0
 3127 0000 80B5     		push	{r7, lr}
 3128              	.LCFI42:
 3129              		.cfi_def_cfa_offset 8
 3130              		.cfi_offset 7, -8
 3131              		.cfi_offset 14, -4
 3132 0002 90B0     		sub	sp, sp, #64
 3133              	.LCFI43:
 3134              		.cfi_def_cfa_offset 72
 3135 0004 00AF     		add	r7, sp, #0
 3136              	.LCFI44:
 3137              		.cfi_def_cfa_register 7
 3138 0006 7860     		str	r0, [r7, #4]
ARM GAS  C:\Users\a_hae\AppData\Local\Temp\cc3QFm9N.s 			page 68


 3139 0008 0800     		movs	r0, r1
 3140 000a 1100     		movs	r1, r2
 3141 000c FB1C     		adds	r3, r7, #3
 3142 000e 021C     		adds	r2, r0, #0
 3143 0010 1A70     		strb	r2, [r3]
 3144 0012 3B00     		movs	r3, r7
 3145 0014 0A1C     		adds	r2, r1, #0
 3146 0016 1A80     		strh	r2, [r3]
 652:Core/Src/nmea2000.c **** 	static uint8_t seq = 0;
 653:Core/Src/nmea2000.c **** 	uint8_t tx_data[8];
 654:Core/Src/nmea2000.c **** 	uint32_t PGN = 126993;
 3147              		.loc 1 654 11
 3148 0018 374B     		ldr	r3, .L129
 3149 001a FB63     		str	r3, [r7, #60]
 655:Core/Src/nmea2000.c **** 	uint8_t Priority = 7;
 3150              		.loc 1 655 10
 3151 001c 3B20     		movs	r0, #59
 3152 001e 3B18     		adds	r3, r7, r0
 3153 0020 0722     		movs	r2, #7
 3154 0022 1A70     		strb	r2, [r3]
 656:Core/Src/nmea2000.c **** 
 657:Core/Src/nmea2000.c **** 	FDCAN_TxHeaderTypeDef TxHeader;
 658:Core/Src/nmea2000.c **** 
 659:Core/Src/nmea2000.c **** 	TxHeader.Identifier = (uint32_t)N2ktoCanID( (unsigned char)Priority, (unsigned long) PGN, (unsigne
 3155              		.loc 1 659 24
 3156 0024 FB1C     		adds	r3, r7, #3
 3157 0026 1A78     		ldrb	r2, [r3]
 3158 0028 F96B     		ldr	r1, [r7, #60]
 3159 002a 3B18     		adds	r3, r7, r0
 3160 002c 1878     		ldrb	r0, [r3]
 3161 002e FF23     		movs	r3, #255
 3162 0030 FFF7FEFF 		bl	N2ktoCanID
 3163 0034 0200     		movs	r2, r0
 3164              		.loc 1 659 22 discriminator 1
 3165 0036 0C21     		movs	r1, #12
 3166 0038 7B18     		adds	r3, r7, r1
 3167 003a 1A60     		str	r2, [r3]
 660:Core/Src/nmea2000.c **** 	TxHeader.IdType = FDCAN_EXTENDED_ID;
 3168              		.loc 1 660 18
 3169 003c 7B18     		adds	r3, r7, r1
 3170 003e 8022     		movs	r2, #128
 3171 0040 D205     		lsls	r2, r2, #23
 3172 0042 5A60     		str	r2, [r3, #4]
 661:Core/Src/nmea2000.c **** 	TxHeader.TxFrameType = FDCAN_DATA_FRAME;
 3173              		.loc 1 661 23
 3174 0044 7B18     		adds	r3, r7, r1
 3175 0046 0022     		movs	r2, #0
 3176 0048 9A60     		str	r2, [r3, #8]
 662:Core/Src/nmea2000.c **** 	TxHeader.DataLength = FDCAN_DLC_BYTES_8;
 3177              		.loc 1 662 22
 3178 004a 7B18     		adds	r3, r7, r1
 3179 004c 0822     		movs	r2, #8
 3180 004e DA60     		str	r2, [r3, #12]
 663:Core/Src/nmea2000.c **** 	TxHeader.ErrorStateIndicator = FDCAN_ESI_ACTIVE;
 3181              		.loc 1 663 31
 3182 0050 7B18     		adds	r3, r7, r1
 3183 0052 0022     		movs	r2, #0
ARM GAS  C:\Users\a_hae\AppData\Local\Temp\cc3QFm9N.s 			page 69


 3184 0054 1A61     		str	r2, [r3, #16]
 664:Core/Src/nmea2000.c **** 	TxHeader.BitRateSwitch = FDCAN_BRS_OFF;
 3185              		.loc 1 664 25
 3186 0056 7B18     		adds	r3, r7, r1
 3187 0058 0022     		movs	r2, #0
 3188 005a 5A61     		str	r2, [r3, #20]
 665:Core/Src/nmea2000.c **** 	TxHeader.FDFormat = FDCAN_CLASSIC_CAN;
 3189              		.loc 1 665 20
 3190 005c 7B18     		adds	r3, r7, r1
 3191 005e 0022     		movs	r2, #0
 3192 0060 9A61     		str	r2, [r3, #24]
 666:Core/Src/nmea2000.c **** 	TxHeader.TxEventFifoControl = FDCAN_NO_TX_EVENTS;
 3193              		.loc 1 666 30
 3194 0062 7B18     		adds	r3, r7, r1
 3195 0064 0022     		movs	r2, #0
 3196 0066 DA61     		str	r2, [r3, #28]
 667:Core/Src/nmea2000.c **** 	TxHeader.MessageMarker = 0;
 3197              		.loc 1 667 25
 3198 0068 7B18     		adds	r3, r7, r1
 3199 006a 0022     		movs	r2, #0
 3200 006c 1A62     		str	r2, [r3, #32]
 668:Core/Src/nmea2000.c **** 
 669:Core/Src/nmea2000.c **** 	tx_data[0] = (uint8_t)(interval_ms & 0xFF);			/* Intervall (uint16 LE, ms) */
 3201              		.loc 1 669 15
 3202 006e 3B00     		movs	r3, r7
 3203 0070 1B88     		ldrh	r3, [r3]
 3204 0072 DAB2     		uxtb	r2, r3
 3205              		.loc 1 669 13
 3206 0074 3021     		movs	r1, #48
 3207 0076 7B18     		adds	r3, r7, r1
 3208 0078 1A70     		strb	r2, [r3]
 670:Core/Src/nmea2000.c **** 	tx_data[1] = (uint8_t)((interval_ms >> 8) & 0xFF);
 3209              		.loc 1 670 15
 3210 007a 3B00     		movs	r3, r7
 3211 007c 1B88     		ldrh	r3, [r3]
 3212 007e 1B0A     		lsrs	r3, r3, #8
 3213 0080 9BB2     		uxth	r3, r3
 3214 0082 DAB2     		uxtb	r2, r3
 3215              		.loc 1 670 13
 3216 0084 7B18     		adds	r3, r7, r1
 3217 0086 5A70     		strb	r2, [r3, #1]
 671:Core/Src/nmea2000.c **** 	tx_data[2] = seq;									/* Sequenzzaehler 0..252 */
 3218              		.loc 1 671 13
 3219 0088 1C4B     		ldr	r3, .L129+4
 3220 008a 1A78     		ldrb	r2, [r3]
 3221 008c 7B18     		adds	r3, r7, r1
 3222 008e 9A70     		strb	r2, [r3, #2]
 672:Core/Src/nmea2000.c **** 	tx_data[3] = 0xFF;									/* Controller-/Equipment-Status: n/a */
 3223              		.loc 1 672 13
 3224 0090 7B18     		adds	r3, r7, r1
 3225 0092 FF22     		movs	r2, #255
 3226 0094 DA70     		strb	r2, [r3, #3]
 673:Core/Src/nmea2000.c **** 	tx_data[4] = 0xFF;
 3227              		.loc 1 673 13
 3228 0096 7B18     		adds	r3, r7, r1
 3229 0098 FF22     		movs	r2, #255
 3230 009a 1A71     		strb	r2, [r3, #4]
ARM GAS  C:\Users\a_hae\AppData\Local\Temp\cc3QFm9N.s 			page 70


 674:Core/Src/nmea2000.c **** 	tx_data[5] = 0xFF;
 3231              		.loc 1 674 13
 3232 009c 7B18     		adds	r3, r7, r1
 3233 009e FF22     		movs	r2, #255
 3234 00a0 5A71     		strb	r2, [r3, #5]
 675:Core/Src/nmea2000.c **** 	tx_data[6] = 0xFF;
 3235              		.loc 1 675 13
 3236 00a2 7B18     		adds	r3, r7, r1
 3237 00a4 FF22     		movs	r2, #255
 3238 00a6 9A71     		strb	r2, [r3, #6]
 676:Core/Src/nmea2000.c **** 	tx_data[7] = 0xFF;
 3239              		.loc 1 676 13
 3240 00a8 7B18     		adds	r3, r7, r1
 3241 00aa FF22     		movs	r2, #255
 3242 00ac DA71     		strb	r2, [r3, #7]
 677:Core/Src/nmea2000.c **** 
 678:Core/Src/nmea2000.c **** 	seq = (uint8_t)((seq >= 252) ? 0 : (seq + 1));
 3243              		.loc 1 678 23
 3244 00ae 134B     		ldr	r3, .L129+4
 3245 00b0 1B78     		ldrb	r3, [r3]
 3246              		.loc 1 678 8
 3247 00b2 FB2B     		cmp	r3, #251
 3248 00b4 04D8     		bhi	.L123
 3249              		.loc 1 678 8 is_stmt 0 discriminator 1
 3250 00b6 114B     		ldr	r3, .L129+4
 3251 00b8 1B78     		ldrb	r3, [r3]
 3252 00ba 0133     		adds	r3, r3, #1
 3253 00bc DAB2     		uxtb	r2, r3
 3254 00be 00E0     		b	.L124
 3255              	.L123:
 3256              		.loc 1 678 8 discriminator 2
 3257 00c0 0022     		movs	r2, #0
 3258              	.L124:
 3259              		.loc 1 678 6 is_stmt 1 discriminator 4
 3260 00c2 0E4B     		ldr	r3, .L129+4
 3261 00c4 1A70     		strb	r2, [r3]
 679:Core/Src/nmea2000.c **** 
 680:Core/Src/nmea2000.c **** 	if (HAL_FDCAN_AddMessageToTxFifoQ(can_handle, &TxHeader, tx_data) != HAL_OK)
 3262              		.loc 1 680 6
 3263 00c6 3023     		movs	r3, #48
 3264 00c8 FA18     		adds	r2, r7, r3
 3265 00ca 0C23     		movs	r3, #12
 3266 00cc F918     		adds	r1, r7, r3
 3267 00ce 7B68     		ldr	r3, [r7, #4]
 3268 00d0 1800     		movs	r0, r3
 3269 00d2 FFF7FEFF 		bl	HAL_FDCAN_AddMessageToTxFifoQ
 3270 00d6 031E     		subs	r3, r0, #0
 3271              		.loc 1 680 5 discriminator 1
 3272 00d8 01D0     		beq	.L125
 681:Core/Src/nmea2000.c **** 	{
 682:Core/Src/nmea2000.c **** 		return 0;
 3273              		.loc 1 682 10
 3274 00da 0023     		movs	r3, #0
 3275 00dc 08E0     		b	.L128
 3276              	.L125:
 683:Core/Src/nmea2000.c **** 	}
 684:Core/Src/nmea2000.c **** 	if (wait_tx_fifo_free(can_handle) == 0)
ARM GAS  C:\Users\a_hae\AppData\Local\Temp\cc3QFm9N.s 			page 71


 3277              		.loc 1 684 6
 3278 00de 7B68     		ldr	r3, [r7, #4]
 3279 00e0 1800     		movs	r0, r3
 3280 00e2 FFF7FEFF 		bl	wait_tx_fifo_free
 3281 00e6 031E     		subs	r3, r0, #0
 3282              		.loc 1 684 5 discriminator 1
 3283 00e8 01D1     		bne	.L127
 685:Core/Src/nmea2000.c **** 	{
 686:Core/Src/nmea2000.c **** 		return 0;
 3284              		.loc 1 686 10
 3285 00ea 0023     		movs	r3, #0
 3286 00ec 00E0     		b	.L128
 3287              	.L127:
 687:Core/Src/nmea2000.c **** 	}
 688:Core/Src/nmea2000.c **** 
 689:Core/Src/nmea2000.c **** 	return 1;
 3288              		.loc 1 689 9
 3289 00ee 0123     		movs	r3, #1
 3290              	.L128:
 690:Core/Src/nmea2000.c **** }
 3291              		.loc 1 690 1
 3292 00f0 1800     		movs	r0, r3
 3293 00f2 BD46     		mov	sp, r7
 3294 00f4 10B0     		add	sp, sp, #64
 3295              		@ sp needed
 3296 00f6 80BD     		pop	{r7, pc}
 3297              	.L130:
 3298              		.align	2
 3299              	.L129:
 3300 00f8 11F00100 		.word	126993
 3301 00fc 00000000 		.word	seq.2
 3302              		.cfi_endproc
 3303              	.LFE377:
 3305              		.section	.text.fp_send,"ax",%progbits
 3306              		.align	1
 3307              		.syntax unified
 3308              		.code	16
 3309              		.thumb_func
 3311              	fp_send:
 3312              	.LFB378:
 691:Core/Src/nmea2000.c **** 
 692:Core/Src/nmea2000.c **** /* Generischer Fast-Packet-Sender: Frame 0 = [Zaehler, Gesamtlaenge, 6 Bytes],
 693:Core/Src/nmea2000.c ****  * Folgeframes = [Zaehler, 7 Bytes], Rest mit 0xFF aufgefuellt. */
 694:Core/Src/nmea2000.c **** static uint8_t fp_send(FDCAN_HandleTypeDef *can_handle, uint32_t PGN, uint8_t Priority, uint8_t src
 695:Core/Src/nmea2000.c **** {
 3313              		.loc 1 695 1
 3314              		.cfi_startproc
 3315              		@ args = 12, pretend = 0, frame = 72
 3316              		@ frame_needed = 1, uses_anonymous_args = 0
 3317 0000 90B5     		push	{r4, r7, lr}
 3318              	.LCFI45:
 3319              		.cfi_def_cfa_offset 12
 3320              		.cfi_offset 4, -12
 3321              		.cfi_offset 7, -8
 3322              		.cfi_offset 14, -4
 3323 0002 93B0     		sub	sp, sp, #76
 3324              	.LCFI46:
ARM GAS  C:\Users\a_hae\AppData\Local\Temp\cc3QFm9N.s 			page 72


 3325              		.cfi_def_cfa_offset 88
 3326 0004 00AF     		add	r7, sp, #0
 3327              	.LCFI47:
 3328              		.cfi_def_cfa_register 7
 3329 0006 F860     		str	r0, [r7, #12]
 3330 0008 B960     		str	r1, [r7, #8]
 3331 000a 1900     		movs	r1, r3
 3332 000c FB1D     		adds	r3, r7, #7
 3333 000e 1A70     		strb	r2, [r3]
 3334 0010 BB1D     		adds	r3, r7, #6
 3335 0012 0A1C     		adds	r2, r1, #0
 3336 0014 1A70     		strb	r2, [r3]
 696:Core/Src/nmea2000.c **** 	uint8_t tx_msg[8];
 697:Core/Src/nmea2000.c **** 
 698:Core/Src/nmea2000.c **** 	FDCAN_TxHeaderTypeDef TxHeader;
 699:Core/Src/nmea2000.c **** 
 700:Core/Src/nmea2000.c **** 	TxHeader.Identifier = (uint32_t)N2ktoCanID( (unsigned char)Priority, (unsigned long) PGN, (unsigne
 3337              		.loc 1 700 24
 3338 0016 BB1D     		adds	r3, r7, #6
 3339 0018 1A78     		ldrb	r2, [r3]
 3340 001a 5823     		movs	r3, #88
 3341 001c FB18     		adds	r3, r7, r3
 3342 001e 1C78     		ldrb	r4, [r3]
 3343 0020 B968     		ldr	r1, [r7, #8]
 3344 0022 FB1D     		adds	r3, r7, #7
 3345 0024 1878     		ldrb	r0, [r3]
 3346 0026 2300     		movs	r3, r4
 3347 0028 FFF7FEFF 		bl	N2ktoCanID
 3348 002c 0200     		movs	r2, r0
 3349              		.loc 1 700 22 discriminator 1
 3350 002e 1421     		movs	r1, #20
 3351 0030 7B18     		adds	r3, r7, r1
 3352 0032 1A60     		str	r2, [r3]
 701:Core/Src/nmea2000.c **** 	TxHeader.IdType = FDCAN_EXTENDED_ID;
 3353              		.loc 1 701 18
 3354 0034 7B18     		adds	r3, r7, r1
 3355 0036 8022     		movs	r2, #128
 3356 0038 D205     		lsls	r2, r2, #23
 3357 003a 5A60     		str	r2, [r3, #4]
 702:Core/Src/nmea2000.c **** 	TxHeader.TxFrameType = FDCAN_DATA_FRAME;
 3358              		.loc 1 702 23
 3359 003c 7B18     		adds	r3, r7, r1
 3360 003e 0022     		movs	r2, #0
 3361 0040 9A60     		str	r2, [r3, #8]
 703:Core/Src/nmea2000.c **** 	TxHeader.DataLength = FDCAN_DLC_BYTES_8;
 3362              		.loc 1 703 22
 3363 0042 7B18     		adds	r3, r7, r1
 3364 0044 0822     		movs	r2, #8
 3365 0046 DA60     		str	r2, [r3, #12]
 704:Core/Src/nmea2000.c **** 	TxHeader.ErrorStateIndicator = FDCAN_ESI_ACTIVE;
 3366              		.loc 1 704 31
 3367 0048 7B18     		adds	r3, r7, r1
 3368 004a 0022     		movs	r2, #0
 3369 004c 1A61     		str	r2, [r3, #16]
 705:Core/Src/nmea2000.c **** 	TxHeader.BitRateSwitch = FDCAN_BRS_OFF;
 3370              		.loc 1 705 25
 3371 004e 7B18     		adds	r3, r7, r1
ARM GAS  C:\Users\a_hae\AppData\Local\Temp\cc3QFm9N.s 			page 73


 3372 0050 0022     		movs	r2, #0
 3373 0052 5A61     		str	r2, [r3, #20]
 706:Core/Src/nmea2000.c **** 	TxHeader.FDFormat = FDCAN_CLASSIC_CAN;
 3374              		.loc 1 706 20
 3375 0054 7B18     		adds	r3, r7, r1
 3376 0056 0022     		movs	r2, #0
 3377 0058 9A61     		str	r2, [r3, #24]
 707:Core/Src/nmea2000.c **** 	TxHeader.TxEventFifoControl = FDCAN_NO_TX_EVENTS;
 3378              		.loc 1 707 30
 3379 005a 7B18     		adds	r3, r7, r1
 3380 005c 0022     		movs	r2, #0
 3381 005e DA61     		str	r2, [r3, #28]
 708:Core/Src/nmea2000.c **** 	TxHeader.MessageMarker = 0;
 3382              		.loc 1 708 25
 3383 0060 7B18     		adds	r3, r7, r1
 3384 0062 0022     		movs	r2, #0
 3385 0064 1A62     		str	r2, [r3, #32]
 709:Core/Src/nmea2000.c **** 
 710:Core/Src/nmea2000.c **** 	uint8_t nframes = 1;
 3386              		.loc 1 710 10
 3387 0066 4724     		movs	r4, #71
 3388 0068 3B19     		adds	r3, r7, r4
 3389 006a 0122     		movs	r2, #1
 3390 006c 1A70     		strb	r2, [r3]
 711:Core/Src/nmea2000.c **** 	if (len > 6)
 3391              		.loc 1 711 5
 3392 006e 6022     		movs	r2, #96
 3393 0070 BB18     		adds	r3, r7, r2
 3394 0072 1B78     		ldrb	r3, [r3]
 3395 0074 062B     		cmp	r3, #6
 3396 0076 0CD9     		bls	.L132
 712:Core/Src/nmea2000.c **** 	{
 713:Core/Src/nmea2000.c **** 		nframes += (uint8_t)((len - 6 + 6) / 7);
 3397              		.loc 1 713 33
 3398 0078 BB18     		adds	r3, r7, r2
 3399 007a 1B78     		ldrb	r3, [r3]
 3400              		.loc 1 713 38
 3401 007c 0721     		movs	r1, #7
 3402 007e 1800     		movs	r0, r3
 3403 0080 FFF7FEFF 		bl	__aeabi_idiv
 3404 0084 0300     		movs	r3, r0
 3405              		.loc 1 713 14
 3406 0086 D9B2     		uxtb	r1, r3
 3407              		.loc 1 713 11
 3408 0088 3B19     		adds	r3, r7, r4
 3409 008a 3A19     		adds	r2, r7, r4
 3410 008c 1278     		ldrb	r2, [r2]
 3411 008e 8A18     		adds	r2, r1, r2
 3412 0090 1A70     		strb	r2, [r3]
 3413              	.L132:
 3414              	.LBB13:
 714:Core/Src/nmea2000.c **** 	}
 715:Core/Src/nmea2000.c **** 
 716:Core/Src/nmea2000.c **** 	for (uint8_t var = 0; var < nframes; ++var) {
 3415              		.loc 1 716 15
 3416 0092 4623     		movs	r3, #70
 3417 0094 FB18     		adds	r3, r7, r3
ARM GAS  C:\Users\a_hae\AppData\Local\Temp\cc3QFm9N.s 			page 74


 3418 0096 0022     		movs	r2, #0
 3419 0098 1A70     		strb	r2, [r3]
 3420              		.loc 1 716 2
 3421 009a 72E0     		b	.L133
 3422              	.L141:
 717:Core/Src/nmea2000.c **** 		memset(tx_msg, 0xFF, sizeof(tx_msg));
 3423              		.loc 1 717 3
 3424 009c 3824     		movs	r4, #56
 3425 009e 3B19     		adds	r3, r7, r4
 3426 00a0 0822     		movs	r2, #8
 3427 00a2 FF21     		movs	r1, #255
 3428 00a4 1800     		movs	r0, r3
 3429 00a6 FFF7FEFF 		bl	memset
 718:Core/Src/nmea2000.c **** 		tx_msg[0] = var;
 3430              		.loc 1 718 13
 3431 00aa 2100     		movs	r1, r4
 3432 00ac 7B18     		adds	r3, r7, r1
 3433 00ae 4620     		movs	r0, #70
 3434 00b0 3A18     		adds	r2, r7, r0
 3435 00b2 1278     		ldrb	r2, [r2]
 3436 00b4 1A70     		strb	r2, [r3]
 719:Core/Src/nmea2000.c **** 		if (var == 0)
 3437              		.loc 1 719 6
 3438 00b6 3B18     		adds	r3, r7, r0
 3439 00b8 1B78     		ldrb	r3, [r3]
 3440 00ba 002B     		cmp	r3, #0
 3441 00bc 18D1     		bne	.L134
 3442              	.LBB14:
 720:Core/Src/nmea2000.c **** 		{
 721:Core/Src/nmea2000.c **** 			tx_msg[1] = len;
 3443              		.loc 1 721 14
 3444 00be 7B18     		adds	r3, r7, r1
 3445 00c0 6021     		movs	r1, #96
 3446 00c2 7A18     		adds	r2, r7, r1
 3447 00c4 1278     		ldrb	r2, [r2]
 3448 00c6 5A70     		strb	r2, [r3, #1]
 722:Core/Src/nmea2000.c **** 			uint8_t chunk0 = (len < 6) ? len : 6;
 3449              		.loc 1 722 12
 3450 00c8 4323     		movs	r3, #67
 3451 00ca FA18     		adds	r2, r7, r3
 3452 00cc 7B18     		adds	r3, r7, r1
 3453 00ce 1B78     		ldrb	r3, [r3]
 3454 00d0 D9B2     		uxtb	r1, r3
 3455 00d2 0629     		cmp	r1, #6
 3456 00d4 00D9     		bls	.L135
 3457 00d6 0623     		movs	r3, #6
 3458              	.L135:
 3459 00d8 1370     		strb	r3, [r2]
 723:Core/Src/nmea2000.c **** 			memcpy(tx_msg + 2, payload, chunk0);
 3460              		.loc 1 723 4
 3461 00da 3823     		movs	r3, #56
 3462 00dc FB18     		adds	r3, r7, r3
 3463 00de 0233     		adds	r3, r3, #2
 3464 00e0 4322     		movs	r2, #67
 3465 00e2 BA18     		adds	r2, r7, r2
 3466 00e4 1278     		ldrb	r2, [r2]
 3467 00e6 F96D     		ldr	r1, [r7, #92]
ARM GAS  C:\Users\a_hae\AppData\Local\Temp\cc3QFm9N.s 			page 75


 3468 00e8 1800     		movs	r0, r3
 3469 00ea FFF7FEFF 		bl	memcpy
 3470              	.LBE14:
 3471 00ee 2EE0     		b	.L136
 3472              	.L134:
 3473              	.LBB15:
 724:Core/Src/nmea2000.c **** 		}
 725:Core/Src/nmea2000.c **** 		else
 726:Core/Src/nmea2000.c **** 		{
 727:Core/Src/nmea2000.c **** 			uint8_t off = (uint8_t)(6 + (var - 1) * 7);
 3474              		.loc 1 727 18
 3475 00f0 4623     		movs	r3, #70
 3476 00f2 FB18     		adds	r3, r7, r3
 3477 00f4 1B78     		ldrb	r3, [r3]
 3478 00f6 1A1C     		adds	r2, r3, #0
 3479 00f8 D200     		lsls	r2, r2, #3
 3480 00fa D31A     		subs	r3, r2, r3
 3481 00fc DAB2     		uxtb	r2, r3
 3482              		.loc 1 727 12
 3483 00fe 4420     		movs	r0, #68
 3484 0100 3B18     		adds	r3, r7, r0
 3485 0102 013A     		subs	r2, r2, #1
 3486 0104 1A70     		strb	r2, [r3]
 728:Core/Src/nmea2000.c **** 			uint8_t chunk = 7;
 3487              		.loc 1 728 12
 3488 0106 4521     		movs	r1, #69
 3489 0108 7B18     		adds	r3, r7, r1
 3490 010a 0722     		movs	r2, #7
 3491 010c 1A70     		strb	r2, [r3]
 729:Core/Src/nmea2000.c **** 			if ((uint8_t)(off + chunk) > len)
 3492              		.loc 1 729 8
 3493 010e 3A18     		adds	r2, r7, r0
 3494 0110 7B18     		adds	r3, r7, r1
 3495 0112 1278     		ldrb	r2, [r2]
 3496 0114 1B78     		ldrb	r3, [r3]
 3497 0116 D318     		adds	r3, r2, r3
 3498 0118 DBB2     		uxtb	r3, r3
 3499              		.loc 1 729 7
 3500 011a 6024     		movs	r4, #96
 3501 011c 3A19     		adds	r2, r7, r4
 3502 011e 1278     		ldrb	r2, [r2]
 3503 0120 9A42     		cmp	r2, r3
 3504 0122 06D2     		bcs	.L137
 730:Core/Src/nmea2000.c **** 			{
 731:Core/Src/nmea2000.c **** 				chunk = len - off;
 3505              		.loc 1 731 11
 3506 0124 7B18     		adds	r3, r7, r1
 3507 0126 3919     		adds	r1, r7, r4
 3508 0128 3A18     		adds	r2, r7, r0
 3509 012a 0978     		ldrb	r1, [r1]
 3510 012c 1278     		ldrb	r2, [r2]
 3511 012e 8A1A     		subs	r2, r1, r2
 3512 0130 1A70     		strb	r2, [r3]
 3513              	.L137:
 732:Core/Src/nmea2000.c **** 			}
 733:Core/Src/nmea2000.c **** 			memcpy(tx_msg + 1, payload + off, chunk);
 3514              		.loc 1 733 4
ARM GAS  C:\Users\a_hae\AppData\Local\Temp\cc3QFm9N.s 			page 76


 3515 0132 3823     		movs	r3, #56
 3516 0134 FB18     		adds	r3, r7, r3
 3517 0136 0133     		adds	r3, r3, #1
 3518 0138 4422     		movs	r2, #68
 3519 013a BA18     		adds	r2, r7, r2
 3520 013c 1278     		ldrb	r2, [r2]
 3521              		.loc 1 733 31
 3522 013e F96D     		ldr	r1, [r7, #92]
 3523 0140 8918     		adds	r1, r1, r2
 3524              		.loc 1 733 4
 3525 0142 4522     		movs	r2, #69
 3526 0144 BA18     		adds	r2, r7, r2
 3527 0146 1278     		ldrb	r2, [r2]
 3528 0148 1800     		movs	r0, r3
 3529 014a FFF7FEFF 		bl	memcpy
 3530              	.L136:
 3531              	.LBE15:
 734:Core/Src/nmea2000.c **** 		}
 735:Core/Src/nmea2000.c **** 
 736:Core/Src/nmea2000.c **** 		if (HAL_FDCAN_AddMessageToTxFifoQ(can_handle, &TxHeader, tx_msg) != HAL_OK)
 3532              		.loc 1 736 7
 3533 014e 3823     		movs	r3, #56
 3534 0150 FA18     		adds	r2, r7, r3
 3535 0152 1423     		movs	r3, #20
 3536 0154 F918     		adds	r1, r7, r3
 3537 0156 FB68     		ldr	r3, [r7, #12]
 3538 0158 1800     		movs	r0, r3
 3539 015a FFF7FEFF 		bl	HAL_FDCAN_AddMessageToTxFifoQ
 3540 015e 031E     		subs	r3, r0, #0
 3541              		.loc 1 736 6 discriminator 1
 3542 0160 01D0     		beq	.L138
 737:Core/Src/nmea2000.c **** 		{
 738:Core/Src/nmea2000.c **** 			return 0;
 3543              		.loc 1 738 11
 3544 0162 0023     		movs	r3, #0
 3545 0164 16E0     		b	.L142
 3546              	.L138:
 739:Core/Src/nmea2000.c **** 		}
 740:Core/Src/nmea2000.c **** 		if (wait_tx_fifo_free(can_handle) == 0)
 3547              		.loc 1 740 7
 3548 0166 FB68     		ldr	r3, [r7, #12]
 3549 0168 1800     		movs	r0, r3
 3550 016a FFF7FEFF 		bl	wait_tx_fifo_free
 3551 016e 031E     		subs	r3, r0, #0
 3552              		.loc 1 740 6 discriminator 1
 3553 0170 01D1     		bne	.L140
 741:Core/Src/nmea2000.c **** 		{
 742:Core/Src/nmea2000.c **** 			return 0;
 3554              		.loc 1 742 11
 3555 0172 0023     		movs	r3, #0
 3556 0174 0EE0     		b	.L142
 3557              	.L140:
 716:Core/Src/nmea2000.c **** 		memset(tx_msg, 0xFF, sizeof(tx_msg));
 3558              		.loc 1 716 39 discriminator 2
 3559 0176 4622     		movs	r2, #70
 3560 0178 BB18     		adds	r3, r7, r2
 3561 017a BA18     		adds	r2, r7, r2
ARM GAS  C:\Users\a_hae\AppData\Local\Temp\cc3QFm9N.s 			page 77


 3562 017c 1278     		ldrb	r2, [r2]
 3563 017e 0132     		adds	r2, r2, #1
 3564 0180 1A70     		strb	r2, [r3]
 3565              	.L133:
 716:Core/Src/nmea2000.c **** 		memset(tx_msg, 0xFF, sizeof(tx_msg));
 3566              		.loc 1 716 28 discriminator 1
 3567 0182 4623     		movs	r3, #70
 3568 0184 FA18     		adds	r2, r7, r3
 3569 0186 4723     		movs	r3, #71
 3570 0188 FB18     		adds	r3, r7, r3
 3571 018a 1278     		ldrb	r2, [r2]
 3572 018c 1B78     		ldrb	r3, [r3]
 3573 018e 9A42     		cmp	r2, r3
 3574 0190 84D3     		bcc	.L141
 3575              	.LBE13:
 743:Core/Src/nmea2000.c **** 		}
 744:Core/Src/nmea2000.c **** 	}
 745:Core/Src/nmea2000.c **** 	return 1;
 3576              		.loc 1 745 9
 3577 0192 0123     		movs	r3, #1
 3578              	.L142:
 746:Core/Src/nmea2000.c **** }
 3579              		.loc 1 746 1
 3580 0194 1800     		movs	r0, r3
 3581 0196 BD46     		mov	sp, r7
 3582 0198 13B0     		add	sp, sp, #76
 3583              		@ sp needed
 3584 019a 90BD     		pop	{r4, r7, pc}
 3585              		.cfi_endproc
 3586              	.LFE378:
 3588              		.section	.text.NMEA2000_SendPGNList,"ax",%progbits
 3589              		.align	1
 3590              		.global	NMEA2000_SendPGNList
 3591              		.syntax unified
 3592              		.code	16
 3593              		.thumb_func
 3595              	NMEA2000_SendPGNList:
 3596              	.LFB379:
 747:Core/Src/nmea2000.c **** 
 748:Core/Src/nmea2000.c **** /*
 749:Core/Src/nmea2000.c ****  * Sendet PGN 126464 (PGN-Liste) als Antwort auf einen ISO Request:
 750:Core/Src/nmea2000.c ****  * erst die Liste der gesendeten PGNs (Funktionscode 0), dann die der
 751:Core/Src/nmea2000.c ****  * empfangenen (Funktionscode 1). Antwort als Broadcast (Fast Packet).
 752:Core/Src/nmea2000.c ****  */
 753:Core/Src/nmea2000.c **** uint8_t NMEA2000_SendPGNList(FDCAN_HandleTypeDef *can_handle, uint8_t src_adr)
 754:Core/Src/nmea2000.c **** {
 3597              		.loc 1 754 1
 3598              		.cfi_startproc
 3599              		@ args = 0, pretend = 0, frame = 40
 3600              		@ frame_needed = 1, uses_anonymous_args = 0
 3601 0000 90B5     		push	{r4, r7, lr}
 3602              	.LCFI48:
 3603              		.cfi_def_cfa_offset 12
 3604              		.cfi_offset 4, -12
 3605              		.cfi_offset 7, -8
 3606              		.cfi_offset 14, -4
 3607 0002 8FB0     		sub	sp, sp, #60
ARM GAS  C:\Users\a_hae\AppData\Local\Temp\cc3QFm9N.s 			page 78


 3608              	.LCFI49:
 3609              		.cfi_def_cfa_offset 72
 3610 0004 04AF     		add	r7, sp, #16
 3611              	.LCFI50:
 3612              		.cfi_def_cfa 7, 56
 3613 0006 7860     		str	r0, [r7, #4]
 3614 0008 0A00     		movs	r2, r1
 3615 000a FB1C     		adds	r3, r7, #3
 3616 000c 1A70     		strb	r2, [r3]
 755:Core/Src/nmea2000.c **** 	static const uint32_t tx_pgns[] = {60928, 126208, 126464, 126720, 126993, 126996, 126998, 127505, 
 756:Core/Src/nmea2000.c **** 	static const uint32_t rx_pgns[] = {59904, 60928, 65240, 126208, 126720};
 757:Core/Src/nmea2000.c **** 	uint8_t payload[1 + 9 * 3];
 758:Core/Src/nmea2000.c **** 	uint8_t len;
 759:Core/Src/nmea2000.c **** 
 760:Core/Src/nmea2000.c **** 	/* Funktionscode 0: Transmit-PGN-Liste */
 761:Core/Src/nmea2000.c **** 	payload[0] = 0;
 3617              		.loc 1 761 13
 3618 000e 0823     		movs	r3, #8
 3619 0010 FB18     		adds	r3, r7, r3
 3620 0012 0022     		movs	r2, #0
 3621 0014 1A70     		strb	r2, [r3]
 3622              	.LBB16:
 762:Core/Src/nmea2000.c **** 	for (uint8_t i = 0; i < 9; i++)
 3623              		.loc 1 762 15
 3624 0016 2723     		movs	r3, #39
 3625 0018 FB18     		adds	r3, r7, r3
 3626 001a 0022     		movs	r2, #0
 3627 001c 1A70     		strb	r2, [r3]
 3628              		.loc 1 762 2
 3629 001e 32E0     		b	.L144
 3630              	.L145:
 763:Core/Src/nmea2000.c **** 	{
 764:Core/Src/nmea2000.c **** 		payload[1 + i*3]     = (uint8_t)(tx_pgns[i] & 0xFF);
 3631              		.loc 1 764 43
 3632 0020 2720     		movs	r0, #39
 3633 0022 3B18     		adds	r3, r7, r0
 3634 0024 1A78     		ldrb	r2, [r3]
 3635 0026 544B     		ldr	r3, .L151
 3636 0028 9200     		lsls	r2, r2, #2
 3637 002a D158     		ldr	r1, [r2, r3]
 3638              		.loc 1 764 16
 3639 002c 3B18     		adds	r3, r7, r0
 3640 002e 1A78     		ldrb	r2, [r3]
 3641 0030 1300     		movs	r3, r2
 3642 0032 5B00     		lsls	r3, r3, #1
 3643 0034 9B18     		adds	r3, r3, r2
 3644              		.loc 1 764 13
 3645 0036 0133     		adds	r3, r3, #1
 3646              		.loc 1 764 26
 3647 0038 C9B2     		uxtb	r1, r1
 3648              		.loc 1 764 24
 3649 003a 0824     		movs	r4, #8
 3650 003c 3A19     		adds	r2, r7, r4
 3651 003e D154     		strb	r1, [r2, r3]
 765:Core/Src/nmea2000.c **** 		payload[1 + i*3 + 1] = (uint8_t)((tx_pgns[i] >> 8) & 0xFF);
 3652              		.loc 1 765 44
 3653 0040 3B18     		adds	r3, r7, r0
ARM GAS  C:\Users\a_hae\AppData\Local\Temp\cc3QFm9N.s 			page 79


 3654 0042 1A78     		ldrb	r2, [r3]
 3655 0044 4C4B     		ldr	r3, .L151
 3656 0046 9200     		lsls	r2, r2, #2
 3657 0048 D358     		ldr	r3, [r2, r3]
 3658              		.loc 1 765 48
 3659 004a 190A     		lsrs	r1, r3, #8
 3660              		.loc 1 765 16
 3661 004c 3B18     		adds	r3, r7, r0
 3662 004e 1A78     		ldrb	r2, [r3]
 3663 0050 1300     		movs	r3, r2
 3664 0052 5B00     		lsls	r3, r3, #1
 3665 0054 9B18     		adds	r3, r3, r2
 3666              		.loc 1 765 19
 3667 0056 0233     		adds	r3, r3, #2
 3668              		.loc 1 765 26
 3669 0058 C9B2     		uxtb	r1, r1
 3670              		.loc 1 765 24
 3671 005a 3A19     		adds	r2, r7, r4
 3672 005c D154     		strb	r1, [r2, r3]
 766:Core/Src/nmea2000.c **** 		payload[1 + i*3 + 2] = (uint8_t)((tx_pgns[i] >> 16) & 0xFF);
 3673              		.loc 1 766 44
 3674 005e 3B18     		adds	r3, r7, r0
 3675 0060 1A78     		ldrb	r2, [r3]
 3676 0062 454B     		ldr	r3, .L151
 3677 0064 9200     		lsls	r2, r2, #2
 3678 0066 D358     		ldr	r3, [r2, r3]
 3679              		.loc 1 766 48
 3680 0068 190C     		lsrs	r1, r3, #16
 3681              		.loc 1 766 19
 3682 006a 3B18     		adds	r3, r7, r0
 3683 006c 1B78     		ldrb	r3, [r3]
 3684 006e 5A1C     		adds	r2, r3, #1
 3685 0070 1300     		movs	r3, r2
 3686 0072 5B00     		lsls	r3, r3, #1
 3687 0074 9B18     		adds	r3, r3, r2
 3688              		.loc 1 766 26
 3689 0076 C9B2     		uxtb	r1, r1
 3690              		.loc 1 766 24
 3691 0078 3A19     		adds	r2, r7, r4
 3692 007a D154     		strb	r1, [r2, r3]
 762:Core/Src/nmea2000.c **** 	{
 3693              		.loc 1 762 30 discriminator 3
 3694 007c 3B18     		adds	r3, r7, r0
 3695 007e 1A78     		ldrb	r2, [r3]
 3696 0080 3B18     		adds	r3, r7, r0
 3697 0082 0132     		adds	r2, r2, #1
 3698 0084 1A70     		strb	r2, [r3]
 3699              	.L144:
 762:Core/Src/nmea2000.c **** 	{
 3700              		.loc 1 762 24 discriminator 1
 3701 0086 2723     		movs	r3, #39
 3702 0088 FB18     		adds	r3, r7, r3
 3703 008a 1B78     		ldrb	r3, [r3]
 3704 008c 082B     		cmp	r3, #8
 3705 008e C7D9     		bls	.L145
 3706              	.LBE16:
 767:Core/Src/nmea2000.c **** 	}
ARM GAS  C:\Users\a_hae\AppData\Local\Temp\cc3QFm9N.s 			page 80


 768:Core/Src/nmea2000.c **** 	len = 1 + 9 * 3;
 3707              		.loc 1 768 6
 3708 0090 2524     		movs	r4, #37
 3709 0092 3B19     		adds	r3, r7, r4
 3710 0094 1C22     		movs	r2, #28
 3711 0096 1A70     		strb	r2, [r3]
 769:Core/Src/nmea2000.c **** 	if (fp_send(can_handle, 126464, 6, src_adr, 0xFF, payload, len) == 0)
 3712              		.loc 1 769 6
 3713 0098 FB1C     		adds	r3, r7, #3
 3714 009a 1A78     		ldrb	r2, [r3]
 3715 009c F723     		movs	r3, #247
 3716 009e 5902     		lsls	r1, r3, #9
 3717 00a0 7868     		ldr	r0, [r7, #4]
 3718 00a2 3B19     		adds	r3, r7, r4
 3719 00a4 1B78     		ldrb	r3, [r3]
 3720 00a6 0293     		str	r3, [sp, #8]
 3721 00a8 0823     		movs	r3, #8
 3722 00aa FB18     		adds	r3, r7, r3
 3723 00ac 0193     		str	r3, [sp, #4]
 3724 00ae FF23     		movs	r3, #255
 3725 00b0 0093     		str	r3, [sp]
 3726 00b2 1300     		movs	r3, r2
 3727 00b4 0622     		movs	r2, #6
 3728 00b6 FFF7FEFF 		bl	fp_send
 3729 00ba 031E     		subs	r3, r0, #0
 3730              		.loc 1 769 5 discriminator 1
 3731 00bc 01D1     		bne	.L146
 770:Core/Src/nmea2000.c **** 	{
 771:Core/Src/nmea2000.c **** 		return 0;
 3732              		.loc 1 771 10
 3733 00be 0023     		movs	r3, #0
 3734 00c0 56E0     		b	.L150
 3735              	.L146:
 772:Core/Src/nmea2000.c **** 	}
 773:Core/Src/nmea2000.c **** 
 774:Core/Src/nmea2000.c **** 	/* Funktionscode 1: Receive-PGN-Liste */
 775:Core/Src/nmea2000.c **** 	payload[0] = 1;
 3736              		.loc 1 775 13
 3737 00c2 0823     		movs	r3, #8
 3738 00c4 FB18     		adds	r3, r7, r3
 3739 00c6 0122     		movs	r2, #1
 3740 00c8 1A70     		strb	r2, [r3]
 3741              	.LBB17:
 776:Core/Src/nmea2000.c **** 	for (uint8_t i = 0; i < 5; i++)
 3742              		.loc 1 776 15
 3743 00ca 2623     		movs	r3, #38
 3744 00cc FB18     		adds	r3, r7, r3
 3745 00ce 0022     		movs	r2, #0
 3746 00d0 1A70     		strb	r2, [r3]
 3747              		.loc 1 776 2
 3748 00d2 32E0     		b	.L148
 3749              	.L149:
 777:Core/Src/nmea2000.c **** 	{
 778:Core/Src/nmea2000.c **** 		payload[1 + i*3]     = (uint8_t)(rx_pgns[i] & 0xFF);
 3750              		.loc 1 778 43
 3751 00d4 2620     		movs	r0, #38
 3752 00d6 3B18     		adds	r3, r7, r0
ARM GAS  C:\Users\a_hae\AppData\Local\Temp\cc3QFm9N.s 			page 81


 3753 00d8 1A78     		ldrb	r2, [r3]
 3754 00da 284B     		ldr	r3, .L151+4
 3755 00dc 9200     		lsls	r2, r2, #2
 3756 00de D158     		ldr	r1, [r2, r3]
 3757              		.loc 1 778 16
 3758 00e0 3B18     		adds	r3, r7, r0
 3759 00e2 1A78     		ldrb	r2, [r3]
 3760 00e4 1300     		movs	r3, r2
 3761 00e6 5B00     		lsls	r3, r3, #1
 3762 00e8 9B18     		adds	r3, r3, r2
 3763              		.loc 1 778 13
 3764 00ea 0133     		adds	r3, r3, #1
 3765              		.loc 1 778 26
 3766 00ec C9B2     		uxtb	r1, r1
 3767              		.loc 1 778 24
 3768 00ee 0824     		movs	r4, #8
 3769 00f0 3A19     		adds	r2, r7, r4
 3770 00f2 D154     		strb	r1, [r2, r3]
 779:Core/Src/nmea2000.c **** 		payload[1 + i*3 + 1] = (uint8_t)((rx_pgns[i] >> 8) & 0xFF);
 3771              		.loc 1 779 44
 3772 00f4 3B18     		adds	r3, r7, r0
 3773 00f6 1A78     		ldrb	r2, [r3]
 3774 00f8 204B     		ldr	r3, .L151+4
 3775 00fa 9200     		lsls	r2, r2, #2
 3776 00fc D358     		ldr	r3, [r2, r3]
 3777              		.loc 1 779 48
 3778 00fe 190A     		lsrs	r1, r3, #8
 3779              		.loc 1 779 16
 3780 0100 3B18     		adds	r3, r7, r0
 3781 0102 1A78     		ldrb	r2, [r3]
 3782 0104 1300     		movs	r3, r2
 3783 0106 5B00     		lsls	r3, r3, #1
 3784 0108 9B18     		adds	r3, r3, r2
 3785              		.loc 1 779 19
 3786 010a 0233     		adds	r3, r3, #2
 3787              		.loc 1 779 26
 3788 010c C9B2     		uxtb	r1, r1
 3789              		.loc 1 779 24
 3790 010e 3A19     		adds	r2, r7, r4
 3791 0110 D154     		strb	r1, [r2, r3]
 780:Core/Src/nmea2000.c **** 		payload[1 + i*3 + 2] = (uint8_t)((rx_pgns[i] >> 16) & 0xFF);
 3792              		.loc 1 780 44
 3793 0112 3B18     		adds	r3, r7, r0
 3794 0114 1A78     		ldrb	r2, [r3]
 3795 0116 194B     		ldr	r3, .L151+4
 3796 0118 9200     		lsls	r2, r2, #2
 3797 011a D358     		ldr	r3, [r2, r3]
 3798              		.loc 1 780 48
 3799 011c 190C     		lsrs	r1, r3, #16
 3800              		.loc 1 780 19
 3801 011e 3B18     		adds	r3, r7, r0
 3802 0120 1B78     		ldrb	r3, [r3]
 3803 0122 5A1C     		adds	r2, r3, #1
 3804 0124 1300     		movs	r3, r2
 3805 0126 5B00     		lsls	r3, r3, #1
 3806 0128 9B18     		adds	r3, r3, r2
 3807              		.loc 1 780 26
ARM GAS  C:\Users\a_hae\AppData\Local\Temp\cc3QFm9N.s 			page 82


 3808 012a C9B2     		uxtb	r1, r1
 3809              		.loc 1 780 24
 3810 012c 3A19     		adds	r2, r7, r4
 3811 012e D154     		strb	r1, [r2, r3]
 776:Core/Src/nmea2000.c **** 	{
 3812              		.loc 1 776 30 discriminator 3
 3813 0130 3B18     		adds	r3, r7, r0
 3814 0132 1A78     		ldrb	r2, [r3]
 3815 0134 3B18     		adds	r3, r7, r0
 3816 0136 0132     		adds	r2, r2, #1
 3817 0138 1A70     		strb	r2, [r3]
 3818              	.L148:
 776:Core/Src/nmea2000.c **** 	{
 3819              		.loc 1 776 24 discriminator 1
 3820 013a 2623     		movs	r3, #38
 3821 013c FB18     		adds	r3, r7, r3
 3822 013e 1B78     		ldrb	r3, [r3]
 3823 0140 042B     		cmp	r3, #4
 3824 0142 C7D9     		bls	.L149
 3825              	.LBE17:
 781:Core/Src/nmea2000.c **** 	}
 782:Core/Src/nmea2000.c **** 	len = 1 + 5 * 3;
 3826              		.loc 1 782 6
 3827 0144 2524     		movs	r4, #37
 3828 0146 3B19     		adds	r3, r7, r4
 3829 0148 1022     		movs	r2, #16
 3830 014a 1A70     		strb	r2, [r3]
 783:Core/Src/nmea2000.c **** 	return fp_send(can_handle, 126464, 6, src_adr, 0xFF, payload, len);
 3831              		.loc 1 783 9
 3832 014c FB1C     		adds	r3, r7, #3
 3833 014e 1A78     		ldrb	r2, [r3]
 3834 0150 F723     		movs	r3, #247
 3835 0152 5902     		lsls	r1, r3, #9
 3836 0154 7868     		ldr	r0, [r7, #4]
 3837 0156 3B19     		adds	r3, r7, r4
 3838 0158 1B78     		ldrb	r3, [r3]
 3839 015a 0293     		str	r3, [sp, #8]
 3840 015c 0823     		movs	r3, #8
 3841 015e FB18     		adds	r3, r7, r3
 3842 0160 0193     		str	r3, [sp, #4]
 3843 0162 FF23     		movs	r3, #255
 3844 0164 0093     		str	r3, [sp]
 3845 0166 1300     		movs	r3, r2
 3846 0168 0622     		movs	r2, #6
 3847 016a FFF7FEFF 		bl	fp_send
 3848 016e 0300     		movs	r3, r0
 3849              	.L150:
 784:Core/Src/nmea2000.c **** }
 3850              		.loc 1 784 1
 3851 0170 1800     		movs	r0, r3
 3852 0172 BD46     		mov	sp, r7
 3853 0174 0BB0     		add	sp, sp, #44
 3854              		@ sp needed
 3855 0176 90BD     		pop	{r4, r7, pc}
 3856              	.L152:
 3857              		.align	2
 3858              	.L151:
ARM GAS  C:\Users\a_hae\AppData\Local\Temp\cc3QFm9N.s 			page 83


 3859 0178 00000000 		.word	tx_pgns.1
 3860 017c 00000000 		.word	rx_pgns.0
 3861              		.cfi_endproc
 3862              	.LFE379:
 3864              		.section	.text.NMEA2000_change_address,"ax",%progbits
 3865              		.align	1
 3866              		.global	NMEA2000_change_address
 3867              		.syntax unified
 3868              		.code	16
 3869              		.thumb_func
 3871              	NMEA2000_change_address:
 3872              	.LFB380:
 785:Core/Src/nmea2000.c **** 
 786:Core/Src/nmea2000.c **** /* Wechselt die eigene Quelladresse: FDCAN stoppen, RX-Filter auf die neue
 787:Core/Src/nmea2000.c ****  * Adresse umkonfigurieren, wieder starten. */
 788:Core/Src/nmea2000.c **** uint8_t NMEA2000_change_address(FDCAN_HandleTypeDef *can_handle, uint8_t new_adr)
 789:Core/Src/nmea2000.c **** {
 3873              		.loc 1 789 1
 3874              		.cfi_startproc
 3875              		@ args = 0, pretend = 0, frame = 8
 3876              		@ frame_needed = 1, uses_anonymous_args = 0
 3877 0000 80B5     		push	{r7, lr}
 3878              	.LCFI51:
 3879              		.cfi_def_cfa_offset 8
 3880              		.cfi_offset 7, -8
 3881              		.cfi_offset 14, -4
 3882 0002 82B0     		sub	sp, sp, #8
 3883              	.LCFI52:
 3884              		.cfi_def_cfa_offset 16
 3885 0004 00AF     		add	r7, sp, #0
 3886              	.LCFI53:
 3887              		.cfi_def_cfa_register 7
 3888 0006 7860     		str	r0, [r7, #4]
 3889 0008 0A00     		movs	r2, r1
 3890 000a FB1C     		adds	r3, r7, #3
 3891 000c 1A70     		strb	r2, [r3]
 790:Core/Src/nmea2000.c **** 	if (HAL_FDCAN_Stop(can_handle) != HAL_OK)
 3892              		.loc 1 790 6
 3893 000e 7B68     		ldr	r3, [r7, #4]
 3894 0010 1800     		movs	r0, r3
 3895 0012 FFF7FEFF 		bl	HAL_FDCAN_Stop
 3896 0016 031E     		subs	r3, r0, #0
 3897              		.loc 1 790 5 discriminator 1
 3898 0018 01D0     		beq	.L154
 791:Core/Src/nmea2000.c **** 	{
 792:Core/Src/nmea2000.c **** 		return 0;
 3899              		.loc 1 792 10
 3900 001a 0023     		movs	r3, #0
 3901 001c 13E0     		b	.L155
 3902              	.L154:
 793:Core/Src/nmea2000.c **** 	}
 794:Core/Src/nmea2000.c **** 	if (NMEA2000_config(can_handle, new_adr) == 0)
 3903              		.loc 1 794 6
 3904 001e FB1C     		adds	r3, r7, #3
 3905 0020 1A78     		ldrb	r2, [r3]
 3906 0022 7B68     		ldr	r3, [r7, #4]
 3907 0024 1100     		movs	r1, r2
ARM GAS  C:\Users\a_hae\AppData\Local\Temp\cc3QFm9N.s 			page 84


 3908 0026 1800     		movs	r0, r3
 3909 0028 FFF7FEFF 		bl	NMEA2000_config
 3910 002c 031E     		subs	r3, r0, #0
 3911              		.loc 1 794 5 discriminator 1
 3912 002e 01D1     		bne	.L156
 795:Core/Src/nmea2000.c **** 	{
 796:Core/Src/nmea2000.c **** 		return 0;
 3913              		.loc 1 796 10
 3914 0030 0023     		movs	r3, #0
 3915 0032 08E0     		b	.L155
 3916              	.L156:
 797:Core/Src/nmea2000.c **** 	}
 798:Core/Src/nmea2000.c **** 	if (HAL_FDCAN_Start(can_handle) != HAL_OK)
 3917              		.loc 1 798 6
 3918 0034 7B68     		ldr	r3, [r7, #4]
 3919 0036 1800     		movs	r0, r3
 3920 0038 FFF7FEFF 		bl	HAL_FDCAN_Start
 3921 003c 031E     		subs	r3, r0, #0
 3922              		.loc 1 798 5 discriminator 1
 3923 003e 01D0     		beq	.L157
 799:Core/Src/nmea2000.c **** 	{
 800:Core/Src/nmea2000.c **** 		return 0;
 3924              		.loc 1 800 10
 3925 0040 0023     		movs	r3, #0
 3926 0042 00E0     		b	.L155
 3927              	.L157:
 801:Core/Src/nmea2000.c **** 	}
 802:Core/Src/nmea2000.c **** 	return 1;
 3928              		.loc 1 802 9
 3929 0044 0123     		movs	r3, #1
 3930              	.L155:
 803:Core/Src/nmea2000.c **** }
 3931              		.loc 1 803 1
 3932 0046 1800     		movs	r0, r3
 3933 0048 BD46     		mov	sp, r7
 3934 004a 02B0     		add	sp, sp, #8
 3935              		@ sp needed
 3936 004c 80BD     		pop	{r7, pc}
 3937              		.cfi_endproc
 3938              	.LFE380:
 3940              		.section	.text.N2ktoCanID,"ax",%progbits
 3941              		.align	1
 3942              		.global	N2ktoCanID
 3943              		.syntax unified
 3944              		.code	16
 3945              		.thumb_func
 3947              	N2ktoCanID:
 3948              	.LFB381:
 804:Core/Src/nmea2000.c **** 
 805:Core/Src/nmea2000.c **** unsigned long N2ktoCanID(unsigned char priority, unsigned long PGN, unsigned long Source, unsigned 
 806:Core/Src/nmea2000.c **** {
 3949              		.loc 1 806 1
 3950              		.cfi_startproc
 3951              		@ args = 0, pretend = 0, frame = 24
 3952              		@ frame_needed = 1, uses_anonymous_args = 0
 3953 0000 80B5     		push	{r7, lr}
 3954              	.LCFI54:
ARM GAS  C:\Users\a_hae\AppData\Local\Temp\cc3QFm9N.s 			page 85


 3955              		.cfi_def_cfa_offset 8
 3956              		.cfi_offset 7, -8
 3957              		.cfi_offset 14, -4
 3958 0002 86B0     		sub	sp, sp, #24
 3959              	.LCFI55:
 3960              		.cfi_def_cfa_offset 32
 3961 0004 00AF     		add	r7, sp, #0
 3962              	.LCFI56:
 3963              		.cfi_def_cfa_register 7
 3964 0006 B960     		str	r1, [r7, #8]
 3965 0008 7A60     		str	r2, [r7, #4]
 3966 000a 1900     		movs	r1, r3
 3967 000c 0F23     		movs	r3, #15
 3968 000e FB18     		adds	r3, r7, r3
 3969 0010 021C     		adds	r2, r0, #0
 3970 0012 1A70     		strb	r2, [r3]
 3971 0014 0E23     		movs	r3, #14
 3972 0016 FB18     		adds	r3, r7, r3
 3973 0018 0A1C     		adds	r2, r1, #0
 3974 001a 1A70     		strb	r2, [r3]
 807:Core/Src/nmea2000.c ****   unsigned char CanIdPF = (unsigned char) (PGN >> 8);
 3975              		.loc 1 807 48
 3976 001c BB68     		ldr	r3, [r7, #8]
 3977 001e 1A0A     		lsrs	r2, r3, #8
 3978              		.loc 1 807 17
 3979 0020 1721     		movs	r1, #23
 3980 0022 7B18     		adds	r3, r7, r1
 3981 0024 1A70     		strb	r2, [r3]
 808:Core/Src/nmea2000.c **** 
 809:Core/Src/nmea2000.c ****   if (CanIdPF < 240) {  // PDU1 format
 3982              		.loc 1 809 6
 3983 0026 7B18     		adds	r3, r7, r1
 3984 0028 1B78     		ldrb	r3, [r3]
 3985 002a EF2B     		cmp	r3, #239
 3986 002c 17D8     		bhi	.L159
 810:Core/Src/nmea2000.c ****      if ( (PGN & 0xff) != 0 ) return 0;  // for PDU1 format PGN lowest byte has to be 0 for the des
 3987              		.loc 1 810 16
 3988 002e BB68     		ldr	r3, [r7, #8]
 3989 0030 FF22     		movs	r2, #255
 3990 0032 1340     		ands	r3, r2
 3991              		.loc 1 810 9
 3992 0034 01D0     		beq	.L160
 3993              		.loc 1 810 38 discriminator 1
 3994 0036 0023     		movs	r3, #0
 3995              		.loc 1 810 38 is_stmt 0
 3996 0038 1DE0     		b	.L161
 3997              	.L160:
 811:Core/Src/nmea2000.c ****      return ( ((unsigned long)(priority & 0x7))<<26 | PGN<<8 | ((unsigned long)Destination)<<8 | (u
 3998              		.loc 1 811 41 is_stmt 1
 3999 003a 0F23     		movs	r3, #15
 4000 003c FB18     		adds	r3, r7, r3
 4001 003e 1B78     		ldrb	r3, [r3]
 4002              		.loc 1 811 48
 4003 0040 9A06     		lsls	r2, r3, #26
 4004 0042 E023     		movs	r3, #224
 4005 0044 5B05     		lsls	r3, r3, #21
 4006 0046 1A40     		ands	r2, r3
ARM GAS  C:\Users\a_hae\AppData\Local\Temp\cc3QFm9N.s 			page 86


 4007              		.loc 1 811 58
 4008 0048 BB68     		ldr	r3, [r7, #8]
 4009 004a 1B02     		lsls	r3, r3, #8
 4010              		.loc 1 811 53
 4011 004c 1A43     		orrs	r2, r3
 4012              		.loc 1 811 65
 4013 004e 0E23     		movs	r3, #14
 4014 0050 FB18     		adds	r3, r7, r3
 4015 0052 1B78     		ldrb	r3, [r3]
 4016              		.loc 1 811 92
 4017 0054 1B02     		lsls	r3, r3, #8
 4018              		.loc 1 811 62
 4019 0056 1A43     		orrs	r2, r3
 4020              		.loc 1 811 96
 4021 0058 7B68     		ldr	r3, [r7, #4]
 4022 005a 1343     		orrs	r3, r2
 4023 005c 0BE0     		b	.L161
 4024              	.L159:
 812:Core/Src/nmea2000.c ****   } else { // PDU2 format
 813:Core/Src/nmea2000.c ****      return ( ((unsigned long)(priority & 0x7))<<26 | PGN<<8 | (unsigned long)Source);
 4025              		.loc 1 813 41
 4026 005e 0F23     		movs	r3, #15
 4027 0060 FB18     		adds	r3, r7, r3
 4028 0062 1B78     		ldrb	r3, [r3]
 4029              		.loc 1 813 48
 4030 0064 9A06     		lsls	r2, r3, #26
 4031 0066 E023     		movs	r3, #224
 4032 0068 5B05     		lsls	r3, r3, #21
 4033 006a 1A40     		ands	r2, r3
 4034              		.loc 1 813 58
 4035 006c BB68     		ldr	r3, [r7, #8]
 4036 006e 1B02     		lsls	r3, r3, #8
 4037              		.loc 1 813 53
 4038 0070 1A43     		orrs	r2, r3
 4039              		.loc 1 813 62
 4040 0072 7B68     		ldr	r3, [r7, #4]
 4041 0074 1343     		orrs	r3, r2
 4042              	.L161:
 814:Core/Src/nmea2000.c ****   }
 815:Core/Src/nmea2000.c **** }
 4043              		.loc 1 815 1
 4044 0076 1800     		movs	r0, r3
 4045 0078 BD46     		mov	sp, r7
 4046 007a 06B0     		add	sp, sp, #24
 4047              		@ sp needed
 4048 007c 80BD     		pop	{r7, pc}
 4049              		.cfi_endproc
 4050              	.LFE381:
 4052              		.section	.text.HAL_FDCAN_RxFifo0Callback,"ax",%progbits
 4053              		.align	1
 4054              		.global	HAL_FDCAN_RxFifo0Callback
 4055              		.syntax unified
 4056              		.code	16
 4057              		.thumb_func
 4059              	HAL_FDCAN_RxFifo0Callback:
 4060              	.LFB382:
 816:Core/Src/nmea2000.c **** 
ARM GAS  C:\Users\a_hae\AppData\Local\Temp\cc3QFm9N.s 			page 87


 817:Core/Src/nmea2000.c **** 
 818:Core/Src/nmea2000.c **** void HAL_FDCAN_RxFifo0Callback(FDCAN_HandleTypeDef *hfdcan, uint32_t RxFifo0ITs)
 819:Core/Src/nmea2000.c **** {
 4061              		.loc 1 819 1
 4062              		.cfi_startproc
 4063              		@ args = 0, pretend = 0, frame = 16
 4064              		@ frame_needed = 1, uses_anonymous_args = 0
 4065 0000 80B5     		push	{r7, lr}
 4066              	.LCFI57:
 4067              		.cfi_def_cfa_offset 8
 4068              		.cfi_offset 7, -8
 4069              		.cfi_offset 14, -4
 4070 0002 84B0     		sub	sp, sp, #16
 4071              	.LCFI58:
 4072              		.cfi_def_cfa_offset 24
 4073 0004 00AF     		add	r7, sp, #0
 4074              	.LCFI59:
 4075              		.cfi_def_cfa_register 7
 4076 0006 7860     		str	r0, [r7, #4]
 4077 0008 3960     		str	r1, [r7]
 820:Core/Src/nmea2000.c **** 	if((RxFifo0ITs & FDCAN_IT_RX_FIFO0_NEW_MESSAGE) != 0)
 4078              		.loc 1 820 17
 4079 000a 3B68     		ldr	r3, [r7]
 4080 000c 0122     		movs	r2, #1
 4081 000e 1340     		ands	r3, r2
 4082              		.loc 1 820 4
 4083 0010 2AD0     		beq	.L162
 4084              	.LBB18:
 821:Core/Src/nmea2000.c **** 	{
 822:Core/Src/nmea2000.c **** 		/* Frames an die eigene Adresse. Bei RX-Fehler: Frame verwerfen -
 823:Core/Src/nmea2000.c **** 		 * vorher lief hier Error_Handler() und das Geraet blieb dauerhaft
 824:Core/Src/nmea2000.c **** 		 * haengen (waere nur per Stromtrennung/IWDG zu retten). */
 825:Core/Src/nmea2000.c **** 		if (HAL_FDCAN_GetRxMessage(hfdcan, FDCAN_RX_FIFO0, &RxHeader0, RxData0) != HAL_OK)
 4085              		.loc 1 825 7
 4086 0012 174B     		ldr	r3, .L168
 4087 0014 174A     		ldr	r2, .L168+4
 4088 0016 7868     		ldr	r0, [r7, #4]
 4089 0018 4021     		movs	r1, #64
 4090 001a FFF7FEFF 		bl	HAL_FDCAN_GetRxMessage
 4091 001e 031E     		subs	r3, r0, #0
 4092              		.loc 1 825 6 discriminator 1
 4093 0020 21D1     		bne	.L167
 826:Core/Src/nmea2000.c **** 		{
 827:Core/Src/nmea2000.c **** 			return;
 828:Core/Src/nmea2000.c **** 		}
 829:Core/Src/nmea2000.c **** 
 830:Core/Src/nmea2000.c **** 		uint32_t pgn = canid_to_pgn(RxHeader0.Identifier);
 4094              		.loc 1 830 18
 4095 0022 144B     		ldr	r3, .L168+4
 4096 0024 1B68     		ldr	r3, [r3]
 4097 0026 1800     		movs	r0, r3
 4098 0028 FFF7FEFF 		bl	canid_to_pgn
 4099 002c 0300     		movs	r3, r0
 4100 002e FB60     		str	r3, [r7, #12]
 831:Core/Src/nmea2000.c **** 
 832:Core/Src/nmea2000.c **** 		if(pgn == 59904)		/* ISO Request (gerichtet an uns) */
 4101              		.loc 1 832 5
ARM GAS  C:\Users\a_hae\AppData\Local\Temp\cc3QFm9N.s 			page 88


 4102 0030 FA68     		ldr	r2, [r7, #12]
 4103 0032 EA23     		movs	r3, #234
 4104 0034 1B02     		lsls	r3, r3, #8
 4105 0036 9A42     		cmp	r2, r3
 4106 0038 04D1     		bne	.L165
 833:Core/Src/nmea2000.c **** 		{
 834:Core/Src/nmea2000.c **** 			handle_iso_request(RxData0);
 4107              		.loc 1 834 4
 4108 003a 0D4B     		ldr	r3, .L168
 4109 003c 1800     		movs	r0, r3
 4110 003e FFF7FEFF 		bl	handle_iso_request
 4111 0042 11E0     		b	.L162
 4112              	.L165:
 835:Core/Src/nmea2000.c **** 		}
 836:Core/Src/nmea2000.c **** 		else if((pgn == 126208) || (pgn == 126720))	/* Group Function / Proprietary (Fast Packet) */
 4113              		.loc 1 836 10
 4114 0044 FB68     		ldr	r3, [r7, #12]
 4115 0046 0C4A     		ldr	r2, .L168+8
 4116 0048 9342     		cmp	r3, r2
 4117 004a 03D0     		beq	.L166
 4118              		.loc 1 836 27 discriminator 1
 4119 004c FB68     		ldr	r3, [r7, #12]
 4120 004e 0B4A     		ldr	r2, .L168+12
 4121 0050 9342     		cmp	r3, r2
 4122 0052 09D1     		bne	.L162
 4123              	.L166:
 837:Core/Src/nmea2000.c **** 		{
 838:Core/Src/nmea2000.c **** 			gf_feed(pgn, (uint8_t)(RxHeader0.Identifier & 0xFF), RxData0);
 4124              		.loc 1 838 36
 4125 0054 074B     		ldr	r3, .L168+4
 4126 0056 1B68     		ldr	r3, [r3]
 4127              		.loc 1 838 4
 4128 0058 D9B2     		uxtb	r1, r3
 4129 005a 054A     		ldr	r2, .L168
 4130 005c FB68     		ldr	r3, [r7, #12]
 4131 005e 1800     		movs	r0, r3
 4132 0060 FFF7FEFF 		bl	gf_feed
 4133 0064 00E0     		b	.L162
 4134              	.L167:
 827:Core/Src/nmea2000.c **** 		}
 4135              		.loc 1 827 4
 4136 0066 C046     		nop
 4137              	.L162:
 4138              	.LBE18:
 839:Core/Src/nmea2000.c **** 		}
 840:Core/Src/nmea2000.c **** 	}
 841:Core/Src/nmea2000.c **** }
 4139              		.loc 1 841 1
 4140 0068 BD46     		mov	sp, r7
 4141 006a 04B0     		add	sp, sp, #16
 4142              		@ sp needed
 4143 006c 80BD     		pop	{r7, pc}
 4144              	.L169:
 4145 006e C046     		.align	2
 4146              	.L168:
 4147 0070 00000000 		.word	RxData0
 4148 0074 00000000 		.word	RxHeader0
ARM GAS  C:\Users\a_hae\AppData\Local\Temp\cc3QFm9N.s 			page 89


 4149 0078 00ED0100 		.word	126208
 4150 007c 00EF0100 		.word	126720
 4151              		.cfi_endproc
 4152              	.LFE382:
 4154              		.section	.text.HAL_FDCAN_RxFifo1Callback,"ax",%progbits
 4155              		.align	1
 4156              		.global	HAL_FDCAN_RxFifo1Callback
 4157              		.syntax unified
 4158              		.code	16
 4159              		.thumb_func
 4161              	HAL_FDCAN_RxFifo1Callback:
 4162              	.LFB383:
 842:Core/Src/nmea2000.c **** 
 843:Core/Src/nmea2000.c **** void HAL_FDCAN_RxFifo1Callback(FDCAN_HandleTypeDef *hfdcan, uint32_t RxFifo1ITs)
 844:Core/Src/nmea2000.c **** {
 4163              		.loc 1 844 1
 4164              		.cfi_startproc
 4165              		@ args = 0, pretend = 0, frame = 40
 4166              		@ frame_needed = 1, uses_anonymous_args = 0
 4167 0000 B0B5     		push	{r4, r5, r7, lr}
 4168              	.LCFI60:
 4169              		.cfi_def_cfa_offset 16
 4170              		.cfi_offset 4, -16
 4171              		.cfi_offset 5, -12
 4172              		.cfi_offset 7, -8
 4173              		.cfi_offset 14, -4
 4174 0002 8AB0     		sub	sp, sp, #40
 4175              	.LCFI61:
 4176              		.cfi_def_cfa_offset 56
 4177 0004 00AF     		add	r7, sp, #0
 4178              	.LCFI62:
 4179              		.cfi_def_cfa_register 7
 4180 0006 F860     		str	r0, [r7, #12]
 4181 0008 B960     		str	r1, [r7, #8]
 845:Core/Src/nmea2000.c **** 	if((RxFifo1ITs & FDCAN_IT_RX_FIFO1_NEW_MESSAGE) != 0)
 4182              		.loc 1 845 17
 4183 000a BB68     		ldr	r3, [r7, #8]
 4184 000c 0822     		movs	r2, #8
 4185 000e 1340     		ands	r3, r2
 4186              		.loc 1 845 4
 4187 0010 00D1     		bne	.LCB3717
 4188 0012 7CE0     		b	.L170	@long jump
 4189              	.LCB3717:
 4190              	.LBB19:
 846:Core/Src/nmea2000.c **** 	{
 847:Core/Src/nmea2000.c **** 		/* Broadcast-Frames. Bei RX-Fehler: Frame verwerfen (kein Error_Handler,
 848:Core/Src/nmea2000.c **** 		 * siehe RxFifo0Callback). */
 849:Core/Src/nmea2000.c **** 		if (HAL_FDCAN_GetRxMessage(hfdcan, FDCAN_RX_FIFO1, &RxHeader, RxData) != HAL_OK)
 4191              		.loc 1 849 7
 4192 0014 3F4B     		ldr	r3, .L182
 4193 0016 404A     		ldr	r2, .L182+4
 4194 0018 F868     		ldr	r0, [r7, #12]
 4195 001a 4121     		movs	r1, #65
 4196 001c FFF7FEFF 		bl	HAL_FDCAN_GetRxMessage
 4197 0020 031E     		subs	r3, r0, #0
 4198              		.loc 1 849 6 discriminator 1
 4199 0022 00D0     		beq	.LCB3726
ARM GAS  C:\Users\a_hae\AppData\Local\Temp\cc3QFm9N.s 			page 90


 4200 0024 72E0     		b	.L181	@long jump
 4201              	.LCB3726:
 850:Core/Src/nmea2000.c **** 		{
 851:Core/Src/nmea2000.c **** 			return;
 852:Core/Src/nmea2000.c **** 		}
 853:Core/Src/nmea2000.c **** 
 854:Core/Src/nmea2000.c **** 		uint32_t pgn = canid_to_pgn(RxHeader.Identifier);
 4202              		.loc 1 854 18
 4203 0026 3C4B     		ldr	r3, .L182+4
 4204 0028 1B68     		ldr	r3, [r3]
 4205 002a 1800     		movs	r0, r3
 4206 002c FFF7FEFF 		bl	canid_to_pgn
 4207 0030 0300     		movs	r3, r0
 4208 0032 BB61     		str	r3, [r7, #24]
 855:Core/Src/nmea2000.c **** 		uint8_t rx_src = (uint8_t)(RxHeader.Identifier & 0xFF);
 4209              		.loc 1 855 38
 4210 0034 384B     		ldr	r3, .L182+4
 4211 0036 1A68     		ldr	r2, [r3]
 4212              		.loc 1 855 11
 4213 0038 0F21     		movs	r1, #15
 4214 003a 0820     		movs	r0, #8
 4215 003c 0B18     		adds	r3, r1, r0
 4216 003e DB19     		adds	r3, r3, r7
 4217 0040 1A70     		strb	r2, [r3]
 856:Core/Src/nmea2000.c **** 
 857:Core/Src/nmea2000.c **** 		if((pgn == 60928) && (rx_src == dev_info_par.srcAdr))
 4218              		.loc 1 857 5
 4219 0042 BA69     		ldr	r2, [r7, #24]
 4220 0044 EE23     		movs	r3, #238
 4221 0046 1B02     		lsls	r3, r3, #8
 4222 0048 9A42     		cmp	r2, r3
 4223 004a 46D1     		bne	.L173
 4224              		.loc 1 857 47 discriminator 1
 4225 004c 334B     		ldr	r3, .L182+8
 4226 004e DB7A     		ldrb	r3, [r3, #11]
 4227              		.loc 1 857 21 discriminator 1
 4228 0050 0A18     		adds	r2, r1, r0
 4229 0052 D219     		adds	r2, r2, r7
 4230 0054 1278     		ldrb	r2, [r2]
 4231 0056 9A42     		cmp	r2, r3
 4232 0058 3FD1     		bne	.L173
 4233              	.LBB20:
 858:Core/Src/nmea2000.c **** 		{
 859:Core/Src/nmea2000.c **** 			/* Adresskonflikt: fremder Claim auf unserer Adresse.
 860:Core/Src/nmea2000.c **** 			 * NAME-Vergleich nach ISO 11783-5: der NIEDRIGERE NAME gewinnt. */
 861:Core/Src/nmea2000.c **** 			uint64_t rx_name = 0;
 4234              		.loc 1 861 13
 4235 005a 0022     		movs	r2, #0
 4236 005c 0023     		movs	r3, #0
 4237 005e 3A62     		str	r2, [r7, #32]
 4238 0060 7B62     		str	r3, [r7, #36]
 4239              	.LBB21:
 862:Core/Src/nmea2000.c **** 			for (int i = 7; i >= 0; i--)
 4240              		.loc 1 862 13
 4241 0062 0723     		movs	r3, #7
 4242 0064 FB61     		str	r3, [r7, #28]
 4243              		.loc 1 862 4
ARM GAS  C:\Users\a_hae\AppData\Local\Temp\cc3QFm9N.s 			page 91


 4244 0066 18E0     		b	.L174
 4245              	.L175:
 863:Core/Src/nmea2000.c **** 			{
 864:Core/Src/nmea2000.c **** 				rx_name = (rx_name << 8) | RxData[i];
 4246              		.loc 1 864 24
 4247 0068 3B6A     		ldr	r3, [r7, #32]
 4248 006a 1B0E     		lsrs	r3, r3, #24
 4249 006c 7A6A     		ldr	r2, [r7, #36]
 4250 006e 1502     		lsls	r5, r2, #8
 4251 0070 1D43     		orrs	r5, r3
 4252 0072 3B6A     		ldr	r3, [r7, #32]
 4253 0074 1C02     		lsls	r4, r3, #8
 4254              		.loc 1 864 38
 4255 0076 274A     		ldr	r2, .L182
 4256 0078 FB69     		ldr	r3, [r7, #28]
 4257 007a D318     		adds	r3, r2, r3
 4258 007c 1B78     		ldrb	r3, [r3]
 4259 007e 3B60     		str	r3, [r7]
 4260 0080 0023     		movs	r3, #0
 4261 0082 7B60     		str	r3, [r7, #4]
 4262              		.loc 1 864 13
 4263 0084 3968     		ldr	r1, [r7]
 4264 0086 7A68     		ldr	r2, [r7, #4]
 4265 0088 0B00     		movs	r3, r1
 4266 008a 2343     		orrs	r3, r4
 4267 008c 3B62     		str	r3, [r7, #32]
 4268 008e 1300     		movs	r3, r2
 4269 0090 2B43     		orrs	r3, r5
 4270 0092 7B62     		str	r3, [r7, #36]
 862:Core/Src/nmea2000.c **** 			for (int i = 7; i >= 0; i--)
 4271              		.loc 1 862 29 discriminator 3
 4272 0094 FB69     		ldr	r3, [r7, #28]
 4273 0096 013B     		subs	r3, r3, #1
 4274 0098 FB61     		str	r3, [r7, #28]
 4275              	.L174:
 862:Core/Src/nmea2000.c **** 			for (int i = 7; i >= 0; i--)
 4276              		.loc 1 862 22 discriminator 1
 4277 009a FB69     		ldr	r3, [r7, #28]
 4278 009c 002B     		cmp	r3, #0
 4279 009e E3DA     		bge	.L175
 4280              	.LBE21:
 865:Core/Src/nmea2000.c **** 			}
 866:Core/Src/nmea2000.c **** 
 867:Core/Src/nmea2000.c **** 			if (NMEA2000_BuildOwnName() < rx_name)
 4281              		.loc 1 867 8
 4282 00a0 FFF7FEFF 		bl	NMEA2000_BuildOwnName
 4283 00a4 0200     		movs	r2, r0
 4284 00a6 0B00     		movs	r3, r1
 4285              		.loc 1 867 7 discriminator 1
 4286 00a8 796A     		ldr	r1, [r7, #36]
 4287 00aa 9942     		cmp	r1, r3
 4288 00ac 05D8     		bhi	.L180
 4289 00ae 796A     		ldr	r1, [r7, #36]
 4290 00b0 9942     		cmp	r1, r3
 4291 00b2 0AD1     		bne	.L176
 4292 00b4 396A     		ldr	r1, [r7, #32]
 4293 00b6 9142     		cmp	r1, r2
ARM GAS  C:\Users\a_hae\AppData\Local\Temp\cc3QFm9N.s 			page 92


 4294 00b8 07D9     		bls	.L176
 4295              	.L180:
 868:Core/Src/nmea2000.c **** 			{
 869:Core/Src/nmea2000.c **** 				adr_claim++;	/* gewonnen: eigenen Claim wiederholen */
 4296              		.loc 1 869 14
 4297 00ba 194B     		ldr	r3, .L182+12
 4298 00bc 1B78     		ldrb	r3, [r3]
 4299 00be DBB2     		uxtb	r3, r3
 4300 00c0 0133     		adds	r3, r3, #1
 4301 00c2 DAB2     		uxtb	r2, r3
 4302 00c4 164B     		ldr	r3, .L182+12
 4303 00c6 1A70     		strb	r2, [r3]
 4304              	.LBE20:
 858:Core/Src/nmea2000.c **** 			/* Adresskonflikt: fremder Claim auf unserer Adresse.
 4305              		.loc 1 858 3
 4306 00c8 21E0     		b	.L170
 4307              	.L176:
 4308              	.LBB22:
 870:Core/Src/nmea2000.c **** 			}
 871:Core/Src/nmea2000.c **** 			else
 872:Core/Src/nmea2000.c **** 			{
 873:Core/Src/nmea2000.c **** 				adr_lost++;		/* verloren: Hauptschleife weicht auf neue Adresse aus */
 4309              		.loc 1 873 13
 4310 00ca 164B     		ldr	r3, .L182+16
 4311 00cc 1B78     		ldrb	r3, [r3]
 4312 00ce DBB2     		uxtb	r3, r3
 4313 00d0 0133     		adds	r3, r3, #1
 4314 00d2 DAB2     		uxtb	r2, r3
 4315 00d4 134B     		ldr	r3, .L182+16
 4316 00d6 1A70     		strb	r2, [r3]
 4317              	.LBE22:
 858:Core/Src/nmea2000.c **** 			/* Adresskonflikt: fremder Claim auf unserer Adresse.
 4318              		.loc 1 858 3
 4319 00d8 19E0     		b	.L170
 4320              	.L173:
 874:Core/Src/nmea2000.c **** 			}
 875:Core/Src/nmea2000.c **** 		}
 876:Core/Src/nmea2000.c **** 		else if(pgn == 59904)
 4321              		.loc 1 876 10
 4322 00da BA69     		ldr	r2, [r7, #24]
 4323 00dc EA23     		movs	r3, #234
 4324 00de 1B02     		lsls	r3, r3, #8
 4325 00e0 9A42     		cmp	r2, r3
 4326 00e2 04D1     		bne	.L179
 877:Core/Src/nmea2000.c **** 		{
 878:Core/Src/nmea2000.c **** 			/* Broadcast-ISO-Request (an 0xFF): jetzt fuer alle unterstuetzten
 879:Core/Src/nmea2000.c **** 			 * PGNs beantwortet - vorher nur Address Claim, d.h. Broadcast-
 880:Core/Src/nmea2000.c **** 			 * Requests auf Product Info etc. blieben unbeantwortet. */
 881:Core/Src/nmea2000.c **** 			handle_iso_request(RxData);
 4327              		.loc 1 881 4
 4328 00e4 0B4B     		ldr	r3, .L182
 4329 00e6 1800     		movs	r0, r3
 4330 00e8 FFF7FEFF 		bl	handle_iso_request
 4331 00ec 0FE0     		b	.L170
 4332              	.L179:
 882:Core/Src/nmea2000.c **** 		}
 883:Core/Src/nmea2000.c **** 		else if(pgn == 65240)
ARM GAS  C:\Users\a_hae\AppData\Local\Temp\cc3QFm9N.s 			page 93


 4333              		.loc 1 883 10
 4334 00ee BB69     		ldr	r3, [r7, #24]
 4335 00f0 0D4A     		ldr	r2, .L182+20
 4336 00f2 9342     		cmp	r3, r2
 4337 00f4 0BD1     		bne	.L170
 884:Core/Src/nmea2000.c **** 		{
 885:Core/Src/nmea2000.c **** 			/* Commanded Address (ISO 11783-5): Fast Packet mit 8 Byte NAME
 886:Core/Src/nmea2000.c **** 			 * + 1 Byte Zieladresse - in der Hauptschleife auswerten. */
 887:Core/Src/nmea2000.c **** 			gf_feed(pgn, rx_src, RxData);
 4338              		.loc 1 887 4
 4339 00f6 074A     		ldr	r2, .L182
 4340 00f8 0F23     		movs	r3, #15
 4341 00fa 0821     		movs	r1, #8
 4342 00fc 5B18     		adds	r3, r3, r1
 4343 00fe DB19     		adds	r3, r3, r7
 4344 0100 1978     		ldrb	r1, [r3]
 4345 0102 BB69     		ldr	r3, [r7, #24]
 4346 0104 1800     		movs	r0, r3
 4347 0106 FFF7FEFF 		bl	gf_feed
 4348 010a 00E0     		b	.L170
 4349              	.L181:
 851:Core/Src/nmea2000.c **** 		}
 4350              		.loc 1 851 4
 4351 010c C046     		nop
 4352              	.L170:
 4353              	.LBE19:
 888:Core/Src/nmea2000.c **** 		}
 889:Core/Src/nmea2000.c **** 	}
 890:Core/Src/nmea2000.c **** }
 4354              		.loc 1 890 1
 4355 010e BD46     		mov	sp, r7
 4356 0110 0AB0     		add	sp, sp, #40
 4357              		@ sp needed
 4358 0112 B0BD     		pop	{r4, r5, r7, pc}
 4359              	.L183:
 4360              		.align	2
 4361              	.L182:
 4362 0114 00000000 		.word	RxData
 4363 0118 00000000 		.word	RxHeader
 4364 011c 00000000 		.word	dev_info_par
 4365 0120 00000000 		.word	adr_claim
 4366 0124 00000000 		.word	adr_lost
 4367 0128 D8FE0000 		.word	65240
 4368              		.cfi_endproc
 4369              	.LFE383:
 4371              		.section	.rodata.hexd.4,"a"
 4372              		.align	2
 4375              	hexd.4:
 4376 0000 30313233 		.ascii	"0123456789ABCDEF\000"
 4376      34353637 
 4376      38394142 
 4376      43444546 
 4376      00
 4377              		.section	.rodata.mfr.3,"a"
 4378              		.align	2
 4381              	mfr.3:
 4382 0000 44495920 		.ascii	"DIY NMEA2000 Lib\000"
ARM GAS  C:\Users\a_hae\AppData\Local\Temp\cc3QFm9N.s 			page 94


 4382      4E4D4541 
 4382      32303030 
 4382      204C6962 
 4382      00
 4383              		.section	.bss.seq.2,"aw",%nobits
 4386              	seq.2:
 4387 0000 00       		.space	1
 4388              		.section	.rodata.tx_pgns.1,"a"
 4389              		.align	2
 4392              	tx_pgns.1:
 4393 0000 00EE0000 		.word	60928
 4394 0004 00ED0100 		.word	126208
 4395 0008 00EE0100 		.word	126464
 4396 000c 00EF0100 		.word	126720
 4397 0010 11F00100 		.word	126993
 4398 0014 14F00100 		.word	126996
 4399 0018 16F00100 		.word	126998
 4400 001c 11F20100 		.word	127505
 4401 0020 08FD0100 		.word	130312
 4402              		.section	.rodata.rx_pgns.0,"a"
 4403              		.align	2
 4406              	rx_pgns.0:
 4407 0000 00EA0000 		.word	59904
 4408 0004 00EE0000 		.word	60928
 4409 0008 D8FE0000 		.word	65240
 4410 000c 00ED0100 		.word	126208
 4411 0010 00EF0100 		.word	126720
 4412              		.text
 4413              	.Letext0:
 4414              		.file 2 "C:\\ST\\STM32CubeIDE_2.2.0\\STM32CubeIDE\\plugins\\com.st.stm32cube.ide.mcu.externaltools
 4415              		.file 3 "C:\\ST\\STM32CubeIDE_2.2.0\\STM32CubeIDE\\plugins\\com.st.stm32cube.ide.mcu.externaltools
 4416              		.file 4 "Drivers/CMSIS/Device/ST/STM32G0xx/Include/stm32g0b1xx.h"
 4417              		.file 5 "Drivers/CMSIS/Device/ST/STM32G0xx/Include/stm32g0xx.h"
 4418              		.file 6 "Drivers/STM32G0xx_HAL_Driver/Inc/stm32g0xx_hal_def.h"
 4419              		.file 7 "Drivers/STM32G0xx_HAL_Driver/Inc/stm32g0xx_hal_fdcan.h"
 4420              		.file 8 "Core/Inc/nmea2000.h"
 4421              		.file 9 "Drivers/STM32G0xx_HAL_Driver/Inc/stm32g0xx_ll_dma.h"
 4422              		.file 10 "C:\\ST\\STM32CubeIDE_2.2.0\\STM32CubeIDE\\plugins\\com.st.stm32cube.ide.mcu.externaltool
 4423              		.file 11 "Drivers/STM32G0xx_HAL_Driver/Inc/stm32g0xx_hal.h"
ARM GAS  C:\Users\a_hae\AppData\Local\Temp\cc3QFm9N.s 			page 95


DEFINED SYMBOLS
                            *ABS*:00000000 nmea2000.c
C:\Users\a_hae\AppData\Local\Temp\cc3QFm9N.s:19     .rodata.CHANNEL_OFFSET_TAB:00000000 $d
C:\Users\a_hae\AppData\Local\Temp\cc3QFm9N.s:22     .rodata.CHANNEL_OFFSET_TAB:00000000 CHANNEL_OFFSET_TAB
C:\Users\a_hae\AppData\Local\Temp\cc3QFm9N.s:29     .bss.RxHeader:00000000 RxHeader
C:\Users\a_hae\AppData\Local\Temp\cc3QFm9N.s:26     .bss.RxHeader:00000000 $d
C:\Users\a_hae\AppData\Local\Temp\cc3QFm9N.s:36     .bss.RxHeader0:00000000 RxHeader0
C:\Users\a_hae\AppData\Local\Temp\cc3QFm9N.s:33     .bss.RxHeader0:00000000 $d
C:\Users\a_hae\AppData\Local\Temp\cc3QFm9N.s:43     .bss.RxData:00000000 RxData
C:\Users\a_hae\AppData\Local\Temp\cc3QFm9N.s:40     .bss.RxData:00000000 $d
C:\Users\a_hae\AppData\Local\Temp\cc3QFm9N.s:50     .bss.RxData0:00000000 RxData0
C:\Users\a_hae\AppData\Local\Temp\cc3QFm9N.s:47     .bss.RxData0:00000000 $d
C:\Users\a_hae\AppData\Local\Temp\cc3QFm9N.s:57     .bss.gf_buf:00000000 gf_buf
C:\Users\a_hae\AppData\Local\Temp\cc3QFm9N.s:54     .bss.gf_buf:00000000 $d
C:\Users\a_hae\AppData\Local\Temp\cc3QFm9N.s:63     .bss.gf_ready:00000000 gf_ready
C:\Users\a_hae\AppData\Local\Temp\cc3QFm9N.s:64     .bss.gf_ready:00000000 $d
C:\Users\a_hae\AppData\Local\Temp\cc3QFm9N.s:69     .bss.gf_src:00000000 gf_src
C:\Users\a_hae\AppData\Local\Temp\cc3QFm9N.s:70     .bss.gf_src:00000000 $d
C:\Users\a_hae\AppData\Local\Temp\cc3QFm9N.s:75     .bss.gf_len:00000000 gf_len
C:\Users\a_hae\AppData\Local\Temp\cc3QFm9N.s:76     .bss.gf_len:00000000 $d
C:\Users\a_hae\AppData\Local\Temp\cc3QFm9N.s:82     .bss.gf_pgn:00000000 gf_pgn
C:\Users\a_hae\AppData\Local\Temp\cc3QFm9N.s:79     .bss.gf_pgn:00000000 $d
C:\Users\a_hae\AppData\Local\Temp\cc3QFm9N.s:87     .data.gf_frame_next:00000000 gf_frame_next
C:\Users\a_hae\AppData\Local\Temp\cc3QFm9N.s:92     .bss.gf_pos:00000000 gf_pos
C:\Users\a_hae\AppData\Local\Temp\cc3QFm9N.s:93     .bss.gf_pos:00000000 $d
C:\Users\a_hae\AppData\Local\Temp\cc3QFm9N.s:97     .bss.gf_total:00000000 gf_total
C:\Users\a_hae\AppData\Local\Temp\cc3QFm9N.s:98     .bss.gf_total:00000000 $d
C:\Users\a_hae\AppData\Local\Temp\cc3QFm9N.s:100    .bss.gf_rx_pgn:00000000 $d
C:\Users\a_hae\AppData\Local\Temp\cc3QFm9N.s:103    .bss.gf_rx_pgn:00000000 gf_rx_pgn
C:\Users\a_hae\AppData\Local\Temp\cc3QFm9N.s:109    .bss.fluid_req:00000000 fluid_req
C:\Users\a_hae\AppData\Local\Temp\cc3QFm9N.s:110    .bss.fluid_req:00000000 $d
C:\Users\a_hae\AppData\Local\Temp\cc3QFm9N.s:115    .bss.pgnlist_req:00000000 pgnlist_req
C:\Users\a_hae\AppData\Local\Temp\cc3QFm9N.s:116    .bss.pgnlist_req:00000000 $d
C:\Users\a_hae\AppData\Local\Temp\cc3QFm9N.s:118    .text.gf_feed:00000000 $t
C:\Users\a_hae\AppData\Local\Temp\cc3QFm9N.s:123    .text.gf_feed:00000000 gf_feed
C:\Users\a_hae\AppData\Local\Temp\cc3QFm9N.s:340    .text.gf_feed:00000128 $d
C:\Users\a_hae\AppData\Local\Temp\cc3QFm9N.s:353    .text.handle_iso_request:00000000 $t
C:\Users\a_hae\AppData\Local\Temp\cc3QFm9N.s:358    .text.handle_iso_request:00000000 handle_iso_request
C:\Users\a_hae\AppData\Local\Temp\cc3QFm9N.s:503    .text.handle_iso_request:000000c4 $d
C:\Users\a_hae\AppData\Local\Temp\cc3QFm9N.s:515    .text.canid_to_pgn:00000000 $t
C:\Users\a_hae\AppData\Local\Temp\cc3QFm9N.s:520    .text.canid_to_pgn:00000000 canid_to_pgn
C:\Users\a_hae\AppData\Local\Temp\cc3QFm9N.s:573    .text.canid_to_pgn:00000034 $d
C:\Users\a_hae\AppData\Local\Temp\cc3QFm9N.s:578    .text.NMEA2000_BuildOwnName:00000000 $t
C:\Users\a_hae\AppData\Local\Temp\cc3QFm9N.s:584    .text.NMEA2000_BuildOwnName:00000000 NMEA2000_BuildOwnName
C:\Users\a_hae\AppData\Local\Temp\cc3QFm9N.s:763    .text.NMEA2000_BuildOwnName:00000104 $d
C:\Users\a_hae\AppData\Local\Temp\cc3QFm9N.s:768    .text.wait_tx_fifo_free:00000000 $t
C:\Users\a_hae\AppData\Local\Temp\cc3QFm9N.s:773    .text.wait_tx_fifo_free:00000000 wait_tx_fifo_free
C:\Users\a_hae\AppData\Local\Temp\cc3QFm9N.s:832    .rodata:00000000 $d
C:\Users\a_hae\AppData\Local\Temp\cc3QFm9N.s:844    .text.init_p_struct:00000000 $t
C:\Users\a_hae\AppData\Local\Temp\cc3QFm9N.s:850    .text.init_p_struct:00000000 init_p_struct
C:\Users\a_hae\AppData\Local\Temp\cc3QFm9N.s:1034   .text.init_p_struct:00000100 $d
C:\Users\a_hae\AppData\Local\Temp\cc3QFm9N.s:4375   .rodata.hexd.4:00000000 hexd.4
C:\Users\a_hae\AppData\Local\Temp\cc3QFm9N.s:1060   .text.NMEA2000_setPInfo:00000000 $t
C:\Users\a_hae\AppData\Local\Temp\cc3QFm9N.s:1066   .text.NMEA2000_setPInfo:00000000 NMEA2000_setPInfo
C:\Users\a_hae\AppData\Local\Temp\cc3QFm9N.s:3947   .text.N2ktoCanID:00000000 N2ktoCanID
C:\Users\a_hae\AppData\Local\Temp\cc3QFm9N.s:1316   .text.NMEA2000_setPInfo:00000170 $d
C:\Users\a_hae\AppData\Local\Temp\cc3QFm9N.s:1322   .text.NMEA2000_setDevInfo:00000000 $t
ARM GAS  C:\Users\a_hae\AppData\Local\Temp\cc3QFm9N.s 			page 96


C:\Users\a_hae\AppData\Local\Temp\cc3QFm9N.s:1328   .text.NMEA2000_setDevInfo:00000000 NMEA2000_setDevInfo
C:\Users\a_hae\AppData\Local\Temp\cc3QFm9N.s:3311   .text.fp_send:00000000 fp_send
C:\Users\a_hae\AppData\Local\Temp\cc3QFm9N.s:1555   .text.NMEA2000_setDevInfo:00000158 $d
C:\Users\a_hae\AppData\Local\Temp\cc3QFm9N.s:4381   .rodata.mfr.3:00000000 mfr.3
C:\Users\a_hae\AppData\Local\Temp\cc3QFm9N.s:1561   .text.NMEA2000_config:00000000 $t
C:\Users\a_hae\AppData\Local\Temp\cc3QFm9N.s:1567   .text.NMEA2000_config:00000000 NMEA2000_config
C:\Users\a_hae\AppData\Local\Temp\cc3QFm9N.s:1711   .text.NMEA2000_AdrClaim:00000000 $t
C:\Users\a_hae\AppData\Local\Temp\cc3QFm9N.s:1717   .text.NMEA2000_AdrClaim:00000000 NMEA2000_AdrClaim
C:\Users\a_hae\AppData\Local\Temp\cc3QFm9N.s:1930   .text.NMEA2000_SendFluidLevel:00000000 $t
C:\Users\a_hae\AppData\Local\Temp\cc3QFm9N.s:1936   .text.NMEA2000_SendFluidLevel:00000000 NMEA2000_SendFluidLevel
C:\Users\a_hae\AppData\Local\Temp\cc3QFm9N.s:2164   .text.NMEA2000_SendFluidLevel:00000144 $d
C:\Users\a_hae\AppData\Local\Temp\cc3QFm9N.s:2171   .text.NMEA2000_SendTemperature:00000000 $t
C:\Users\a_hae\AppData\Local\Temp\cc3QFm9N.s:2177   .text.NMEA2000_SendTemperature:00000000 NMEA2000_SendTemperature
C:\Users\a_hae\AppData\Local\Temp\cc3QFm9N.s:2350   .text.NMEA2000_SendTemperature:000000f0 $d
C:\Users\a_hae\AppData\Local\Temp\cc3QFm9N.s:2356   .text.NMEA2000_SendGFAck:00000000 $t
C:\Users\a_hae\AppData\Local\Temp\cc3QFm9N.s:2362   .text.NMEA2000_SendGFAck:00000000 NMEA2000_SendGFAck
C:\Users\a_hae\AppData\Local\Temp\cc3QFm9N.s:2810   .text.NMEA2000_SendGFAck:0000029c $d
C:\Users\a_hae\AppData\Local\Temp\cc3QFm9N.s:2815   .text.NMEA2000_SendProprietaryFP:00000000 $t
C:\Users\a_hae\AppData\Local\Temp\cc3QFm9N.s:2821   .text.NMEA2000_SendProprietaryFP:00000000 NMEA2000_SendProprietaryFP
C:\Users\a_hae\AppData\Local\Temp\cc3QFm9N.s:3110   .text.NMEA2000_SendProprietaryFP:000001b0 $d
C:\Users\a_hae\AppData\Local\Temp\cc3QFm9N.s:3115   .text.NMEA2000_SendHeartbeat:00000000 $t
C:\Users\a_hae\AppData\Local\Temp\cc3QFm9N.s:3121   .text.NMEA2000_SendHeartbeat:00000000 NMEA2000_SendHeartbeat
C:\Users\a_hae\AppData\Local\Temp\cc3QFm9N.s:3300   .text.NMEA2000_SendHeartbeat:000000f8 $d
C:\Users\a_hae\AppData\Local\Temp\cc3QFm9N.s:4386   .bss.seq.2:00000000 seq.2
C:\Users\a_hae\AppData\Local\Temp\cc3QFm9N.s:3306   .text.fp_send:00000000 $t
C:\Users\a_hae\AppData\Local\Temp\cc3QFm9N.s:3589   .text.NMEA2000_SendPGNList:00000000 $t
C:\Users\a_hae\AppData\Local\Temp\cc3QFm9N.s:3595   .text.NMEA2000_SendPGNList:00000000 NMEA2000_SendPGNList
C:\Users\a_hae\AppData\Local\Temp\cc3QFm9N.s:3859   .text.NMEA2000_SendPGNList:00000178 $d
C:\Users\a_hae\AppData\Local\Temp\cc3QFm9N.s:4392   .rodata.tx_pgns.1:00000000 tx_pgns.1
C:\Users\a_hae\AppData\Local\Temp\cc3QFm9N.s:4406   .rodata.rx_pgns.0:00000000 rx_pgns.0
C:\Users\a_hae\AppData\Local\Temp\cc3QFm9N.s:3865   .text.NMEA2000_change_address:00000000 $t
C:\Users\a_hae\AppData\Local\Temp\cc3QFm9N.s:3871   .text.NMEA2000_change_address:00000000 NMEA2000_change_address
C:\Users\a_hae\AppData\Local\Temp\cc3QFm9N.s:3941   .text.N2ktoCanID:00000000 $t
C:\Users\a_hae\AppData\Local\Temp\cc3QFm9N.s:4053   .text.HAL_FDCAN_RxFifo0Callback:00000000 $t
C:\Users\a_hae\AppData\Local\Temp\cc3QFm9N.s:4059   .text.HAL_FDCAN_RxFifo0Callback:00000000 HAL_FDCAN_RxFifo0Callback
C:\Users\a_hae\AppData\Local\Temp\cc3QFm9N.s:4147   .text.HAL_FDCAN_RxFifo0Callback:00000070 $d
C:\Users\a_hae\AppData\Local\Temp\cc3QFm9N.s:4155   .text.HAL_FDCAN_RxFifo1Callback:00000000 $t
C:\Users\a_hae\AppData\Local\Temp\cc3QFm9N.s:4161   .text.HAL_FDCAN_RxFifo1Callback:00000000 HAL_FDCAN_RxFifo1Callback
C:\Users\a_hae\AppData\Local\Temp\cc3QFm9N.s:4362   .text.HAL_FDCAN_RxFifo1Callback:00000114 $d
C:\Users\a_hae\AppData\Local\Temp\cc3QFm9N.s:4372   .rodata.hexd.4:00000000 $d
C:\Users\a_hae\AppData\Local\Temp\cc3QFm9N.s:4378   .rodata.mfr.3:00000000 $d
C:\Users\a_hae\AppData\Local\Temp\cc3QFm9N.s:4387   .bss.seq.2:00000000 $d
C:\Users\a_hae\AppData\Local\Temp\cc3QFm9N.s:4389   .rodata.tx_pgns.1:00000000 $d
C:\Users\a_hae\AppData\Local\Temp\cc3QFm9N.s:4403   .rodata.rx_pgns.0:00000000 $d

UNDEFINED SYMBOLS
memcpy
adr_claim
prod_info
dev_info
dev_info_par
HAL_GetTick
HAL_FDCAN_GetTxFifoFreeLevel
strcpy
hw_id_str
HAL_FDCAN_AddMessageToTxFifoQ
HAL_FDCAN_ConfigFilter
ARM GAS  C:\Users\a_hae\AppData\Local\Temp\cc3QFm9N.s 			page 97


HAL_FDCAN_ActivateNotification
memset
__aeabi_idiv
HAL_FDCAN_Stop
HAL_FDCAN_Start
HAL_FDCAN_GetRxMessage
adr_lost
