ARM GAS  C:\Users\a_hae\AppData\Local\Temp\cci8zHTh.s 			page 1


   1              		.cpu cortex-m0plus
   2              		.arch armv6s-m
   3              		.fpu softvfp
   4              		.eabi_attribute 20, 1
   5              		.eabi_attribute 21, 1
   6              		.eabi_attribute 23, 3
   7              		.eabi_attribute 24, 1
   8              		.eabi_attribute 25, 1
   9              		.eabi_attribute 26, 1
  10              		.eabi_attribute 30, 6
  11              		.eabi_attribute 34, 0
  12              		.eabi_attribute 18, 4
  13              		.file	"main.c"
  14              		.text
  15              	.Ltext0:
  16              		.cfi_sections	.debug_frame
  17              		.file 1 "Core/Src/main.c"
  18              		.section	.rodata.CHANNEL_OFFSET_TAB,"a"
  19              		.align	2
  22              	CHANNEL_OFFSET_TAB:
  23 0000 081C3044 		.ascii	"\010\0340DXl\200"
  23      586C80
  24              		.section	.text.hw_otp_checksum,"ax",%progbits
  25              		.align	1
  26              		.syntax unified
  27              		.code	16
  28              		.thumb_func
  30              	hw_otp_checksum:
  31              	.LFB363:
  32              		.file 2 "Core/Inc/hw_otp.h"
   1:Core/Inc/hw_otp.h **** /*
   2:Core/Inc/hw_otp.h ****  * hw_otp.h - Hardware-Kennung im OTP-Bereich (Issue #2)
   3:Core/Inc/hw_otp.h ****  *
   4:Core/Inc/hw_otp.h ****  * Die Hardware-Variante (z. B. 1003) und der Platinen-Buchstabe ("A")
   5:Core/Inc/hw_otp.h ****  * werden bei der Produktion in den OTP-Bereich des STM32G0B1 geschrieben
   6:Core/Inc/hw_otp.h ****  * und sind damit eine Eigenschaft des Geraets statt einer Behauptung der
   7:Core/Inc/hw_otp.h ****  * Firmware. Gemeinsame Definition fuer App-Firmware und Bootloader; das
   8:Core/Inc/hw_otp.h ****  * Provisionierungs-Tool (LevelSense_Bootloader, tools/provision/) haelt
   9:Core/Inc/hw_otp.h ****  * eine dokumentierte Kopie dieser Konstanten.
  10:Core/Inc/hw_otp.h ****  *
  11:Core/Inc/hw_otp.h ****  * OTP: 1 KB ab 0x1FFF7000, nur 64-Bit-Doppelworte, jedes Doppelwort
  12:Core/Inc/hw_otp.h ****  * wegen der Flash-ECC nur EINMAL beschreibbar - auch das Nachschreiben
  13:Core/Inc/hw_otp.h ****  * desselben Werts ist verboten. Deshalb eine Slot-Liste statt eines
  14:Core/Inc/hw_otp.h ****  * Einzelwerts: eine Korrektur ist ein neuer Slot dahinter, es gilt
  15:Core/Inc/hw_otp.h ****  * immer der letzte gueltige Eintrag.
  16:Core/Inc/hw_otp.h ****  */
  17:Core/Inc/hw_otp.h **** #ifndef INC_HW_OTP_H_
  18:Core/Inc/hw_otp.h **** #define INC_HW_OTP_H_
  19:Core/Inc/hw_otp.h **** 
  20:Core/Inc/hw_otp.h **** #include <stdint.h>
  21:Core/Inc/hw_otp.h **** #include <stddef.h>
  22:Core/Inc/hw_otp.h **** 
  23:Core/Inc/hw_otp.h **** #define HW_OTP_ADDR    0x1FFF7000UL   /* OTP-Basis STM32G0B1 */
  24:Core/Inc/hw_otp.h **** #define HW_OTP_SLOTS   16             /* 16 x 8 Byte = 128 Byte reserviert */
  25:Core/Inc/hw_otp.h **** #define HW_OTP_MAGIC   0x4857U        /* "HW" */
  26:Core/Inc/hw_otp.h **** 
  27:Core/Inc/hw_otp.h **** typedef struct {
ARM GAS  C:\Users\a_hae\AppData\Local\Temp\cci8zHTh.s 			page 2


  28:Core/Inc/hw_otp.h **** 	uint16_t magic;     /* HW_OTP_MAGIC */
  29:Core/Inc/hw_otp.h **** 	uint16_t variant;   /* 1001, 1003, ... */
  30:Core/Inc/hw_otp.h **** 	uint8_t  rev;       /* Platinen-Buchstabe, ASCII 'A'..'Z' */
  31:Core/Inc/hw_otp.h **** 	uint8_t  check;     /* hw_otp_checksum() */
  32:Core/Inc/hw_otp.h **** 	uint16_t reserved;  /* beim Schreiben 0x0000 */
  33:Core/Inc/hw_otp.h **** } hw_otp_slot_t;
  34:Core/Inc/hw_otp.h **** 
  35:Core/Inc/hw_otp.h **** /* Pruefbyte: Komplement des XOR aller Nutzbytes. Ein leerer Slot
  36:Core/Inc/hw_otp.h ****  * (0xFF...) und zufaellige Bitmuster fallen damit durch. */
  37:Core/Inc/hw_otp.h **** static inline uint8_t hw_otp_checksum(const hw_otp_slot_t *s)
  38:Core/Inc/hw_otp.h **** {
  33              		.loc 2 38 1
  34              		.cfi_startproc
  35              		@ args = 0, pretend = 0, frame = 8
  36              		@ frame_needed = 1, uses_anonymous_args = 0
  37 0000 80B5     		push	{r7, lr}
  38              	.LCFI0:
  39              		.cfi_def_cfa_offset 8
  40              		.cfi_offset 7, -8
  41              		.cfi_offset 14, -4
  42 0002 82B0     		sub	sp, sp, #8
  43              	.LCFI1:
  44              		.cfi_def_cfa_offset 16
  45 0004 00AF     		add	r7, sp, #0
  46              	.LCFI2:
  47              		.cfi_def_cfa_register 7
  48 0006 7860     		str	r0, [r7, #4]
  39:Core/Inc/hw_otp.h **** 	return (uint8_t)~((uint8_t)(s->magic & 0xFF) ^ (uint8_t)(s->magic >> 8)
  49              		.loc 2 39 31
  50 0008 7B68     		ldr	r3, [r7, #4]
  51 000a 1B88     		ldrh	r3, [r3]
  52              		.loc 2 39 20
  53 000c DAB2     		uxtb	r2, r3
  54              		.loc 2 39 60
  55 000e 7B68     		ldr	r3, [r7, #4]
  56 0010 1B88     		ldrh	r3, [r3]
  57              		.loc 2 39 49
  58 0012 1B0A     		lsrs	r3, r3, #8
  59 0014 9BB2     		uxth	r3, r3
  60 0016 DBB2     		uxtb	r3, r3
  61              		.loc 2 39 9
  62 0018 5340     		eors	r3, r2
  63 001a DAB2     		uxtb	r2, r3
  40:Core/Inc/hw_otp.h **** 	                  ^ (uint8_t)(s->variant & 0xFF) ^ (uint8_t)(s->variant >> 8)
  64              		.loc 2 40 33
  65 001c 7B68     		ldr	r3, [r7, #4]
  66 001e 5B88     		ldrh	r3, [r3, #2]
  67              		.loc 2 40 22
  68 0020 DBB2     		uxtb	r3, r3
  39:Core/Inc/hw_otp.h **** 	return (uint8_t)~((uint8_t)(s->magic & 0xFF) ^ (uint8_t)(s->magic >> 8)
  69              		.loc 2 39 9
  70 0022 5340     		eors	r3, r2
  71 0024 DAB2     		uxtb	r2, r3
  72              		.loc 2 40 64
  73 0026 7B68     		ldr	r3, [r7, #4]
  74 0028 5B88     		ldrh	r3, [r3, #2]
  75              		.loc 2 40 53
ARM GAS  C:\Users\a_hae\AppData\Local\Temp\cci8zHTh.s 			page 3


  76 002a 1B0A     		lsrs	r3, r3, #8
  77 002c 9BB2     		uxth	r3, r3
  78 002e DBB2     		uxtb	r3, r3
  39:Core/Inc/hw_otp.h **** 	return (uint8_t)~((uint8_t)(s->magic & 0xFF) ^ (uint8_t)(s->magic >> 8)
  79              		.loc 2 39 9
  80 0030 5340     		eors	r3, r2
  81 0032 DAB2     		uxtb	r2, r3
  41:Core/Inc/hw_otp.h **** 	                  ^ s->rev);
  82              		.loc 2 41 23
  83 0034 7B68     		ldr	r3, [r7, #4]
  84 0036 1B79     		ldrb	r3, [r3, #4]
  39:Core/Inc/hw_otp.h **** 	return (uint8_t)~((uint8_t)(s->magic & 0xFF) ^ (uint8_t)(s->magic >> 8)
  85              		.loc 2 39 9
  86 0038 5340     		eors	r3, r2
  87 003a DBB2     		uxtb	r3, r3
  88 003c DB43     		mvns	r3, r3
  89 003e DBB2     		uxtb	r3, r3
  42:Core/Inc/hw_otp.h **** }
  90              		.loc 2 42 1
  91 0040 1800     		movs	r0, r3
  92 0042 BD46     		mov	sp, r7
  93 0044 02B0     		add	sp, sp, #8
  94              		@ sp needed
  95 0046 80BD     		pop	{r7, pc}
  96              		.cfi_endproc
  97              	.LFE363:
  99              		.section	.text.hw_otp_slot_valid,"ax",%progbits
 100              		.align	1
 101              		.syntax unified
 102              		.code	16
 103              		.thumb_func
 105              	hw_otp_slot_valid:
 106              	.LFB364:
  43:Core/Inc/hw_otp.h **** 
  44:Core/Inc/hw_otp.h **** static inline int hw_otp_slot_valid(const hw_otp_slot_t *s)
  45:Core/Inc/hw_otp.h **** {
 107              		.loc 2 45 1
 108              		.cfi_startproc
 109              		@ args = 0, pretend = 0, frame = 8
 110              		@ frame_needed = 1, uses_anonymous_args = 0
 111 0000 90B5     		push	{r4, r7, lr}
 112              	.LCFI3:
 113              		.cfi_def_cfa_offset 12
 114              		.cfi_offset 4, -12
 115              		.cfi_offset 7, -8
 116              		.cfi_offset 14, -4
 117 0002 83B0     		sub	sp, sp, #12
 118              	.LCFI4:
 119              		.cfi_def_cfa_offset 24
 120 0004 00AF     		add	r7, sp, #0
 121              	.LCFI5:
 122              		.cfi_def_cfa_register 7
 123 0006 7860     		str	r0, [r7, #4]
  46:Core/Inc/hw_otp.h **** 	return s->magic == HW_OTP_MAGIC
 124              		.loc 2 46 10
 125 0008 7B68     		ldr	r3, [r7, #4]
 126 000a 1B88     		ldrh	r3, [r3]
ARM GAS  C:\Users\a_hae\AppData\Local\Temp\cci8zHTh.s 			page 4


  47:Core/Inc/hw_otp.h **** 	       && s->rev >= 'A' && s->rev <= 'Z'
  48:Core/Inc/hw_otp.h **** 	       && s->check == hw_otp_checksum(s);
 127              		.loc 2 48 9
 128 000c 0D4A     		ldr	r2, .L7
 129 000e 9342     		cmp	r3, r2
 130 0010 12D1     		bne	.L4
  47:Core/Inc/hw_otp.h **** 	       && s->rev >= 'A' && s->rev <= 'Z'
 131              		.loc 2 47 13
 132 0012 7B68     		ldr	r3, [r7, #4]
 133 0014 1B79     		ldrb	r3, [r3, #4]
  47:Core/Inc/hw_otp.h **** 	       && s->rev >= 'A' && s->rev <= 'Z'
 134              		.loc 2 47 9
 135 0016 402B     		cmp	r3, #64
 136 0018 0ED9     		bls	.L4
  47:Core/Inc/hw_otp.h **** 	       && s->rev >= 'A' && s->rev <= 'Z'
 137              		.loc 2 47 30 discriminator 1
 138 001a 7B68     		ldr	r3, [r7, #4]
 139 001c 1B79     		ldrb	r3, [r3, #4]
  47:Core/Inc/hw_otp.h **** 	       && s->rev >= 'A' && s->rev <= 'Z'
 140              		.loc 2 47 26 discriminator 1
 141 001e 5A2B     		cmp	r3, #90
 142 0020 0AD8     		bhi	.L4
 143              		.loc 2 48 13
 144 0022 7B68     		ldr	r3, [r7, #4]
 145 0024 5C79     		ldrb	r4, [r3, #5]
 146              		.loc 2 48 24
 147 0026 7B68     		ldr	r3, [r7, #4]
 148 0028 1800     		movs	r0, r3
 149 002a FFF7FEFF 		bl	hw_otp_checksum
 150 002e 0300     		movs	r3, r0
 151              		.loc 2 48 9 discriminator 1
 152 0030 9C42     		cmp	r4, r3
 153 0032 01D1     		bne	.L4
 154              		.loc 2 48 9 is_stmt 0 discriminator 2
 155 0034 0123     		movs	r3, #1
 156              		.loc 2 48 9
 157 0036 00E0     		b	.L6
 158              	.L4:
 159              		.loc 2 48 9 discriminator 3
 160 0038 0023     		movs	r3, #0
 161              	.L6:
  49:Core/Inc/hw_otp.h **** }
 162              		.loc 2 49 1 is_stmt 1
 163 003a 1800     		movs	r0, r3
 164 003c BD46     		mov	sp, r7
 165 003e 03B0     		add	sp, sp, #12
 166              		@ sp needed
 167 0040 90BD     		pop	{r4, r7, pc}
 168              	.L8:
 169 0042 C046     		.align	2
 170              	.L7:
 171 0044 57480000 		.word	18519
 172              		.cfi_endproc
 173              	.LFE364:
 175              		.section	.text.hw_otp_find_in,"ax",%progbits
 176              		.align	1
 177              		.syntax unified
ARM GAS  C:\Users\a_hae\AppData\Local\Temp\cci8zHTh.s 			page 5


 178              		.code	16
 179              		.thumb_func
 181              	hw_otp_find_in:
 182              	.LFB365:
  50:Core/Inc/hw_otp.h **** 
  51:Core/Inc/hw_otp.h **** /* Letzten gueltigen Slot unter den HW_OTP_SLOTS Eintraegen ab [base]
  52:Core/Inc/hw_otp.h ****  * suchen. Basis als Parameter, damit Host-Tests mit RAM-Puffern
  53:Core/Inc/hw_otp.h ****  * arbeiten koennen. */
  54:Core/Inc/hw_otp.h **** static inline const hw_otp_slot_t *hw_otp_find_in(const void *base)
  55:Core/Inc/hw_otp.h **** {
 183              		.loc 2 55 1
 184              		.cfi_startproc
 185              		@ args = 0, pretend = 0, frame = 24
 186              		@ frame_needed = 1, uses_anonymous_args = 0
 187 0000 80B5     		push	{r7, lr}
 188              	.LCFI6:
 189              		.cfi_def_cfa_offset 8
 190              		.cfi_offset 7, -8
 191              		.cfi_offset 14, -4
 192 0002 86B0     		sub	sp, sp, #24
 193              	.LCFI7:
 194              		.cfi_def_cfa_offset 32
 195 0004 00AF     		add	r7, sp, #0
 196              	.LCFI8:
 197              		.cfi_def_cfa_register 7
 198 0006 7860     		str	r0, [r7, #4]
  56:Core/Inc/hw_otp.h **** 	const hw_otp_slot_t *arr = (const hw_otp_slot_t *)base;
 199              		.loc 2 56 23
 200 0008 7B68     		ldr	r3, [r7, #4]
 201 000a FB60     		str	r3, [r7, #12]
  57:Core/Inc/hw_otp.h **** 	const hw_otp_slot_t *found = NULL;
 202              		.loc 2 57 23
 203 000c 0023     		movs	r3, #0
 204 000e 7B61     		str	r3, [r7, #20]
 205              	.LBB4:
  58:Core/Inc/hw_otp.h **** 	for (int i = 0; i < HW_OTP_SLOTS; i++)
 206              		.loc 2 58 11
 207 0010 0023     		movs	r3, #0
 208 0012 3B61     		str	r3, [r7, #16]
 209              		.loc 2 58 2
 210 0014 10E0     		b	.L10
 211              	.L12:
  59:Core/Inc/hw_otp.h **** 	{
  60:Core/Inc/hw_otp.h **** 		if (hw_otp_slot_valid(&arr[i]))
 212              		.loc 2 60 29
 213 0016 3B69     		ldr	r3, [r7, #16]
 214 0018 DB00     		lsls	r3, r3, #3
 215              		.loc 2 60 7
 216 001a FA68     		ldr	r2, [r7, #12]
 217 001c D318     		adds	r3, r2, r3
 218 001e 1800     		movs	r0, r3
 219 0020 FFF7FEFF 		bl	hw_otp_slot_valid
 220 0024 031E     		subs	r3, r0, #0
 221              		.loc 2 60 6 discriminator 1
 222 0026 04D0     		beq	.L11
  61:Core/Inc/hw_otp.h **** 		{
  62:Core/Inc/hw_otp.h **** 			found = &arr[i];
ARM GAS  C:\Users\a_hae\AppData\Local\Temp\cci8zHTh.s 			page 6


 223              		.loc 2 62 16
 224 0028 3B69     		ldr	r3, [r7, #16]
 225 002a DB00     		lsls	r3, r3, #3
 226              		.loc 2 62 10
 227 002c FA68     		ldr	r2, [r7, #12]
 228 002e D318     		adds	r3, r2, r3
 229 0030 7B61     		str	r3, [r7, #20]
 230              	.L11:
  58:Core/Inc/hw_otp.h **** 	{
 231              		.loc 2 58 37 discriminator 2
 232 0032 3B69     		ldr	r3, [r7, #16]
 233 0034 0133     		adds	r3, r3, #1
 234 0036 3B61     		str	r3, [r7, #16]
 235              	.L10:
  58:Core/Inc/hw_otp.h **** 	{
 236              		.loc 2 58 20 discriminator 1
 237 0038 3B69     		ldr	r3, [r7, #16]
 238 003a 0F2B     		cmp	r3, #15
 239 003c EBDD     		ble	.L12
 240              	.LBE4:
  63:Core/Inc/hw_otp.h **** 		}
  64:Core/Inc/hw_otp.h **** 	}
  65:Core/Inc/hw_otp.h **** 	return found;
 241              		.loc 2 65 9
 242 003e 7B69     		ldr	r3, [r7, #20]
  66:Core/Inc/hw_otp.h **** }
 243              		.loc 2 66 1
 244 0040 1800     		movs	r0, r3
 245 0042 BD46     		mov	sp, r7
 246 0044 06B0     		add	sp, sp, #24
 247              		@ sp needed
 248 0046 80BD     		pop	{r7, pc}
 249              		.cfi_endproc
 250              	.LFE365:
 252              		.section	.text.hw_otp_find,"ax",%progbits
 253              		.align	1
 254              		.syntax unified
 255              		.code	16
 256              		.thumb_func
 258              	hw_otp_find:
 259              	.LFB366:
  67:Core/Inc/hw_otp.h **** 
  68:Core/Inc/hw_otp.h **** /* Bequemer Zugriff auf das echte OTP. NULL = nichts provisioniert. */
  69:Core/Inc/hw_otp.h **** static inline const hw_otp_slot_t *hw_otp_find(void)
  70:Core/Inc/hw_otp.h **** {
 260              		.loc 2 70 1
 261              		.cfi_startproc
 262              		@ args = 0, pretend = 0, frame = 0
 263              		@ frame_needed = 1, uses_anonymous_args = 0
 264 0000 80B5     		push	{r7, lr}
 265              	.LCFI9:
 266              		.cfi_def_cfa_offset 8
 267              		.cfi_offset 7, -8
 268              		.cfi_offset 14, -4
 269 0002 00AF     		add	r7, sp, #0
 270              	.LCFI10:
 271              		.cfi_def_cfa_register 7
ARM GAS  C:\Users\a_hae\AppData\Local\Temp\cci8zHTh.s 			page 7


  71:Core/Inc/hw_otp.h **** 	return hw_otp_find_in((const void *)HW_OTP_ADDR);
 272              		.loc 2 71 9
 273 0004 034B     		ldr	r3, .L16
 274 0006 1800     		movs	r0, r3
 275 0008 FFF7FEFF 		bl	hw_otp_find_in
 276 000c 0300     		movs	r3, r0
  72:Core/Inc/hw_otp.h **** }
 277              		.loc 2 72 1
 278 000e 1800     		movs	r0, r3
 279 0010 BD46     		mov	sp, r7
 280              		@ sp needed
 281 0012 80BD     		pop	{r7, pc}
 282              	.L17:
 283              		.align	2
 284              	.L16:
 285 0014 0070FF1F 		.word	536834048
 286              		.cfi_endproc
 287              	.LFE366:
 289              		.global	hdac1
 290              		.section	.bss.hdac1,"aw",%nobits
 291              		.align	2
 294              	hdac1:
 295 0000 00000000 		.space	20
 295      00000000 
 295      00000000 
 295      00000000 
 295      00000000 
 296              		.global	hfdcan1
 297              		.section	.bss.hfdcan1,"aw",%nobits
 298              		.align	2
 301              	hfdcan1:
 302 0000 00000000 		.space	100
 302      00000000 
 302      00000000 
 302      00000000 
 302      00000000 
 303              		.global	hi2c1
 304              		.section	.bss.hi2c1,"aw",%nobits
 305              		.align	2
 308              	hi2c1:
 309 0000 00000000 		.space	84
 309      00000000 
 309      00000000 
 309      00000000 
 309      00000000 
 310              		.global	htim3
 311              		.section	.bss.htim3,"aw",%nobits
 312              		.align	2
 315              	htim3:
 316 0000 00000000 		.space	76
 316      00000000 
 316      00000000 
 316      00000000 
 316      00000000 
 317              		.global	htim6
 318              		.section	.bss.htim6,"aw",%nobits
 319              		.align	2
ARM GAS  C:\Users\a_hae\AppData\Local\Temp\cci8zHTh.s 			page 8


 322              	htim6:
 323 0000 00000000 		.space	76
 323      00000000 
 323      00000000 
 323      00000000 
 323      00000000 
 324              		.global	huart2
 325              		.section	.bss.huart2,"aw",%nobits
 326              		.align	2
 329              	huart2:
 330 0000 00000000 		.space	148
 330      00000000 
 330      00000000 
 330      00000000 
 330      00000000 
 331              		.global	error_mode
 332              		.section	.bss.error_mode,"aw",%nobits
 335              	error_mode:
 336 0000 00       		.space	1
 337              		.global	hw_id_str
 338              		.section	.data.hw_id_str,"aw"
 339              		.align	2
 342              	hw_id_str:
 343 0000 31303031 		.ascii	"1001A\000"
 343      4100
 344 0006 0000     		.space	2
 345              		.global	hw_otp_mismatch
 346              		.section	.bss.hw_otp_mismatch,"aw",%nobits
 349              	hw_otp_mismatch:
 350 0000 00       		.space	1
 351              		.global	led_jump
 352              		.section	.bss.led_jump,"aw",%nobits
 355              	led_jump:
 356 0000 00       		.space	1
 357              		.global	run_mode
 358              		.section	.data.run_mode,"aw"
 361              	run_mode:
 362 0000 01       		.byte	1
 363              		.global	setup_mode
 364              		.section	.bss.setup_mode,"aw",%nobits
 367              	setup_mode:
 368 0000 00       		.space	1
 369              		.global	raw_press
 370              		.section	.bss.raw_press,"aw",%nobits
 371              		.align	2
 374              	raw_press:
 375 0000 00000000 		.space	4
 376              		.global	EEPROM_values
 377              		.section	.bss.EEPROM_values,"aw",%nobits
 378              		.align	2
 381              	EEPROM_values:
 382 0000 00000000 		.space	12
 382      00000000 
 382      00000000 
 383              		.global	DAC_EEPROM_values
 384              		.section	.bss.DAC_EEPROM_values,"aw",%nobits
 385              		.align	2
ARM GAS  C:\Users\a_hae\AppData\Local\Temp\cci8zHTh.s 			page 9


 388              	DAC_EEPROM_values:
 389 0000 00000000 		.space	12
 389      00000000 
 389      00000000 
 390              		.global	device_param
 391              		.section	.bss.device_param,"aw",%nobits
 392              		.align	2
 395              	device_param:
 396 0000 00000000 		.space	13
 396      00000000 
 396      00000000 
 396      00
 397              		.global	time_el
 398              		.section	.bss.time_el,"aw",%nobits
 399              		.align	2
 402              	time_el:
 403 0000 00000000 		.space	4
 404              		.global	last_run
 405              		.section	.bss.last_run,"aw",%nobits
 406              		.align	2
 409              	last_run:
 410 0000 00000000 		.space	4
 411              		.global	last_run_nmea
 412              		.section	.bss.last_run_nmea,"aw",%nobits
 413              		.align	2
 416              	last_run_nmea:
 417 0000 00000000 		.space	4
 418              		.global	tx_time
 419              		.section	.data.tx_time,"aw"
 420              		.align	2
 423              	tx_time:
 424 0000 64000000 		.word	100
 425              		.global	nmea_time
 426              		.section	.data.nmea_time,"aw"
 427              		.align	2
 430              	nmea_time:
 431 0000 C4090000 		.word	2500
 432              		.global	last_run_temp
 433              		.section	.bss.last_run_temp,"aw",%nobits
 434              		.align	2
 437              	last_run_temp:
 438 0000 00000000 		.space	4
 439              		.global	temp_time
 440              		.section	.data.temp_time,"aw"
 441              		.align	2
 444              	temp_time:
 445 0000 D0070000 		.word	2000
 446              		.global	last_run_hb
 447              		.section	.bss.last_run_hb,"aw",%nobits
 448              		.align	2
 451              	last_run_hb:
 452 0000 00000000 		.space	4
 453              		.global	hb_time
 454              		.section	.data.hb_time,"aw"
 455              		.align	2
 458              	hb_time:
 459 0000 60EA0000 		.word	60000
ARM GAS  C:\Users\a_hae\AppData\Local\Temp\cci8zHTh.s 			page 10


 460              		.global	adr_claim
 461              		.section	.bss.adr_claim,"aw",%nobits
 464              	adr_claim:
 465 0000 00       		.space	1
 466              		.global	adr_lost
 467              		.section	.bss.adr_lost,"aw",%nobits
 470              	adr_lost:
 471 0000 00       		.space	1
 472              		.global	prod_info
 473              		.section	.bss.prod_info,"aw",%nobits
 476              	prod_info:
 477 0000 00       		.space	1
 478              		.global	dev_info
 479              		.section	.bss.dev_info,"aw",%nobits
 482              	dev_info:
 483 0000 00       		.space	1
 484              		.global	boot_cfginfo_pending
 485              		.section	.data.boot_cfginfo_pending,"aw"
 488              	boot_cfginfo_pending:
 489 0000 01       		.byte	1
 490              		.global	claim_time
 491              		.section	.bss.claim_time,"aw",%nobits
 492              		.align	2
 495              	claim_time:
 496 0000 00000000 		.space	4
 497              		.global	wertung
 498              		.section	.data.wertung,"aw"
 501              	wertung:
 502 0000 32       		.byte	50
 503              		.global	last_run_led
 504              		.section	.bss.last_run_led,"aw",%nobits
 505              		.align	2
 508              	last_run_led:
 509 0000 00000000 		.space	4
 510              		.global	led_time
 511              		.section	.data.led_time,"aw"
 512              		.align	2
 515              	led_time:
 516 0000 14000000 		.word	20
 517              		.global	led_up
 518              		.section	.data.led_up,"aw"
 521              	led_up:
 522 0000 01       		.byte	1
 523              		.global	sm_started
 524              		.section	.bss.sm_started,"aw",%nobits
 525              		.align	2
 528              	sm_started:
 529 0000 00000000 		.space	4
 530              		.global	LED_r
 531              		.section	.bss.LED_r,"aw",%nobits
 532              		.align	2
 535              	LED_r:
 536 0000 00000000 		.space	4
 537              		.global	LED_g
 538              		.section	.bss.LED_g,"aw",%nobits
 539              		.align	2
 542              	LED_g:
ARM GAS  C:\Users\a_hae\AppData\Local\Temp\cci8zHTh.s 			page 11


 543 0000 00000000 		.space	4
 544              		.global	LED_b
 545              		.section	.bss.LED_b,"aw",%nobits
 546              		.align	2
 549              	LED_b:
 550 0000 00000000 		.space	4
 551              		.global	LED_brightness
 552              		.section	.bss.LED_brightness,"aw",%nobits
 553              		.align	2
 556              	LED_brightness:
 557 0000 00000000 		.space	4
 558              		.global	percent_val
 559              		.section	.bss.percent_val,"aw",%nobits
 560              		.align	1
 563              	percent_val:
 564 0000 0000     		.space	2
 565              		.global	level_led
 566              		.section	.bss.level_led,"aw",%nobits
 567              		.align	1
 570              	level_led:
 571 0000 0000     		.space	2
 572              		.global	sensor_data_rx
 573              		.section	.bss.sensor_data_rx,"aw",%nobits
 574              		.align	2
 577              	sensor_data_rx:
 578 0000 00000000 		.space	8
 578      00000000 
 579              		.global	p_info
 580              		.section	.bss.p_info,"aw",%nobits
 581              		.align	2
 584              	p_info:
 585 0000 00000000 		.space	130
 585      00000000 
 585      00000000 
 585      00000000 
 585      00000000 
 586              		.global	sensor_name
 587              		.section	.bss.sensor_name,"aw",%nobits
 588              		.align	2
 591              	sensor_name:
 592 0000 00000000 		.space	25
 592      00000000 
 592      00000000 
 592      00000000 
 592      00000000 
 593              		.global	dev_info_par
 594              		.section	.bss.dev_info_par,"aw",%nobits
 595              		.align	2
 598              	dev_info_par:
 599 0000 00000000 		.space	16
 599      00000000 
 599      00000000 
 599      00000000 
 600              		.global	last_run_ble
 601              		.section	.bss.last_run_ble,"aw",%nobits
 602              		.align	2
 605              	last_run_ble:
ARM GAS  C:\Users\a_hae\AppData\Local\Temp\cci8zHTh.s 			page 12


 606 0000 00000000 		.space	4
 607              		.global	ble_time
 608              		.section	.data.ble_time,"aw"
 609              		.align	2
 612              	ble_time:
 613 0000 E8030000 		.word	1000
 614              		.section	.bss.ble_sync_step,"aw",%nobits
 617              	ble_sync_step:
 618 0000 00       		.space	1
 619              		.section	.bss.ble_sync_wait,"aw",%nobits
 622              	ble_sync_wait:
 623 0000 00       		.space	1
 624              		.section	.data.ble_sync_next,"aw"
 625              		.align	2
 628              	ble_sync_next:
 629 0000 DC050000 		.word	1500
 630              		.section	.bss.ble_sync_tries,"aw",%nobits
 633              	ble_sync_tries:
 634 0000 00       		.space	1
 635              		.section	.rodata
 636              		.align	2
 637              	.LC1:
 638 0000 25752563 		.ascii	"%u%c\000"
 638      00
 639              		.section	.text.main,"ax",%progbits
 640              		.align	1
 641              		.global	main
 642              		.syntax unified
 643              		.code	16
 644              		.thumb_func
 646              	main:
 647              	.LFB370:
   1:Core/Src/main.c **** /* USER CODE BEGIN Header */
   2:Core/Src/main.c **** /**
   3:Core/Src/main.c ****   ******************************************************************************
   4:Core/Src/main.c ****   * @file           : main.c
   5:Core/Src/main.c ****   * @brief          : Main program body
   6:Core/Src/main.c ****   ******************************************************************************
   7:Core/Src/main.c ****   *
   8:Core/Src/main.c ****   * Druckbasierter Fuellstandsensor mit NMEA2000 (CAN) und Bluetooth LE.
   9:Core/Src/main.c ****   *
  10:Core/Src/main.c ****   * NAVIGATION (die Datei ist gross; ein spaeterer Refactor teilt diese Bloecke
  11:Core/Src/main.c ****   * in eigene Module auf):
  12:Core/Src/main.c ****   *   - main() + Hauptschleife .............. Messtakt, NMEA-Sendetimer,
  13:Core/Src/main.c ****   *                                            BLE-Bearbeitung, Boot-Abgleich, LED
  14:Core/Src/main.c ****   *   - Config-/EEPROM-Helfer ............... ausgelagert nach app_config.c
  15:Core/Src/main.c ****   *   - Sensor/Mess-Ebene ................... ausgelagert nach sensor_common.c
  16:Core/Src/main.c ****   *   - LED ................................. set_led, calc_color, blink_LED
  17:Core/Src/main.c ****   *   - NMEA2000-Handler .................... ausgelagert nach nmea_app.c
  18:Core/Src/main.c ****   *   - BLE-Kommando-Ebene .................. ausgelagert nach ble_app.c
  19:Core/Src/main.c ****   *   - CubeMX-generiert .................... SystemClock/MX_*_Init, HAL-Callbacks
  20:Core/Src/main.c ****   *
  21:Core/Src/main.c ****   * Der eigentliche Proteus-e-BLE-Treiber liegt in ble.c, der robuste
  22:Core/Src/main.c ****   * Config-Speicher in config_store.c, der NMEA2000-Stack in nmea2000.c.
  23:Core/Src/main.c ****   ******************************************************************************
  24:Core/Src/main.c ****   * @attention
  25:Core/Src/main.c ****   *
ARM GAS  C:\Users\a_hae\AppData\Local\Temp\cci8zHTh.s 			page 13


  26:Core/Src/main.c ****   * Copyright (c) 2023 STMicroelectronics.
  27:Core/Src/main.c ****   * All rights reserved.
  28:Core/Src/main.c ****   *
  29:Core/Src/main.c ****   * This software is licensed under terms that can be found in the LICENSE file
  30:Core/Src/main.c ****   * in the root directory of this software component.
  31:Core/Src/main.c ****   * If no LICENSE file comes with this software, it is provided AS-IS.
  32:Core/Src/main.c ****   *
  33:Core/Src/main.c ****   ******************************************************************************
  34:Core/Src/main.c ****   */
  35:Core/Src/main.c **** /* USER CODE END Header */
  36:Core/Src/main.c **** /* Includes ------------------------------------------------------------------*/
  37:Core/Src/main.c **** #include "main.h"
  38:Core/Src/main.c **** 
  39:Core/Src/main.c **** /* Private includes ----------------------------------------------------------*/
  40:Core/Src/main.c **** /* USER CODE BEGIN Includes */
  41:Core/Src/main.c **** #include "app_types.h"
  42:Core/Src/main.c **** #include "app_config.h"
  43:Core/Src/main.c **** #include "sensor.h"
  44:Core/Src/main.c **** #include "nmea_app.h"
  45:Core/Src/main.c **** #include "ble_app.h"
  46:Core/Src/main.c **** #include "config_store.h"
  47:Core/Src/main.c **** #include "dfu_common.h"
  48:Core/Src/main.c **** #include "version.h"
  49:Core/Src/main.c **** #include "hw_otp.h"
  50:Core/Src/main.c **** #include "board_pins.h"
  51:Core/Src/main.c **** #include <stdio.h>
  52:Core/Src/main.c **** #include <stdlib.h>
  53:Core/Src/main.c **** #include <string.h>
  54:Core/Src/main.c **** #include <strings.h>
  55:Core/Src/main.c **** /* USER CODE END Includes */
  56:Core/Src/main.c **** 
  57:Core/Src/main.c **** /* Private typedef -----------------------------------------------------------*/
  58:Core/Src/main.c **** /* USER CODE BEGIN PTD */
  59:Core/Src/main.c **** /* calib_data, dac_calib_data, prod_param, sensor_mess: siehe app_types.h */
  60:Core/Src/main.c **** /* USER CODE END PTD */
  61:Core/Src/main.c **** 
  62:Core/Src/main.c **** /* Private define ------------------------------------------------------------*/
  63:Core/Src/main.c **** /* USER CODE BEGIN PD */
  64:Core/Src/main.c **** /* std_press, std_offset: siehe app_types.h */
  65:Core/Src/main.c **** 
  66:Core/Src/main.c **** #define PWM_RED TIM3->CCR1
  67:Core/Src/main.c **** #define PWM_GREEN TIM3->CCR2
  68:Core/Src/main.c **** #define PWM_BLUE TIM3->CCR3
  69:Core/Src/main.c **** 
  70:Core/Src/main.c **** /* ERROR_TX_CAN, ERROR_I2C: siehe app_types.h */
  71:Core/Src/main.c **** 
  72:Core/Src/main.c **** #define TEMP_SOURCE_NMEA 2	//NMEA2000 Temperature Source: 2 = Inside Temperature
  73:Core/Src/main.c **** 
  74:Core/Src/main.c **** /* PROP-Defines (PGN 126720): siehe nmea_app.c */
  75:Core/Src/main.c **** 
  76:Core/Src/main.c **** 
  77:Core/Src/main.c **** /* USER CODE END PD */
  78:Core/Src/main.c **** 
  79:Core/Src/main.c **** /* Private macro -------------------------------------------------------------*/
  80:Core/Src/main.c **** /* USER CODE BEGIN PM */
  81:Core/Src/main.c **** 
  82:Core/Src/main.c **** /* USER CODE END PM */
ARM GAS  C:\Users\a_hae\AppData\Local\Temp\cci8zHTh.s 			page 14


  83:Core/Src/main.c **** 
  84:Core/Src/main.c **** /* Private variables ---------------------------------------------------------*/
  85:Core/Src/main.c **** DAC_HandleTypeDef hdac1;
  86:Core/Src/main.c **** 
  87:Core/Src/main.c **** FDCAN_HandleTypeDef hfdcan1;
  88:Core/Src/main.c **** 
  89:Core/Src/main.c **** I2C_HandleTypeDef hi2c1;
  90:Core/Src/main.c **** 
  91:Core/Src/main.c **** TIM_HandleTypeDef htim3;
  92:Core/Src/main.c **** TIM_HandleTypeDef htim6;
  93:Core/Src/main.c **** 
  94:Core/Src/main.c **** UART_HandleTypeDef huart2;
  95:Core/Src/main.c **** 
  96:Core/Src/main.c **** /* USER CODE BEGIN PV */
  97:Core/Src/main.c **** 
  98:Core/Src/main.c **** /* USER CODE END PV */
  99:Core/Src/main.c **** 
 100:Core/Src/main.c **** /* Private function prototypes -----------------------------------------------*/
 101:Core/Src/main.c **** void SystemClock_Config(void);
 102:Core/Src/main.c **** static void MX_GPIO_Init(void);
 103:Core/Src/main.c **** static void MX_DAC1_Init(void);
 104:Core/Src/main.c **** static void MX_FDCAN1_Init(void);
 105:Core/Src/main.c **** static void MX_I2C1_Init(void);
 106:Core/Src/main.c **** static void MX_TIM3_Init(void);
 107:Core/Src/main.c **** static void MX_USART2_UART_Init(void);
 108:Core/Src/main.c **** static void MX_TIM6_Init(void);
 109:Core/Src/main.c **** /* USER CODE BEGIN PFP */
 110:Core/Src/main.c **** /* Config-/EEPROM-Helfer: siehe app_config.h
 111:Core/Src/main.c ****  * Sensor-/Mess-Ebene (get_value, calc_percent, ...): siehe sensor.h
 112:Core/Src/main.c ****  * NMEA2000-Handler (handle_*): siehe nmea_app.h
 113:Core/Src/main.c ****  * BLE-Kommando-Ebene (ble_send_status, ...): siehe ble_app.h */
 114:Core/Src/main.c **** void set_led(int32_t red, int32_t green, int32_t blue, int32_t brightness);
 115:Core/Src/main.c **** void calc_color(int32_t *c_red, int32_t *c_green, int32_t *c_blue, uint16_t percent);
 116:Core/Src/main.c **** void blink_LED();
 117:Core/Src/main.c **** /* USER CODE END PFP */
 118:Core/Src/main.c **** 
 119:Core/Src/main.c **** /* Private user code ---------------------------------------------------------*/
 120:Core/Src/main.c **** /* USER CODE BEGIN 0 */
 121:Core/Src/main.c **** /* volatile: wird in Interrupt-Callbacks UND Hauptschleife verwendet */
 122:Core/Src/main.c **** volatile uint8_t error_mode = 0;
 123:Core/Src/main.c **** 
 124:Core/Src/main.c **** /* Hardware-Kennung, z. B. "1003A": aus dem OTP (gueltiger Slot) oder als
 125:Core/Src/main.c ****  * Fallback aus dem Build (HWV_FULL_STR). Siehe hw_otp.h und Issue #2. */
 126:Core/Src/main.c **** char hw_id_str[8] = HWV_FULL_STR;
 127:Core/Src/main.c **** volatile uint8_t hw_otp_mismatch = 0;
 128:Core/Src/main.c **** 
 129:Core/Src/main.c **** uint8_t led_jump = 0;
 130:Core/Src/main.c **** 
 131:Core/Src/main.c **** volatile uint8_t run_mode = 1;
 132:Core/Src/main.c ****  volatile uint8_t setup_mode = 0;
 133:Core/Src/main.c **** volatile int32_t raw_press = 0;	/* wird auch im EXTI-Callback gelesen;
 134:Core/Src/main.c **** 									   32 bit -> atomarer Zugriff auf dem M0+ (kein Torn Read) */
 135:Core/Src/main.c **** 
 136:Core/Src/main.c ****  //EEprom struct
 137:Core/Src/main.c ****  calib_data EEPROM_values;
 138:Core/Src/main.c ****  dac_calib_data DAC_EEPROM_values;
 139:Core/Src/main.c ****  prod_param device_param;
ARM GAS  C:\Users\a_hae\AppData\Local\Temp\cci8zHTh.s 			page 15


 140:Core/Src/main.c **** 
 141:Core/Src/main.c **** uint32_t time_el = 0, last_run = 0, last_run_nmea=0;
 142:Core/Src/main.c ****  uint32_t tx_time = 100, nmea_time = 2500;	/* PGN 127505: Norm-Intervall 2,5 s */
 143:Core/Src/main.c ****  uint32_t last_run_temp = 0, temp_time = 2000;	/* PGN 130312: Norm-Intervall 2 s */
 144:Core/Src/main.c ****  uint32_t last_run_hb = 0, hb_time = 60000;	/* PGN 126993 Heartbeat: 60 s */
 145:Core/Src/main.c **** 
 146:Core/Src/main.c ****  volatile uint8_t adr_claim = 0;
 147:Core/Src/main.c ****  volatile uint8_t adr_lost = 0;		/* Adress-Arbitrierung verloren (ISR -> Hauptschleife) */
 148:Core/Src/main.c ****  volatile uint8_t prod_info = 0;
 149:Core/Src/main.c ****  volatile uint8_t dev_info = 0;
 150:Core/Src/main.c ****  uint8_t boot_cfginfo_pending = 1;	/* nach dem Boot einmal 126998 senden (Namensstand
 151:Core/Src/main.c **** 									   auf den Bus, z.B. nach einem Werksreset) */
 152:Core/Src/main.c **** 
 153:Core/Src/main.c ****  uint32_t claim_time = 0;			/* Zeitpunkt des letzten Address Claims (250-ms-Sendepause) */
 154:Core/Src/main.c **** 
 155:Core/Src/main.c ****  uint8_t wertung = 50;
 156:Core/Src/main.c **** 
 157:Core/Src/main.c ****  //LED-Zeitvariablen
 158:Core/Src/main.c ****  uint32_t last_run_led = 0;
 159:Core/Src/main.c ****  volatile uint32_t led_time = 20;
 160:Core/Src/main.c ****  volatile uint8_t led_up = 1;
 161:Core/Src/main.c **** 
 162:Core/Src/main.c ****  //Zeitvariable für beenden des Setupmodes
 163:Core/Src/main.c ****  volatile uint32_t sm_started = 0;
 164:Core/Src/main.c **** 
 165:Core/Src/main.c **** 
 166:Core/Src/main.c ****  //Virtuelle LED-Variablen, um auch negative Zahlen darzustellen
 167:Core/Src/main.c ****  int32_t LED_r = 0, LED_g = 0, LED_b = 0;
 168:Core/Src/main.c ****  volatile int32_t LED_brightness = 0;
 169:Core/Src/main.c **** 
 170:Core/Src/main.c ****  uint16_t percent_val = 0;	//100,00 Prozent = 10000
 171:Core/Src/main.c **** 
 172:Core/Src/main.c ****  volatile int16_t level_led = 0;
 173:Core/Src/main.c **** 
 174:Core/Src/main.c **** sensor_mess sensor_data_rx;
 175:Core/Src/main.c **** 
 176:Core/Src/main.c **** NMEA_parameter_Product p_info;
 177:Core/Src/main.c **** 
 178:Core/Src/main.c **** /* Sensorname (Installation Description 1 in PGN 126998); aus dem Config
 179:Core/Src/main.c ****  * geladen, per BLE "NAME ..." oder Group Function vom Plotter aenderbar. */
 180:Core/Src/main.c **** char sensor_name[CFG_NAME_LEN + 1] = "";
 181:Core/Src/main.c **** 
 182:Core/Src/main.c **** NMEA_parameter_Device dev_info_par;
 183:Core/Src/main.c **** 
 184:Core/Src/main.c **** 
 185:Core/Src/main.c **** 
 186:Core/Src/main.c **** /* BLE (Proteus-e): Status-Streaming-Zeitpunkt */
 187:Core/Src/main.c **** uint32_t last_run_ble = 0, ble_time = 1000;
 188:Core/Src/main.c **** 
 189:Core/Src/main.c **** /* Einmaliger Abgleich Modul <-> Config nach dem Boot in drei Schritten:
 190:Core/Src/main.c ****  * 0 = Name, 1 = Sicherheitsmodus (SecFlags), 2 = Passkey (PIN), 3 = fertig.
 191:Core/Src/main.c ****  * Es wird jeweils erst gelesen und nur bei ABWEICHUNG geschrieben
 192:Core/Src/main.c ****  * (Modul-Flash ~10k Zyklen, jedes Schreiben loest einen Modul-Neustart aus). */
 193:Core/Src/main.c **** static uint8_t  ble_sync_step = 0;
 194:Core/Src/main.c **** static uint8_t  ble_sync_wait = 0;		/* 1 = Antwort auf GET ausstehend    */
 195:Core/Src/main.c **** static uint32_t ble_sync_next = 1500;	/* Modul bootet ~1,5 s               */
 196:Core/Src/main.c **** static uint8_t  ble_sync_tries = 0;
ARM GAS  C:\Users\a_hae\AppData\Local\Temp\cci8zHTh.s 			page 16


 197:Core/Src/main.c **** 
 198:Core/Src/main.c **** /* USER CODE END 0 */
 199:Core/Src/main.c **** 
 200:Core/Src/main.c **** /**
 201:Core/Src/main.c ****   * @brief  The application entry point.
 202:Core/Src/main.c ****   * @retval int
 203:Core/Src/main.c ****   */
 204:Core/Src/main.c **** int main(void)
 205:Core/Src/main.c **** {
 648              		.loc 1 205 1
 649              		.cfi_startproc
 650              		@ args = 0, pretend = 0, frame = 144
 651              		@ frame_needed = 1, uses_anonymous_args = 0
 652 0000 F0B5     		push	{r4, r5, r6, r7, lr}
 653              	.LCFI11:
 654              		.cfi_def_cfa_offset 20
 655              		.cfi_offset 4, -20
 656              		.cfi_offset 5, -16
 657              		.cfi_offset 6, -12
 658              		.cfi_offset 7, -8
 659              		.cfi_offset 14, -4
 660 0002 C646     		mov	lr, r8
 661 0004 00B5     		push	{lr}
 662              	.LCFI12:
 663              		.cfi_def_cfa_offset 24
 664              		.cfi_offset 8, -24
 665 0006 AAB0     		sub	sp, sp, #168
 666              	.LCFI13:
 667              		.cfi_def_cfa_offset 192
 668 0008 06AF     		add	r7, sp, #24
 669              	.LCFI14:
 670              		.cfi_def_cfa 7, 168
 206:Core/Src/main.c **** 
 207:Core/Src/main.c ****   /* USER CODE BEGIN 1 */
 208:Core/Src/main.c **** 	uint8_t error_cnt = 0;
 671              		.loc 1 208 10
 672 000a 6723     		movs	r3, #103
 673 000c 2822     		movs	r2, #40
 674 000e 9B18     		adds	r3, r3, r2
 675 0010 DB19     		adds	r3, r3, r7
 676 0012 0022     		movs	r2, #0
 677 0014 1A70     		strb	r2, [r3]
 209:Core/Src/main.c **** 
 210:Core/Src/main.c **** 	/* OTA: Die App liegt hinter dem Bootloader (0x08008000). Vektortabelle
 211:Core/Src/main.c **** 	 * dorthin umbiegen, bevor Interrupts aktiv werden. */
 212:Core/Src/main.c **** 	SCB->VTOR = DFU_APP_ADDR;
 678              		.loc 1 212 5
 679 0016 774B     		ldr	r3, .L93
 680              		.loc 1 212 12
 681 0018 774A     		ldr	r2, .L93+4
 682 001a 9A60     		str	r2, [r3, #8]
 213:Core/Src/main.c ****   /* USER CODE END 1 */
 214:Core/Src/main.c **** 
 215:Core/Src/main.c ****   /* MCU Configuration--------------------------------------------------------*/
 216:Core/Src/main.c **** 
 217:Core/Src/main.c ****   /* Reset of all peripherals, Initializes the Flash interface and the Systick. */
 218:Core/Src/main.c ****   HAL_Init();
ARM GAS  C:\Users\a_hae\AppData\Local\Temp\cci8zHTh.s 			page 17


 683              		.loc 1 218 3
 684 001c FFF7FEFF 		bl	HAL_Init
 219:Core/Src/main.c **** 
 220:Core/Src/main.c ****   /* USER CODE BEGIN Init */
 221:Core/Src/main.c **** 
 222:Core/Src/main.c ****   /* USER CODE END Init */
 223:Core/Src/main.c **** 
 224:Core/Src/main.c ****   /* Configure the system clock */
 225:Core/Src/main.c ****   SystemClock_Config();
 685              		.loc 1 225 3
 686 0020 FFF7FEFF 		bl	SystemClock_Config
 226:Core/Src/main.c **** 
 227:Core/Src/main.c ****   /* USER CODE BEGIN SysInit */
 228:Core/Src/main.c **** 
 229:Core/Src/main.c ****   /* USER CODE END SysInit */
 230:Core/Src/main.c **** 
 231:Core/Src/main.c ****   /* Initialize all configured peripherals */
 232:Core/Src/main.c ****   MX_GPIO_Init();
 687              		.loc 1 232 3
 688 0024 FFF7FEFF 		bl	MX_GPIO_Init
 233:Core/Src/main.c ****   MX_DAC1_Init();
 689              		.loc 1 233 3
 690 0028 FFF7FEFF 		bl	MX_DAC1_Init
 234:Core/Src/main.c ****   MX_FDCAN1_Init();
 691              		.loc 1 234 3
 692 002c FFF7FEFF 		bl	MX_FDCAN1_Init
 235:Core/Src/main.c ****   MX_I2C1_Init();
 693              		.loc 1 235 3
 694 0030 FFF7FEFF 		bl	MX_I2C1_Init
 236:Core/Src/main.c ****   MX_TIM3_Init();
 695              		.loc 1 236 3
 696 0034 FFF7FEFF 		bl	MX_TIM3_Init
 237:Core/Src/main.c ****   MX_USART2_UART_Init();
 697              		.loc 1 237 3
 698 0038 FFF7FEFF 		bl	MX_USART2_UART_Init
 238:Core/Src/main.c ****   MX_TIM6_Init();
 699              		.loc 1 238 3
 700 003c FFF7FEFF 		bl	MX_TIM6_Init
 239:Core/Src/main.c ****   /* USER CODE BEGIN 2 */
 240:Core/Src/main.c **** 
 241:Core/Src/main.c ****   __HAL_TIM_CLEAR_FLAG(&htim6,TIM_SR_UIF);
 701              		.loc 1 241 3
 702 0040 6E4B     		ldr	r3, .L93+8
 703 0042 1B68     		ldr	r3, [r3]
 704 0044 0222     		movs	r2, #2
 705 0046 5242     		rsbs	r2, r2, #0
 706 0048 1A61     		str	r2, [r3, #16]
 707              	.LBB5:
 242:Core/Src/main.c **** 
 243:Core/Src/main.c ****   /* Hardware-Kennung aus dem OTP lesen (Issue #2). Ein gueltiger Slot
 244:Core/Src/main.c ****    * ueberstimmt die Build-Werte. Widerspruch bei der Variante: Geraet
 245:Core/Src/main.c ****    * bootet und bleibt per BLE erreichbar (OTA-Rettung), sendet aber
 246:Core/Src/main.c ****    * keine Sensordaten auf den NMEA-Bus und zeigt ERROR_HWV (rote
 247:Core/Src/main.c ****    * Fehler-LED, E=-Feld im STAT). OTP leer (Entwicklungsboard):
 248:Core/Src/main.c ****    * Verhalten wie bisher. */
 249:Core/Src/main.c ****   {
 250:Core/Src/main.c ****     const hw_otp_slot_t *hw_slot = hw_otp_find();
ARM GAS  C:\Users\a_hae\AppData\Local\Temp\cci8zHTh.s 			page 18


 708              		.loc 1 250 36
 709 004a FFF7FEFF 		bl	hw_otp_find
 710 004e 0300     		movs	r3, r0
 711 0050 8424     		movs	r4, #132
 712 0052 3A19     		adds	r2, r7, r4
 713 0054 1360     		str	r3, [r2]
 251:Core/Src/main.c ****     if (hw_slot != NULL)
 714              		.loc 1 251 8
 715 0056 3B19     		adds	r3, r7, r4
 716 0058 1B68     		ldr	r3, [r3]
 717 005a 002B     		cmp	r3, #0
 718 005c 1ED0     		beq	.L19
 252:Core/Src/main.c ****     {
 253:Core/Src/main.c ****       snprintf(hw_id_str, sizeof(hw_id_str), "%u%c",
 254:Core/Src/main.c ****                (unsigned)hw_slot->variant, (char)hw_slot->rev);
 719              		.loc 1 254 33
 720 005e 3B19     		adds	r3, r7, r4
 721 0060 1B68     		ldr	r3, [r3]
 722 0062 5B88     		ldrh	r3, [r3, #2]
 253:Core/Src/main.c ****                (unsigned)hw_slot->variant, (char)hw_slot->rev);
 723              		.loc 1 253 7
 724 0064 1900     		movs	r1, r3
 725              		.loc 1 254 57
 726 0066 3B19     		adds	r3, r7, r4
 727 0068 1B68     		ldr	r3, [r3]
 728 006a 1B79     		ldrb	r3, [r3, #4]
 253:Core/Src/main.c ****                (unsigned)hw_slot->variant, (char)hw_slot->rev);
 729              		.loc 1 253 7
 730 006c 644A     		ldr	r2, .L93+12
 731 006e 6548     		ldr	r0, .L93+16
 732 0070 0093     		str	r3, [sp]
 733 0072 0B00     		movs	r3, r1
 734 0074 0821     		movs	r1, #8
 735 0076 FFF7FEFF 		bl	snprintf
 255:Core/Src/main.c ****       if (hw_slot->variant != HW_VARIANT)
 736              		.loc 1 255 18
 737 007a 3B19     		adds	r3, r7, r4
 738 007c 1B68     		ldr	r3, [r3]
 739 007e 5B88     		ldrh	r3, [r3, #2]
 740              		.loc 1 255 10
 741 0080 614A     		ldr	r2, .L93+20
 742 0082 9342     		cmp	r3, r2
 743 0084 0AD0     		beq	.L19
 256:Core/Src/main.c ****       {
 257:Core/Src/main.c ****         hw_otp_mismatch = 1;
 744              		.loc 1 257 25
 745 0086 614B     		ldr	r3, .L93+24
 746 0088 0122     		movs	r2, #1
 747 008a 1A70     		strb	r2, [r3]
 258:Core/Src/main.c ****         error_mode |= ERROR_HWV;
 748              		.loc 1 258 20
 749 008c 604B     		ldr	r3, .L93+28
 750 008e 1B78     		ldrb	r3, [r3]
 751 0090 DBB2     		uxtb	r3, r3
 752 0092 0422     		movs	r2, #4
 753 0094 1343     		orrs	r3, r2
 754 0096 DAB2     		uxtb	r2, r3
ARM GAS  C:\Users\a_hae\AppData\Local\Temp\cci8zHTh.s 			page 19


 755 0098 5D4B     		ldr	r3, .L93+28
 756 009a 1A70     		strb	r2, [r3]
 757              	.L19:
 758              	.LBE5:
 259:Core/Src/main.c ****       }
 260:Core/Src/main.c ****     }
 261:Core/Src/main.c ****   }
 262:Core/Src/main.c **** 
 263:Core/Src/main.c **** 
 264:Core/Src/main.c **** 
 265:Core/Src/main.c **** 
 266:Core/Src/main.c **** 
 267:Core/Src/main.c ****     /* Configure global filter:
 268:Core/Src/main.c ****        Filter all remote frames with STD and EXT ID
 269:Core/Src/main.c ****        Reject non matching frames with STD ID and EXT ID */
 270:Core/Src/main.c ****     if (HAL_FDCAN_ConfigGlobalFilter(&hfdcan1, FDCAN_REJECT, FDCAN_REJECT, FDCAN_FILTER_REMOTE, FDC
 759              		.loc 1 270 9
 760 009c 5D48     		ldr	r0, .L93+32
 761 009e 0023     		movs	r3, #0
 762 00a0 0093     		str	r3, [sp]
 763 00a2 0023     		movs	r3, #0
 764 00a4 0222     		movs	r2, #2
 765 00a6 0221     		movs	r1, #2
 766 00a8 FFF7FEFF 		bl	HAL_FDCAN_ConfigGlobalFilter
 767 00ac 031E     		subs	r3, r0, #0
 768              		.loc 1 270 8 discriminator 1
 769 00ae 01D0     		beq	.L20
 271:Core/Src/main.c ****     {
 272:Core/Src/main.c ****       Error_Handler();
 770              		.loc 1 272 7
 771 00b0 FFF7FEFF 		bl	Error_Handler
 772              	.L20:
 273:Core/Src/main.c ****     }
 274:Core/Src/main.c **** 
 275:Core/Src/main.c ****     /* Start the FDCAN module */
 276:Core/Src/main.c **** 	 if (HAL_FDCAN_Start(&hfdcan1) != HAL_OK)
 773              		.loc 1 276 7
 774 00b4 574B     		ldr	r3, .L93+32
 775 00b6 1800     		movs	r0, r3
 776 00b8 FFF7FEFF 		bl	HAL_FDCAN_Start
 777 00bc 031E     		subs	r3, r0, #0
 778              		.loc 1 276 6 discriminator 1
 779 00be 01D0     		beq	.L21
 277:Core/Src/main.c **** 	 {
 278:Core/Src/main.c **** 	   Error_Handler();
 780              		.loc 1 278 5
 781 00c0 FFF7FEFF 		bl	Error_Handler
 782              	.L21:
 279:Core/Src/main.c **** 	 }
 280:Core/Src/main.c **** 
 281:Core/Src/main.c **** 
 282:Core/Src/main.c **** 	 /* Bus-Off-Interrupt aktivieren -> Recovery in HAL_FDCAN_ErrorStatusCallback */
 283:Core/Src/main.c **** 	 if (HAL_FDCAN_ActivateNotification(&hfdcan1, FDCAN_IT_BUS_OFF, 0) != HAL_OK)
 783              		.loc 1 283 7
 784 00c4 8023     		movs	r3, #128
 785 00c6 1B03     		lsls	r3, r3, #12
 786 00c8 5248     		ldr	r0, .L93+32
ARM GAS  C:\Users\a_hae\AppData\Local\Temp\cci8zHTh.s 			page 20


 787 00ca 0022     		movs	r2, #0
 788 00cc 1900     		movs	r1, r3
 789 00ce FFF7FEFF 		bl	HAL_FDCAN_ActivateNotification
 790 00d2 031E     		subs	r3, r0, #0
 791              		.loc 1 283 6 discriminator 1
 792 00d4 01D0     		beq	.L22
 284:Core/Src/main.c **** 	 {
 285:Core/Src/main.c **** 		 Error_Handler();
 793              		.loc 1 285 4
 794 00d6 FFF7FEFF 		bl	Error_Handler
 795              	.L22:
 286:Core/Src/main.c **** 	 }
 287:Core/Src/main.c **** 
 288:Core/Src/main.c **** 
 289:Core/Src/main.c **** 	HAL_TIM_PWM_Start(&htim3, TIM_CHANNEL_1);
 796              		.loc 1 289 2
 797 00da 4F4B     		ldr	r3, .L93+36
 798 00dc 0021     		movs	r1, #0
 799 00de 1800     		movs	r0, r3
 800 00e0 FFF7FEFF 		bl	HAL_TIM_PWM_Start
 290:Core/Src/main.c **** 	HAL_TIM_PWM_Start(&htim3, TIM_CHANNEL_2);
 801              		.loc 1 290 2
 802 00e4 4C4B     		ldr	r3, .L93+36
 803 00e6 0421     		movs	r1, #4
 804 00e8 1800     		movs	r0, r3
 805 00ea FFF7FEFF 		bl	HAL_TIM_PWM_Start
 291:Core/Src/main.c **** 	HAL_TIM_PWM_Start(&htim3, TIM_CHANNEL_3);
 806              		.loc 1 291 2
 807 00ee 4A4B     		ldr	r3, .L93+36
 808 00f0 0821     		movs	r1, #8
 809 00f2 1800     		movs	r0, r3
 810 00f4 FFF7FEFF 		bl	HAL_TIM_PWM_Start
 292:Core/Src/main.c **** 
 293:Core/Src/main.c **** 	PWM_RED = 0;
 811              		.loc 1 293 2
 812 00f8 484B     		ldr	r3, .L93+40
 813              		.loc 1 293 10
 814 00fa 0022     		movs	r2, #0
 815 00fc 5A63     		str	r2, [r3, #52]
 294:Core/Src/main.c **** 	PWM_GREEN = 0;
 816              		.loc 1 294 2
 817 00fe 474B     		ldr	r3, .L93+40
 818              		.loc 1 294 12
 819 0100 0022     		movs	r2, #0
 820 0102 9A63     		str	r2, [r3, #56]
 295:Core/Src/main.c **** 	PWM_BLUE = 0;
 821              		.loc 1 295 2
 822 0104 454B     		ldr	r3, .L93+40
 823              		.loc 1 295 11
 824 0106 0022     		movs	r2, #0
 825 0108 DA63     		str	r2, [r3, #60]
 296:Core/Src/main.c **** 
 297:Core/Src/main.c **** 	HAL_DAC_Start(&hdac1, DAC_CHANNEL_1);
 826              		.loc 1 297 2
 827 010a 454B     		ldr	r3, .L93+44
 828 010c 0021     		movs	r1, #0
 829 010e 1800     		movs	r0, r3
ARM GAS  C:\Users\a_hae\AppData\Local\Temp\cci8zHTh.s 			page 21


 830 0110 FFF7FEFF 		bl	HAL_DAC_Start
 298:Core/Src/main.c **** 	HAL_DAC_SetValue(&hdac1, DAC_CHANNEL_1, DAC_ALIGN_12B_R, 0);
 831              		.loc 1 298 2
 832 0114 4248     		ldr	r0, .L93+44
 833 0116 0023     		movs	r3, #0
 834 0118 0022     		movs	r2, #0
 835 011a 0021     		movs	r1, #0
 836 011c FFF7FEFF 		bl	HAL_DAC_SetValue
 299:Core/Src/main.c **** 
 300:Core/Src/main.c **** 
 301:Core/Src/main.c **** 
 302:Core/Src/main.c ****   //Konfiguration aus dem Flash laden (Zwei-Pages-Ping-Pong mit CRC,
 303:Core/Src/main.c ****   //inkl. einmaliger Migration des Altformats aus Page 63)
 304:Core/Src/main.c ****   config_load();
 837              		.loc 1 304 3
 838 0120 FFF7FEFF 		bl	config_load
 305:Core/Src/main.c **** 
 306:Core/Src/main.c ****   uint8_t EEPROM_result = check_dac_EEPROM();
 839              		.loc 1 306 27
 840 0124 5B25     		movs	r5, #91
 841 0126 2826     		movs	r6, #40
 842 0128 AB19     		adds	r3, r5, r6
 843 012a DC19     		adds	r4, r3, r7
 844 012c FFF7FEFF 		bl	check_dac_EEPROM
 845 0130 0300     		movs	r3, r0
 846 0132 2370     		strb	r3, [r4]
 307:Core/Src/main.c **** 
 308:Core/Src/main.c ****   if (EEPROM_result == 0x00)
 847              		.loc 1 308 6
 848 0134 AB19     		adds	r3, r5, r6
 849 0136 DB19     		adds	r3, r3, r7
 850 0138 1B78     		ldrb	r3, [r3]
 851 013a 002B     		cmp	r3, #0
 852 013c 04D1     		bne	.L23
 309:Core/Src/main.c ****     {
 310:Core/Src/main.c ****   	  get_dac_EEPROM(&DAC_EEPROM_values);
 853              		.loc 1 310 6
 854 013e 394B     		ldr	r3, .L93+48
 855 0140 1800     		movs	r0, r3
 856 0142 FFF7FEFF 		bl	get_dac_EEPROM
 857 0146 16E0     		b	.L24
 858              	.L23:
 311:Core/Src/main.c ****     }
 312:Core/Src/main.c ****   else if( EEPROM_result == 0xFF )
 859              		.loc 1 312 10
 860 0148 5B23     		movs	r3, #91
 861 014a 2822     		movs	r2, #40
 862 014c 9B18     		adds	r3, r3, r2
 863 014e DB19     		adds	r3, r3, r7
 864 0150 1B78     		ldrb	r3, [r3]
 865 0152 FF2B     		cmp	r3, #255
 866 0154 06D1     		bne	.L25
 313:Core/Src/main.c ****   {
 314:Core/Src/main.c **** 	  DAC_EEPROM_values.dac_c = 0;
 867              		.loc 1 314 28
 868 0156 334B     		ldr	r3, .L93+48
 869 0158 0022     		movs	r2, #0
ARM GAS  C:\Users\a_hae\AppData\Local\Temp\cci8zHTh.s 			page 22


 870 015a 9A60     		str	r2, [r3, #8]
 315:Core/Src/main.c **** 	  DAC_EEPROM_values.dac_mx = 6205;	//alt:12409
 871              		.loc 1 315 29
 872 015c 314B     		ldr	r3, .L93+48
 873 015e 324A     		ldr	r2, .L93+52
 874 0160 5A60     		str	r2, [r3, #4]
 875 0162 08E0     		b	.L24
 876              	.L25:
 316:Core/Src/main.c ****   }
 317:Core/Src/main.c ****     else{
 318:Core/Src/main.c ****   	  /* Unbekannter Wert (z.B. Flash-Korruption): wie "keine Kalibrierung"
 319:Core/Src/main.c ****   	   * behandeln und mit Defaults weiterbooten. Vorher: Endlosschleife mit
 320:Core/Src/main.c ****   	   * DAC-Debugausgabe -> Geraet startete nie (CAN/BLE tot). */
 321:Core/Src/main.c ****   	  DAC_EEPROM_values.calib_available = 0xFF;
 877              		.loc 1 321 40
 878 0164 2F4B     		ldr	r3, .L93+48
 879 0166 FF22     		movs	r2, #255
 880 0168 1A70     		strb	r2, [r3]
 322:Core/Src/main.c ****   	  DAC_EEPROM_values.dac_c = 0;
 881              		.loc 1 322 30
 882 016a 2E4B     		ldr	r3, .L93+48
 883 016c 0022     		movs	r2, #0
 884 016e 9A60     		str	r2, [r3, #8]
 323:Core/Src/main.c ****   	  DAC_EEPROM_values.dac_mx = 6205;	//alt:12409
 885              		.loc 1 323 31
 886 0170 2C4B     		ldr	r3, .L93+48
 887 0172 2D4A     		ldr	r2, .L93+52
 888 0174 5A60     		str	r2, [r3, #4]
 889              	.L24:
 324:Core/Src/main.c ****     }
 325:Core/Src/main.c **** 
 326:Core/Src/main.c ****   if (check_EEPROM())
 890              		.loc 1 326 7
 891 0176 FFF7FEFF 		bl	check_EEPROM
 892 017a 031E     		subs	r3, r0, #0
 893              		.loc 1 326 6 discriminator 1
 894 017c 04D0     		beq	.L26
 327:Core/Src/main.c ****   {
 328:Core/Src/main.c **** 	  get_EEPROM(&EEPROM_values);
 895              		.loc 1 328 4
 896 017e 2B4B     		ldr	r3, .L93+56
 897 0180 1800     		movs	r0, r3
 898 0182 FFF7FEFF 		bl	get_EEPROM
 899 0186 09E0     		b	.L27
 900              	.L26:
 329:Core/Src/main.c ****   }
 330:Core/Src/main.c ****   else{
 331:Core/Src/main.c **** 	  /* Werkszustand: explizit als "unkalibriert" markieren. Ohne das blieb
 332:Core/Src/main.c **** 	   * calib_available auf 0x00 (Null-Initialisierung der globalen Variable)
 333:Core/Src/main.c **** 	   * - ausgerechnet der Marker fuer "kalibriert" -> App zeigte CAL=1. */
 334:Core/Src/main.c **** 	  EEPROM_values.calib_available = 0xFF;
 901              		.loc 1 334 34
 902 0188 284B     		ldr	r3, .L93+56
 903 018a FF22     		movs	r2, #255
 904 018c 1A70     		strb	r2, [r3]
 335:Core/Src/main.c **** 	  EEPROM_values.max_val = std_press;
 905              		.loc 1 335 26
ARM GAS  C:\Users\a_hae\AppData\Local\Temp\cci8zHTh.s 			page 23


 906 018e 274B     		ldr	r3, .L93+56
 907 0190 FA22     		movs	r2, #250
 908 0192 9200     		lsls	r2, r2, #2
 909 0194 5A60     		str	r2, [r3, #4]
 336:Core/Src/main.c **** 	  EEPROM_values.offset = std_offset;
 910              		.loc 1 336 25
 911 0196 254B     		ldr	r3, .L93+56
 912 0198 0022     		movs	r2, #0
 913 019a 1A81     		strh	r2, [r3, #8]
 914              	.L27:
 337:Core/Src/main.c ****   }
 338:Core/Src/main.c **** 
 339:Core/Src/main.c ****   get_param_eeprom(&dev_info_par, &device_param);
 915              		.loc 1 339 3
 916 019c 244A     		ldr	r2, .L93+60
 917 019e 254B     		ldr	r3, .L93+64
 918 01a0 1100     		movs	r1, r2
 919 01a2 1800     		movs	r0, r3
 920 01a4 FFF7FEFF 		bl	get_param_eeprom
 340:Core/Src/main.c ****   get_name_eeprom(sensor_name);
 921              		.loc 1 340 3
 922 01a8 234B     		ldr	r3, .L93+68
 923 01aa 1800     		movs	r0, r3
 924 01ac FFF7FEFF 		bl	get_name_eeprom
 341:Core/Src/main.c **** 
 342:Core/Src/main.c **** 
 343:Core/Src/main.c ****   init_Sensor();
 925              		.loc 1 343 3
 926 01b0 FFF7FEFF 		bl	init_Sensor
 344:Core/Src/main.c ****   BLE_Init(&huart2);		/* Proteus-e zurücksetzen und Empfang starten */
 927              		.loc 1 344 3
 928 01b4 214B     		ldr	r3, .L93+72
 929 01b6 1800     		movs	r0, r3
 930 01b8 FFF7FEFF 		bl	BLE_Init
 345:Core/Src/main.c **** 
 346:Core/Src/main.c **** 
 347:Core/Src/main.c ****   dev_info_par.srcAdr = get_adr_eeprom();	/* zuletzt geclaimte Adresse, Fallback 0x21 */
 931              		.loc 1 347 25
 932 01bc FFF7FEFF 		bl	get_adr_eeprom
 933 01c0 0300     		movs	r3, r0
 934 01c2 1A00     		movs	r2, r3
 935              		.loc 1 347 23 discriminator 1
 936 01c4 1B4B     		ldr	r3, .L93+64
 937 01c6 DA72     		strb	r2, [r3, #11]
 938              	.LBB6:
 348:Core/Src/main.c **** 
 349:Core/Src/main.c ****   /* Unique Number aus der 96-bit-Chip-UID ableiten -> jede Platine ist ohne
 350:Core/Src/main.c ****    * manuelles Zutun eindeutig (21-bit-Feld im NMEA2000-NAME; 0 wird vermieden). */
 351:Core/Src/main.c ****   {
 352:Core/Src/main.c ****     uint32_t uid = *(volatile uint32_t *)(UID_BASE + 0U)
 939              		.loc 1 352 20
 940 01c8 1D4B     		ldr	r3, .L93+76
 941 01ca 1A68     		ldr	r2, [r3]
 353:Core/Src/main.c ****                  ^ *(volatile uint32_t *)(UID_BASE + 4U)
 942              		.loc 1 353 20
 943 01cc 1D4B     		ldr	r3, .L93+80
 944 01ce 1B68     		ldr	r3, [r3]
ARM GAS  C:\Users\a_hae\AppData\Local\Temp\cci8zHTh.s 			page 24


 945              		.loc 1 353 18
 946 01d0 5A40     		eors	r2, r3
 354:Core/Src/main.c ****                  ^ *(volatile uint32_t *)(UID_BASE + 8U);
 947              		.loc 1 354 20
 948 01d2 1D4B     		ldr	r3, .L93+84
 949 01d4 1B68     		ldr	r3, [r3]
 352:Core/Src/main.c ****                  ^ *(volatile uint32_t *)(UID_BASE + 4U)
 950              		.loc 1 352 14
 951 01d6 5340     		eors	r3, r2
 952 01d8 FB67     		str	r3, [r7, #124]
 355:Core/Src/main.c ****     uint32_t u21 = (uid ^ (uid >> 21)) & 0x1FFFFF;
 953              		.loc 1 355 32
 954 01da FB6F     		ldr	r3, [r7, #124]
 955 01dc 5A0D     		lsrs	r2, r3, #21
 956              		.loc 1 355 25
 957 01de FB6F     		ldr	r3, [r7, #124]
 958 01e0 5340     		eors	r3, r2
 959              		.loc 1 355 14
 960 01e2 DB02     		lsls	r3, r3, #11
 961 01e4 DB0A     		lsrs	r3, r3, #11
 962 01e6 BB67     		str	r3, [r7, #120]
 356:Core/Src/main.c ****     dev_info_par.UniqueNumber = (u21 == 0U) ? 1U : u21;
 963              		.loc 1 356 50
 964 01e8 BB6F     		ldr	r3, [r7, #120]
 965 01ea 002B     		cmp	r3, #0
 966 01ec 2ED0     		beq	.L28
 967              		.loc 1 356 50 is_stmt 0 discriminator 1
 968 01ee BA6F     		ldr	r2, [r7, #120]
 969 01f0 2DE0     		b	.L29
 970              	.L94:
 971 01f2 C046     		.align	2
 972              	.L93:
 973 01f4 00ED00E0 		.word	-536810240
 974 01f8 00800008 		.word	134250496
 975 01fc 00000000 		.word	htim6
 976 0200 00000000 		.word	.LC1
 977 0204 00000000 		.word	hw_id_str
 978 0208 E9030000 		.word	1001
 979 020c 00000000 		.word	hw_otp_mismatch
 980 0210 00000000 		.word	error_mode
 981 0214 00000000 		.word	hfdcan1
 982 0218 00000000 		.word	htim3
 983 021c 00040040 		.word	1073742848
 984 0220 00000000 		.word	hdac1
 985 0224 00000000 		.word	DAC_EEPROM_values
 986 0228 3D180000 		.word	6205
 987 022c 00000000 		.word	EEPROM_values
 988 0230 00000000 		.word	device_param
 989 0234 00000000 		.word	dev_info_par
 990 0238 00000000 		.word	sensor_name
 991 023c 00000000 		.word	huart2
 992 0240 9075FF1F 		.word	536835472
 993 0244 9475FF1F 		.word	536835476
 994 0248 9875FF1F 		.word	536835480
 995              	.L28:
 996              		.loc 1 356 50 discriminator 2
 997 024c 0122     		movs	r2, #1
ARM GAS  C:\Users\a_hae\AppData\Local\Temp\cci8zHTh.s 			page 25


 998              	.L29:
 999              		.loc 1 356 31 is_stmt 1 discriminator 4
 1000 024e 944B     		ldr	r3, .L95
 1001 0250 1A60     		str	r2, [r3]
 1002              	.LBE6:
 357:Core/Src/main.c ****   }
 358:Core/Src/main.c ****   dev_info_par.MFRcode = 2046;	/* 2046 = ueblicher DIY/Open-Source-Code (6 ist ein registrierter He
 1003              		.loc 1 358 24
 1004 0252 934B     		ldr	r3, .L95
 1005 0254 934A     		ldr	r2, .L95+4
 1006 0256 DA80     		strh	r2, [r3, #6]
 359:Core/Src/main.c ****   dev_info_par.DeviceFunction = 170; //150
 1007              		.loc 1 359 31
 1008 0258 914B     		ldr	r3, .L95
 1009 025a AA22     		movs	r2, #170
 1010 025c 1A71     		strb	r2, [r3, #4]
 360:Core/Src/main.c ****   dev_info_par.DeviceClass = 80; // 75
 1011              		.loc 1 360 28
 1012 025e 904B     		ldr	r3, .L95
 1013 0260 5022     		movs	r2, #80
 1014 0262 5A71     		strb	r2, [r3, #5]
 361:Core/Src/main.c ****   /* devInstance kommt jetzt aus dem EEPROM (get_param_eeprom, Byte 31) */
 362:Core/Src/main.c ****   dev_info_par.sysInstance = 0;
 1015              		.loc 1 362 28
 1016 0264 8E4B     		ldr	r3, .L95
 1017 0266 0022     		movs	r2, #0
 1018 0268 5A72     		strb	r2, [r3, #9]
 363:Core/Src/main.c ****   dev_info_par.indGroup = 4;
 1019              		.loc 1 363 25
 1020 026a 8D4B     		ldr	r3, .L95
 1021 026c 0422     		movs	r2, #4
 1022 026e 9A72     		strb	r2, [r3, #10]
 364:Core/Src/main.c **** 
 365:Core/Src/main.c ****   /* Fix: fluidType und cap kommen jetzt aus dem EEPROM (get_param_eeprom oben)
 366:Core/Src/main.c ****    * und werden nicht mehr hart ueberschrieben. */
 367:Core/Src/main.c **** 
 368:Core/Src/main.c ****   NMEA2000_config(&hfdcan1,dev_info_par.srcAdr);
 1023              		.loc 1 368 3
 1024 0270 8B4B     		ldr	r3, .L95
 1025 0272 DA7A     		ldrb	r2, [r3, #11]
 1026 0274 8C4B     		ldr	r3, .L95+8
 1027 0276 1100     		movs	r1, r2
 1028 0278 1800     		movs	r0, r3
 1029 027a FFF7FEFF 		bl	NMEA2000_config
 369:Core/Src/main.c ****   init_p_struct(&p_info);
 1030              		.loc 1 369 3
 1031 027e 8B4B     		ldr	r3, .L95+12
 1032 0280 1800     		movs	r0, r3
 1033 0282 FFF7FEFF 		bl	init_p_struct
 370:Core/Src/main.c ****   NMEA2000_AdrClaim(&hfdcan1, dev_info_par.srcAdr, dev_info_par.UniqueNumber, dev_info_par.MFRcode,
 1034              		.loc 1 370 3
 1035 0286 864B     		ldr	r3, .L95
 1036 0288 DB7A     		ldrb	r3, [r3, #11]
 1037 028a 9C46     		mov	ip, r3
 1038              		.loc 1 370 64
 1039 028c 844B     		ldr	r3, .L95
 1040 028e 1E68     		ldr	r6, [r3]
ARM GAS  C:\Users\a_hae\AppData\Local\Temp\cci8zHTh.s 			page 26


 1041              		.loc 1 370 91
 1042 0290 834B     		ldr	r3, .L95
 1043 0292 DB88     		ldrh	r3, [r3, #6]
 1044              		.loc 1 370 3
 1045 0294 9846     		mov	r8, r3
 1046              		.loc 1 370 113
 1047 0296 824B     		ldr	r3, .L95
 1048 0298 1D79     		ldrb	r5, [r3, #4]
 1049              		.loc 1 370 142
 1050 029a 814B     		ldr	r3, .L95
 1051 029c 5C79     		ldrb	r4, [r3, #5]
 1052              		.loc 1 370 168
 1053 029e 804B     		ldr	r3, .L95
 1054 02a0 197A     		ldrb	r1, [r3, #8]
 1055              		.loc 1 370 194
 1056 02a2 7F4B     		ldr	r3, .L95
 1057 02a4 5A7A     		ldrb	r2, [r3, #9]
 1058              		.loc 1 370 220
 1059 02a6 7E4B     		ldr	r3, .L95
 1060 02a8 9B7A     		ldrb	r3, [r3, #10]
 1061              		.loc 1 370 3
 1062 02aa 7F48     		ldr	r0, .L95+8
 1063 02ac 0493     		str	r3, [sp, #16]
 1064 02ae 0392     		str	r2, [sp, #12]
 1065 02b0 0291     		str	r1, [sp, #8]
 1066 02b2 0194     		str	r4, [sp, #4]
 1067 02b4 0095     		str	r5, [sp]
 1068 02b6 4346     		mov	r3, r8
 1069 02b8 3200     		movs	r2, r6
 1070 02ba 6146     		mov	r1, ip
 1071 02bc FFF7FEFF 		bl	NMEA2000_AdrClaim
 371:Core/Src/main.c ****   claim_time = HAL_GetTick();	/* nach dem Claim 250 ms keine Daten-PGNs senden */
 1072              		.loc 1 371 16
 1073 02c0 FFF7FEFF 		bl	HAL_GetTick
 1074 02c4 0200     		movs	r2, r0
 1075              		.loc 1 371 14 discriminator 1
 1076 02c6 7A4B     		ldr	r3, .L95+16
 1077 02c8 1A60     		str	r2, [r3]
 372:Core/Src/main.c **** 
 373:Core/Src/main.c **** 
 374:Core/Src/main.c **** 
 375:Core/Src/main.c ****   /* Watchdog (IWDG): LSI/64, Reload 4095 -> ca. 8 s Timeout. Faengt haengende
 376:Core/Src/main.c ****    * Zustaende ab (Error_Handler, blockierte Peripherie/Busse) und loest dann
 377:Core/Src/main.c ****    * einen Reset aus. Wird in der Hauptschleife aufgefrischt und laeuft nach
 378:Core/Src/main.c ****    * dem Start unabschaltbar (Register-Zugriff, kein HAL-IWDG-Modul noetig). */
 379:Core/Src/main.c ****   IWDG->KR  = 0x0000CCCCUL;	/* Watchdog starten */
 1078              		.loc 1 379 7
 1079 02ca 7A4B     		ldr	r3, .L95+20
 1080              		.loc 1 379 13
 1081 02cc 7A4A     		ldr	r2, .L95+24
 1082 02ce 1A60     		str	r2, [r3]
 380:Core/Src/main.c ****   IWDG->KR  = 0x00005555UL;	/* Register-Zugriff freigeben */
 1083              		.loc 1 380 7
 1084 02d0 784B     		ldr	r3, .L95+20
 1085              		.loc 1 380 13
 1086 02d2 7A4A     		ldr	r2, .L95+28
 1087 02d4 1A60     		str	r2, [r3]
ARM GAS  C:\Users\a_hae\AppData\Local\Temp\cci8zHTh.s 			page 27


 381:Core/Src/main.c ****   IWDG->PR  = 0x04UL;			/* Prescaler /64 -> ~500 Hz */
 1088              		.loc 1 381 7
 1089 02d6 774B     		ldr	r3, .L95+20
 1090              		.loc 1 381 13
 1091 02d8 0422     		movs	r2, #4
 1092 02da 5A60     		str	r2, [r3, #4]
 382:Core/Src/main.c ****   IWDG->RLR = 4095UL;			/* max. Reload -> ~8,2 s */
 1093              		.loc 1 382 7
 1094 02dc 754B     		ldr	r3, .L95+20
 1095              		.loc 1 382 13
 1096 02de 784A     		ldr	r2, .L95+32
 1097 02e0 9A60     		str	r2, [r3, #8]
 1098              	.LBB7:
 383:Core/Src/main.c ****   {	/* warten bis die Register uebernommen sind (mit Timeout) */
 384:Core/Src/main.c ****   	uint32_t iwdg_t0 = HAL_GetTick();
 1099              		.loc 1 384 23
 1100 02e2 FFF7FEFF 		bl	HAL_GetTick
 1101 02e6 0300     		movs	r3, r0
 1102 02e8 7B67     		str	r3, [r7, #116]
 385:Core/Src/main.c ****   	while ((IWDG->SR != 0U) && ((HAL_GetTick() - iwdg_t0) < 50U)) {}
 1103              		.loc 1 385 10
 1104 02ea C046     		nop
 1105              	.L31:
 1106              		.loc 1 385 16 discriminator 2
 1107 02ec 714B     		ldr	r3, .L95+20
 1108 02ee DB68     		ldr	r3, [r3, #12]
 1109              		.loc 1 385 28 discriminator 2
 1110 02f0 002B     		cmp	r3, #0
 1111 02f2 06D0     		beq	.L30
 1112              		.loc 1 385 33 discriminator 1
 1113 02f4 FFF7FEFF 		bl	HAL_GetTick
 1114 02f8 0200     		movs	r2, r0
 1115              		.loc 1 385 47 discriminator 1
 1116 02fa 7B6F     		ldr	r3, [r7, #116]
 1117 02fc D31A     		subs	r3, r2, r3
 1118              		.loc 1 385 28 discriminator 1
 1119 02fe 312B     		cmp	r3, #49
 1120 0300 F4D9     		bls	.L31
 1121              	.L30:
 1122              	.LBE7:
 386:Core/Src/main.c ****   }
 387:Core/Src/main.c ****   IWDG->KR  = 0x0000AAAAUL;	/* Zaehler laden */
 1123              		.loc 1 387 7
 1124 0302 6C4B     		ldr	r3, .L95+20
 1125              		.loc 1 387 13
 1126 0304 6F4A     		ldr	r2, .L95+36
 1127 0306 1A60     		str	r2, [r3]
 1128              	.L91:
 388:Core/Src/main.c **** 
 389:Core/Src/main.c ****   /* USER CODE END 2 */
 390:Core/Src/main.c **** 
 391:Core/Src/main.c ****   /* Infinite loop */
 392:Core/Src/main.c ****   /* USER CODE BEGIN WHILE */
 393:Core/Src/main.c ****   /* Hauptschleife (kooperatives, zeitscheibenbasiertes Scheduling ueber
 394:Core/Src/main.c ****    * HAL_GetTick-Vergleiche - kein RTOS). Pro Durchlauf, jeweils per eigenem
 395:Core/Src/main.c ****    * Timer gedrosselt:
 396:Core/Src/main.c ****    *   - Messtakt (tx_time): Druck lesen, EMA-filtern, Fuellstand rechnen, DAC
ARM GAS  C:\Users\a_hae\AppData\Local\Temp\cci8zHTh.s 			page 28


 397:Core/Src/main.c ****    *   - NMEA2000 senden: Fluid Level 127505 (2,5 s), Temperatur 130312 (2 s),
 398:Core/Src/main.c ****    *     Heartbeat 126993 (60 s); auf Anfrage Adressen-Claim/PGN-Liste
 399:Core/Src/main.c ****    *   - reassemblierte Fast-Packets abarbeiten (126208/126720/65240)
 400:Core/Src/main.c ****    *   - BLE: empfangene Kommandos, Status-Streaming, aufgeschobener Namens-Set,
 401:Core/Src/main.c ****    *     einmaliger Boot-Abgleich (Name + Security-Provisionierung)
 402:Core/Src/main.c ****    *   - LED-Animation
 403:Core/Src/main.c ****    * Der Watchdog wird zu Beginn jedes Durchlaufs gefuettert. */
 404:Core/Src/main.c ****   while (1)
 405:Core/Src/main.c ****   {
 406:Core/Src/main.c **** 	  IWDG->KR = 0x0000AAAAUL;	/* Watchdog fuettern */
 1129              		.loc 1 406 8
 1130 0308 6A4B     		ldr	r3, .L95+20
 1131              		.loc 1 406 13
 1132 030a 6E4A     		ldr	r2, .L95+36
 1133 030c 1A60     		str	r2, [r3]
 407:Core/Src/main.c **** 	  time_el = HAL_GetTick();
 1134              		.loc 1 407 14
 1135 030e FFF7FEFF 		bl	HAL_GetTick
 1136 0312 0200     		movs	r2, r0
 1137              		.loc 1 407 12 discriminator 1
 1138 0314 6C4B     		ldr	r3, .L95+40
 1139 0316 1A60     		str	r2, [r3]
 408:Core/Src/main.c **** 
 409:Core/Src/main.c **** 
 410:Core/Src/main.c **** 
 411:Core/Src/main.c **** 
 412:Core/Src/main.c **** 	  	if((time_el-last_run)>=tx_time)
 1140              		.loc 1 412 16
 1141 0318 6B4B     		ldr	r3, .L95+40
 1142 031a 1A68     		ldr	r2, [r3]
 1143 031c 6B4B     		ldr	r3, .L95+44
 1144 031e 1B68     		ldr	r3, [r3]
 1145 0320 D21A     		subs	r2, r2, r3
 1146              		.loc 1 412 26
 1147 0322 6B4B     		ldr	r3, .L95+48
 1148 0324 1B68     		ldr	r3, [r3]
 1149              		.loc 1 412 7
 1150 0326 9A42     		cmp	r2, r3
 1151 0328 00D2     		bcs	.LCB627
 1152 032a E9E0     		b	.L32	@long jump
 1153              	.LCB627:
 413:Core/Src/main.c **** 	  	{
 414:Core/Src/main.c **** 	  		last_run = time_el;
 1154              		.loc 1 414 15
 1155 032c 664B     		ldr	r3, .L95+40
 1156 032e 1A68     		ldr	r2, [r3]
 1157 0330 664B     		ldr	r3, .L95+44
 1158 0332 1A60     		str	r2, [r3]
 415:Core/Src/main.c **** 
 416:Core/Src/main.c **** 	  		error_mode &= ~ERROR_I2C;
 1159              		.loc 1 416 17
 1160 0334 674B     		ldr	r3, .L95+52
 1161 0336 1B78     		ldrb	r3, [r3]
 1162 0338 DBB2     		uxtb	r3, r3
 1163 033a 0222     		movs	r2, #2
 1164 033c 9343     		bics	r3, r2
 1165 033e DAB2     		uxtb	r2, r3
ARM GAS  C:\Users\a_hae\AppData\Local\Temp\cci8zHTh.s 			page 29


 1166 0340 644B     		ldr	r3, .L95+52
 1167 0342 1A70     		strb	r2, [r3]
 1168              	.LBB8:
 417:Core/Src/main.c **** 
 418:Core/Src/main.c **** 	  		/* Bus-Off-Anzeige zuruecknehmen, sobald der Controller wieder auf dem
 419:Core/Src/main.c **** 	  		 * Bus ist (Recovery wird in HAL_FDCAN_ErrorStatusCallback angestossen) */
 420:Core/Src/main.c **** 	  		{
 421:Core/Src/main.c **** 	  			FDCAN_ProtocolStatusTypeDef psr;
 422:Core/Src/main.c **** 	  			if ((HAL_FDCAN_GetProtocolStatus(&hfdcan1, &psr) == HAL_OK) && (psr.BusOff == 0U))
 1169              		.loc 1 422 12
 1170 0344 0824     		movs	r4, #8
 1171 0346 2825     		movs	r5, #40
 1172 0348 6319     		adds	r3, r4, r5
 1173 034a DA19     		adds	r2, r3, r7
 1174 034c 564B     		ldr	r3, .L95+8
 1175 034e 1100     		movs	r1, r2
 1176 0350 1800     		movs	r0, r3
 1177 0352 FFF7FEFF 		bl	HAL_FDCAN_GetProtocolStatus
 1178 0356 031E     		subs	r3, r0, #0
 1179              		.loc 1 422 10 discriminator 1
 1180 0358 0CD1     		bne	.L33
 1181              		.loc 1 422 74 discriminator 1
 1182 035a 6319     		adds	r3, r4, r5
 1183 035c DB19     		adds	r3, r3, r7
 1184 035e 5B69     		ldr	r3, [r3, #20]
 1185              		.loc 1 422 67 discriminator 1
 1186 0360 002B     		cmp	r3, #0
 1187 0362 07D1     		bne	.L33
 423:Core/Src/main.c **** 	  			{
 424:Core/Src/main.c **** 	  				error_mode &= ~ERROR_TX_CAN;
 1188              		.loc 1 424 19
 1189 0364 5B4B     		ldr	r3, .L95+52
 1190 0366 1B78     		ldrb	r3, [r3]
 1191 0368 DBB2     		uxtb	r3, r3
 1192 036a 0122     		movs	r2, #1
 1193 036c 9343     		bics	r3, r2
 1194 036e DAB2     		uxtb	r2, r3
 1195 0370 584B     		ldr	r3, .L95+52
 1196 0372 1A70     		strb	r2, [r3]
 1197              	.L33:
 1198              	.LBE8:
 425:Core/Src/main.c **** 	  			}
 426:Core/Src/main.c **** 	  		}
 427:Core/Src/main.c **** 
 428:Core/Src/main.c **** 	  		sensor_data_rx = get_value();
 1199              		.loc 1 428 23
 1200 0374 584C     		ldr	r4, .L95+56
 1201 0376 2825     		movs	r5, #40
 1202 0378 7B19     		adds	r3, r7, r5
 1203 037a 1800     		movs	r0, r3
 1204 037c FFF7FEFF 		bl	get_value
 1205 0380 7A19     		adds	r2, r7, r5
 1206 0382 2300     		movs	r3, r4
 1207 0384 03CA     		ldmia	r2!, {r0, r1}
 1208 0386 03C3     		stmia	r3!, {r0, r1}
 429:Core/Src/main.c **** 
 430:Core/Src/main.c **** 	  		/* EMA-Filter: 'wertung'/1000 = Anteil des ALTEN gefilterten Werts.
ARM GAS  C:\Users\a_hae\AppData\Local\Temp\cci8zHTh.s 			page 30


 431:Core/Src/main.c **** 	  		 * wertung=50 -> 95 % neuer Messwert, 5 % alter Wert (Verhalten wie bisher,
 432:Core/Src/main.c **** 	  		 * fuer staerkere Glaettung wertung erhoehen, z.B. 900). */
 433:Core/Src/main.c **** 	  		raw_press = (int32_t)(((int64_t)sensor_data_rx.pressure * (1000-wertung) + (int64_t)raw_press*
 1209              		.loc 1 433 52
 1210 0388 534B     		ldr	r3, .L95+56
 1211 038a 1B68     		ldr	r3, [r3]
 1212              		.loc 1 433 29
 1213 038c 3B62     		str	r3, [r7, #32]
 1214 038e DB17     		asrs	r3, r3, #31
 1215 0390 7B62     		str	r3, [r7, #36]
 1216              		.loc 1 433 69
 1217 0392 524B     		ldr	r3, .L95+60
 1218 0394 1B78     		ldrb	r3, [r3]
 1219 0396 1A00     		movs	r2, r3
 1220 0398 FA23     		movs	r3, #250
 1221 039a 9B00     		lsls	r3, r3, #2
 1222 039c 9B1A     		subs	r3, r3, r2
 1223 039e BB61     		str	r3, [r7, #24]
 1224 03a0 DB17     		asrs	r3, r3, #31
 1225 03a2 FB61     		str	r3, [r7, #28]
 1226              		.loc 1 433 62
 1227 03a4 BA69     		ldr	r2, [r7, #24]
 1228 03a6 FB69     		ldr	r3, [r7, #28]
 1229 03a8 386A     		ldr	r0, [r7, #32]
 1230 03aa 796A     		ldr	r1, [r7, #36]
 1231 03ac FFF7FEFF 		bl	__aeabi_lmul
 1232 03b0 0200     		movs	r2, r0
 1233 03b2 0B00     		movs	r3, r1
 1234 03b4 1400     		movs	r4, r2
 1235 03b6 1D00     		movs	r5, r3
 1236              		.loc 1 433 81
 1237 03b8 494B     		ldr	r3, .L95+64
 1238 03ba 1B68     		ldr	r3, [r3]
 1239 03bc 3B61     		str	r3, [r7, #16]
 1240 03be DB17     		asrs	r3, r3, #31
 1241 03c0 7B61     		str	r3, [r7, #20]
 1242              		.loc 1 433 99
 1243 03c2 464B     		ldr	r3, .L95+60
 1244 03c4 1B78     		ldrb	r3, [r3]
 1245 03c6 BB60     		str	r3, [r7, #8]
 1246 03c8 0023     		movs	r3, #0
 1247 03ca FB60     		str	r3, [r7, #12]
 1248 03cc BA68     		ldr	r2, [r7, #8]
 1249 03ce FB68     		ldr	r3, [r7, #12]
 1250 03d0 3869     		ldr	r0, [r7, #16]
 1251 03d2 7969     		ldr	r1, [r7, #20]
 1252 03d4 FFF7FEFF 		bl	__aeabi_lmul
 1253 03d8 0200     		movs	r2, r0
 1254 03da 0B00     		movs	r3, r1
 1255              		.loc 1 433 79
 1256 03dc 2000     		movs	r0, r4
 1257 03de 2900     		movs	r1, r5
 1258 03e0 8018     		adds	r0, r0, r2
 1259 03e2 5941     		adcs	r1, r1, r3
 1260              		.loc 1 433 108
 1261 03e4 FA22     		movs	r2, #250
 1262 03e6 9200     		lsls	r2, r2, #2
ARM GAS  C:\Users\a_hae\AppData\Local\Temp\cci8zHTh.s 			page 31


 1263 03e8 0023     		movs	r3, #0
 1264 03ea FFF7FEFF 		bl	__aeabi_ldivmod
 1265 03ee 0200     		movs	r2, r0
 1266 03f0 0B00     		movs	r3, r1
 1267              		.loc 1 433 16
 1268 03f2 3B4B     		ldr	r3, .L95+64
 1269 03f4 1A60     		str	r2, [r3]
 434:Core/Src/main.c **** 	  		sensor_data_rx.pressure = (int32_t)raw_press;
 1270              		.loc 1 434 30
 1271 03f6 3A4B     		ldr	r3, .L95+64
 1272 03f8 1A68     		ldr	r2, [r3]
 1273 03fa 374B     		ldr	r3, .L95+56
 1274 03fc 1A60     		str	r2, [r3]
 435:Core/Src/main.c **** 
 436:Core/Src/main.c **** 	  		if(run_mode == 1){
 1275              		.loc 1 436 18
 1276 03fe 394B     		ldr	r3, .L95+68
 1277 0400 1B78     		ldrb	r3, [r3]
 1278 0402 DBB2     		uxtb	r3, r3
 1279              		.loc 1 436 8
 1280 0404 012B     		cmp	r3, #1
 1281 0406 00D0     		beq	.LCB734
 1282 0408 7AE0     		b	.L32	@long jump
 1283              	.LCB734:
 437:Core/Src/main.c **** 	  			/* Fuellhoehe (linear aus Druck) -> Volumen ueber Stuetzstellen-Tabelle */
 438:Core/Src/main.c **** 	  			percent_val = linearize_percent(calc_percent(&EEPROM_values, raw_press));
 1284              		.loc 1 438 21
 1285 040a 354B     		ldr	r3, .L95+64
 1286 040c 1B68     		ldr	r3, [r3]
 1287 040e 3B60     		str	r3, [r7]
 1288 0410 DB17     		asrs	r3, r3, #31
 1289 0412 7B60     		str	r3, [r7, #4]
 1290 0414 3449     		ldr	r1, .L95+72
 1291 0416 3A68     		ldr	r2, [r7]
 1292 0418 7B68     		ldr	r3, [r7, #4]
 1293 041a 0800     		movs	r0, r1
 1294 041c FFF7FEFF 		bl	calc_percent
 1295 0420 0300     		movs	r3, r0
 1296              		.loc 1 438 21 is_stmt 0 discriminator 1
 1297 0422 1800     		movs	r0, r3
 1298 0424 FFF7FEFF 		bl	linearize_percent
 1299 0428 0300     		movs	r3, r0
 1300 042a 1A00     		movs	r2, r3
 1301              		.loc 1 438 19 is_stmt 1 discriminator 2
 1302 042c 2F4B     		ldr	r3, .L95+76
 1303 042e 1A80     		strh	r2, [r3]
 439:Core/Src/main.c **** 	  			set_volt(percent_val, &DAC_EEPROM_values);
 1304              		.loc 1 439 7
 1305 0430 2E4B     		ldr	r3, .L95+76
 1306 0432 1B88     		ldrh	r3, [r3]
 1307 0434 2E4A     		ldr	r2, .L95+80
 1308 0436 1100     		movs	r1, r2
 1309 0438 1800     		movs	r0, r3
 1310 043a FFF7FEFF 		bl	set_volt
 440:Core/Src/main.c **** 	  			switch (setup_mode) {
 1311              		.loc 1 440 7
 1312 043e 2D4B     		ldr	r3, .L95+84
ARM GAS  C:\Users\a_hae\AppData\Local\Temp\cci8zHTh.s 			page 32


 1313 0440 1B78     		ldrb	r3, [r3]
 1314 0442 DBB2     		uxtb	r3, r3
 1315 0444 012B     		cmp	r3, #1
 1316 0446 02D0     		beq	.L34
 1317 0448 022B     		cmp	r3, #2
 1318 044a 19D0     		beq	.L35
 1319 044c 54E0     		b	.L92
 1320              	.L34:
 441:Core/Src/main.c **** 	  				case 1: if (raw_press>=100){	/* /100 muss max_val >= 1 ergeben (Div-durch-0-Schutz) */
 1321              		.loc 1 441 29
 1322 044e 244B     		ldr	r3, .L95+64
 1323 0450 1B68     		ldr	r3, [r3]
 1324              		.loc 1 441 19
 1325 0452 632B     		cmp	r3, #99
 1326 0454 10DD     		ble	.L37
 442:Core/Src/main.c **** 	  							EEPROM_values.max_val = raw_press/100;
 1327              		.loc 1 442 44
 1328 0456 224B     		ldr	r3, .L95+64
 1329 0458 1B68     		ldr	r3, [r3]
 1330 045a 6421     		movs	r1, #100
 1331 045c 1800     		movs	r0, r3
 1332 045e FFF7FEFF 		bl	__aeabi_idiv
 1333 0462 0300     		movs	r3, r0
 1334 0464 1A00     		movs	r2, r3
 1335              		.loc 1 442 33
 1336 0466 204B     		ldr	r3, .L95+72
 1337 0468 5A60     		str	r2, [r3, #4]
 443:Core/Src/main.c **** 	  							EEPROM_values.calib_available = 0x00;
 1338              		.loc 1 443 41
 1339 046a 1F4B     		ldr	r3, .L95+72
 1340 046c 0022     		movs	r2, #0
 1341 046e 1A70     		strb	r2, [r3]
 444:Core/Src/main.c **** 	  							save_EEPROM(&EEPROM_values);
 1342              		.loc 1 444 11
 1343 0470 1D4B     		ldr	r3, .L95+72
 1344 0472 1800     		movs	r0, r3
 1345 0474 FFF7FEFF 		bl	save_EEPROM
 1346              	.L37:
 445:Core/Src/main.c **** 	  						}
 446:Core/Src/main.c **** 	  						setup_mode = 0;
 1347              		.loc 1 446 21
 1348 0478 1E4B     		ldr	r3, .L95+84
 1349 047a 0022     		movs	r2, #0
 1350 047c 1A70     		strb	r2, [r3]
 447:Core/Src/main.c **** 	  						break;
 1351              		.loc 1 447 10
 1352 047e 3FE0     		b	.L32
 1353              	.L35:
 448:Core/Src/main.c **** 	  				case 2:	setup_mode = 0;
 1354              		.loc 1 448 27
 1355 0480 1C4B     		ldr	r3, .L95+84
 1356 0482 0022     		movs	r2, #0
 1357 0484 1A70     		strb	r2, [r3]
 449:Core/Src/main.c **** 	  						EEPROM_values.calib_available = 0xFF;
 1358              		.loc 1 449 40
 1359 0486 184B     		ldr	r3, .L95+72
 1360 0488 FF22     		movs	r2, #255
ARM GAS  C:\Users\a_hae\AppData\Local\Temp\cci8zHTh.s 			page 33


 1361 048a 1A70     		strb	r2, [r3]
 450:Core/Src/main.c **** 	  						save_EEPROM(&EEPROM_values);
 1362              		.loc 1 450 10
 1363 048c 164B     		ldr	r3, .L95+72
 1364 048e 1800     		movs	r0, r3
 1365 0490 FFF7FEFF 		bl	save_EEPROM
 451:Core/Src/main.c **** 	  						EEPROM_values.max_val = std_press;
 1366              		.loc 1 451 32
 1367 0494 144B     		ldr	r3, .L95+72
 1368 0496 FA22     		movs	r2, #250
 1369 0498 9200     		lsls	r2, r2, #2
 1370 049a 5A60     		str	r2, [r3, #4]
 452:Core/Src/main.c **** 	  						break;
 1371              		.loc 1 452 10
 1372 049c 30E0     		b	.L32
 1373              	.L96:
 1374 049e C046     		.align	2
 1375              	.L95:
 1376 04a0 00000000 		.word	dev_info_par
 1377 04a4 FE070000 		.word	2046
 1378 04a8 00000000 		.word	hfdcan1
 1379 04ac 00000000 		.word	p_info
 1380 04b0 00000000 		.word	claim_time
 1381 04b4 00300040 		.word	1073754112
 1382 04b8 CCCC0000 		.word	52428
 1383 04bc 55550000 		.word	21845
 1384 04c0 FF0F0000 		.word	4095
 1385 04c4 AAAA0000 		.word	43690
 1386 04c8 00000000 		.word	time_el
 1387 04cc 00000000 		.word	last_run
 1388 04d0 00000000 		.word	tx_time
 1389 04d4 00000000 		.word	error_mode
 1390 04d8 00000000 		.word	sensor_data_rx
 1391 04dc 00000000 		.word	wertung
 1392 04e0 00000000 		.word	raw_press
 1393 04e4 00000000 		.word	run_mode
 1394 04e8 00000000 		.word	EEPROM_values
 1395 04ec 00000000 		.word	percent_val
 1396 04f0 00000000 		.word	DAC_EEPROM_values
 1397 04f4 00000000 		.word	setup_mode
 1398              	.L92:
 453:Core/Src/main.c **** 	  				default: 	setup_mode = 0;
 1399              		.loc 1 453 29
 1400 04f8 B54B     		ldr	r3, .L97
 1401 04fa 0022     		movs	r2, #0
 1402 04fc 1A70     		strb	r2, [r3]
 454:Core/Src/main.c **** 	  							break;
 1403              		.loc 1 454 11
 1404 04fe C046     		nop
 1405              	.L32:
 455:Core/Src/main.c **** 	  			}
 456:Core/Src/main.c **** 	  		}
 457:Core/Src/main.c **** 	  	}
 458:Core/Src/main.c **** 
 459:Core/Src/main.c **** 	  	//Hier Senderoutine einfügen für NMEA2000
 460:Core/Src/main.c **** 
 461:Core/Src/main.c **** 	  	/* Sendezyklen nach NMEA2000-Norm: 127505 alle 2,5 s, 130312 alle 2 s,
ARM GAS  C:\Users\a_hae\AppData\Local\Temp\cci8zHTh.s 			page 34


 462:Core/Src/main.c **** 	  	 * Heartbeat 126993 alle 60 s. Vorher wurde alles im 200-ms-Takt gesendet
 463:Core/Src/main.c **** 	  	 * (~12-fache Buslast ohne Nutzen). */
 464:Core/Src/main.c **** 	  	if((hw_otp_mismatch == 0) && ((time_el-last_run_nmea)>=nmea_time) && ((time_el-claim_time)>=250
 1406              		.loc 1 464 25
 1407 0500 B44B     		ldr	r3, .L97+4
 1408 0502 1B78     		ldrb	r3, [r3]
 1409 0504 DBB2     		uxtb	r3, r3
 1410              		.loc 1 464 7
 1411 0506 002B     		cmp	r3, #0
 1412 0508 25D1     		bne	.L38
 1413              		.loc 1 464 43 discriminator 1
 1414 050a B34B     		ldr	r3, .L97+8
 1415 050c 1A68     		ldr	r2, [r3]
 1416 050e B34B     		ldr	r3, .L97+12
 1417 0510 1B68     		ldr	r3, [r3]
 1418 0512 D21A     		subs	r2, r2, r3
 1419              		.loc 1 464 58 discriminator 1
 1420 0514 B24B     		ldr	r3, .L97+16
 1421 0516 1B68     		ldr	r3, [r3]
 1422              		.loc 1 464 31 discriminator 1
 1423 0518 9A42     		cmp	r2, r3
 1424 051a 1CD3     		bcc	.L38
 1425              		.loc 1 464 83 discriminator 2
 1426 051c AE4B     		ldr	r3, .L97+8
 1427 051e 1A68     		ldr	r2, [r3]
 1428 0520 B04B     		ldr	r3, .L97+20
 1429 0522 1B68     		ldr	r3, [r3]
 1430 0524 D31A     		subs	r3, r2, r3
 1431              		.loc 1 464 71 discriminator 2
 1432 0526 F92B     		cmp	r3, #249
 1433 0528 15D9     		bls	.L38
 465:Core/Src/main.c **** 	  	{
 466:Core/Src/main.c **** 	  		last_run_nmea = time_el;
 1434              		.loc 1 466 20
 1435 052a AB4B     		ldr	r3, .L97+8
 1436 052c 1A68     		ldr	r2, [r3]
 1437 052e AB4B     		ldr	r3, .L97+12
 1438 0530 1A60     		str	r2, [r3]
 467:Core/Src/main.c **** 	  		NMEA2000_SendFluidLevel(&hfdcan1, dev_info_par.srcAdr, dev_info_par.devInstance, dev_info_par.
 1439              		.loc 1 467 6
 1440 0532 AD4B     		ldr	r3, .L97+24
 1441 0534 DD7A     		ldrb	r5, [r3, #11]
 1442 0536 AC4B     		ldr	r3, .L97+24
 1443 0538 1C7A     		ldrb	r4, [r3, #8]
 1444 053a AB4B     		ldr	r3, .L97+24
 1445 053c 197B     		ldrb	r1, [r3, #12]
 1446 053e AB4B     		ldr	r3, .L97+28
 1447 0540 1A88     		ldrh	r2, [r3]
 1448 0542 A94B     		ldr	r3, .L97+24
 1449 0544 5B7B     		ldrb	r3, [r3, #13]
 1450 0546 AA48     		ldr	r0, .L97+32
 1451 0548 0193     		str	r3, [sp, #4]
 1452 054a 0092     		str	r2, [sp]
 1453 054c 0B00     		movs	r3, r1
 1454 054e 2200     		movs	r2, r4
 1455 0550 2900     		movs	r1, r5
 1456 0552 FFF7FEFF 		bl	NMEA2000_SendFluidLevel
ARM GAS  C:\Users\a_hae\AppData\Local\Temp\cci8zHTh.s 			page 35


 1457              	.L38:
 468:Core/Src/main.c **** 	  	}
 469:Core/Src/main.c **** 	  	if((hw_otp_mismatch == 0) && ((time_el-last_run_temp)>=temp_time) && ((time_el-claim_time)>=250
 1458              		.loc 1 469 25
 1459 0556 9F4B     		ldr	r3, .L97+4
 1460 0558 1B78     		ldrb	r3, [r3]
 1461 055a DBB2     		uxtb	r3, r3
 1462              		.loc 1 469 7
 1463 055c 002B     		cmp	r3, #0
 1464 055e 1FD1     		bne	.L39
 1465              		.loc 1 469 43 discriminator 1
 1466 0560 9D4B     		ldr	r3, .L97+8
 1467 0562 1A68     		ldr	r2, [r3]
 1468 0564 A34B     		ldr	r3, .L97+36
 1469 0566 1B68     		ldr	r3, [r3]
 1470 0568 D21A     		subs	r2, r2, r3
 1471              		.loc 1 469 58 discriminator 1
 1472 056a A34B     		ldr	r3, .L97+40
 1473 056c 1B68     		ldr	r3, [r3]
 1474              		.loc 1 469 31 discriminator 1
 1475 056e 9A42     		cmp	r2, r3
 1476 0570 16D3     		bcc	.L39
 1477              		.loc 1 469 83 discriminator 2
 1478 0572 994B     		ldr	r3, .L97+8
 1479 0574 1A68     		ldr	r2, [r3]
 1480 0576 9B4B     		ldr	r3, .L97+20
 1481 0578 1B68     		ldr	r3, [r3]
 1482 057a D31A     		subs	r3, r2, r3
 1483              		.loc 1 469 71 discriminator 2
 1484 057c F92B     		cmp	r3, #249
 1485 057e 0FD9     		bls	.L39
 470:Core/Src/main.c **** 	  	{
 471:Core/Src/main.c **** 	  		last_run_temp = time_el;
 1486              		.loc 1 471 20
 1487 0580 954B     		ldr	r3, .L97+8
 1488 0582 1A68     		ldr	r2, [r3]
 1489 0584 9B4B     		ldr	r3, .L97+36
 1490 0586 1A60     		str	r2, [r3]
 472:Core/Src/main.c **** 	  		NMEA2000_SendTemperature(&hfdcan1, dev_info_par.srcAdr, dev_info_par.devInstance, TEMP_SOURCE_
 1491              		.loc 1 472 6
 1492 0588 974B     		ldr	r3, .L97+24
 1493 058a D97A     		ldrb	r1, [r3, #11]
 1494 058c 964B     		ldr	r3, .L97+24
 1495 058e 1A7A     		ldrb	r2, [r3, #8]
 1496 0590 9A4B     		ldr	r3, .L97+44
 1497 0592 0420     		movs	r0, #4
 1498 0594 1B5E     		ldrsh	r3, [r3, r0]
 1499 0596 9648     		ldr	r0, .L97+32
 1500 0598 0093     		str	r3, [sp]
 1501 059a 0223     		movs	r3, #2
 1502 059c FFF7FEFF 		bl	NMEA2000_SendTemperature
 1503              	.L39:
 473:Core/Src/main.c **** 	  	}
 474:Core/Src/main.c **** 	  	if(((time_el-last_run_hb)>=hb_time) && ((time_el-claim_time)>=250))
 1504              		.loc 1 474 17
 1505 05a0 8D4B     		ldr	r3, .L97+8
 1506 05a2 1A68     		ldr	r2, [r3]
ARM GAS  C:\Users\a_hae\AppData\Local\Temp\cci8zHTh.s 			page 36


 1507 05a4 964B     		ldr	r3, .L97+48
 1508 05a6 1B68     		ldr	r3, [r3]
 1509 05a8 D21A     		subs	r2, r2, r3
 1510              		.loc 1 474 30
 1511 05aa 964B     		ldr	r3, .L97+52
 1512 05ac 1B68     		ldr	r3, [r3]
 1513              		.loc 1 474 7
 1514 05ae 9A42     		cmp	r2, r3
 1515 05b0 13D3     		bcc	.L40
 1516              		.loc 1 474 53 discriminator 1
 1517 05b2 894B     		ldr	r3, .L97+8
 1518 05b4 1A68     		ldr	r2, [r3]
 1519 05b6 8B4B     		ldr	r3, .L97+20
 1520 05b8 1B68     		ldr	r3, [r3]
 1521 05ba D31A     		subs	r3, r2, r3
 1522              		.loc 1 474 41 discriminator 1
 1523 05bc F92B     		cmp	r3, #249
 1524 05be 0CD9     		bls	.L40
 475:Core/Src/main.c **** 	  	{
 476:Core/Src/main.c **** 	  		last_run_hb = time_el;
 1525              		.loc 1 476 18
 1526 05c0 854B     		ldr	r3, .L97+8
 1527 05c2 1A68     		ldr	r2, [r3]
 1528 05c4 8E4B     		ldr	r3, .L97+48
 1529 05c6 1A60     		str	r2, [r3]
 477:Core/Src/main.c **** 	  		NMEA2000_SendHeartbeat(&hfdcan1, dev_info_par.srcAdr, (uint16_t)hb_time);
 1530              		.loc 1 477 6
 1531 05c8 874B     		ldr	r3, .L97+24
 1532 05ca D97A     		ldrb	r1, [r3, #11]
 1533 05cc 8D4B     		ldr	r3, .L97+52
 1534 05ce 1B68     		ldr	r3, [r3]
 1535 05d0 9BB2     		uxth	r3, r3
 1536 05d2 8748     		ldr	r0, .L97+32
 1537 05d4 1A00     		movs	r2, r3
 1538 05d6 FFF7FEFF 		bl	NMEA2000_SendHeartbeat
 1539              	.L40:
 478:Core/Src/main.c **** 	  	}
 479:Core/Src/main.c **** 	  	if(fluid_req != 0)	/* ISO Request auf 127505 -> sofort antworten */
 1540              		.loc 1 479 18
 1541 05da 8B4B     		ldr	r3, .L97+56
 1542 05dc 1B78     		ldrb	r3, [r3]
 1543 05de DBB2     		uxtb	r3, r3
 1544              		.loc 1 479 7
 1545 05e0 002B     		cmp	r3, #0
 1546 05e2 1DD0     		beq	.L41
 480:Core/Src/main.c **** 	  	{
 481:Core/Src/main.c **** 	  		fluid_req = 0;
 1547              		.loc 1 481 16
 1548 05e4 884B     		ldr	r3, .L97+56
 1549 05e6 0022     		movs	r2, #0
 1550 05e8 1A70     		strb	r2, [r3]
 482:Core/Src/main.c **** 	  		if (hw_otp_mismatch == 0)
 1551              		.loc 1 482 26
 1552 05ea 7A4B     		ldr	r3, .L97+4
 1553 05ec 1B78     		ldrb	r3, [r3]
 1554 05ee DBB2     		uxtb	r3, r3
 1555              		.loc 1 482 9
ARM GAS  C:\Users\a_hae\AppData\Local\Temp\cci8zHTh.s 			page 37


 1556 05f0 002B     		cmp	r3, #0
 1557 05f2 15D1     		bne	.L41
 483:Core/Src/main.c **** 	  		{
 484:Core/Src/main.c **** 	  			NMEA2000_SendFluidLevel(&hfdcan1, dev_info_par.srcAdr, dev_info_par.devInstance, dev_info_par
 1558              		.loc 1 484 7
 1559 05f4 7C4B     		ldr	r3, .L97+24
 1560 05f6 DD7A     		ldrb	r5, [r3, #11]
 1561 05f8 7B4B     		ldr	r3, .L97+24
 1562 05fa 1C7A     		ldrb	r4, [r3, #8]
 1563 05fc 7A4B     		ldr	r3, .L97+24
 1564 05fe 197B     		ldrb	r1, [r3, #12]
 1565 0600 7A4B     		ldr	r3, .L97+28
 1566 0602 1A88     		ldrh	r2, [r3]
 1567 0604 784B     		ldr	r3, .L97+24
 1568 0606 5B7B     		ldrb	r3, [r3, #13]
 1569 0608 7948     		ldr	r0, .L97+32
 1570 060a 0193     		str	r3, [sp, #4]
 1571 060c 0092     		str	r2, [sp]
 1572 060e 0B00     		movs	r3, r1
 1573 0610 2200     		movs	r2, r4
 1574 0612 2900     		movs	r1, r5
 1575 0614 FFF7FEFF 		bl	NMEA2000_SendFluidLevel
 485:Core/Src/main.c **** 	  			last_run_nmea = time_el;
 1576              		.loc 1 485 21
 1577 0618 6F4B     		ldr	r3, .L97+8
 1578 061a 1A68     		ldr	r2, [r3]
 1579 061c 6F4B     		ldr	r3, .L97+12
 1580 061e 1A60     		str	r2, [r3]
 1581              	.L41:
 486:Core/Src/main.c **** 	  		}
 487:Core/Src/main.c **** 	  	}
 488:Core/Src/main.c **** 	  	if(pgnlist_req != 0)	/* ISO Request auf 126464 -> TX/RX-PGN-Listen senden */
 1582              		.loc 1 488 20
 1583 0620 7A4B     		ldr	r3, .L97+60
 1584 0622 1B78     		ldrb	r3, [r3]
 1585 0624 DBB2     		uxtb	r3, r3
 1586              		.loc 1 488 7
 1587 0626 002B     		cmp	r3, #0
 1588 0628 09D0     		beq	.L42
 489:Core/Src/main.c **** 	  	{
 490:Core/Src/main.c **** 	  		pgnlist_req = 0;
 1589              		.loc 1 490 18
 1590 062a 784B     		ldr	r3, .L97+60
 1591 062c 0022     		movs	r2, #0
 1592 062e 1A70     		strb	r2, [r3]
 491:Core/Src/main.c **** 	  		NMEA2000_SendPGNList(&hfdcan1, dev_info_par.srcAdr);
 1593              		.loc 1 491 6
 1594 0630 6D4B     		ldr	r3, .L97+24
 1595 0632 DA7A     		ldrb	r2, [r3, #11]
 1596 0634 6E4B     		ldr	r3, .L97+32
 1597 0636 1100     		movs	r1, r2
 1598 0638 1800     		movs	r0, r3
 1599 063a FFF7FEFF 		bl	NMEA2000_SendPGNList
 1600              	.L42:
 492:Core/Src/main.c **** 	  	}
 493:Core/Src/main.c **** 	  	if(adr_lost != 0)
 1601              		.loc 1 493 17
ARM GAS  C:\Users\a_hae\AppData\Local\Temp\cci8zHTh.s 			page 38


 1602 063e 744B     		ldr	r3, .L97+64
 1603 0640 1B78     		ldrb	r3, [r3]
 1604 0642 DBB2     		uxtb	r3, r3
 1605              		.loc 1 493 7
 1606 0644 002B     		cmp	r3, #0
 1607 0646 53D0     		beq	.L43
 1608              	.LBB9:
 494:Core/Src/main.c **** 	  	{
 495:Core/Src/main.c **** 	  		adr_lost = 0;
 1609              		.loc 1 495 15
 1610 0648 714B     		ldr	r3, .L97+64
 1611 064a 0022     		movs	r2, #0
 1612 064c 1A70     		strb	r2, [r3]
 496:Core/Src/main.c **** 	  		/* Arbitrierung verloren: auf naechste Adresse im dynamischen
 497:Core/Src/main.c **** 	  		 * Bereich (128..251) ausweichen, Filter umkonfigurieren,
 498:Core/Src/main.c **** 	  		 * neu claimen und die Adresse persistieren. */
 499:Core/Src/main.c **** 	  		uint8_t new_adr = dev_info_par.srcAdr + 1;
 1613              		.loc 1 499 36
 1614 064e 664B     		ldr	r3, .L97+24
 1615 0650 DA7A     		ldrb	r2, [r3, #11]
 1616              		.loc 1 499 14
 1617 0652 6621     		movs	r1, #102
 1618 0654 2820     		movs	r0, #40
 1619 0656 0B18     		adds	r3, r1, r0
 1620 0658 DB19     		adds	r3, r3, r7
 1621 065a 0132     		adds	r2, r2, #1
 1622 065c 1A70     		strb	r2, [r3]
 500:Core/Src/main.c **** 	  		if((new_adr < 128) || (new_adr > 251))
 1623              		.loc 1 500 18
 1624 065e 0B18     		adds	r3, r1, r0
 1625 0660 DB19     		adds	r3, r3, r7
 1626 0662 1B78     		ldrb	r3, [r3]
 1627 0664 5BB2     		sxtb	r3, r3
 1628              		.loc 1 500 8
 1629 0666 002B     		cmp	r3, #0
 1630 0668 04DA     		bge	.L44
 1631              		.loc 1 500 25 discriminator 1
 1632 066a 0B18     		adds	r3, r1, r0
 1633 066c DB19     		adds	r3, r3, r7
 1634 066e 1B78     		ldrb	r3, [r3]
 1635 0670 FB2B     		cmp	r3, #251
 1636 0672 05D9     		bls	.L45
 1637              	.L44:
 501:Core/Src/main.c **** 	  		{
 502:Core/Src/main.c **** 	  			new_adr = 128;
 1638              		.loc 1 502 15
 1639 0674 6623     		movs	r3, #102
 1640 0676 2822     		movs	r2, #40
 1641 0678 9B18     		adds	r3, r3, r2
 1642 067a DB19     		adds	r3, r3, r7
 1643 067c 8022     		movs	r2, #128
 1644 067e 1A70     		strb	r2, [r3]
 1645              	.L45:
 503:Core/Src/main.c **** 	  		}
 504:Core/Src/main.c **** 	  		dev_info_par.srcAdr = new_adr;
 1646              		.loc 1 504 26
 1647 0680 594B     		ldr	r3, .L97+24
ARM GAS  C:\Users\a_hae\AppData\Local\Temp\cci8zHTh.s 			page 39


 1648 0682 6621     		movs	r1, #102
 1649 0684 2820     		movs	r0, #40
 1650 0686 0A18     		adds	r2, r1, r0
 1651 0688 D219     		adds	r2, r2, r7
 1652 068a 1278     		ldrb	r2, [r2]
 1653 068c DA72     		strb	r2, [r3, #11]
 505:Core/Src/main.c **** 	  		NMEA2000_change_address(&hfdcan1, new_adr);
 1654              		.loc 1 505 6
 1655 068e 0B18     		adds	r3, r1, r0
 1656 0690 DB19     		adds	r3, r3, r7
 1657 0692 1A78     		ldrb	r2, [r3]
 1658 0694 564B     		ldr	r3, .L97+32
 1659 0696 1100     		movs	r1, r2
 1660 0698 1800     		movs	r0, r3
 1661 069a FFF7FEFF 		bl	NMEA2000_change_address
 506:Core/Src/main.c **** 	  		NMEA2000_AdrClaim(&hfdcan1, dev_info_par.srcAdr, dev_info_par.UniqueNumber, dev_info_par.MFRco
 1662              		.loc 1 506 6
 1663 069e 524B     		ldr	r3, .L97+24
 1664 06a0 DB7A     		ldrb	r3, [r3, #11]
 1665 06a2 9C46     		mov	ip, r3
 1666              		.loc 1 506 67
 1667 06a4 504B     		ldr	r3, .L97+24
 1668 06a6 1E68     		ldr	r6, [r3]
 1669              		.loc 1 506 94
 1670 06a8 4F4B     		ldr	r3, .L97+24
 1671 06aa DB88     		ldrh	r3, [r3, #6]
 1672              		.loc 1 506 6
 1673 06ac 9846     		mov	r8, r3
 1674              		.loc 1 506 116
 1675 06ae 4E4B     		ldr	r3, .L97+24
 1676 06b0 1D79     		ldrb	r5, [r3, #4]
 1677              		.loc 1 506 145
 1678 06b2 4D4B     		ldr	r3, .L97+24
 1679 06b4 5C79     		ldrb	r4, [r3, #5]
 1680              		.loc 1 506 171
 1681 06b6 4C4B     		ldr	r3, .L97+24
 1682 06b8 197A     		ldrb	r1, [r3, #8]
 1683              		.loc 1 506 197
 1684 06ba 4B4B     		ldr	r3, .L97+24
 1685 06bc 5A7A     		ldrb	r2, [r3, #9]
 1686              		.loc 1 506 223
 1687 06be 4A4B     		ldr	r3, .L97+24
 1688 06c0 9B7A     		ldrb	r3, [r3, #10]
 1689              		.loc 1 506 6
 1690 06c2 4B48     		ldr	r0, .L97+32
 1691 06c4 0493     		str	r3, [sp, #16]
 1692 06c6 0392     		str	r2, [sp, #12]
 1693 06c8 0291     		str	r1, [sp, #8]
 1694 06ca 0194     		str	r4, [sp, #4]
 1695 06cc 0095     		str	r5, [sp]
 1696 06ce 4346     		mov	r3, r8
 1697 06d0 3200     		movs	r2, r6
 1698 06d2 6146     		mov	r1, ip
 1699 06d4 FFF7FEFF 		bl	NMEA2000_AdrClaim
 507:Core/Src/main.c **** 	  		claim_time = time_el;
 1700              		.loc 1 507 17
 1701 06d8 3F4B     		ldr	r3, .L97+8
ARM GAS  C:\Users\a_hae\AppData\Local\Temp\cci8zHTh.s 			page 40


 1702 06da 1A68     		ldr	r2, [r3]
 1703 06dc 414B     		ldr	r3, .L97+20
 1704 06de 1A60     		str	r2, [r3]
 508:Core/Src/main.c **** 	  		set_adr_eeprom(new_adr);	/* schreibt nur bei tatsaechlicher Aenderung */
 1705              		.loc 1 508 6
 1706 06e0 6621     		movs	r1, #102
 1707 06e2 2820     		movs	r0, #40
 1708 06e4 0B18     		adds	r3, r1, r0
 1709 06e6 DB19     		adds	r3, r3, r7
 1710 06e8 1B78     		ldrb	r3, [r3]
 1711 06ea 1800     		movs	r0, r3
 1712 06ec FFF7FEFF 		bl	set_adr_eeprom
 1713              	.L43:
 1714              	.LBE9:
 509:Core/Src/main.c **** 	  	}
 510:Core/Src/main.c **** 
 511:Core/Src/main.c **** 	  	if(adr_claim != 0)
 1715              		.loc 1 511 18
 1716 06f0 484B     		ldr	r3, .L97+68
 1717 06f2 1B78     		ldrb	r3, [r3]
 1718 06f4 DBB2     		uxtb	r3, r3
 1719              		.loc 1 511 7
 1720 06f6 002B     		cmp	r3, #0
 1721 06f8 1FD0     		beq	.L46
 512:Core/Src/main.c **** 	  	{
 513:Core/Src/main.c **** 	  		adr_claim = 0;
 1722              		.loc 1 513 16
 1723 06fa 464B     		ldr	r3, .L97+68
 1724 06fc 0022     		movs	r2, #0
 1725 06fe 1A70     		strb	r2, [r3]
 514:Core/Src/main.c **** 	  		NMEA2000_AdrClaim(&hfdcan1, dev_info_par.srcAdr, dev_info_par.UniqueNumber, dev_info_par.MFRco
 1726              		.loc 1 514 6
 1727 0700 394B     		ldr	r3, .L97+24
 1728 0702 DB7A     		ldrb	r3, [r3, #11]
 1729 0704 9C46     		mov	ip, r3
 1730              		.loc 1 514 67
 1731 0706 384B     		ldr	r3, .L97+24
 1732 0708 1E68     		ldr	r6, [r3]
 1733              		.loc 1 514 94
 1734 070a 374B     		ldr	r3, .L97+24
 1735 070c DB88     		ldrh	r3, [r3, #6]
 1736              		.loc 1 514 6
 1737 070e 9846     		mov	r8, r3
 1738              		.loc 1 514 116
 1739 0710 354B     		ldr	r3, .L97+24
 1740 0712 1D79     		ldrb	r5, [r3, #4]
 1741              		.loc 1 514 145
 1742 0714 344B     		ldr	r3, .L97+24
 1743 0716 5C79     		ldrb	r4, [r3, #5]
 1744              		.loc 1 514 171
 1745 0718 334B     		ldr	r3, .L97+24
 1746 071a 197A     		ldrb	r1, [r3, #8]
 1747              		.loc 1 514 197
 1748 071c 324B     		ldr	r3, .L97+24
 1749 071e 5A7A     		ldrb	r2, [r3, #9]
 1750              		.loc 1 514 223
 1751 0720 314B     		ldr	r3, .L97+24
ARM GAS  C:\Users\a_hae\AppData\Local\Temp\cci8zHTh.s 			page 41


 1752 0722 9B7A     		ldrb	r3, [r3, #10]
 1753              		.loc 1 514 6
 1754 0724 3248     		ldr	r0, .L97+32
 1755 0726 0493     		str	r3, [sp, #16]
 1756 0728 0392     		str	r2, [sp, #12]
 1757 072a 0291     		str	r1, [sp, #8]
 1758 072c 0194     		str	r4, [sp, #4]
 1759 072e 0095     		str	r5, [sp]
 1760 0730 4346     		mov	r3, r8
 1761 0732 3200     		movs	r2, r6
 1762 0734 6146     		mov	r1, ip
 1763 0736 FFF7FEFF 		bl	NMEA2000_AdrClaim
 1764              	.L46:
 515:Core/Src/main.c **** 	  	}
 516:Core/Src/main.c **** 
 517:Core/Src/main.c **** 	  	if(prod_info != 0)
 1765              		.loc 1 517 18
 1766 073a 374B     		ldr	r3, .L97+72
 1767 073c 1B78     		ldrb	r3, [r3]
 1768 073e DBB2     		uxtb	r3, r3
 1769              		.loc 1 517 7
 1770 0740 002B     		cmp	r3, #0
 1771 0742 09D0     		beq	.L47
 518:Core/Src/main.c **** 	  	{
 519:Core/Src/main.c **** 	  		prod_info = 0;
 1772              		.loc 1 519 16
 1773 0744 344B     		ldr	r3, .L97+72
 1774 0746 0022     		movs	r2, #0
 1775 0748 1A70     		strb	r2, [r3]
 520:Core/Src/main.c **** 	  		NMEA2000_setPInfo(&hfdcan1, &p_info, dev_info_par.srcAdr);
 1776              		.loc 1 520 6
 1777 074a 274B     		ldr	r3, .L97+24
 1778 074c DB7A     		ldrb	r3, [r3, #11]
 1779 074e 3349     		ldr	r1, .L97+76
 1780 0750 2748     		ldr	r0, .L97+32
 1781 0752 1A00     		movs	r2, r3
 1782 0754 FFF7FEFF 		bl	NMEA2000_setPInfo
 1783              	.L47:
 521:Core/Src/main.c **** 	  	}
 522:Core/Src/main.c **** 	  	if(boot_cfginfo_pending && ((time_el - claim_time) >= 300))
 1784              		.loc 1 522 8
 1785 0758 314B     		ldr	r3, .L97+80
 1786 075a 1B78     		ldrb	r3, [r3]
 1787              		.loc 1 522 7
 1788 075c 002B     		cmp	r3, #0
 1789 075e 12D0     		beq	.L48
 1790              		.loc 1 522 42 discriminator 1
 1791 0760 1D4B     		ldr	r3, .L97+8
 1792 0762 1A68     		ldr	r2, [r3]
 1793 0764 1F4B     		ldr	r3, .L97+20
 1794 0766 1B68     		ldr	r3, [r3]
 1795 0768 D21A     		subs	r2, r2, r3
 1796              		.loc 1 522 29 discriminator 1
 1797 076a 9623     		movs	r3, #150
 1798 076c 5B00     		lsls	r3, r3, #1
 1799 076e 9A42     		cmp	r2, r3
 1800 0770 09D3     		bcc	.L48
ARM GAS  C:\Users\a_hae\AppData\Local\Temp\cci8zHTh.s 			page 42


 523:Core/Src/main.c **** 	  	{
 524:Core/Src/main.c **** 	  		/* Einmalig nach dem Boot (nach der Claim-Sendepause) den aktuellen
 525:Core/Src/main.c **** 	  		 * Namensstand als 126998 verschicken. So sehen PC-Tool/Plotter
 526:Core/Src/main.c **** 	  		 * z.B. nach einem Werksreset sofort, dass der Name weg ist -
 527:Core/Src/main.c **** 	  		 * ohne selbst anfragen zu muessen. */
 528:Core/Src/main.c **** 	  		boot_cfginfo_pending = 0;
 1801              		.loc 1 528 27
 1802 0772 2B4B     		ldr	r3, .L97+80
 1803 0774 0022     		movs	r2, #0
 1804 0776 1A70     		strb	r2, [r3]
 529:Core/Src/main.c **** 	  		dev_info++;
 1805              		.loc 1 529 14
 1806 0778 2A4B     		ldr	r3, .L97+84
 1807 077a 1B78     		ldrb	r3, [r3]
 1808 077c DBB2     		uxtb	r3, r3
 1809 077e 0133     		adds	r3, r3, #1
 1810 0780 DAB2     		uxtb	r2, r3
 1811 0782 284B     		ldr	r3, .L97+84
 1812 0784 1A70     		strb	r2, [r3]
 1813              	.L48:
 530:Core/Src/main.c **** 	  	}
 531:Core/Src/main.c **** 	  	if(dev_info != 0)
 1814              		.loc 1 531 17
 1815 0786 274B     		ldr	r3, .L97+84
 1816 0788 1B78     		ldrb	r3, [r3]
 1817 078a DBB2     		uxtb	r3, r3
 1818              		.loc 1 531 7
 1819 078c 002B     		cmp	r3, #0
 1820 078e 09D0     		beq	.L49
 532:Core/Src/main.c **** 	  	{
 533:Core/Src/main.c **** 	  		dev_info = 0;
 1821              		.loc 1 533 15
 1822 0790 244B     		ldr	r3, .L97+84
 1823 0792 0022     		movs	r2, #0
 1824 0794 1A70     		strb	r2, [r3]
 534:Core/Src/main.c **** 	  		NMEA2000_setDevInfo(&hfdcan1, dev_info_par.srcAdr, sensor_name);
 1825              		.loc 1 534 6
 1826 0796 144B     		ldr	r3, .L97+24
 1827 0798 D97A     		ldrb	r1, [r3, #11]
 1828 079a 234B     		ldr	r3, .L97+88
 1829 079c 1448     		ldr	r0, .L97+32
 1830 079e 1A00     		movs	r2, r3
 1831 07a0 FFF7FEFF 		bl	NMEA2000_setDevInfo
 1832              	.L49:
 535:Core/Src/main.c **** 	  	}
 536:Core/Src/main.c **** 
 537:Core/Src/main.c **** 	  	if(gf_ready != 0)
 1833              		.loc 1 537 17
 1834 07a4 214B     		ldr	r3, .L97+92
 1835 07a6 1B78     		ldrb	r3, [r3]
 1836 07a8 DBB2     		uxtb	r3, r3
 1837              		.loc 1 537 7
 1838 07aa 002B     		cmp	r3, #0
 1839 07ac 50D0     		beq	.L50
 538:Core/Src/main.c **** 		{
 539:Core/Src/main.c **** 	  		/* Fast-Packet-Nachricht vollstaendig empfangen ->
 540:Core/Src/main.c **** 	  		 * in der Hauptschleife abarbeiten */
ARM GAS  C:\Users\a_hae\AppData\Local\Temp\cci8zHTh.s 			page 43


 541:Core/Src/main.c **** 	  		if (gf_pgn == 126208)
 1840              		.loc 1 541 17
 1841 07ae 204B     		ldr	r3, .L97+96
 1842 07b0 1B68     		ldr	r3, [r3]
 1843              		.loc 1 541 9
 1844 07b2 204A     		ldr	r2, .L97+100
 1845 07b4 9342     		cmp	r3, r2
 1846 07b6 02D1     		bne	.L51
 542:Core/Src/main.c **** 	  		{
 543:Core/Src/main.c **** 	  			handle_group_function();
 1847              		.loc 1 543 7
 1848 07b8 FFF7FEFF 		bl	handle_group_function
 1849 07bc 45E0     		b	.L52
 1850              	.L51:
 544:Core/Src/main.c **** 	  		}
 545:Core/Src/main.c **** 	  		else if (gf_pgn == 126720)
 1851              		.loc 1 545 22
 1852 07be 1C4B     		ldr	r3, .L97+96
 1853 07c0 1B68     		ldr	r3, [r3]
 1854              		.loc 1 545 14
 1855 07c2 1D4A     		ldr	r2, .L97+104
 1856 07c4 9342     		cmp	r3, r2
 1857 07c6 39D1     		bne	.L53
 546:Core/Src/main.c **** 	  		{
 547:Core/Src/main.c **** 	  			handle_prop_config();
 1858              		.loc 1 547 7
 1859 07c8 FFF7FEFF 		bl	handle_prop_config
 1860 07cc 3DE0     		b	.L52
 1861              	.L98:
 1862 07ce C046     		.align	2
 1863              	.L97:
 1864 07d0 00000000 		.word	setup_mode
 1865 07d4 00000000 		.word	hw_otp_mismatch
 1866 07d8 00000000 		.word	time_el
 1867 07dc 00000000 		.word	last_run_nmea
 1868 07e0 00000000 		.word	nmea_time
 1869 07e4 00000000 		.word	claim_time
 1870 07e8 00000000 		.word	dev_info_par
 1871 07ec 00000000 		.word	percent_val
 1872 07f0 00000000 		.word	hfdcan1
 1873 07f4 00000000 		.word	last_run_temp
 1874 07f8 00000000 		.word	temp_time
 1875 07fc 00000000 		.word	sensor_data_rx
 1876 0800 00000000 		.word	last_run_hb
 1877 0804 00000000 		.word	hb_time
 1878 0808 00000000 		.word	fluid_req
 1879 080c 00000000 		.word	pgnlist_req
 1880 0810 00000000 		.word	adr_lost
 1881 0814 00000000 		.word	adr_claim
 1882 0818 00000000 		.word	prod_info
 1883 081c 00000000 		.word	p_info
 1884 0820 00000000 		.word	boot_cfginfo_pending
 1885 0824 00000000 		.word	dev_info
 1886 0828 00000000 		.word	sensor_name
 1887 082c 00000000 		.word	gf_ready
 1888 0830 00000000 		.word	gf_pgn
 1889 0834 00ED0100 		.word	126208
ARM GAS  C:\Users\a_hae\AppData\Local\Temp\cci8zHTh.s 			page 44


 1890 0838 00EF0100 		.word	126720
 1891              	.L53:
 548:Core/Src/main.c **** 	  		}
 549:Core/Src/main.c **** 	  		else if (gf_pgn == 65240)
 1892              		.loc 1 549 22
 1893 083c D04B     		ldr	r3, .L99
 1894 083e 1B68     		ldr	r3, [r3]
 1895              		.loc 1 549 14
 1896 0840 D04A     		ldr	r2, .L99+4
 1897 0842 9342     		cmp	r3, r2
 1898 0844 01D1     		bne	.L52
 550:Core/Src/main.c **** 	  		{
 551:Core/Src/main.c **** 	  			handle_commanded_address();
 1899              		.loc 1 551 7
 1900 0846 FFF7FEFF 		bl	handle_commanded_address
 1901              	.L52:
 552:Core/Src/main.c **** 	  		}
 553:Core/Src/main.c **** 	  		gf_ready = 0;
 1902              		.loc 1 553 15
 1903 084a CF4B     		ldr	r3, .L99+8
 1904 084c 0022     		movs	r2, #0
 1905 084e 1A70     		strb	r2, [r3]
 1906              	.L50:
 554:Core/Src/main.c **** 		}
 555:Core/Src/main.c **** 
 556:Core/Src/main.c **** 		//########## BLE (Proteus-e) ##########
 557:Core/Src/main.c **** 		if(ble_data_ready != 0)
 1907              		.loc 1 557 21
 1908 0850 CE4B     		ldr	r3, .L99+12
 1909 0852 1B78     		ldrb	r3, [r3]
 1910 0854 DBB2     		uxtb	r3, r3
 1911              		.loc 1 557 5
 1912 0856 002B     		cmp	r3, #0
 1913 0858 0AD0     		beq	.L54
 558:Core/Src/main.c **** 		{
 559:Core/Src/main.c **** 			ble_handle_command(ble_data_buf, ble_data_len);
 1914              		.loc 1 559 4
 1915 085a CD4B     		ldr	r3, .L99+16
 1916 085c 1B88     		ldrh	r3, [r3]
 1917 085e 9AB2     		uxth	r2, r3
 1918 0860 CC4B     		ldr	r3, .L99+20
 1919 0862 1100     		movs	r1, r2
 1920 0864 1800     		movs	r0, r3
 1921 0866 FFF7FEFF 		bl	ble_handle_command
 560:Core/Src/main.c **** 			ble_data_ready = 0;		/* Puffer wieder freigeben */
 1922              		.loc 1 560 19
 1923 086a C84B     		ldr	r3, .L99+12
 1924 086c 0022     		movs	r2, #0
 1925 086e 1A70     		strb	r2, [r3]
 1926              	.L54:
 561:Core/Src/main.c **** 		}
 562:Core/Src/main.c **** 		if(ble_channel_open && ((time_el - last_run_ble) >= ble_time))
 1927              		.loc 1 562 6
 1928 0870 C94B     		ldr	r3, .L99+24
 1929 0872 1B78     		ldrb	r3, [r3]
 1930 0874 DBB2     		uxtb	r3, r3
 1931              		.loc 1 562 5
ARM GAS  C:\Users\a_hae\AppData\Local\Temp\cci8zHTh.s 			page 45


 1932 0876 002B     		cmp	r3, #0
 1933 0878 0ED0     		beq	.L55
 1934              		.loc 1 562 36 discriminator 1
 1935 087a C84B     		ldr	r3, .L99+28
 1936 087c 1A68     		ldr	r2, [r3]
 1937 087e C84B     		ldr	r3, .L99+32
 1938 0880 1B68     		ldr	r3, [r3]
 1939 0882 D21A     		subs	r2, r2, r3
 1940              		.loc 1 562 52 discriminator 1
 1941 0884 C74B     		ldr	r3, .L99+36
 1942 0886 1B68     		ldr	r3, [r3]
 1943              		.loc 1 562 23 discriminator 1
 1944 0888 9A42     		cmp	r2, r3
 1945 088a 05D3     		bcc	.L55
 563:Core/Src/main.c **** 		{
 564:Core/Src/main.c **** 			last_run_ble = time_el;
 1946              		.loc 1 564 17
 1947 088c C34B     		ldr	r3, .L99+28
 1948 088e 1A68     		ldr	r2, [r3]
 1949 0890 C34B     		ldr	r3, .L99+32
 1950 0892 1A60     		str	r2, [r3]
 565:Core/Src/main.c **** 			ble_send_status();
 1951              		.loc 1 565 4
 1952 0894 FFF7FEFF 		bl	ble_send_status
 1953              	.L55:
 566:Core/Src/main.c **** 		}
 567:Core/Src/main.c **** 		if(ble_setname_pending && (ble_connected == 0))
 1954              		.loc 1 567 6
 1955 0898 C34B     		ldr	r3, .L99+40
 1956 089a 1B78     		ldrb	r3, [r3]
 1957 089c DBB2     		uxtb	r3, r3
 1958              		.loc 1 567 5
 1959 089e 002B     		cmp	r3, #0
 1960 08a0 09D0     		beq	.L56
 1961              		.loc 1 567 44 discriminator 1
 1962 08a2 C24B     		ldr	r3, .L99+44
 1963 08a4 1B78     		ldrb	r3, [r3]
 1964 08a6 DBB2     		uxtb	r3, r3
 1965              		.loc 1 567 26 discriminator 1
 1966 08a8 002B     		cmp	r3, #0
 1967 08aa 04D1     		bne	.L56
 568:Core/Src/main.c **** 		{
 569:Core/Src/main.c **** 			/* Verbindung ist getrennt -> Modul ist jetzt im Leerlauf und
 570:Core/Src/main.c **** 			 * akzeptiert die Namensänderung (CMD_SET_REQ). */
 571:Core/Src/main.c **** 			HAL_Delay(50);
 1968              		.loc 1 571 4
 1969 08ac 3220     		movs	r0, #50
 1970 08ae FFF7FEFF 		bl	HAL_Delay
 572:Core/Src/main.c **** 			BLE_ApplyPendingName();
 1971              		.loc 1 572 4
 1972 08b2 FFF7FEFF 		bl	BLE_ApplyPendingName
 1973              	.L56:
 573:Core/Src/main.c **** 		}
 574:Core/Src/main.c **** 
 575:Core/Src/main.c **** 		/* --- Nach dem Boot: (0) Modulnamen abgleichen, (1) die Sicherheit
 576:Core/Src/main.c **** 		 * EINMALIG provisionieren. Sicherheitsmodus und PIN werden danach im
 577:Core/Src/main.c **** 		 * Betrieb NICHT mehr angefasst - die PIN aendert nur noch das aktive
ARM GAS  C:\Users\a_hae\AppData\Local\Temp\cci8zHTh.s 			page 46


 578:Core/Src/main.c **** 		 * PIN-Kommando. Frueher wurde die Modul-PIN bei jedem Boot zurueck-
 579:Core/Src/main.c **** 		 * gelesen und verglichen; liefert das Modul die PIN nicht identisch
 580:Core/Src/main.c **** 		 * zurueck, fuehrte das zu staendigem Neu-Schreiben samt Bond-Loeschung
 581:Core/Src/main.c **** 		 * -> Kopplung nach jedem Neustart weg. Deshalb jetzt einmalig. */
 582:Core/Src/main.c **** 		if ((ble_sync_step < 2) && (time_el >= ble_sync_next))
 1974              		.loc 1 582 22
 1975 08b6 BE4B     		ldr	r3, .L99+48
 1976 08b8 1B78     		ldrb	r3, [r3]
 1977              		.loc 1 582 6
 1978 08ba 012B     		cmp	r3, #1
 1979 08bc 00D9     		bls	.LCB1335
 1980 08be D6E0     		b	.L57	@long jump
 1981              	.LCB1335:
 1982              		.loc 1 582 39 discriminator 1
 1983 08c0 B64B     		ldr	r3, .L99+28
 1984 08c2 1A68     		ldr	r2, [r3]
 1985 08c4 BB4B     		ldr	r3, .L99+52
 1986 08c6 1B68     		ldr	r3, [r3]
 1987              		.loc 1 582 27 discriminator 1
 1988 08c8 9A42     		cmp	r2, r3
 1989 08ca 00D2     		bcs	.LCB1341
 1990 08cc CFE0     		b	.L57	@long jump
 1991              	.LCB1341:
 583:Core/Src/main.c **** 		{
 584:Core/Src/main.c **** 			if (ble_sync_step == 0)			/* Modulname (per GET abgleichen) */
 1992              		.loc 1 584 22
 1993 08ce B84B     		ldr	r3, .L99+48
 1994 08d0 1B78     		ldrb	r3, [r3]
 1995              		.loc 1 584 7
 1996 08d2 002B     		cmp	r3, #0
 1997 08d4 00D0     		beq	.LCB1345
 1998 08d6 8CE0     		b	.L58	@long jump
 1999              	.LCB1345:
 585:Core/Src/main.c **** 			{
 586:Core/Src/main.c **** 				if (ble_sync_wait == 0)
 2000              		.loc 1 586 23
 2001 08d8 B74B     		ldr	r3, .L99+56
 2002 08da 1B78     		ldrb	r3, [r3]
 2003              		.loc 1 586 8
 2004 08dc 002B     		cmp	r3, #0
 2005 08de 19D1     		bne	.L59
 587:Core/Src/main.c **** 				{
 588:Core/Src/main.c **** 					if (BLE_RequestSetting(CFG_IDX_DEVICENAME))
 2006              		.loc 1 588 10
 2007 08e0 0220     		movs	r0, #2
 2008 08e2 FFF7FEFF 		bl	BLE_RequestSetting
 2009 08e6 031E     		subs	r3, r0, #0
 2010              		.loc 1 588 9 discriminator 1
 2011 08e8 0AD0     		beq	.L60
 589:Core/Src/main.c **** 					{
 590:Core/Src/main.c **** 						ble_sync_wait = 1;
 2012              		.loc 1 590 21
 2013 08ea B34B     		ldr	r3, .L99+56
 2014 08ec 0122     		movs	r2, #1
 2015 08ee 1A70     		strb	r2, [r3]
 591:Core/Src/main.c **** 						ble_sync_next = time_el + 500;
 2016              		.loc 1 591 31
ARM GAS  C:\Users\a_hae\AppData\Local\Temp\cci8zHTh.s 			page 47


 2017 08f0 AA4B     		ldr	r3, .L99+28
 2018 08f2 1B68     		ldr	r3, [r3]
 2019 08f4 F533     		adds	r3, r3, #245
 2020 08f6 FF33     		adds	r3, r3, #255
 2021 08f8 1A00     		movs	r2, r3
 2022              		.loc 1 591 21
 2023 08fa AE4B     		ldr	r3, .L99+52
 2024 08fc 1A60     		str	r2, [r3]
 2025 08fe B6E0     		b	.L57
 2026              	.L60:
 592:Core/Src/main.c **** 					}
 593:Core/Src/main.c **** 					else
 594:Core/Src/main.c **** 					{
 595:Core/Src/main.c **** 						ble_sync_step = 1;	/* UART-Fehler -> Name ueberspringen */
 2027              		.loc 1 595 21
 2028 0900 AB4B     		ldr	r3, .L99+48
 2029 0902 0122     		movs	r2, #1
 2030 0904 1A70     		strb	r2, [r3]
 596:Core/Src/main.c **** 						ble_sync_next = time_el + 100;
 2031              		.loc 1 596 31
 2032 0906 A54B     		ldr	r3, .L99+28
 2033 0908 1B68     		ldr	r3, [r3]
 2034 090a 6433     		adds	r3, r3, #100
 2035 090c 1A00     		movs	r2, r3
 2036              		.loc 1 596 21
 2037 090e A94B     		ldr	r3, .L99+52
 2038 0910 1A60     		str	r2, [r3]
 2039 0912 ACE0     		b	.L57
 2040              	.L59:
 597:Core/Src/main.c **** 					}
 598:Core/Src/main.c **** 				}
 599:Core/Src/main.c **** 				else if (ble_get_ready && (ble_get_index == CFG_IDX_DEVICENAME))
 2041              		.loc 1 599 14
 2042 0914 A94B     		ldr	r3, .L99+60
 2043 0916 1B78     		ldrb	r3, [r3]
 2044 0918 DBB2     		uxtb	r3, r3
 2045              		.loc 1 599 13
 2046 091a 002B     		cmp	r3, #0
 2047 091c 47D0     		beq	.L62
 2048              		.loc 1 599 46 discriminator 1
 2049 091e A84B     		ldr	r3, .L99+64
 2050 0920 1B78     		ldrb	r3, [r3]
 2051              		.loc 1 599 28 discriminator 1
 2052 0922 022B     		cmp	r3, #2
 2053 0924 43D1     		bne	.L62
 2054              	.LBB10:
 600:Core/Src/main.c **** 				{
 601:Core/Src/main.c **** 					char want[21];
 602:Core/Src/main.c **** 					uint32_t settle = 100;
 2055              		.loc 1 602 15
 2056 0926 6423     		movs	r3, #100
 2057 0928 8822     		movs	r2, #136
 2058 092a BA18     		adds	r2, r7, r2
 2059 092c 1360     		str	r3, [r2]
 603:Core/Src/main.c **** 					ble_desired_name(want);
 2060              		.loc 1 603 6
 2061 092e 3425     		movs	r5, #52
ARM GAS  C:\Users\a_hae\AppData\Local\Temp\cci8zHTh.s 			page 48


 2062 0930 2826     		movs	r6, #40
 2063 0932 AB19     		adds	r3, r5, r6
 2064 0934 DB19     		adds	r3, r3, r7
 2065 0936 1800     		movs	r0, r3
 2066 0938 FFF7FEFF 		bl	ble_desired_name
 604:Core/Src/main.c **** 					if ((ble_get_len != strlen(want))
 2067              		.loc 1 604 23
 2068 093c A14B     		ldr	r3, .L99+68
 2069 093e 1B88     		ldrh	r3, [r3]
 2070 0940 9BB2     		uxth	r3, r3
 2071 0942 1C00     		movs	r4, r3
 2072              		.loc 1 604 26
 2073 0944 AB19     		adds	r3, r5, r6
 2074 0946 DB19     		adds	r3, r3, r7
 2075 0948 1800     		movs	r0, r3
 2076 094a FFF7FEFF 		bl	strlen
 2077 094e 0300     		movs	r3, r0
 2078              		.loc 1 604 9 discriminator 1
 2079 0950 9C42     		cmp	r4, r3
 2080 0952 0BD1     		bne	.L63
 605:Core/Src/main.c **** 							|| (memcmp(ble_get_value, want, ble_get_len) != 0))
 2081              		.loc 1 605 12
 2082 0954 9B4B     		ldr	r3, .L99+68
 2083 0956 1B88     		ldrh	r3, [r3]
 2084 0958 9BB2     		uxth	r3, r3
 2085 095a 1A00     		movs	r2, r3
 2086 095c AB19     		adds	r3, r5, r6
 2087 095e DB19     		adds	r3, r3, r7
 2088 0960 9948     		ldr	r0, .L99+72
 2089 0962 1900     		movs	r1, r3
 2090 0964 FFF7FEFF 		bl	memcmp
 2091 0968 031E     		subs	r3, r0, #0
 2092              		.loc 1 605 8 discriminator 1
 2093 096a 0BD0     		beq	.L64
 2094              	.L63:
 606:Core/Src/main.c **** 					{
 607:Core/Src/main.c **** 						BLE_SetDeviceName(want);	/* behandelt 'verbunden' selbst */
 2095              		.loc 1 607 7
 2096 096c 3423     		movs	r3, #52
 2097 096e 2822     		movs	r2, #40
 2098 0970 9B18     		adds	r3, r3, r2
 2099 0972 DB19     		adds	r3, r3, r7
 2100 0974 1800     		movs	r0, r3
 2101 0976 FFF7FEFF 		bl	BLE_SetDeviceName
 608:Core/Src/main.c **** 						settle = 2000;				/* Modul startet neu */
 2102              		.loc 1 608 14
 2103 097a FA23     		movs	r3, #250
 2104 097c DB00     		lsls	r3, r3, #3
 2105 097e 8822     		movs	r2, #136
 2106 0980 BA18     		adds	r2, r7, r2
 2107 0982 1360     		str	r3, [r2]
 2108              	.L64:
 609:Core/Src/main.c **** 					}
 610:Core/Src/main.c **** 					ble_get_ready = 0;
 2109              		.loc 1 610 20
 2110 0984 8D4B     		ldr	r3, .L99+60
 2111 0986 0022     		movs	r2, #0
ARM GAS  C:\Users\a_hae\AppData\Local\Temp\cci8zHTh.s 			page 49


 2112 0988 1A70     		strb	r2, [r3]
 611:Core/Src/main.c **** 					ble_sync_wait = 0;
 2113              		.loc 1 611 20
 2114 098a 8B4B     		ldr	r3, .L99+56
 2115 098c 0022     		movs	r2, #0
 2116 098e 1A70     		strb	r2, [r3]
 612:Core/Src/main.c **** 					ble_sync_tries = 0;
 2117              		.loc 1 612 21
 2118 0990 8E4B     		ldr	r3, .L99+76
 2119 0992 0022     		movs	r2, #0
 2120 0994 1A70     		strb	r2, [r3]
 613:Core/Src/main.c **** 					ble_sync_step = 1;
 2121              		.loc 1 613 20
 2122 0996 864B     		ldr	r3, .L99+48
 2123 0998 0122     		movs	r2, #1
 2124 099a 1A70     		strb	r2, [r3]
 614:Core/Src/main.c **** 					ble_sync_next = time_el + settle;
 2125              		.loc 1 614 30
 2126 099c 7F4B     		ldr	r3, .L99+28
 2127 099e 1A68     		ldr	r2, [r3]
 2128 09a0 8823     		movs	r3, #136
 2129 09a2 FB18     		adds	r3, r7, r3
 2130 09a4 1B68     		ldr	r3, [r3]
 2131 09a6 D218     		adds	r2, r2, r3
 2132              		.loc 1 614 20
 2133 09a8 824B     		ldr	r3, .L99+52
 2134 09aa 1A60     		str	r2, [r3]
 2135              	.LBE10:
 600:Core/Src/main.c **** 					char want[21];
 2136              		.loc 1 600 5
 2137 09ac 5FE0     		b	.L57
 2138              	.L62:
 615:Core/Src/main.c **** 				}
 616:Core/Src/main.c **** 				else if (++ble_sync_tries >= 3)	/* keine Antwort -> weiter */
 2139              		.loc 1 616 14
 2140 09ae 874B     		ldr	r3, .L99+76
 2141 09b0 1B78     		ldrb	r3, [r3]
 2142 09b2 0133     		adds	r3, r3, #1
 2143 09b4 DAB2     		uxtb	r2, r3
 2144              		.loc 1 616 13
 2145 09b6 854B     		ldr	r3, .L99+76
 2146 09b8 1A70     		strb	r2, [r3]
 2147              		.loc 1 616 14
 2148 09ba 844B     		ldr	r3, .L99+76
 2149 09bc 1B78     		ldrb	r3, [r3]
 2150              		.loc 1 616 13
 2151 09be 022B     		cmp	r3, #2
 2152 09c0 0FD9     		bls	.L65
 617:Core/Src/main.c **** 				{
 618:Core/Src/main.c **** 					ble_sync_wait = 0;
 2153              		.loc 1 618 20
 2154 09c2 7D4B     		ldr	r3, .L99+56
 2155 09c4 0022     		movs	r2, #0
 2156 09c6 1A70     		strb	r2, [r3]
 619:Core/Src/main.c **** 					ble_sync_tries = 0;
 2157              		.loc 1 619 21
 2158 09c8 804B     		ldr	r3, .L99+76
ARM GAS  C:\Users\a_hae\AppData\Local\Temp\cci8zHTh.s 			page 50


 2159 09ca 0022     		movs	r2, #0
 2160 09cc 1A70     		strb	r2, [r3]
 620:Core/Src/main.c **** 					ble_sync_step = 1;
 2161              		.loc 1 620 20
 2162 09ce 784B     		ldr	r3, .L99+48
 2163 09d0 0122     		movs	r2, #1
 2164 09d2 1A70     		strb	r2, [r3]
 621:Core/Src/main.c **** 					ble_sync_next = time_el + 100;
 2165              		.loc 1 621 30
 2166 09d4 714B     		ldr	r3, .L99+28
 2167 09d6 1B68     		ldr	r3, [r3]
 2168 09d8 6433     		adds	r3, r3, #100
 2169 09da 1A00     		movs	r2, r3
 2170              		.loc 1 621 20
 2171 09dc 754B     		ldr	r3, .L99+52
 2172 09de 1A60     		str	r2, [r3]
 2173 09e0 45E0     		b	.L57
 2174              	.L65:
 622:Core/Src/main.c **** 				}
 623:Core/Src/main.c **** 				else
 624:Core/Src/main.c **** 				{
 625:Core/Src/main.c **** 					ble_sync_wait = 0;
 2175              		.loc 1 625 20
 2176 09e2 754B     		ldr	r3, .L99+56
 2177 09e4 0022     		movs	r2, #0
 2178 09e6 1A70     		strb	r2, [r3]
 626:Core/Src/main.c **** 					ble_sync_next = time_el;
 2179              		.loc 1 626 20
 2180 09e8 6C4B     		ldr	r3, .L99+28
 2181 09ea 1A68     		ldr	r2, [r3]
 2182 09ec 714B     		ldr	r3, .L99+52
 2183 09ee 1A60     		str	r2, [r3]
 2184 09f0 3DE0     		b	.L57
 2185              	.L58:
 627:Core/Src/main.c **** 				}
 628:Core/Src/main.c **** 			}
 629:Core/Src/main.c **** 			else							/* (1) Sicherheit einmalig provisionieren */
 630:Core/Src/main.c **** 			{
 631:Core/Src/main.c **** 				if (cfg_data[CFG_SECPROV_OFF] == CFG_SECPROV_MAGIC)
 2186              		.loc 1 631 17
 2187 09f2 774B     		ldr	r3, .L99+80
 2188 09f4 3F22     		movs	r2, #63
 2189 09f6 9B5C     		ldrb	r3, [r3, r2]
 2190              		.loc 1 631 8
 2191 09f8 5A2B     		cmp	r3, #90
 2192 09fa 03D1     		bne	.L66
 632:Core/Src/main.c **** 				{
 633:Core/Src/main.c **** 					ble_sync_step = 2;	/* schon provisioniert -> nie wieder anfassen */
 2193              		.loc 1 633 20
 2194 09fc 6C4B     		ldr	r3, .L99+48
 2195 09fe 0222     		movs	r2, #2
 2196 0a00 1A70     		strb	r2, [r3]
 2197 0a02 34E0     		b	.L57
 2198              	.L66:
 634:Core/Src/main.c **** 				}
 635:Core/Src/main.c **** 				else if (ble_connected)
 2199              		.loc 1 635 14
ARM GAS  C:\Users\a_hae\AppData\Local\Temp\cci8zHTh.s 			page 51


 2200 0a04 694B     		ldr	r3, .L99+44
 2201 0a06 1B78     		ldrb	r3, [r3]
 2202 0a08 DBB2     		uxtb	r3, r3
 2203              		.loc 1 635 13
 2204 0a0a 002B     		cmp	r3, #0
 2205 0a0c 1CD0     		beq	.L67
 636:Core/Src/main.c **** 				{
 637:Core/Src/main.c **** 					/* nicht mitten in eine Verbindung reset-en: erst trennen,
 638:Core/Src/main.c **** 					 * gleich erneut versuchen (begrenzt, sonst aufgeben) */
 639:Core/Src/main.c **** 					BLE_Disconnect();
 2206              		.loc 1 639 6
 2207 0a0e FFF7FEFF 		bl	BLE_Disconnect
 640:Core/Src/main.c **** 					if (++ble_sync_tries >= 5)
 2208              		.loc 1 640 10
 2209 0a12 6E4B     		ldr	r3, .L99+76
 2210 0a14 1B78     		ldrb	r3, [r3]
 2211 0a16 0133     		adds	r3, r3, #1
 2212 0a18 DAB2     		uxtb	r2, r3
 2213              		.loc 1 640 9
 2214 0a1a 6C4B     		ldr	r3, .L99+76
 2215 0a1c 1A70     		strb	r2, [r3]
 2216              		.loc 1 640 10
 2217 0a1e 6B4B     		ldr	r3, .L99+76
 2218 0a20 1B78     		ldrb	r3, [r3]
 2219              		.loc 1 640 9
 2220 0a22 042B     		cmp	r3, #4
 2221 0a24 09D9     		bls	.L68
 641:Core/Src/main.c **** 					{
 642:Core/Src/main.c **** 						cfg_data[CFG_SECPROV_OFF] = CFG_SECPROV_MAGIC;
 2222              		.loc 1 642 33
 2223 0a26 6A4A     		ldr	r2, .L99+80
 2224 0a28 3F21     		movs	r1, #63
 2225 0a2a 5A23     		movs	r3, #90
 2226 0a2c 5354     		strb	r3, [r2, r1]
 643:Core/Src/main.c **** 						config_save();
 2227              		.loc 1 643 7
 2228 0a2e FFF7FEFF 		bl	config_save
 644:Core/Src/main.c **** 						ble_sync_step = 2;
 2229              		.loc 1 644 21
 2230 0a32 5F4B     		ldr	r3, .L99+48
 2231 0a34 0222     		movs	r2, #2
 2232 0a36 1A70     		strb	r2, [r3]
 2233 0a38 19E0     		b	.L57
 2234              	.L68:
 645:Core/Src/main.c **** 					}
 646:Core/Src/main.c **** 					else
 647:Core/Src/main.c **** 					{
 648:Core/Src/main.c **** 						ble_sync_next = time_el + 1500;
 2235              		.loc 1 648 31
 2236 0a3a 584B     		ldr	r3, .L99+28
 2237 0a3c 1B68     		ldr	r3, [r3]
 2238 0a3e 654A     		ldr	r2, .L99+84
 2239 0a40 9A18     		adds	r2, r3, r2
 2240              		.loc 1 648 21
 2241 0a42 5C4B     		ldr	r3, .L99+52
 2242 0a44 1A60     		str	r2, [r3]
 2243 0a46 12E0     		b	.L57
ARM GAS  C:\Users\a_hae\AppData\Local\Temp\cci8zHTh.s 			page 52


 2244              	.L67:
 649:Core/Src/main.c **** 					}
 650:Core/Src/main.c **** 				}
 651:Core/Src/main.c **** 				else
 652:Core/Src/main.c **** 				{
 653:Core/Src/main.c **** 					BLE_ProvisionSecurity(BLE_SECFLAGS_TARGET);
 2245              		.loc 1 653 6
 2246 0a48 0020     		movs	r0, #0
 2247 0a4a FFF7FEFF 		bl	BLE_ProvisionSecurity
 654:Core/Src/main.c **** 					cfg_data[CFG_SECPROV_OFF] = CFG_SECPROV_MAGIC;
 2248              		.loc 1 654 32
 2249 0a4e 604A     		ldr	r2, .L99+80
 2250 0a50 3F21     		movs	r1, #63
 2251 0a52 5A23     		movs	r3, #90
 2252 0a54 5354     		strb	r3, [r2, r1]
 655:Core/Src/main.c **** 					config_save();
 2253              		.loc 1 655 6
 2254 0a56 FFF7FEFF 		bl	config_save
 656:Core/Src/main.c **** 					ble_sync_step = 2;
 2255              		.loc 1 656 20
 2256 0a5a 554B     		ldr	r3, .L99+48
 2257 0a5c 0222     		movs	r2, #2
 2258 0a5e 1A70     		strb	r2, [r3]
 657:Core/Src/main.c **** 					ble_sync_next = time_el + 2000;
 2259              		.loc 1 657 30
 2260 0a60 4E4B     		ldr	r3, .L99+28
 2261 0a62 1B68     		ldr	r3, [r3]
 2262 0a64 FA22     		movs	r2, #250
 2263 0a66 D200     		lsls	r2, r2, #3
 2264 0a68 9A18     		adds	r2, r3, r2
 2265              		.loc 1 657 20
 2266 0a6a 524B     		ldr	r3, .L99+52
 2267 0a6c 1A60     		str	r2, [r3]
 2268              	.L57:
 658:Core/Src/main.c **** 				}
 659:Core/Src/main.c **** 			}
 660:Core/Src/main.c **** 		}
 661:Core/Src/main.c **** 
 662:Core/Src/main.c **** 
 663:Core/Src/main.c **** 	  	if((time_el-last_run_led)>=led_time)
 2269              		.loc 1 663 16
 2270 0a6e 4B4B     		ldr	r3, .L99+28
 2271 0a70 1A68     		ldr	r2, [r3]
 2272 0a72 594B     		ldr	r3, .L99+88
 2273 0a74 1B68     		ldr	r3, [r3]
 2274 0a76 D21A     		subs	r2, r2, r3
 2275              		.loc 1 663 30
 2276 0a78 584B     		ldr	r3, .L99+92
 2277 0a7a 1B68     		ldr	r3, [r3]
 2278              		.loc 1 663 7
 2279 0a7c 9A42     		cmp	r2, r3
 2280 0a7e 00D2     		bcs	.LCB1585
 2281 0a80 42E4     		b	.L91	@long jump
 2282              	.LCB1585:
 664:Core/Src/main.c **** 	  	{
 665:Core/Src/main.c **** 	  		last_run_led = time_el;
 2283              		.loc 1 665 19
ARM GAS  C:\Users\a_hae\AppData\Local\Temp\cci8zHTh.s 			page 53


 2284 0a82 464B     		ldr	r3, .L99+28
 2285 0a84 1A68     		ldr	r2, [r3]
 2286 0a86 544B     		ldr	r3, .L99+88
 2287 0a88 1A60     		str	r2, [r3]
 666:Core/Src/main.c **** 
 667:Core/Src/main.c **** 	  		//########## normaler Messmodus -> LED-Berechnungen ###########
 668:Core/Src/main.c **** 	  		if(run_mode == 1)
 2288              		.loc 1 668 18
 2289 0a8a 554B     		ldr	r3, .L99+96
 2290 0a8c 1B78     		ldrb	r3, [r3]
 2291 0a8e DBB2     		uxtb	r3, r3
 2292              		.loc 1 668 8
 2293 0a90 012B     		cmp	r3, #1
 2294 0a92 00D0     		beq	.LCB1594
 2295 0a94 EFE0     		b	.L70	@long jump
 2296              	.LCB1594:
 669:Core/Src/main.c **** 	  		{
 670:Core/Src/main.c **** 	  			calc_color(&LED_r, &LED_g, &LED_b, percent_val);
 2297              		.loc 1 670 7
 2298 0a96 534B     		ldr	r3, .L99+100
 2299 0a98 1B88     		ldrh	r3, [r3]
 2300 0a9a 534A     		ldr	r2, .L99+104
 2301 0a9c 5349     		ldr	r1, .L99+108
 2302 0a9e 5448     		ldr	r0, .L99+112
 2303 0aa0 FFF7FEFF 		bl	calc_color
 671:Core/Src/main.c **** 	  			if(led_up==1)
 2304              		.loc 1 671 16
 2305 0aa4 534B     		ldr	r3, .L99+116
 2306 0aa6 1B78     		ldrb	r3, [r3]
 2307 0aa8 DBB2     		uxtb	r3, r3
 2308              		.loc 1 671 9
 2309 0aaa 012B     		cmp	r3, #1
 2310 0aac 05D1     		bne	.L71
 672:Core/Src/main.c **** 	  			{
 673:Core/Src/main.c **** 	  				LED_brightness=LED_brightness+4;
 2311              		.loc 1 673 37
 2312 0aae 524B     		ldr	r3, .L99+120
 2313 0ab0 1B68     		ldr	r3, [r3]
 2314 0ab2 1A1D     		adds	r2, r3, #4
 2315              		.loc 1 673 22
 2316 0ab4 504B     		ldr	r3, .L99+120
 2317 0ab6 1A60     		str	r2, [r3]
 2318 0ab8 C1E0     		b	.L72
 2319              	.L71:
 674:Core/Src/main.c **** 	  			}
 675:Core/Src/main.c **** 	  			else if (led_up == 0)
 2320              		.loc 1 675 23
 2321 0aba 4E4B     		ldr	r3, .L99+116
 2322 0abc 1B78     		ldrb	r3, [r3]
 2323 0abe DBB2     		uxtb	r3, r3
 2324              		.loc 1 675 15
 2325 0ac0 002B     		cmp	r3, #0
 2326 0ac2 05D1     		bne	.L73
 676:Core/Src/main.c **** 	  			{
 677:Core/Src/main.c **** 	  				LED_brightness=LED_brightness-4;
 2327              		.loc 1 677 37
 2328 0ac4 4C4B     		ldr	r3, .L99+120
ARM GAS  C:\Users\a_hae\AppData\Local\Temp\cci8zHTh.s 			page 54


 2329 0ac6 1B68     		ldr	r3, [r3]
 2330 0ac8 1A1F     		subs	r2, r3, #4
 2331              		.loc 1 677 22
 2332 0aca 4B4B     		ldr	r3, .L99+120
 2333 0acc 1A60     		str	r2, [r3]
 2334 0ace B6E0     		b	.L72
 2335              	.L73:
 678:Core/Src/main.c **** 	  			}
 679:Core/Src/main.c **** 	  			else if (led_up == 2)
 2336              		.loc 1 679 23
 2337 0ad0 484B     		ldr	r3, .L99+116
 2338 0ad2 1B78     		ldrb	r3, [r3]
 2339 0ad4 DBB2     		uxtb	r3, r3
 2340              		.loc 1 679 15
 2341 0ad6 022B     		cmp	r3, #2
 2342 0ad8 00D0     		beq	.LCB1633
 2343 0ada A5E0     		b	.L74	@long jump
 2344              	.LCB1633:
 680:Core/Src/main.c **** 	  			{
 681:Core/Src/main.c **** 	  				LED_brightness = 255;
 2345              		.loc 1 681 23
 2346 0adc 464B     		ldr	r3, .L99+120
 2347 0ade FF22     		movs	r2, #255
 2348 0ae0 1A60     		str	r2, [r3]
 682:Core/Src/main.c **** 	  				LED_r=0;
 2349              		.loc 1 682 13
 2350 0ae2 434B     		ldr	r3, .L99+112
 2351 0ae4 0022     		movs	r2, #0
 2352 0ae6 1A60     		str	r2, [r3]
 683:Core/Src/main.c **** 	  				LED_g=0;
 2353              		.loc 1 683 13
 2354 0ae8 404B     		ldr	r3, .L99+108
 2355 0aea 0022     		movs	r2, #0
 2356 0aec 1A60     		str	r2, [r3]
 684:Core/Src/main.c **** 	  				LED_b=0;
 2357              		.loc 1 684 13
 2358 0aee 3E4B     		ldr	r3, .L99+104
 2359 0af0 0022     		movs	r2, #0
 2360 0af2 1A60     		str	r2, [r3]
 685:Core/Src/main.c **** 	  				if(error_mode & ERROR_TX_CAN)
 2361              		.loc 1 685 22
 2362 0af4 414B     		ldr	r3, .L99+124
 2363 0af6 1B78     		ldrb	r3, [r3]
 2364 0af8 DBB2     		uxtb	r3, r3
 2365 0afa 1A00     		movs	r2, r3
 2366 0afc 0123     		movs	r3, #1
 2367 0afe 1340     		ands	r3, r2
 2368              		.loc 1 685 10
 2369 0b00 02D0     		beq	.L75
 686:Core/Src/main.c **** 	  				{
 687:Core/Src/main.c **** 	  					LED_b=255;
 2370              		.loc 1 687 14
 2371 0b02 394B     		ldr	r3, .L99+104
 2372 0b04 FF22     		movs	r2, #255
 2373 0b06 1A60     		str	r2, [r3]
 2374              	.L75:
 688:Core/Src/main.c **** 	  				}
ARM GAS  C:\Users\a_hae\AppData\Local\Temp\cci8zHTh.s 			page 55


 689:Core/Src/main.c **** 	  				if(error_mode & ERROR_I2C)
 2375              		.loc 1 689 22
 2376 0b08 3C4B     		ldr	r3, .L99+124
 2377 0b0a 1B78     		ldrb	r3, [r3]
 2378 0b0c DBB2     		uxtb	r3, r3
 2379 0b0e 1A00     		movs	r2, r3
 2380 0b10 0223     		movs	r3, #2
 2381 0b12 1340     		ands	r3, r2
 2382              		.loc 1 689 10
 2383 0b14 02D0     		beq	.L76
 690:Core/Src/main.c **** 	  				{
 691:Core/Src/main.c **** 	  					LED_g=255;
 2384              		.loc 1 691 14
 2385 0b16 354B     		ldr	r3, .L99+108
 2386 0b18 FF22     		movs	r2, #255
 2387 0b1a 1A60     		str	r2, [r3]
 2388              	.L76:
 692:Core/Src/main.c **** 	  				}
 693:Core/Src/main.c **** 	  				if(error_mode & ERROR_HWV)
 2389              		.loc 1 693 22
 2390 0b1c 374B     		ldr	r3, .L99+124
 2391 0b1e 1B78     		ldrb	r3, [r3]
 2392 0b20 DBB2     		uxtb	r3, r3
 2393 0b22 1A00     		movs	r2, r3
 2394 0b24 0423     		movs	r3, #4
 2395 0b26 1340     		ands	r3, r2
 2396              		.loc 1 693 10
 2397 0b28 02D0     		beq	.L77
 694:Core/Src/main.c **** 	  				{
 695:Core/Src/main.c **** 	  					LED_r=255;
 2398              		.loc 1 695 14
 2399 0b2a 314B     		ldr	r3, .L99+112
 2400 0b2c FF22     		movs	r2, #255
 2401 0b2e 1A60     		str	r2, [r3]
 2402              	.L77:
 696:Core/Src/main.c **** 	  				}
 697:Core/Src/main.c **** 	  				if(error_cnt > 100)
 2403              		.loc 1 697 10
 2404 0b30 6721     		movs	r1, #103
 2405 0b32 2820     		movs	r0, #40
 2406 0b34 0B18     		adds	r3, r1, r0
 2407 0b36 DB19     		adds	r3, r3, r7
 2408 0b38 1B78     		ldrb	r3, [r3]
 2409 0b3a 642B     		cmp	r3, #100
 2410 0b3c 14D9     		bls	.L78
 698:Core/Src/main.c **** 	  				{
 699:Core/Src/main.c **** 	  					LED_brightness = -100;
 2411              		.loc 1 699 24
 2412 0b3e 2E4B     		ldr	r3, .L99+120
 2413 0b40 6422     		movs	r2, #100
 2414 0b42 5242     		rsbs	r2, r2, #0
 2415 0b44 1A60     		str	r2, [r3]
 700:Core/Src/main.c **** 	  					LED_r=0;
 2416              		.loc 1 700 14
 2417 0b46 2A4B     		ldr	r3, .L99+112
 2418 0b48 0022     		movs	r2, #0
 2419 0b4a 1A60     		str	r2, [r3]
ARM GAS  C:\Users\a_hae\AppData\Local\Temp\cci8zHTh.s 			page 56


 701:Core/Src/main.c **** 	  					LED_g=0;
 2420              		.loc 1 701 14
 2421 0b4c 274B     		ldr	r3, .L99+108
 2422 0b4e 0022     		movs	r2, #0
 2423 0b50 1A60     		str	r2, [r3]
 702:Core/Src/main.c **** 	  					LED_b=0;
 2424              		.loc 1 702 14
 2425 0b52 254B     		ldr	r3, .L99+104
 2426 0b54 0022     		movs	r2, #0
 2427 0b56 1A60     		str	r2, [r3]
 703:Core/Src/main.c **** 	  					led_up = 1;
 2428              		.loc 1 703 16
 2429 0b58 264B     		ldr	r3, .L99+116
 2430 0b5a 0122     		movs	r2, #1
 2431 0b5c 1A70     		strb	r2, [r3]
 704:Core/Src/main.c **** 	  					error_cnt = 0;
 2432              		.loc 1 704 19
 2433 0b5e 0B18     		adds	r3, r1, r0
 2434 0b60 DB19     		adds	r3, r3, r7
 2435 0b62 0022     		movs	r2, #0
 2436 0b64 1A70     		strb	r2, [r3]
 2437 0b66 55E0     		b	.L79
 2438              	.L78:
 705:Core/Src/main.c **** 	  				}
 706:Core/Src/main.c **** 	  				else if(error_cnt > 75)
 2439              		.loc 1 706 15
 2440 0b68 6723     		movs	r3, #103
 2441 0b6a 2822     		movs	r2, #40
 2442 0b6c 9B18     		adds	r3, r3, r2
 2443 0b6e DB19     		adds	r3, r3, r7
 2444 0b70 1B78     		ldrb	r3, [r3]
 2445 0b72 4B2B     		cmp	r3, #75
 2446 0b74 44D9     		bls	.L80
 707:Core/Src/main.c **** 	  				{
 708:Core/Src/main.c **** 	  					LED_brightness = 255;
 2447              		.loc 1 708 24
 2448 0b76 204B     		ldr	r3, .L99+120
 2449 0b78 FF22     		movs	r2, #255
 2450 0b7a 1A60     		str	r2, [r3]
 2451 0b7c 4AE0     		b	.L79
 2452              	.L100:
 2453 0b7e C046     		.align	2
 2454              	.L99:
 2455 0b80 00000000 		.word	gf_pgn
 2456 0b84 D8FE0000 		.word	65240
 2457 0b88 00000000 		.word	gf_ready
 2458 0b8c 00000000 		.word	ble_data_ready
 2459 0b90 00000000 		.word	ble_data_len
 2460 0b94 00000000 		.word	ble_data_buf
 2461 0b98 00000000 		.word	ble_channel_open
 2462 0b9c 00000000 		.word	time_el
 2463 0ba0 00000000 		.word	last_run_ble
 2464 0ba4 00000000 		.word	ble_time
 2465 0ba8 00000000 		.word	ble_setname_pending
 2466 0bac 00000000 		.word	ble_connected
 2467 0bb0 00000000 		.word	ble_sync_step
 2468 0bb4 00000000 		.word	ble_sync_next
ARM GAS  C:\Users\a_hae\AppData\Local\Temp\cci8zHTh.s 			page 57


 2469 0bb8 00000000 		.word	ble_sync_wait
 2470 0bbc 00000000 		.word	ble_get_ready
 2471 0bc0 00000000 		.word	ble_get_index
 2472 0bc4 00000000 		.word	ble_get_len
 2473 0bc8 00000000 		.word	ble_get_value
 2474 0bcc 00000000 		.word	ble_sync_tries
 2475 0bd0 00000000 		.word	cfg_data
 2476 0bd4 DC050000 		.word	1500
 2477 0bd8 00000000 		.word	last_run_led
 2478 0bdc 00000000 		.word	led_time
 2479 0be0 00000000 		.word	run_mode
 2480 0be4 00000000 		.word	percent_val
 2481 0be8 00000000 		.word	LED_b
 2482 0bec 00000000 		.word	LED_g
 2483 0bf0 00000000 		.word	LED_r
 2484 0bf4 00000000 		.word	led_up
 2485 0bf8 00000000 		.word	LED_brightness
 2486 0bfc 00000000 		.word	error_mode
 2487              	.L80:
 709:Core/Src/main.c **** 	  				}
 710:Core/Src/main.c **** 	  				else if (error_cnt > 50)
 2488              		.loc 1 710 16
 2489 0c00 6723     		movs	r3, #103
 2490 0c02 2822     		movs	r2, #40
 2491 0c04 9B18     		adds	r3, r3, r2
 2492 0c06 DB19     		adds	r3, r3, r7
 2493 0c08 1B78     		ldrb	r3, [r3]
 2494 0c0a 322B     		cmp	r3, #50
 2495 0c0c 02D9     		bls	.L79
 711:Core/Src/main.c **** 	  				{
 712:Core/Src/main.c **** 	  					LED_brightness = 0;
 2496              		.loc 1 712 24
 2497 0c0e 4D4B     		ldr	r3, .L101
 2498 0c10 0022     		movs	r2, #0
 2499 0c12 1A60     		str	r2, [r3]
 2500              	.L79:
 713:Core/Src/main.c **** 	  				}
 714:Core/Src/main.c **** 	  				error_cnt++;
 2501              		.loc 1 714 17
 2502 0c14 6721     		movs	r1, #103
 2503 0c16 2820     		movs	r0, #40
 2504 0c18 0B18     		adds	r3, r1, r0
 2505 0c1a DB19     		adds	r3, r3, r7
 2506 0c1c 1A78     		ldrb	r2, [r3]
 2507 0c1e 0B18     		adds	r3, r1, r0
 2508 0c20 DB19     		adds	r3, r3, r7
 2509 0c22 0132     		adds	r2, r2, #1
 2510 0c24 1A70     		strb	r2, [r3]
 2511 0c26 0AE0     		b	.L72
 2512              	.L74:
 715:Core/Src/main.c **** 
 716:Core/Src/main.c **** 	  			}
 717:Core/Src/main.c **** 	  			else if (led_up == 3)
 2513              		.loc 1 717 23
 2514 0c28 474B     		ldr	r3, .L101+4
 2515 0c2a 1B78     		ldrb	r3, [r3]
 2516 0c2c DBB2     		uxtb	r3, r3
ARM GAS  C:\Users\a_hae\AppData\Local\Temp\cci8zHTh.s 			page 58


 2517              		.loc 1 717 15
 2518 0c2e 032B     		cmp	r3, #3
 2519 0c30 05D1     		bne	.L72
 718:Core/Src/main.c **** 	  			{
 719:Core/Src/main.c **** 	  				led_time = 350;
 2520              		.loc 1 719 17
 2521 0c32 464B     		ldr	r3, .L101+8
 2522 0c34 AF22     		movs	r2, #175
 2523 0c36 5200     		lsls	r2, r2, #1
 2524 0c38 1A60     		str	r2, [r3]
 720:Core/Src/main.c **** 	  				blink_LED();
 2525              		.loc 1 720 8
 2526 0c3a FFF7FEFF 		bl	blink_LED
 2527              	.L72:
 721:Core/Src/main.c **** 	  			}
 722:Core/Src/main.c **** 
 723:Core/Src/main.c **** 
 724:Core/Src/main.c **** 	  			if(LED_brightness>300){
 2528              		.loc 1 724 24
 2529 0c3e 414B     		ldr	r3, .L101
 2530 0c40 1A68     		ldr	r2, [r3]
 2531              		.loc 1 724 9
 2532 0c42 9623     		movs	r3, #150
 2533 0c44 5B00     		lsls	r3, r3, #1
 2534 0c46 9A42     		cmp	r2, r3
 2535 0c48 03DD     		ble	.L81
 725:Core/Src/main.c **** 	  				led_up = 0;
 2536              		.loc 1 725 15
 2537 0c4a 3F4B     		ldr	r3, .L101+4
 2538 0c4c 0022     		movs	r2, #0
 2539 0c4e 1A70     		strb	r2, [r3]
 2540 0c50 6BE0     		b	.L82
 2541              	.L81:
 726:Core/Src/main.c **** 	  			}
 727:Core/Src/main.c **** 	  			else if(LED_brightness < -300)
 2542              		.loc 1 727 30
 2543 0c52 3C4B     		ldr	r3, .L101
 2544 0c54 1B68     		ldr	r3, [r3]
 2545              		.loc 1 727 14
 2546 0c56 3E4A     		ldr	r2, .L101+12
 2547 0c58 9342     		cmp	r3, r2
 2548 0c5a 66DA     		bge	.L82
 728:Core/Src/main.c **** 	  			{
 729:Core/Src/main.c **** 	  				if(error_mode != 0)
 2549              		.loc 1 729 22
 2550 0c5c 3D4B     		ldr	r3, .L101+16
 2551 0c5e 1B78     		ldrb	r3, [r3]
 2552 0c60 DBB2     		uxtb	r3, r3
 2553              		.loc 1 729 10
 2554 0c62 002B     		cmp	r3, #0
 2555 0c64 03D0     		beq	.L83
 730:Core/Src/main.c **** 	  				{
 731:Core/Src/main.c **** 	  					led_up = 2;
 2556              		.loc 1 731 16
 2557 0c66 384B     		ldr	r3, .L101+4
 2558 0c68 0222     		movs	r2, #2
 2559 0c6a 1A70     		strb	r2, [r3]
ARM GAS  C:\Users\a_hae\AppData\Local\Temp\cci8zHTh.s 			page 59


 2560 0c6c 5DE0     		b	.L82
 2561              	.L83:
 732:Core/Src/main.c **** 	  				}
 733:Core/Src/main.c **** 	  				else
 734:Core/Src/main.c **** 	  				{
 735:Core/Src/main.c **** 	  					led_up = 1;
 2562              		.loc 1 735 16
 2563 0c6e 364B     		ldr	r3, .L101+4
 2564 0c70 0122     		movs	r2, #1
 2565 0c72 1A70     		strb	r2, [r3]
 2566 0c74 59E0     		b	.L82
 2567              	.L70:
 736:Core/Src/main.c **** 	  				}
 737:Core/Src/main.c **** 	  			}
 738:Core/Src/main.c **** 	  		}
 739:Core/Src/main.c **** 
 740:Core/Src/main.c **** 	  		//########### Setup - Mode ############
 741:Core/Src/main.c **** 
 742:Core/Src/main.c **** 	  		else if(run_mode == 0)
 2568              		.loc 1 742 23
 2569 0c76 384B     		ldr	r3, .L101+20
 2570 0c78 1B78     		ldrb	r3, [r3]
 2571 0c7a DBB2     		uxtb	r3, r3
 2572              		.loc 1 742 13
 2573 0c7c 002B     		cmp	r3, #0
 2574 0c7e 54D1     		bne	.L82
 743:Core/Src/main.c **** 	  		{
 744:Core/Src/main.c **** 	  			if(LED_brightness < 127)
 2575              		.loc 1 744 25
 2576 0c80 304B     		ldr	r3, .L101
 2577 0c82 1B68     		ldr	r3, [r3]
 2578              		.loc 1 744 9
 2579 0c84 7E2B     		cmp	r3, #126
 2580 0c86 03DC     		bgt	.L84
 745:Core/Src/main.c **** 	  			{
 746:Core/Src/main.c **** 	  				LED_brightness = 255;
 2581              		.loc 1 746 23
 2582 0c88 2E4B     		ldr	r3, .L101
 2583 0c8a FF22     		movs	r2, #255
 2584 0c8c 1A60     		str	r2, [r3]
 2585 0c8e 02E0     		b	.L85
 2586              	.L84:
 747:Core/Src/main.c **** 	  			}
 748:Core/Src/main.c **** 	  			else
 749:Core/Src/main.c **** 	  			{
 750:Core/Src/main.c **** 	  				LED_brightness = 0;
 2587              		.loc 1 750 23
 2588 0c90 2C4B     		ldr	r3, .L101
 2589 0c92 0022     		movs	r2, #0
 2590 0c94 1A60     		str	r2, [r3]
 2591              	.L85:
 751:Core/Src/main.c **** 	  			}
 752:Core/Src/main.c **** 
 753:Core/Src/main.c **** 	  			if((time_el-sm_started)>10000)
 2592              		.loc 1 753 18
 2593 0c96 314B     		ldr	r3, .L101+24
 2594 0c98 1A68     		ldr	r2, [r3]
ARM GAS  C:\Users\a_hae\AppData\Local\Temp\cci8zHTh.s 			page 60


 2595 0c9a 314B     		ldr	r3, .L101+28
 2596 0c9c 1B68     		ldr	r3, [r3]
 2597 0c9e D31A     		subs	r3, r2, r3
 2598              		.loc 1 753 9
 2599 0ca0 304A     		ldr	r2, .L101+32
 2600 0ca2 9342     		cmp	r3, r2
 2601 0ca4 0BD9     		bls	.L86
 754:Core/Src/main.c **** 	  			{
 755:Core/Src/main.c **** 	  				setup_mode = 0;
 2602              		.loc 1 755 19
 2603 0ca6 304B     		ldr	r3, .L101+36
 2604 0ca8 0022     		movs	r2, #0
 2605 0caa 1A70     		strb	r2, [r3]
 756:Core/Src/main.c **** 	  				run_mode = 1;
 2606              		.loc 1 756 17
 2607 0cac 2A4B     		ldr	r3, .L101+20
 2608 0cae 0122     		movs	r2, #1
 2609 0cb0 1A70     		strb	r2, [r3]
 757:Core/Src/main.c **** 	  				led_time = 20;
 2610              		.loc 1 757 17
 2611 0cb2 264B     		ldr	r3, .L101+8
 2612 0cb4 1422     		movs	r2, #20
 2613 0cb6 1A60     		str	r2, [r3]
 758:Core/Src/main.c **** 	  				LED_brightness=0;
 2614              		.loc 1 758 22
 2615 0cb8 224B     		ldr	r3, .L101
 2616 0cba 0022     		movs	r2, #0
 2617 0cbc 1A60     		str	r2, [r3]
 2618              	.L86:
 759:Core/Src/main.c **** 	  			}
 760:Core/Src/main.c **** 
 761:Core/Src/main.c **** 	  			switch (setup_mode) {
 2619              		.loc 1 761 7
 2620 0cbe 2A4B     		ldr	r3, .L101+36
 2621 0cc0 1B78     		ldrb	r3, [r3]
 2622 0cc2 DBB2     		uxtb	r3, r3
 2623 0cc4 022B     		cmp	r3, #2
 2624 0cc6 19D0     		beq	.L87
 2625 0cc8 22DC     		bgt	.L88
 2626 0cca 002B     		cmp	r3, #0
 2627 0ccc 02D0     		beq	.L89
 2628 0cce 012B     		cmp	r3, #1
 2629 0cd0 0AD0     		beq	.L90
 2630 0cd2 1DE0     		b	.L88
 2631              	.L89:
 762:Core/Src/main.c **** 	  				case 0: LED_r = 0;
 2632              		.loc 1 762 22
 2633 0cd4 254B     		ldr	r3, .L101+40
 2634 0cd6 0022     		movs	r2, #0
 2635 0cd8 1A60     		str	r2, [r3]
 763:Core/Src/main.c **** 	  						LED_g = 255;
 2636              		.loc 1 763 16
 2637 0cda 254B     		ldr	r3, .L101+44
 2638 0cdc FF22     		movs	r2, #255
 2639 0cde 1A60     		str	r2, [r3]
 764:Core/Src/main.c **** 	  						LED_b = 0;
 2640              		.loc 1 764 16
ARM GAS  C:\Users\a_hae\AppData\Local\Temp\cci8zHTh.s 			page 61


 2641 0ce0 244B     		ldr	r3, .L101+48
 2642 0ce2 0022     		movs	r2, #0
 2643 0ce4 1A60     		str	r2, [r3]
 765:Core/Src/main.c **** 	  						break;
 2644              		.loc 1 765 10
 2645 0ce6 20E0     		b	.L82
 2646              	.L90:
 766:Core/Src/main.c **** 	  				case 1: LED_r = 255;
 2647              		.loc 1 766 22
 2648 0ce8 204B     		ldr	r3, .L101+40
 2649 0cea FF22     		movs	r2, #255
 2650 0cec 1A60     		str	r2, [r3]
 767:Core/Src/main.c **** 	  						LED_g = 255;
 2651              		.loc 1 767 16
 2652 0cee 204B     		ldr	r3, .L101+44
 2653 0cf0 FF22     		movs	r2, #255
 2654 0cf2 1A60     		str	r2, [r3]
 768:Core/Src/main.c **** 	  						LED_b = 0;
 2655              		.loc 1 768 16
 2656 0cf4 1F4B     		ldr	r3, .L101+48
 2657 0cf6 0022     		movs	r2, #0
 2658 0cf8 1A60     		str	r2, [r3]
 769:Core/Src/main.c **** 	  						break;
 2659              		.loc 1 769 10
 2660 0cfa 16E0     		b	.L82
 2661              	.L87:
 770:Core/Src/main.c **** 	  				case 2:
 771:Core/Src/main.c **** 	  						LED_r = 255;
 2662              		.loc 1 771 16
 2663 0cfc 1B4B     		ldr	r3, .L101+40
 2664 0cfe FF22     		movs	r2, #255
 2665 0d00 1A60     		str	r2, [r3]
 772:Core/Src/main.c **** 	  						LED_g = 0;
 2666              		.loc 1 772 16
 2667 0d02 1B4B     		ldr	r3, .L101+44
 2668 0d04 0022     		movs	r2, #0
 2669 0d06 1A60     		str	r2, [r3]
 773:Core/Src/main.c **** 	  						LED_b = 0;
 2670              		.loc 1 773 16
 2671 0d08 1A4B     		ldr	r3, .L101+48
 2672 0d0a 0022     		movs	r2, #0
 2673 0d0c 1A60     		str	r2, [r3]
 774:Core/Src/main.c **** 	  						break;
 2674              		.loc 1 774 10
 2675 0d0e 0CE0     		b	.L82
 2676              	.L88:
 775:Core/Src/main.c **** 	  				default: 	setup_mode = 0;
 2677              		.loc 1 775 29
 2678 0d10 154B     		ldr	r3, .L101+36
 2679 0d12 0022     		movs	r2, #0
 2680 0d14 1A70     		strb	r2, [r3]
 776:Core/Src/main.c **** 	  							LED_r = 0;
 2681              		.loc 1 776 17
 2682 0d16 154B     		ldr	r3, .L101+40
 2683 0d18 0022     		movs	r2, #0
 2684 0d1a 1A60     		str	r2, [r3]
 777:Core/Src/main.c **** 	  							LED_g = 0;
ARM GAS  C:\Users\a_hae\AppData\Local\Temp\cci8zHTh.s 			page 62


 2685              		.loc 1 777 17
 2686 0d1c 144B     		ldr	r3, .L101+44
 2687 0d1e 0022     		movs	r2, #0
 2688 0d20 1A60     		str	r2, [r3]
 778:Core/Src/main.c **** 	  							LED_b = 0;
 2689              		.loc 1 778 17
 2690 0d22 144B     		ldr	r3, .L101+48
 2691 0d24 0022     		movs	r2, #0
 2692 0d26 1A60     		str	r2, [r3]
 779:Core/Src/main.c **** 	  							break;
 2693              		.loc 1 779 11
 2694 0d28 C046     		nop
 2695              	.L82:
 780:Core/Src/main.c **** 	  			}
 781:Core/Src/main.c **** 	  		}
 782:Core/Src/main.c **** 
 783:Core/Src/main.c **** 
 784:Core/Src/main.c **** 	  		// ############ Farbe der LED am Ausgang setzen ###################
 785:Core/Src/main.c **** 	  		set_led(LED_r, LED_g, LED_b, LED_brightness);	// Farbe der LED setzen
 2696              		.loc 1 785 6
 2697 0d2a 104B     		ldr	r3, .L101+40
 2698 0d2c 1868     		ldr	r0, [r3]
 2699 0d2e 104B     		ldr	r3, .L101+44
 2700 0d30 1968     		ldr	r1, [r3]
 2701 0d32 104B     		ldr	r3, .L101+48
 2702 0d34 1A68     		ldr	r2, [r3]
 2703 0d36 034B     		ldr	r3, .L101
 2704 0d38 1B68     		ldr	r3, [r3]
 2705 0d3a FFF7FEFF 		bl	set_led
 406:Core/Src/main.c **** 	  time_el = HAL_GetTick();
 2706              		.loc 1 406 13
 2707 0d3e FFF7E3FA 		bl	.L91	@ far jump
 2708              	.L102:
 2709 0d42 C046     		.align	2
 2710              	.L101:
 2711 0d44 00000000 		.word	LED_brightness
 2712 0d48 00000000 		.word	led_up
 2713 0d4c 00000000 		.word	led_time
 2714 0d50 D4FEFFFF 		.word	-300
 2715 0d54 00000000 		.word	error_mode
 2716 0d58 00000000 		.word	run_mode
 2717 0d5c 00000000 		.word	time_el
 2718 0d60 00000000 		.word	sm_started
 2719 0d64 10270000 		.word	10000
 2720 0d68 00000000 		.word	setup_mode
 2721 0d6c 00000000 		.word	LED_r
 2722 0d70 00000000 		.word	LED_g
 2723 0d74 00000000 		.word	LED_b
 2724              		.cfi_endproc
 2725              	.LFE370:
 2727              		.section	.text.SystemClock_Config,"ax",%progbits
 2728              		.align	1
 2729              		.global	SystemClock_Config
 2730              		.syntax unified
 2731              		.code	16
 2732              		.thumb_func
 2734              	SystemClock_Config:
ARM GAS  C:\Users\a_hae\AppData\Local\Temp\cci8zHTh.s 			page 63


 2735              	.LFB371:
 786:Core/Src/main.c **** 	  	}
 787:Core/Src/main.c ****     /* USER CODE END WHILE */
 788:Core/Src/main.c **** 
 789:Core/Src/main.c ****     /* USER CODE BEGIN 3 */
 790:Core/Src/main.c ****   }
 791:Core/Src/main.c ****   /* USER CODE END 3 */
 792:Core/Src/main.c **** }
 793:Core/Src/main.c **** 
 794:Core/Src/main.c **** /**
 795:Core/Src/main.c ****   * @brief System Clock Configuration
 796:Core/Src/main.c ****   * @retval None
 797:Core/Src/main.c ****   */
 798:Core/Src/main.c **** void SystemClock_Config(void)
 799:Core/Src/main.c **** {
 2736              		.loc 1 799 1
 2737              		.cfi_startproc
 2738              		@ args = 0, pretend = 0, frame = 80
 2739              		@ frame_needed = 1, uses_anonymous_args = 0
 2740 0000 90B5     		push	{r4, r7, lr}
 2741              	.LCFI15:
 2742              		.cfi_def_cfa_offset 12
 2743              		.cfi_offset 4, -12
 2744              		.cfi_offset 7, -8
 2745              		.cfi_offset 14, -4
 2746 0002 95B0     		sub	sp, sp, #84
 2747              	.LCFI16:
 2748              		.cfi_def_cfa_offset 96
 2749 0004 00AF     		add	r7, sp, #0
 2750              	.LCFI17:
 2751              		.cfi_def_cfa_register 7
 800:Core/Src/main.c ****   RCC_OscInitTypeDef RCC_OscInitStruct = {0};
 2752              		.loc 1 800 22
 2753 0006 1424     		movs	r4, #20
 2754 0008 3B19     		adds	r3, r7, r4
 2755 000a 1800     		movs	r0, r3
 2756 000c 3C23     		movs	r3, #60
 2757 000e 1A00     		movs	r2, r3
 2758 0010 0021     		movs	r1, #0
 2759 0012 FFF7FEFF 		bl	memset
 801:Core/Src/main.c ****   RCC_ClkInitTypeDef RCC_ClkInitStruct = {0};
 2760              		.loc 1 801 22
 2761 0016 3B1D     		adds	r3, r7, #4
 2762 0018 1800     		movs	r0, r3
 2763 001a 1023     		movs	r3, #16
 2764 001c 1A00     		movs	r2, r3
 2765 001e 0021     		movs	r1, #0
 2766 0020 FFF7FEFF 		bl	memset
 802:Core/Src/main.c **** 
 803:Core/Src/main.c ****   /** Configure the main internal regulator output voltage
 804:Core/Src/main.c ****   */
 805:Core/Src/main.c ****   HAL_PWREx_ControlVoltageScaling(PWR_REGULATOR_VOLTAGE_SCALE1);
 2767              		.loc 1 805 3
 2768 0024 8023     		movs	r3, #128
 2769 0026 9B00     		lsls	r3, r3, #2
 2770 0028 1800     		movs	r0, r3
 2771 002a FFF7FEFF 		bl	HAL_PWREx_ControlVoltageScaling
ARM GAS  C:\Users\a_hae\AppData\Local\Temp\cci8zHTh.s 			page 64


 806:Core/Src/main.c **** 
 807:Core/Src/main.c ****   /** Initializes the RCC Oscillators according to the specified parameters
 808:Core/Src/main.c ****   * in the RCC_OscInitTypeDef structure.
 809:Core/Src/main.c ****   */
 810:Core/Src/main.c ****   RCC_OscInitStruct.OscillatorType = RCC_OSCILLATORTYPE_HSI;
 2772              		.loc 1 810 36
 2773 002e 3B19     		adds	r3, r7, r4
 2774 0030 0222     		movs	r2, #2
 2775 0032 1A60     		str	r2, [r3]
 811:Core/Src/main.c ****   RCC_OscInitStruct.HSIState = RCC_HSI_ON;
 2776              		.loc 1 811 30
 2777 0034 3B19     		adds	r3, r7, r4
 2778 0036 8022     		movs	r2, #128
 2779 0038 5200     		lsls	r2, r2, #1
 2780 003a DA60     		str	r2, [r3, #12]
 812:Core/Src/main.c ****   RCC_OscInitStruct.HSIDiv = RCC_HSI_DIV1;
 2781              		.loc 1 812 28
 2782 003c 3B19     		adds	r3, r7, r4
 2783 003e 0022     		movs	r2, #0
 2784 0040 1A61     		str	r2, [r3, #16]
 813:Core/Src/main.c ****   RCC_OscInitStruct.HSICalibrationValue = RCC_HSICALIBRATION_DEFAULT;
 2785              		.loc 1 813 41
 2786 0042 3B19     		adds	r3, r7, r4
 2787 0044 4022     		movs	r2, #64
 2788 0046 5A61     		str	r2, [r3, #20]
 814:Core/Src/main.c ****   RCC_OscInitStruct.PLL.PLLState = RCC_PLL_NONE;
 2789              		.loc 1 814 34
 2790 0048 3B19     		adds	r3, r7, r4
 2791 004a 0022     		movs	r2, #0
 2792 004c 1A62     		str	r2, [r3, #32]
 815:Core/Src/main.c ****   if (HAL_RCC_OscConfig(&RCC_OscInitStruct) != HAL_OK)
 2793              		.loc 1 815 7
 2794 004e 3B19     		adds	r3, r7, r4
 2795 0050 1800     		movs	r0, r3
 2796 0052 FFF7FEFF 		bl	HAL_RCC_OscConfig
 2797 0056 031E     		subs	r3, r0, #0
 2798              		.loc 1 815 6 discriminator 1
 2799 0058 01D0     		beq	.L104
 816:Core/Src/main.c ****   {
 817:Core/Src/main.c ****     Error_Handler();
 2800              		.loc 1 817 5
 2801 005a FFF7FEFF 		bl	Error_Handler
 2802              	.L104:
 818:Core/Src/main.c ****   }
 819:Core/Src/main.c **** 
 820:Core/Src/main.c ****   /** Initializes the CPU, AHB and APB buses clocks
 821:Core/Src/main.c ****   */
 822:Core/Src/main.c ****   RCC_ClkInitStruct.ClockType = RCC_CLOCKTYPE_HCLK|RCC_CLOCKTYPE_SYSCLK
 2803              		.loc 1 822 31
 2804 005e 3B1D     		adds	r3, r7, #4
 2805 0060 0722     		movs	r2, #7
 2806 0062 1A60     		str	r2, [r3]
 823:Core/Src/main.c ****                               |RCC_CLOCKTYPE_PCLK1;
 824:Core/Src/main.c ****   RCC_ClkInitStruct.SYSCLKSource = RCC_SYSCLKSOURCE_HSI;
 2807              		.loc 1 824 34
 2808 0064 3B1D     		adds	r3, r7, #4
 2809 0066 0022     		movs	r2, #0
ARM GAS  C:\Users\a_hae\AppData\Local\Temp\cci8zHTh.s 			page 65


 2810 0068 5A60     		str	r2, [r3, #4]
 825:Core/Src/main.c ****   RCC_ClkInitStruct.AHBCLKDivider = RCC_SYSCLK_DIV1;
 2811              		.loc 1 825 35
 2812 006a 3B1D     		adds	r3, r7, #4
 2813 006c 0022     		movs	r2, #0
 2814 006e 9A60     		str	r2, [r3, #8]
 826:Core/Src/main.c ****   RCC_ClkInitStruct.APB1CLKDivider = RCC_HCLK_DIV1;
 2815              		.loc 1 826 36
 2816 0070 3B1D     		adds	r3, r7, #4
 2817 0072 0022     		movs	r2, #0
 2818 0074 DA60     		str	r2, [r3, #12]
 827:Core/Src/main.c **** 
 828:Core/Src/main.c ****   if (HAL_RCC_ClockConfig(&RCC_ClkInitStruct, FLASH_LATENCY_0) != HAL_OK)
 2819              		.loc 1 828 7
 2820 0076 3B1D     		adds	r3, r7, #4
 2821 0078 0021     		movs	r1, #0
 2822 007a 1800     		movs	r0, r3
 2823 007c FFF7FEFF 		bl	HAL_RCC_ClockConfig
 2824 0080 031E     		subs	r3, r0, #0
 2825              		.loc 1 828 6 discriminator 1
 2826 0082 01D0     		beq	.L106
 829:Core/Src/main.c ****   {
 830:Core/Src/main.c ****     Error_Handler();
 2827              		.loc 1 830 5
 2828 0084 FFF7FEFF 		bl	Error_Handler
 2829              	.L106:
 831:Core/Src/main.c ****   }
 832:Core/Src/main.c **** }
 2830              		.loc 1 832 1
 2831 0088 C046     		nop
 2832 008a BD46     		mov	sp, r7
 2833 008c 15B0     		add	sp, sp, #84
 2834              		@ sp needed
 2835 008e 90BD     		pop	{r4, r7, pc}
 2836              		.cfi_endproc
 2837              	.LFE371:
 2839              		.section	.text.MX_DAC1_Init,"ax",%progbits
 2840              		.align	1
 2841              		.syntax unified
 2842              		.code	16
 2843              		.thumb_func
 2845              	MX_DAC1_Init:
 2846              	.LFB372:
 833:Core/Src/main.c **** 
 834:Core/Src/main.c **** /**
 835:Core/Src/main.c ****   * @brief DAC1 Initialization Function
 836:Core/Src/main.c ****   * @param None
 837:Core/Src/main.c ****   * @retval None
 838:Core/Src/main.c ****   */
 839:Core/Src/main.c **** static void MX_DAC1_Init(void)
 840:Core/Src/main.c **** {
 2847              		.loc 1 840 1
 2848              		.cfi_startproc
 2849              		@ args = 0, pretend = 0, frame = 40
 2850              		@ frame_needed = 1, uses_anonymous_args = 0
 2851 0000 80B5     		push	{r7, lr}
 2852              	.LCFI18:
ARM GAS  C:\Users\a_hae\AppData\Local\Temp\cci8zHTh.s 			page 66


 2853              		.cfi_def_cfa_offset 8
 2854              		.cfi_offset 7, -8
 2855              		.cfi_offset 14, -4
 2856 0002 8AB0     		sub	sp, sp, #40
 2857              	.LCFI19:
 2858              		.cfi_def_cfa_offset 48
 2859 0004 00AF     		add	r7, sp, #0
 2860              	.LCFI20:
 2861              		.cfi_def_cfa_register 7
 841:Core/Src/main.c **** 
 842:Core/Src/main.c ****   /* USER CODE BEGIN DAC1_Init 0 */
 843:Core/Src/main.c **** 
 844:Core/Src/main.c ****   /* USER CODE END DAC1_Init 0 */
 845:Core/Src/main.c **** 
 846:Core/Src/main.c ****   DAC_ChannelConfTypeDef sConfig = {0};
 2862              		.loc 1 846 26
 2863 0006 3B1D     		adds	r3, r7, #4
 2864 0008 1800     		movs	r0, r3
 2865 000a 2423     		movs	r3, #36
 2866 000c 1A00     		movs	r2, r3
 2867 000e 0021     		movs	r1, #0
 2868 0010 FFF7FEFF 		bl	memset
 847:Core/Src/main.c **** 
 848:Core/Src/main.c ****   /* USER CODE BEGIN DAC1_Init 1 */
 849:Core/Src/main.c **** 
 850:Core/Src/main.c ****   /* USER CODE END DAC1_Init 1 */
 851:Core/Src/main.c **** 
 852:Core/Src/main.c ****   /** DAC Initialization
 853:Core/Src/main.c ****   */
 854:Core/Src/main.c ****   hdac1.Instance = DAC1;
 2869              		.loc 1 854 18
 2870 0014 134B     		ldr	r3, .L111
 2871 0016 144A     		ldr	r2, .L111+4
 2872 0018 1A60     		str	r2, [r3]
 855:Core/Src/main.c ****   if (HAL_DAC_Init(&hdac1) != HAL_OK)
 2873              		.loc 1 855 7
 2874 001a 124B     		ldr	r3, .L111
 2875 001c 1800     		movs	r0, r3
 2876 001e FFF7FEFF 		bl	HAL_DAC_Init
 2877 0022 031E     		subs	r3, r0, #0
 2878              		.loc 1 855 6 discriminator 1
 2879 0024 01D0     		beq	.L108
 856:Core/Src/main.c ****   {
 857:Core/Src/main.c ****     Error_Handler();
 2880              		.loc 1 857 5
 2881 0026 FFF7FEFF 		bl	Error_Handler
 2882              	.L108:
 858:Core/Src/main.c ****   }
 859:Core/Src/main.c **** 
 860:Core/Src/main.c ****   /** DAC channel OUT1 config
 861:Core/Src/main.c ****   */
 862:Core/Src/main.c ****   sConfig.DAC_SampleAndHold = DAC_SAMPLEANDHOLD_DISABLE;
 2883              		.loc 1 862 29
 2884 002a 3B1D     		adds	r3, r7, #4
 2885 002c 0022     		movs	r2, #0
 2886 002e 1A60     		str	r2, [r3]
 863:Core/Src/main.c ****   sConfig.DAC_Trigger = DAC_TRIGGER_NONE;
ARM GAS  C:\Users\a_hae\AppData\Local\Temp\cci8zHTh.s 			page 67


 2887              		.loc 1 863 23
 2888 0030 3B1D     		adds	r3, r7, #4
 2889 0032 0022     		movs	r2, #0
 2890 0034 5A60     		str	r2, [r3, #4]
 864:Core/Src/main.c ****   sConfig.DAC_OutputBuffer = DAC_OUTPUTBUFFER_ENABLE;
 2891              		.loc 1 864 28
 2892 0036 3B1D     		adds	r3, r7, #4
 2893 0038 0022     		movs	r2, #0
 2894 003a 9A60     		str	r2, [r3, #8]
 865:Core/Src/main.c ****   sConfig.DAC_ConnectOnChipPeripheral = DAC_CHIPCONNECT_DISABLE;
 2895              		.loc 1 865 39
 2896 003c 3B1D     		adds	r3, r7, #4
 2897 003e 0022     		movs	r2, #0
 2898 0040 DA60     		str	r2, [r3, #12]
 866:Core/Src/main.c ****   sConfig.DAC_UserTrimming = DAC_TRIMMING_FACTORY;
 2899              		.loc 1 866 28
 2900 0042 3B1D     		adds	r3, r7, #4
 2901 0044 0022     		movs	r2, #0
 2902 0046 1A61     		str	r2, [r3, #16]
 867:Core/Src/main.c ****   if (HAL_DAC_ConfigChannel(&hdac1, &sConfig, DAC_CHANNEL_1) != HAL_OK)
 2903              		.loc 1 867 7
 2904 0048 391D     		adds	r1, r7, #4
 2905 004a 064B     		ldr	r3, .L111
 2906 004c 0022     		movs	r2, #0
 2907 004e 1800     		movs	r0, r3
 2908 0050 FFF7FEFF 		bl	HAL_DAC_ConfigChannel
 2909 0054 031E     		subs	r3, r0, #0
 2910              		.loc 1 867 6 discriminator 1
 2911 0056 01D0     		beq	.L110
 868:Core/Src/main.c ****   {
 869:Core/Src/main.c ****     Error_Handler();
 2912              		.loc 1 869 5
 2913 0058 FFF7FEFF 		bl	Error_Handler
 2914              	.L110:
 870:Core/Src/main.c ****   }
 871:Core/Src/main.c ****   /* USER CODE BEGIN DAC1_Init 2 */
 872:Core/Src/main.c **** 
 873:Core/Src/main.c ****   /* USER CODE END DAC1_Init 2 */
 874:Core/Src/main.c **** 
 875:Core/Src/main.c **** }
 2915              		.loc 1 875 1
 2916 005c C046     		nop
 2917 005e BD46     		mov	sp, r7
 2918 0060 0AB0     		add	sp, sp, #40
 2919              		@ sp needed
 2920 0062 80BD     		pop	{r7, pc}
 2921              	.L112:
 2922              		.align	2
 2923              	.L111:
 2924 0064 00000000 		.word	hdac1
 2925 0068 00740040 		.word	1073771520
 2926              		.cfi_endproc
 2927              	.LFE372:
 2929              		.section	.text.MX_FDCAN1_Init,"ax",%progbits
 2930              		.align	1
 2931              		.syntax unified
 2932              		.code	16
ARM GAS  C:\Users\a_hae\AppData\Local\Temp\cci8zHTh.s 			page 68


 2933              		.thumb_func
 2935              	MX_FDCAN1_Init:
 2936              	.LFB373:
 876:Core/Src/main.c **** 
 877:Core/Src/main.c **** /**
 878:Core/Src/main.c ****   * @brief FDCAN1 Initialization Function
 879:Core/Src/main.c ****   * @param None
 880:Core/Src/main.c ****   * @retval None
 881:Core/Src/main.c ****   */
 882:Core/Src/main.c **** static void MX_FDCAN1_Init(void)
 883:Core/Src/main.c **** {
 2937              		.loc 1 883 1
 2938              		.cfi_startproc
 2939              		@ args = 0, pretend = 0, frame = 0
 2940              		@ frame_needed = 1, uses_anonymous_args = 0
 2941 0000 80B5     		push	{r7, lr}
 2942              	.LCFI21:
 2943              		.cfi_def_cfa_offset 8
 2944              		.cfi_offset 7, -8
 2945              		.cfi_offset 14, -4
 2946 0002 00AF     		add	r7, sp, #0
 2947              	.LCFI22:
 2948              		.cfi_def_cfa_register 7
 884:Core/Src/main.c **** 
 885:Core/Src/main.c ****   /* USER CODE BEGIN FDCAN1_Init 0 */
 886:Core/Src/main.c **** 
 887:Core/Src/main.c ****   /* USER CODE END FDCAN1_Init 0 */
 888:Core/Src/main.c **** 
 889:Core/Src/main.c ****   /* USER CODE BEGIN FDCAN1_Init 1 */
 890:Core/Src/main.c **** 
 891:Core/Src/main.c ****   /* USER CODE END FDCAN1_Init 1 */
 892:Core/Src/main.c ****   hfdcan1.Instance = FDCAN1;
 2949              		.loc 1 892 20
 2950 0004 204B     		ldr	r3, .L116
 2951 0006 214A     		ldr	r2, .L116+4
 2952 0008 1A60     		str	r2, [r3]
 893:Core/Src/main.c ****   hfdcan1.Init.ClockDivider = FDCAN_CLOCK_DIV1;
 2953              		.loc 1 893 29
 2954 000a 1F4B     		ldr	r3, .L116
 2955 000c 0022     		movs	r2, #0
 2956 000e 5A60     		str	r2, [r3, #4]
 894:Core/Src/main.c ****   hfdcan1.Init.FrameFormat = FDCAN_FRAME_CLASSIC;
 2957              		.loc 1 894 28
 2958 0010 1D4B     		ldr	r3, .L116
 2959 0012 0022     		movs	r2, #0
 2960 0014 9A60     		str	r2, [r3, #8]
 895:Core/Src/main.c ****   hfdcan1.Init.Mode = FDCAN_MODE_NORMAL;
 2961              		.loc 1 895 21
 2962 0016 1C4B     		ldr	r3, .L116
 2963 0018 0022     		movs	r2, #0
 2964 001a DA60     		str	r2, [r3, #12]
 896:Core/Src/main.c ****   hfdcan1.Init.AutoRetransmission = ENABLE;
 2965              		.loc 1 896 35
 2966 001c 1A4B     		ldr	r3, .L116
 2967 001e 0122     		movs	r2, #1
 2968 0020 1A74     		strb	r2, [r3, #16]
 897:Core/Src/main.c ****   hfdcan1.Init.TransmitPause = DISABLE;
ARM GAS  C:\Users\a_hae\AppData\Local\Temp\cci8zHTh.s 			page 69


 2969              		.loc 1 897 30
 2970 0022 194B     		ldr	r3, .L116
 2971 0024 0022     		movs	r2, #0
 2972 0026 5A74     		strb	r2, [r3, #17]
 898:Core/Src/main.c ****   hfdcan1.Init.ProtocolException = DISABLE;
 2973              		.loc 1 898 34
 2974 0028 174B     		ldr	r3, .L116
 2975 002a 0022     		movs	r2, #0
 2976 002c 9A74     		strb	r2, [r3, #18]
 899:Core/Src/main.c ****   hfdcan1.Init.NominalPrescaler = 4;
 2977              		.loc 1 899 33
 2978 002e 164B     		ldr	r3, .L116
 2979 0030 0422     		movs	r2, #4
 2980 0032 5A61     		str	r2, [r3, #20]
 900:Core/Src/main.c ****   hfdcan1.Init.NominalSyncJumpWidth = 4;
 2981              		.loc 1 900 37
 2982 0034 144B     		ldr	r3, .L116
 2983 0036 0422     		movs	r2, #4
 2984 0038 9A61     		str	r2, [r3, #24]
 901:Core/Src/main.c ****   hfdcan1.Init.NominalTimeSeg1 = 11;
 2985              		.loc 1 901 32
 2986 003a 134B     		ldr	r3, .L116
 2987 003c 0B22     		movs	r2, #11
 2988 003e DA61     		str	r2, [r3, #28]
 902:Core/Src/main.c ****   hfdcan1.Init.NominalTimeSeg2 = 4;
 2989              		.loc 1 902 32
 2990 0040 114B     		ldr	r3, .L116
 2991 0042 0422     		movs	r2, #4
 2992 0044 1A62     		str	r2, [r3, #32]
 903:Core/Src/main.c ****   hfdcan1.Init.DataPrescaler = 1;
 2993              		.loc 1 903 30
 2994 0046 104B     		ldr	r3, .L116
 2995 0048 0122     		movs	r2, #1
 2996 004a 5A62     		str	r2, [r3, #36]
 904:Core/Src/main.c ****   hfdcan1.Init.DataSyncJumpWidth = 1;
 2997              		.loc 1 904 34
 2998 004c 0E4B     		ldr	r3, .L116
 2999 004e 0122     		movs	r2, #1
 3000 0050 9A62     		str	r2, [r3, #40]
 905:Core/Src/main.c ****   hfdcan1.Init.DataTimeSeg1 = 1;
 3001              		.loc 1 905 29
 3002 0052 0D4B     		ldr	r3, .L116
 3003 0054 0122     		movs	r2, #1
 3004 0056 DA62     		str	r2, [r3, #44]
 906:Core/Src/main.c ****   hfdcan1.Init.DataTimeSeg2 = 1;
 3005              		.loc 1 906 29
 3006 0058 0B4B     		ldr	r3, .L116
 3007 005a 0122     		movs	r2, #1
 3008 005c 1A63     		str	r2, [r3, #48]
 907:Core/Src/main.c ****   hfdcan1.Init.StdFiltersNbr = 0;
 3009              		.loc 1 907 30
 3010 005e 0A4B     		ldr	r3, .L116
 3011 0060 0022     		movs	r2, #0
 3012 0062 5A63     		str	r2, [r3, #52]
 908:Core/Src/main.c ****   hfdcan1.Init.ExtFiltersNbr = 2;
 3013              		.loc 1 908 30
 3014 0064 084B     		ldr	r3, .L116
ARM GAS  C:\Users\a_hae\AppData\Local\Temp\cci8zHTh.s 			page 70


 3015 0066 0222     		movs	r2, #2
 3016 0068 9A63     		str	r2, [r3, #56]
 909:Core/Src/main.c ****   hfdcan1.Init.TxFifoQueueMode = FDCAN_TX_FIFO_OPERATION;
 3017              		.loc 1 909 32
 3018 006a 074B     		ldr	r3, .L116
 3019 006c 0022     		movs	r2, #0
 3020 006e DA63     		str	r2, [r3, #60]
 910:Core/Src/main.c ****   if (HAL_FDCAN_Init(&hfdcan1) != HAL_OK)
 3021              		.loc 1 910 7
 3022 0070 054B     		ldr	r3, .L116
 3023 0072 1800     		movs	r0, r3
 3024 0074 FFF7FEFF 		bl	HAL_FDCAN_Init
 3025 0078 031E     		subs	r3, r0, #0
 3026              		.loc 1 910 6 discriminator 1
 3027 007a 01D0     		beq	.L115
 911:Core/Src/main.c ****   {
 912:Core/Src/main.c ****     Error_Handler();
 3028              		.loc 1 912 5
 3029 007c FFF7FEFF 		bl	Error_Handler
 3030              	.L115:
 913:Core/Src/main.c ****   }
 914:Core/Src/main.c ****   /* USER CODE BEGIN FDCAN1_Init 2 */
 915:Core/Src/main.c **** 
 916:Core/Src/main.c ****   /* USER CODE END FDCAN1_Init 2 */
 917:Core/Src/main.c **** 
 918:Core/Src/main.c **** }
 3031              		.loc 1 918 1
 3032 0080 C046     		nop
 3033 0082 BD46     		mov	sp, r7
 3034              		@ sp needed
 3035 0084 80BD     		pop	{r7, pc}
 3036              	.L117:
 3037 0086 C046     		.align	2
 3038              	.L116:
 3039 0088 00000000 		.word	hfdcan1
 3040 008c 00640040 		.word	1073767424
 3041              		.cfi_endproc
 3042              	.LFE373:
 3044              		.section	.text.MX_I2C1_Init,"ax",%progbits
 3045              		.align	1
 3046              		.syntax unified
 3047              		.code	16
 3048              		.thumb_func
 3050              	MX_I2C1_Init:
 3051              	.LFB374:
 919:Core/Src/main.c **** 
 920:Core/Src/main.c **** /**
 921:Core/Src/main.c ****   * @brief I2C1 Initialization Function
 922:Core/Src/main.c ****   * @param None
 923:Core/Src/main.c ****   * @retval None
 924:Core/Src/main.c ****   */
 925:Core/Src/main.c **** static void MX_I2C1_Init(void)
 926:Core/Src/main.c **** {
 3052              		.loc 1 926 1
 3053              		.cfi_startproc
 3054              		@ args = 0, pretend = 0, frame = 0
 3055              		@ frame_needed = 1, uses_anonymous_args = 0
ARM GAS  C:\Users\a_hae\AppData\Local\Temp\cci8zHTh.s 			page 71


 3056 0000 80B5     		push	{r7, lr}
 3057              	.LCFI23:
 3058              		.cfi_def_cfa_offset 8
 3059              		.cfi_offset 7, -8
 3060              		.cfi_offset 14, -4
 3061 0002 00AF     		add	r7, sp, #0
 3062              	.LCFI24:
 3063              		.cfi_def_cfa_register 7
 927:Core/Src/main.c **** 
 928:Core/Src/main.c ****   /* USER CODE BEGIN I2C1_Init 0 */
 929:Core/Src/main.c **** 
 930:Core/Src/main.c ****   /* USER CODE END I2C1_Init 0 */
 931:Core/Src/main.c **** 
 932:Core/Src/main.c ****   /* USER CODE BEGIN I2C1_Init 1 */
 933:Core/Src/main.c **** 
 934:Core/Src/main.c ****   /* USER CODE END I2C1_Init 1 */
 935:Core/Src/main.c ****   hi2c1.Instance = I2C1;
 3064              		.loc 1 935 18
 3065 0004 1B4B     		ldr	r3, .L123
 3066 0006 1C4A     		ldr	r2, .L123+4
 3067 0008 1A60     		str	r2, [r3]
 936:Core/Src/main.c ****   hi2c1.Init.Timing = 0x00303D5B;
 3068              		.loc 1 936 21
 3069 000a 1A4B     		ldr	r3, .L123
 3070 000c 1B4A     		ldr	r2, .L123+8
 3071 000e 5A60     		str	r2, [r3, #4]
 937:Core/Src/main.c ****   hi2c1.Init.OwnAddress1 = 0;
 3072              		.loc 1 937 26
 3073 0010 184B     		ldr	r3, .L123
 3074 0012 0022     		movs	r2, #0
 3075 0014 9A60     		str	r2, [r3, #8]
 938:Core/Src/main.c ****   hi2c1.Init.AddressingMode = I2C_ADDRESSINGMODE_7BIT;
 3076              		.loc 1 938 29
 3077 0016 174B     		ldr	r3, .L123
 3078 0018 0122     		movs	r2, #1
 3079 001a DA60     		str	r2, [r3, #12]
 939:Core/Src/main.c ****   hi2c1.Init.DualAddressMode = I2C_DUALADDRESS_DISABLE;
 3080              		.loc 1 939 30
 3081 001c 154B     		ldr	r3, .L123
 3082 001e 0022     		movs	r2, #0
 3083 0020 1A61     		str	r2, [r3, #16]
 940:Core/Src/main.c ****   hi2c1.Init.OwnAddress2 = 0;
 3084              		.loc 1 940 26
 3085 0022 144B     		ldr	r3, .L123
 3086 0024 0022     		movs	r2, #0
 3087 0026 5A61     		str	r2, [r3, #20]
 941:Core/Src/main.c ****   hi2c1.Init.OwnAddress2Masks = I2C_OA2_NOMASK;
 3088              		.loc 1 941 31
 3089 0028 124B     		ldr	r3, .L123
 3090 002a 0022     		movs	r2, #0
 3091 002c 9A61     		str	r2, [r3, #24]
 942:Core/Src/main.c ****   hi2c1.Init.GeneralCallMode = I2C_GENERALCALL_DISABLE;
 3092              		.loc 1 942 30
 3093 002e 114B     		ldr	r3, .L123
 3094 0030 0022     		movs	r2, #0
 3095 0032 DA61     		str	r2, [r3, #28]
 943:Core/Src/main.c ****   hi2c1.Init.NoStretchMode = I2C_NOSTRETCH_DISABLE;
ARM GAS  C:\Users\a_hae\AppData\Local\Temp\cci8zHTh.s 			page 72


 3096              		.loc 1 943 28
 3097 0034 0F4B     		ldr	r3, .L123
 3098 0036 0022     		movs	r2, #0
 3099 0038 1A62     		str	r2, [r3, #32]
 944:Core/Src/main.c ****   if (HAL_I2C_Init(&hi2c1) != HAL_OK)
 3100              		.loc 1 944 7
 3101 003a 0E4B     		ldr	r3, .L123
 3102 003c 1800     		movs	r0, r3
 3103 003e FFF7FEFF 		bl	HAL_I2C_Init
 3104 0042 031E     		subs	r3, r0, #0
 3105              		.loc 1 944 6 discriminator 1
 3106 0044 01D0     		beq	.L119
 945:Core/Src/main.c ****   {
 946:Core/Src/main.c ****     Error_Handler();
 3107              		.loc 1 946 5
 3108 0046 FFF7FEFF 		bl	Error_Handler
 3109              	.L119:
 947:Core/Src/main.c ****   }
 948:Core/Src/main.c **** 
 949:Core/Src/main.c ****   /** Configure Analogue filter
 950:Core/Src/main.c ****   */
 951:Core/Src/main.c ****   if (HAL_I2CEx_ConfigAnalogFilter(&hi2c1, I2C_ANALOGFILTER_ENABLE) != HAL_OK)
 3110              		.loc 1 951 7
 3111 004a 0A4B     		ldr	r3, .L123
 3112 004c 0021     		movs	r1, #0
 3113 004e 1800     		movs	r0, r3
 3114 0050 FFF7FEFF 		bl	HAL_I2CEx_ConfigAnalogFilter
 3115 0054 031E     		subs	r3, r0, #0
 3116              		.loc 1 951 6 discriminator 1
 3117 0056 01D0     		beq	.L120
 952:Core/Src/main.c ****   {
 953:Core/Src/main.c ****     Error_Handler();
 3118              		.loc 1 953 5
 3119 0058 FFF7FEFF 		bl	Error_Handler
 3120              	.L120:
 954:Core/Src/main.c ****   }
 955:Core/Src/main.c **** 
 956:Core/Src/main.c ****   /** Configure Digital filter
 957:Core/Src/main.c ****   */
 958:Core/Src/main.c ****   if (HAL_I2CEx_ConfigDigitalFilter(&hi2c1, 0) != HAL_OK)
 3121              		.loc 1 958 7
 3122 005c 054B     		ldr	r3, .L123
 3123 005e 0021     		movs	r1, #0
 3124 0060 1800     		movs	r0, r3
 3125 0062 FFF7FEFF 		bl	HAL_I2CEx_ConfigDigitalFilter
 3126 0066 031E     		subs	r3, r0, #0
 3127              		.loc 1 958 6 discriminator 1
 3128 0068 01D0     		beq	.L122
 959:Core/Src/main.c ****   {
 960:Core/Src/main.c ****     Error_Handler();
 3129              		.loc 1 960 5
 3130 006a FFF7FEFF 		bl	Error_Handler
 3131              	.L122:
 961:Core/Src/main.c ****   }
 962:Core/Src/main.c ****   /* USER CODE BEGIN I2C1_Init 2 */
 963:Core/Src/main.c **** 
 964:Core/Src/main.c ****   /* USER CODE END I2C1_Init 2 */
ARM GAS  C:\Users\a_hae\AppData\Local\Temp\cci8zHTh.s 			page 73


 965:Core/Src/main.c **** 
 966:Core/Src/main.c **** }
 3132              		.loc 1 966 1
 3133 006e C046     		nop
 3134 0070 BD46     		mov	sp, r7
 3135              		@ sp needed
 3136 0072 80BD     		pop	{r7, pc}
 3137              	.L124:
 3138              		.align	2
 3139              	.L123:
 3140 0074 00000000 		.word	hi2c1
 3141 0078 00540040 		.word	1073763328
 3142 007c 5B3D3000 		.word	3161435
 3143              		.cfi_endproc
 3144              	.LFE374:
 3146              		.section	.text.MX_TIM3_Init,"ax",%progbits
 3147              		.align	1
 3148              		.syntax unified
 3149              		.code	16
 3150              		.thumb_func
 3152              	MX_TIM3_Init:
 3153              	.LFB375:
 967:Core/Src/main.c **** 
 968:Core/Src/main.c **** /**
 969:Core/Src/main.c ****   * @brief TIM3 Initialization Function
 970:Core/Src/main.c ****   * @param None
 971:Core/Src/main.c ****   * @retval None
 972:Core/Src/main.c ****   */
 973:Core/Src/main.c **** static void MX_TIM3_Init(void)
 974:Core/Src/main.c **** {
 3154              		.loc 1 974 1
 3155              		.cfi_startproc
 3156              		@ args = 0, pretend = 0, frame = 40
 3157              		@ frame_needed = 1, uses_anonymous_args = 0
 3158 0000 80B5     		push	{r7, lr}
 3159              	.LCFI25:
 3160              		.cfi_def_cfa_offset 8
 3161              		.cfi_offset 7, -8
 3162              		.cfi_offset 14, -4
 3163 0002 8AB0     		sub	sp, sp, #40
 3164              	.LCFI26:
 3165              		.cfi_def_cfa_offset 48
 3166 0004 00AF     		add	r7, sp, #0
 3167              	.LCFI27:
 3168              		.cfi_def_cfa_register 7
 975:Core/Src/main.c **** 
 976:Core/Src/main.c ****   /* USER CODE BEGIN TIM3_Init 0 */
 977:Core/Src/main.c **** 
 978:Core/Src/main.c ****   /* USER CODE END TIM3_Init 0 */
 979:Core/Src/main.c **** 
 980:Core/Src/main.c ****   TIM_MasterConfigTypeDef sMasterConfig = {0};
 3169              		.loc 1 980 27
 3170 0006 1C23     		movs	r3, #28
 3171 0008 FB18     		adds	r3, r7, r3
 3172 000a 1800     		movs	r0, r3
 3173 000c 0C23     		movs	r3, #12
 3174 000e 1A00     		movs	r2, r3
ARM GAS  C:\Users\a_hae\AppData\Local\Temp\cci8zHTh.s 			page 74


 3175 0010 0021     		movs	r1, #0
 3176 0012 FFF7FEFF 		bl	memset
 981:Core/Src/main.c ****   TIM_OC_InitTypeDef sConfigOC = {0};
 3177              		.loc 1 981 22
 3178 0016 3B00     		movs	r3, r7
 3179 0018 1800     		movs	r0, r3
 3180 001a 1C23     		movs	r3, #28
 3181 001c 1A00     		movs	r2, r3
 3182 001e 0021     		movs	r1, #0
 3183 0020 FFF7FEFF 		bl	memset
 982:Core/Src/main.c **** 
 983:Core/Src/main.c ****   /* USER CODE BEGIN TIM3_Init 1 */
 984:Core/Src/main.c **** 
 985:Core/Src/main.c ****   /* USER CODE END TIM3_Init 1 */
 986:Core/Src/main.c ****   htim3.Instance = TIM3;
 3184              		.loc 1 986 18
 3185 0024 2E4B     		ldr	r3, .L131
 3186 0026 2F4A     		ldr	r2, .L131+4
 3187 0028 1A60     		str	r2, [r3]
 987:Core/Src/main.c ****   htim3.Init.Prescaler = 0;
 3188              		.loc 1 987 24
 3189 002a 2D4B     		ldr	r3, .L131
 3190 002c 0022     		movs	r2, #0
 3191 002e 5A60     		str	r2, [r3, #4]
 988:Core/Src/main.c ****   htim3.Init.CounterMode = TIM_COUNTERMODE_UP;
 3192              		.loc 1 988 26
 3193 0030 2B4B     		ldr	r3, .L131
 3194 0032 0022     		movs	r2, #0
 3195 0034 9A60     		str	r2, [r3, #8]
 989:Core/Src/main.c ****   htim3.Init.Period = 65535;
 3196              		.loc 1 989 21
 3197 0036 2A4B     		ldr	r3, .L131
 3198 0038 2B4A     		ldr	r2, .L131+8
 3199 003a DA60     		str	r2, [r3, #12]
 990:Core/Src/main.c ****   htim3.Init.ClockDivision = TIM_CLOCKDIVISION_DIV1;
 3200              		.loc 1 990 28
 3201 003c 284B     		ldr	r3, .L131
 3202 003e 0022     		movs	r2, #0
 3203 0040 1A61     		str	r2, [r3, #16]
 991:Core/Src/main.c ****   htim3.Init.AutoReloadPreload = TIM_AUTORELOAD_PRELOAD_DISABLE;
 3204              		.loc 1 991 32
 3205 0042 274B     		ldr	r3, .L131
 3206 0044 0022     		movs	r2, #0
 3207 0046 9A61     		str	r2, [r3, #24]
 992:Core/Src/main.c ****   if (HAL_TIM_PWM_Init(&htim3) != HAL_OK)
 3208              		.loc 1 992 7
 3209 0048 254B     		ldr	r3, .L131
 3210 004a 1800     		movs	r0, r3
 3211 004c FFF7FEFF 		bl	HAL_TIM_PWM_Init
 3212 0050 031E     		subs	r3, r0, #0
 3213              		.loc 1 992 6 discriminator 1
 3214 0052 01D0     		beq	.L126
 993:Core/Src/main.c ****   {
 994:Core/Src/main.c ****     Error_Handler();
 3215              		.loc 1 994 5
 3216 0054 FFF7FEFF 		bl	Error_Handler
 3217              	.L126:
ARM GAS  C:\Users\a_hae\AppData\Local\Temp\cci8zHTh.s 			page 75


 995:Core/Src/main.c ****   }
 996:Core/Src/main.c ****   sMasterConfig.MasterOutputTrigger = TIM_TRGO_RESET;
 3218              		.loc 1 996 37
 3219 0058 1C21     		movs	r1, #28
 3220 005a 7B18     		adds	r3, r7, r1
 3221 005c 0022     		movs	r2, #0
 3222 005e 1A60     		str	r2, [r3]
 997:Core/Src/main.c ****   sMasterConfig.MasterSlaveMode = TIM_MASTERSLAVEMODE_DISABLE;
 3223              		.loc 1 997 33
 3224 0060 7B18     		adds	r3, r7, r1
 3225 0062 0022     		movs	r2, #0
 3226 0064 9A60     		str	r2, [r3, #8]
 998:Core/Src/main.c ****   if (HAL_TIMEx_MasterConfigSynchronization(&htim3, &sMasterConfig) != HAL_OK)
 3227              		.loc 1 998 7
 3228 0066 7A18     		adds	r2, r7, r1
 3229 0068 1D4B     		ldr	r3, .L131
 3230 006a 1100     		movs	r1, r2
 3231 006c 1800     		movs	r0, r3
 3232 006e FFF7FEFF 		bl	HAL_TIMEx_MasterConfigSynchronization
 3233 0072 031E     		subs	r3, r0, #0
 3234              		.loc 1 998 6 discriminator 1
 3235 0074 01D0     		beq	.L127
 999:Core/Src/main.c ****   {
1000:Core/Src/main.c ****     Error_Handler();
 3236              		.loc 1 1000 5
 3237 0076 FFF7FEFF 		bl	Error_Handler
 3238              	.L127:
1001:Core/Src/main.c ****   }
1002:Core/Src/main.c ****   sConfigOC.OCMode = TIM_OCMODE_PWM1;
 3239              		.loc 1 1002 20
 3240 007a 3B00     		movs	r3, r7
 3241 007c 6022     		movs	r2, #96
 3242 007e 1A60     		str	r2, [r3]
1003:Core/Src/main.c ****   sConfigOC.Pulse = 0;
 3243              		.loc 1 1003 19
 3244 0080 3B00     		movs	r3, r7
 3245 0082 0022     		movs	r2, #0
 3246 0084 5A60     		str	r2, [r3, #4]
1004:Core/Src/main.c ****   sConfigOC.OCPolarity = TIM_OCPOLARITY_LOW;
 3247              		.loc 1 1004 24
 3248 0086 3B00     		movs	r3, r7
 3249 0088 0222     		movs	r2, #2
 3250 008a 9A60     		str	r2, [r3, #8]
1005:Core/Src/main.c ****   sConfigOC.OCFastMode = TIM_OCFAST_DISABLE;
 3251              		.loc 1 1005 24
 3252 008c 3B00     		movs	r3, r7
 3253 008e 0022     		movs	r2, #0
 3254 0090 1A61     		str	r2, [r3, #16]
1006:Core/Src/main.c ****   if (HAL_TIM_PWM_ConfigChannel(&htim3, &sConfigOC, TIM_CHANNEL_1) != HAL_OK)
 3255              		.loc 1 1006 7
 3256 0092 3900     		movs	r1, r7
 3257 0094 124B     		ldr	r3, .L131
 3258 0096 0022     		movs	r2, #0
 3259 0098 1800     		movs	r0, r3
 3260 009a FFF7FEFF 		bl	HAL_TIM_PWM_ConfigChannel
 3261 009e 031E     		subs	r3, r0, #0
 3262              		.loc 1 1006 6 discriminator 1
ARM GAS  C:\Users\a_hae\AppData\Local\Temp\cci8zHTh.s 			page 76


 3263 00a0 01D0     		beq	.L128
1007:Core/Src/main.c ****   {
1008:Core/Src/main.c ****     Error_Handler();
 3264              		.loc 1 1008 5
 3265 00a2 FFF7FEFF 		bl	Error_Handler
 3266              	.L128:
1009:Core/Src/main.c ****   }
1010:Core/Src/main.c ****   if (HAL_TIM_PWM_ConfigChannel(&htim3, &sConfigOC, TIM_CHANNEL_2) != HAL_OK)
 3267              		.loc 1 1010 7
 3268 00a6 3900     		movs	r1, r7
 3269 00a8 0D4B     		ldr	r3, .L131
 3270 00aa 0422     		movs	r2, #4
 3271 00ac 1800     		movs	r0, r3
 3272 00ae FFF7FEFF 		bl	HAL_TIM_PWM_ConfigChannel
 3273 00b2 031E     		subs	r3, r0, #0
 3274              		.loc 1 1010 6 discriminator 1
 3275 00b4 01D0     		beq	.L129
1011:Core/Src/main.c ****   {
1012:Core/Src/main.c ****     Error_Handler();
 3276              		.loc 1 1012 5
 3277 00b6 FFF7FEFF 		bl	Error_Handler
 3278              	.L129:
1013:Core/Src/main.c ****   }
1014:Core/Src/main.c ****   if (HAL_TIM_PWM_ConfigChannel(&htim3, &sConfigOC, TIM_CHANNEL_3) != HAL_OK)
 3279              		.loc 1 1014 7
 3280 00ba 3900     		movs	r1, r7
 3281 00bc 084B     		ldr	r3, .L131
 3282 00be 0822     		movs	r2, #8
 3283 00c0 1800     		movs	r0, r3
 3284 00c2 FFF7FEFF 		bl	HAL_TIM_PWM_ConfigChannel
 3285 00c6 031E     		subs	r3, r0, #0
 3286              		.loc 1 1014 6 discriminator 1
 3287 00c8 01D0     		beq	.L130
1015:Core/Src/main.c ****   {
1016:Core/Src/main.c ****     Error_Handler();
 3288              		.loc 1 1016 5
 3289 00ca FFF7FEFF 		bl	Error_Handler
 3290              	.L130:
1017:Core/Src/main.c ****   }
1018:Core/Src/main.c ****   /* USER CODE BEGIN TIM3_Init 2 */
1019:Core/Src/main.c **** 
1020:Core/Src/main.c ****   /* USER CODE END TIM3_Init 2 */
1021:Core/Src/main.c ****   HAL_TIM_MspPostInit(&htim3);
 3291              		.loc 1 1021 3
 3292 00ce 044B     		ldr	r3, .L131
 3293 00d0 1800     		movs	r0, r3
 3294 00d2 FFF7FEFF 		bl	HAL_TIM_MspPostInit
1022:Core/Src/main.c **** 
1023:Core/Src/main.c **** }
 3295              		.loc 1 1023 1
 3296 00d6 C046     		nop
 3297 00d8 BD46     		mov	sp, r7
 3298 00da 0AB0     		add	sp, sp, #40
 3299              		@ sp needed
 3300 00dc 80BD     		pop	{r7, pc}
 3301              	.L132:
 3302 00de C046     		.align	2
ARM GAS  C:\Users\a_hae\AppData\Local\Temp\cci8zHTh.s 			page 77


 3303              	.L131:
 3304 00e0 00000000 		.word	htim3
 3305 00e4 00040040 		.word	1073742848
 3306 00e8 FFFF0000 		.word	65535
 3307              		.cfi_endproc
 3308              	.LFE375:
 3310              		.section	.text.MX_TIM6_Init,"ax",%progbits
 3311              		.align	1
 3312              		.syntax unified
 3313              		.code	16
 3314              		.thumb_func
 3316              	MX_TIM6_Init:
 3317              	.LFB376:
1024:Core/Src/main.c **** 
1025:Core/Src/main.c **** /**
1026:Core/Src/main.c ****   * @brief TIM6 Initialization Function
1027:Core/Src/main.c ****   * @param None
1028:Core/Src/main.c ****   * @retval None
1029:Core/Src/main.c ****   */
1030:Core/Src/main.c **** static void MX_TIM6_Init(void)
1031:Core/Src/main.c **** {
 3318              		.loc 1 1031 1
 3319              		.cfi_startproc
 3320              		@ args = 0, pretend = 0, frame = 16
 3321              		@ frame_needed = 1, uses_anonymous_args = 0
 3322 0000 80B5     		push	{r7, lr}
 3323              	.LCFI28:
 3324              		.cfi_def_cfa_offset 8
 3325              		.cfi_offset 7, -8
 3326              		.cfi_offset 14, -4
 3327 0002 84B0     		sub	sp, sp, #16
 3328              	.LCFI29:
 3329              		.cfi_def_cfa_offset 24
 3330 0004 00AF     		add	r7, sp, #0
 3331              	.LCFI30:
 3332              		.cfi_def_cfa_register 7
1032:Core/Src/main.c **** 
1033:Core/Src/main.c ****   /* USER CODE BEGIN TIM6_Init 0 */
1034:Core/Src/main.c **** 
1035:Core/Src/main.c ****   /* USER CODE END TIM6_Init 0 */
1036:Core/Src/main.c **** 
1037:Core/Src/main.c ****   TIM_MasterConfigTypeDef sMasterConfig = {0};
 3333              		.loc 1 1037 27
 3334 0006 3B1D     		adds	r3, r7, #4
 3335 0008 1800     		movs	r0, r3
 3336 000a 0C23     		movs	r3, #12
 3337 000c 1A00     		movs	r2, r3
 3338 000e 0021     		movs	r1, #0
 3339 0010 FFF7FEFF 		bl	memset
1038:Core/Src/main.c **** 
1039:Core/Src/main.c ****   /* USER CODE BEGIN TIM6_Init 1 */
1040:Core/Src/main.c **** 
1041:Core/Src/main.c ****   /* USER CODE END TIM6_Init 1 */
1042:Core/Src/main.c ****   htim6.Instance = TIM6;
 3340              		.loc 1 1042 18
 3341 0014 164B     		ldr	r3, .L137
 3342 0016 174A     		ldr	r2, .L137+4
ARM GAS  C:\Users\a_hae\AppData\Local\Temp\cci8zHTh.s 			page 78


 3343 0018 1A60     		str	r2, [r3]
1043:Core/Src/main.c ****   htim6.Init.Prescaler = 2000;
 3344              		.loc 1 1043 24
 3345 001a 154B     		ldr	r3, .L137
 3346 001c FA22     		movs	r2, #250
 3347 001e D200     		lsls	r2, r2, #3
 3348 0020 5A60     		str	r2, [r3, #4]
1044:Core/Src/main.c ****   htim6.Init.CounterMode = TIM_COUNTERMODE_UP;
 3349              		.loc 1 1044 26
 3350 0022 134B     		ldr	r3, .L137
 3351 0024 0022     		movs	r2, #0
 3352 0026 9A60     		str	r2, [r3, #8]
1045:Core/Src/main.c ****   htim6.Init.Period = 32000;
 3353              		.loc 1 1045 21
 3354 0028 114B     		ldr	r3, .L137
 3355 002a FA22     		movs	r2, #250
 3356 002c D201     		lsls	r2, r2, #7
 3357 002e DA60     		str	r2, [r3, #12]
1046:Core/Src/main.c ****   htim6.Init.AutoReloadPreload = TIM_AUTORELOAD_PRELOAD_ENABLE;
 3358              		.loc 1 1046 32
 3359 0030 0F4B     		ldr	r3, .L137
 3360 0032 8022     		movs	r2, #128
 3361 0034 9A61     		str	r2, [r3, #24]
1047:Core/Src/main.c ****   if (HAL_TIM_Base_Init(&htim6) != HAL_OK)
 3362              		.loc 1 1047 7
 3363 0036 0E4B     		ldr	r3, .L137
 3364 0038 1800     		movs	r0, r3
 3365 003a FFF7FEFF 		bl	HAL_TIM_Base_Init
 3366 003e 031E     		subs	r3, r0, #0
 3367              		.loc 1 1047 6 discriminator 1
 3368 0040 01D0     		beq	.L134
1048:Core/Src/main.c ****   {
1049:Core/Src/main.c ****     Error_Handler();
 3369              		.loc 1 1049 5
 3370 0042 FFF7FEFF 		bl	Error_Handler
 3371              	.L134:
1050:Core/Src/main.c ****   }
1051:Core/Src/main.c ****   sMasterConfig.MasterOutputTrigger = TIM_TRGO_RESET;
 3372              		.loc 1 1051 37
 3373 0046 3B1D     		adds	r3, r7, #4
 3374 0048 0022     		movs	r2, #0
 3375 004a 1A60     		str	r2, [r3]
1052:Core/Src/main.c ****   sMasterConfig.MasterSlaveMode = TIM_MASTERSLAVEMODE_DISABLE;
 3376              		.loc 1 1052 33
 3377 004c 3B1D     		adds	r3, r7, #4
 3378 004e 0022     		movs	r2, #0
 3379 0050 9A60     		str	r2, [r3, #8]
1053:Core/Src/main.c ****   if (HAL_TIMEx_MasterConfigSynchronization(&htim6, &sMasterConfig) != HAL_OK)
 3380              		.loc 1 1053 7
 3381 0052 3A1D     		adds	r2, r7, #4
 3382 0054 064B     		ldr	r3, .L137
 3383 0056 1100     		movs	r1, r2
 3384 0058 1800     		movs	r0, r3
 3385 005a FFF7FEFF 		bl	HAL_TIMEx_MasterConfigSynchronization
 3386 005e 031E     		subs	r3, r0, #0
 3387              		.loc 1 1053 6 discriminator 1
 3388 0060 01D0     		beq	.L136
ARM GAS  C:\Users\a_hae\AppData\Local\Temp\cci8zHTh.s 			page 79


1054:Core/Src/main.c ****   {
1055:Core/Src/main.c ****     Error_Handler();
 3389              		.loc 1 1055 5
 3390 0062 FFF7FEFF 		bl	Error_Handler
 3391              	.L136:
1056:Core/Src/main.c ****   }
1057:Core/Src/main.c ****   /* USER CODE BEGIN TIM6_Init 2 */
1058:Core/Src/main.c **** 
1059:Core/Src/main.c ****   /* USER CODE END TIM6_Init 2 */
1060:Core/Src/main.c **** 
1061:Core/Src/main.c **** }
 3392              		.loc 1 1061 1
 3393 0066 C046     		nop
 3394 0068 BD46     		mov	sp, r7
 3395 006a 04B0     		add	sp, sp, #16
 3396              		@ sp needed
 3397 006c 80BD     		pop	{r7, pc}
 3398              	.L138:
 3399 006e C046     		.align	2
 3400              	.L137:
 3401 0070 00000000 		.word	htim6
 3402 0074 00100040 		.word	1073745920
 3403              		.cfi_endproc
 3404              	.LFE376:
 3406              		.section	.text.MX_USART2_UART_Init,"ax",%progbits
 3407              		.align	1
 3408              		.syntax unified
 3409              		.code	16
 3410              		.thumb_func
 3412              	MX_USART2_UART_Init:
 3413              	.LFB377:
1062:Core/Src/main.c **** 
1063:Core/Src/main.c **** /**
1064:Core/Src/main.c ****   * @brief USART2 Initialization Function
1065:Core/Src/main.c ****   * @param None
1066:Core/Src/main.c ****   * @retval None
1067:Core/Src/main.c ****   */
1068:Core/Src/main.c **** static void MX_USART2_UART_Init(void)
1069:Core/Src/main.c **** {
 3414              		.loc 1 1069 1
 3415              		.cfi_startproc
 3416              		@ args = 0, pretend = 0, frame = 0
 3417              		@ frame_needed = 1, uses_anonymous_args = 0
 3418 0000 80B5     		push	{r7, lr}
 3419              	.LCFI31:
 3420              		.cfi_def_cfa_offset 8
 3421              		.cfi_offset 7, -8
 3422              		.cfi_offset 14, -4
 3423 0002 00AF     		add	r7, sp, #0
 3424              	.LCFI32:
 3425              		.cfi_def_cfa_register 7
1070:Core/Src/main.c **** 
1071:Core/Src/main.c ****   /* USER CODE BEGIN USART2_Init 0 */
1072:Core/Src/main.c **** 
1073:Core/Src/main.c ****   /* USER CODE END USART2_Init 0 */
1074:Core/Src/main.c **** 
1075:Core/Src/main.c ****   /* USER CODE BEGIN USART2_Init 1 */
ARM GAS  C:\Users\a_hae\AppData\Local\Temp\cci8zHTh.s 			page 80


1076:Core/Src/main.c **** 
1077:Core/Src/main.c ****   /* USER CODE END USART2_Init 1 */
1078:Core/Src/main.c ****   huart2.Instance = USART2;
 3426              		.loc 1 1078 19
 3427 0004 234B     		ldr	r3, .L145
 3428 0006 244A     		ldr	r2, .L145+4
 3429 0008 1A60     		str	r2, [r3]
1079:Core/Src/main.c ****   huart2.Init.BaudRate = 115200;
 3430              		.loc 1 1079 24
 3431 000a 224B     		ldr	r3, .L145
 3432 000c E122     		movs	r2, #225
 3433 000e 5202     		lsls	r2, r2, #9
 3434 0010 5A60     		str	r2, [r3, #4]
1080:Core/Src/main.c ****   huart2.Init.WordLength = UART_WORDLENGTH_8B;
 3435              		.loc 1 1080 26
 3436 0012 204B     		ldr	r3, .L145
 3437 0014 0022     		movs	r2, #0
 3438 0016 9A60     		str	r2, [r3, #8]
1081:Core/Src/main.c ****   huart2.Init.StopBits = UART_STOPBITS_1;
 3439              		.loc 1 1081 24
 3440 0018 1E4B     		ldr	r3, .L145
 3441 001a 0022     		movs	r2, #0
 3442 001c DA60     		str	r2, [r3, #12]
1082:Core/Src/main.c ****   huart2.Init.Parity = UART_PARITY_NONE;
 3443              		.loc 1 1082 22
 3444 001e 1D4B     		ldr	r3, .L145
 3445 0020 0022     		movs	r2, #0
 3446 0022 1A61     		str	r2, [r3, #16]
1083:Core/Src/main.c ****   huart2.Init.Mode = UART_MODE_TX_RX;
 3447              		.loc 1 1083 20
 3448 0024 1B4B     		ldr	r3, .L145
 3449 0026 0C22     		movs	r2, #12
 3450 0028 5A61     		str	r2, [r3, #20]
1084:Core/Src/main.c ****   huart2.Init.HwFlowCtl = UART_HWCONTROL_NONE;
 3451              		.loc 1 1084 25
 3452 002a 1A4B     		ldr	r3, .L145
 3453 002c 0022     		movs	r2, #0
 3454 002e 9A61     		str	r2, [r3, #24]
1085:Core/Src/main.c ****   huart2.Init.OverSampling = UART_OVERSAMPLING_16;
 3455              		.loc 1 1085 28
 3456 0030 184B     		ldr	r3, .L145
 3457 0032 0022     		movs	r2, #0
 3458 0034 DA61     		str	r2, [r3, #28]
1086:Core/Src/main.c ****   huart2.Init.OneBitSampling = UART_ONE_BIT_SAMPLE_DISABLE;
 3459              		.loc 1 1086 30
 3460 0036 174B     		ldr	r3, .L145
 3461 0038 0022     		movs	r2, #0
 3462 003a 1A62     		str	r2, [r3, #32]
1087:Core/Src/main.c ****   huart2.Init.ClockPrescaler = UART_PRESCALER_DIV1;
 3463              		.loc 1 1087 30
 3464 003c 154B     		ldr	r3, .L145
 3465 003e 0022     		movs	r2, #0
 3466 0040 5A62     		str	r2, [r3, #36]
1088:Core/Src/main.c ****   huart2.AdvancedInit.AdvFeatureInit = UART_ADVFEATURE_NO_INIT;
 3467              		.loc 1 1088 38
 3468 0042 144B     		ldr	r3, .L145
 3469 0044 0022     		movs	r2, #0
ARM GAS  C:\Users\a_hae\AppData\Local\Temp\cci8zHTh.s 			page 81


 3470 0046 9A62     		str	r2, [r3, #40]
1089:Core/Src/main.c ****   if (HAL_UART_Init(&huart2) != HAL_OK)
 3471              		.loc 1 1089 7
 3472 0048 124B     		ldr	r3, .L145
 3473 004a 1800     		movs	r0, r3
 3474 004c FFF7FEFF 		bl	HAL_UART_Init
 3475 0050 031E     		subs	r3, r0, #0
 3476              		.loc 1 1089 6 discriminator 1
 3477 0052 01D0     		beq	.L140
1090:Core/Src/main.c ****   {
1091:Core/Src/main.c ****     Error_Handler();
 3478              		.loc 1 1091 5
 3479 0054 FFF7FEFF 		bl	Error_Handler
 3480              	.L140:
1092:Core/Src/main.c ****   }
1093:Core/Src/main.c ****   if (HAL_UARTEx_SetTxFifoThreshold(&huart2, UART_TXFIFO_THRESHOLD_1_8) != HAL_OK)
 3481              		.loc 1 1093 7
 3482 0058 0E4B     		ldr	r3, .L145
 3483 005a 0021     		movs	r1, #0
 3484 005c 1800     		movs	r0, r3
 3485 005e FFF7FEFF 		bl	HAL_UARTEx_SetTxFifoThreshold
 3486 0062 031E     		subs	r3, r0, #0
 3487              		.loc 1 1093 6 discriminator 1
 3488 0064 01D0     		beq	.L141
1094:Core/Src/main.c ****   {
1095:Core/Src/main.c ****     Error_Handler();
 3489              		.loc 1 1095 5
 3490 0066 FFF7FEFF 		bl	Error_Handler
 3491              	.L141:
1096:Core/Src/main.c ****   }
1097:Core/Src/main.c ****   if (HAL_UARTEx_SetRxFifoThreshold(&huart2, UART_RXFIFO_THRESHOLD_1_8) != HAL_OK)
 3492              		.loc 1 1097 7
 3493 006a 0A4B     		ldr	r3, .L145
 3494 006c 0021     		movs	r1, #0
 3495 006e 1800     		movs	r0, r3
 3496 0070 FFF7FEFF 		bl	HAL_UARTEx_SetRxFifoThreshold
 3497 0074 031E     		subs	r3, r0, #0
 3498              		.loc 1 1097 6 discriminator 1
 3499 0076 01D0     		beq	.L142
1098:Core/Src/main.c ****   {
1099:Core/Src/main.c ****     Error_Handler();
 3500              		.loc 1 1099 5
 3501 0078 FFF7FEFF 		bl	Error_Handler
 3502              	.L142:
1100:Core/Src/main.c ****   }
1101:Core/Src/main.c ****   if (HAL_UARTEx_DisableFifoMode(&huart2) != HAL_OK)
 3503              		.loc 1 1101 7
 3504 007c 054B     		ldr	r3, .L145
 3505 007e 1800     		movs	r0, r3
 3506 0080 FFF7FEFF 		bl	HAL_UARTEx_DisableFifoMode
 3507 0084 031E     		subs	r3, r0, #0
 3508              		.loc 1 1101 6 discriminator 1
 3509 0086 01D0     		beq	.L144
1102:Core/Src/main.c ****   {
1103:Core/Src/main.c ****     Error_Handler();
 3510              		.loc 1 1103 5
 3511 0088 FFF7FEFF 		bl	Error_Handler
ARM GAS  C:\Users\a_hae\AppData\Local\Temp\cci8zHTh.s 			page 82


 3512              	.L144:
1104:Core/Src/main.c ****   }
1105:Core/Src/main.c ****   /* USER CODE BEGIN USART2_Init 2 */
1106:Core/Src/main.c **** 
1107:Core/Src/main.c ****   /* USER CODE END USART2_Init 2 */
1108:Core/Src/main.c **** 
1109:Core/Src/main.c **** }
 3513              		.loc 1 1109 1
 3514 008c C046     		nop
 3515 008e BD46     		mov	sp, r7
 3516              		@ sp needed
 3517 0090 80BD     		pop	{r7, pc}
 3518              	.L146:
 3519 0092 C046     		.align	2
 3520              	.L145:
 3521 0094 00000000 		.word	huart2
 3522 0098 00440040 		.word	1073759232
 3523              		.cfi_endproc
 3524              	.LFE377:
 3526              		.section	.text.MX_GPIO_Init,"ax",%progbits
 3527              		.align	1
 3528              		.syntax unified
 3529              		.code	16
 3530              		.thumb_func
 3532              	MX_GPIO_Init:
 3533              	.LFB378:
1110:Core/Src/main.c **** 
1111:Core/Src/main.c **** /**
1112:Core/Src/main.c ****   * @brief GPIO Initialization Function
1113:Core/Src/main.c ****   * @param None
1114:Core/Src/main.c ****   * @retval None
1115:Core/Src/main.c ****   */
1116:Core/Src/main.c **** static void MX_GPIO_Init(void)
1117:Core/Src/main.c **** {
 3534              		.loc 1 1117 1
 3535              		.cfi_startproc
 3536              		@ args = 0, pretend = 0, frame = 32
 3537              		@ frame_needed = 1, uses_anonymous_args = 0
 3538 0000 90B5     		push	{r4, r7, lr}
 3539              	.LCFI33:
 3540              		.cfi_def_cfa_offset 12
 3541              		.cfi_offset 4, -12
 3542              		.cfi_offset 7, -8
 3543              		.cfi_offset 14, -4
 3544 0002 89B0     		sub	sp, sp, #36
 3545              	.LCFI34:
 3546              		.cfi_def_cfa_offset 48
 3547 0004 00AF     		add	r7, sp, #0
 3548              	.LCFI35:
 3549              		.cfi_def_cfa_register 7
1118:Core/Src/main.c ****   GPIO_InitTypeDef GPIO_InitStruct = {0};
 3550              		.loc 1 1118 20
 3551 0006 0C24     		movs	r4, #12
 3552 0008 3B19     		adds	r3, r7, r4
 3553 000a 1800     		movs	r0, r3
 3554 000c 1423     		movs	r3, #20
 3555 000e 1A00     		movs	r2, r3
ARM GAS  C:\Users\a_hae\AppData\Local\Temp\cci8zHTh.s 			page 83


 3556 0010 0021     		movs	r1, #0
 3557 0012 FFF7FEFF 		bl	memset
 3558              	.LBB11:
1119:Core/Src/main.c ****   /* USER CODE BEGIN MX_GPIO_Init_1 */
1120:Core/Src/main.c ****   /* USER CODE END MX_GPIO_Init_1 */
1121:Core/Src/main.c **** 
1122:Core/Src/main.c ****   /* GPIO Ports Clock Enable */
1123:Core/Src/main.c ****   __HAL_RCC_GPIOB_CLK_ENABLE();
 3559              		.loc 1 1123 3
 3560 0016 414B     		ldr	r3, .L148
 3561 0018 5A6B     		ldr	r2, [r3, #52]
 3562 001a 404B     		ldr	r3, .L148
 3563 001c 0221     		movs	r1, #2
 3564 001e 0A43     		orrs	r2, r1
 3565 0020 5A63     		str	r2, [r3, #52]
 3566 0022 3E4B     		ldr	r3, .L148
 3567 0024 5B6B     		ldr	r3, [r3, #52]
 3568 0026 0222     		movs	r2, #2
 3569 0028 1340     		ands	r3, r2
 3570 002a BB60     		str	r3, [r7, #8]
 3571 002c BB68     		ldr	r3, [r7, #8]
 3572              	.LBE11:
 3573              	.LBB12:
1124:Core/Src/main.c ****   __HAL_RCC_GPIOA_CLK_ENABLE();
 3574              		.loc 1 1124 3
 3575 002e 3B4B     		ldr	r3, .L148
 3576 0030 5A6B     		ldr	r2, [r3, #52]
 3577 0032 3A4B     		ldr	r3, .L148
 3578 0034 0121     		movs	r1, #1
 3579 0036 0A43     		orrs	r2, r1
 3580 0038 5A63     		str	r2, [r3, #52]
 3581 003a 384B     		ldr	r3, .L148
 3582 003c 5B6B     		ldr	r3, [r3, #52]
 3583 003e 0122     		movs	r2, #1
 3584 0040 1340     		ands	r3, r2
 3585 0042 7B60     		str	r3, [r7, #4]
 3586 0044 7B68     		ldr	r3, [r7, #4]
 3587              	.LBE12:
1125:Core/Src/main.c **** 
1126:Core/Src/main.c ****   /*Configure GPIO pin Output Level */
1127:Core/Src/main.c ****   HAL_GPIO_WritePin(GPIOB, BLE_MODE_Pin|D_OUT_Pin|CAN_STBY_Pin, GPIO_PIN_RESET);
 3588              		.loc 1 1127 3
 3589 0046 8623     		movs	r3, #134
 3590 0048 9B00     		lsls	r3, r3, #2
 3591 004a 3548     		ldr	r0, .L148+4
 3592 004c 0022     		movs	r2, #0
 3593 004e 1900     		movs	r1, r3
 3594 0050 FFF7FEFF 		bl	HAL_GPIO_WritePin
1128:Core/Src/main.c **** 
1129:Core/Src/main.c ****   /*Configure GPIO pin Output Level */
1130:Core/Src/main.c ****   HAL_GPIO_WritePin(BLE_RESET_GPIO_Port, BLE_RESET_Pin, GPIO_PIN_RESET);
 3595              		.loc 1 1130 3
 3596 0054 A023     		movs	r3, #160
 3597 0056 DB05     		lsls	r3, r3, #23
 3598 0058 0022     		movs	r2, #0
 3599 005a 2021     		movs	r1, #32
 3600 005c 1800     		movs	r0, r3
ARM GAS  C:\Users\a_hae\AppData\Local\Temp\cci8zHTh.s 			page 84


 3601 005e FFF7FEFF 		bl	HAL_GPIO_WritePin
1131:Core/Src/main.c **** 
1132:Core/Src/main.c ****   /*Configure GPIO pin Output Level */
1133:Core/Src/main.c ****   HAL_GPIO_WritePin(WC_N_GPIO_Port, WC_N_Pin, GPIO_PIN_SET);
 3602              		.loc 1 1133 3
 3603 0062 8023     		movs	r3, #128
 3604 0064 1902     		lsls	r1, r3, #8
 3605 0066 A023     		movs	r3, #160
 3606 0068 DB05     		lsls	r3, r3, #23
 3607 006a 0122     		movs	r2, #1
 3608 006c 1800     		movs	r0, r3
 3609 006e FFF7FEFF 		bl	HAL_GPIO_WritePin
1134:Core/Src/main.c **** 
1135:Core/Src/main.c ****   /*Configure GPIO pins : BLE_MODE_Pin D_OUT_Pin CAN_STBY_Pin */
1136:Core/Src/main.c ****   GPIO_InitStruct.Pin = BLE_MODE_Pin|D_OUT_Pin|CAN_STBY_Pin;
 3610              		.loc 1 1136 23
 3611 0072 3B19     		adds	r3, r7, r4
 3612 0074 8622     		movs	r2, #134
 3613 0076 9200     		lsls	r2, r2, #2
 3614 0078 1A60     		str	r2, [r3]
1137:Core/Src/main.c ****   GPIO_InitStruct.Mode = GPIO_MODE_OUTPUT_PP;
 3615              		.loc 1 1137 24
 3616 007a 3B19     		adds	r3, r7, r4
 3617 007c 0122     		movs	r2, #1
 3618 007e 5A60     		str	r2, [r3, #4]
1138:Core/Src/main.c ****   GPIO_InitStruct.Pull = GPIO_NOPULL;
 3619              		.loc 1 1138 24
 3620 0080 3B19     		adds	r3, r7, r4
 3621 0082 0022     		movs	r2, #0
 3622 0084 9A60     		str	r2, [r3, #8]
1139:Core/Src/main.c ****   GPIO_InitStruct.Speed = GPIO_SPEED_FREQ_LOW;
 3623              		.loc 1 1139 25
 3624 0086 3B19     		adds	r3, r7, r4
 3625 0088 0022     		movs	r2, #0
 3626 008a DA60     		str	r2, [r3, #12]
1140:Core/Src/main.c ****   HAL_GPIO_Init(GPIOB, &GPIO_InitStruct);
 3627              		.loc 1 1140 3
 3628 008c 3B19     		adds	r3, r7, r4
 3629 008e 244A     		ldr	r2, .L148+4
 3630 0090 1900     		movs	r1, r3
 3631 0092 1000     		movs	r0, r2
 3632 0094 FFF7FEFF 		bl	HAL_GPIO_Init
1141:Core/Src/main.c **** 
1142:Core/Src/main.c ****   /*Configure GPIO pins : BLE_RESET_Pin WC_N_Pin */
1143:Core/Src/main.c ****   GPIO_InitStruct.Pin = BLE_RESET_Pin|WC_N_Pin;
 3633              		.loc 1 1143 23
 3634 0098 3B19     		adds	r3, r7, r4
 3635 009a 224A     		ldr	r2, .L148+8
 3636 009c 1A60     		str	r2, [r3]
1144:Core/Src/main.c ****   GPIO_InitStruct.Mode = GPIO_MODE_OUTPUT_PP;
 3637              		.loc 1 1144 24
 3638 009e 3B19     		adds	r3, r7, r4
 3639 00a0 0122     		movs	r2, #1
 3640 00a2 5A60     		str	r2, [r3, #4]
1145:Core/Src/main.c ****   GPIO_InitStruct.Pull = GPIO_NOPULL;
 3641              		.loc 1 1145 24
 3642 00a4 3B19     		adds	r3, r7, r4
ARM GAS  C:\Users\a_hae\AppData\Local\Temp\cci8zHTh.s 			page 85


 3643 00a6 0022     		movs	r2, #0
 3644 00a8 9A60     		str	r2, [r3, #8]
1146:Core/Src/main.c ****   GPIO_InitStruct.Speed = GPIO_SPEED_FREQ_LOW;
 3645              		.loc 1 1146 25
 3646 00aa 3B19     		adds	r3, r7, r4
 3647 00ac 0022     		movs	r2, #0
 3648 00ae DA60     		str	r2, [r3, #12]
1147:Core/Src/main.c ****   HAL_GPIO_Init(GPIOA, &GPIO_InitStruct);
 3649              		.loc 1 1147 3
 3650 00b0 3A19     		adds	r2, r7, r4
 3651 00b2 A023     		movs	r3, #160
 3652 00b4 DB05     		lsls	r3, r3, #23
 3653 00b6 1100     		movs	r1, r2
 3654 00b8 1800     		movs	r0, r3
 3655 00ba FFF7FEFF 		bl	HAL_GPIO_Init
1148:Core/Src/main.c **** 
1149:Core/Src/main.c ****   /*Configure GPIO pins : BLE_BUSY_Pin BLE_LED_Pin */
1150:Core/Src/main.c ****   GPIO_InitStruct.Pin = BLE_BUSY_Pin|BLE_LED_Pin;
 3656              		.loc 1 1150 23
 3657 00be 3B19     		adds	r3, r7, r4
 3658 00c0 0622     		movs	r2, #6
 3659 00c2 1A60     		str	r2, [r3]
1151:Core/Src/main.c ****   GPIO_InitStruct.Mode = GPIO_MODE_INPUT;
 3660              		.loc 1 1151 24
 3661 00c4 3B19     		adds	r3, r7, r4
 3662 00c6 0022     		movs	r2, #0
 3663 00c8 5A60     		str	r2, [r3, #4]
1152:Core/Src/main.c ****   GPIO_InitStruct.Pull = GPIO_NOPULL;
 3664              		.loc 1 1152 24
 3665 00ca 3B19     		adds	r3, r7, r4
 3666 00cc 0022     		movs	r2, #0
 3667 00ce 9A60     		str	r2, [r3, #8]
1153:Core/Src/main.c ****   HAL_GPIO_Init(GPIOB, &GPIO_InitStruct);
 3668              		.loc 1 1153 3
 3669 00d0 3B19     		adds	r3, r7, r4
 3670 00d2 134A     		ldr	r2, .L148+4
 3671 00d4 1900     		movs	r1, r3
 3672 00d6 1000     		movs	r0, r2
 3673 00d8 FFF7FEFF 		bl	HAL_GPIO_Init
1154:Core/Src/main.c **** 
1155:Core/Src/main.c ****   /*Configure GPIO pin : TASTER_Pin */
1156:Core/Src/main.c ****   GPIO_InitStruct.Pin = TASTER_Pin;
 3674              		.loc 1 1156 23
 3675 00dc 2100     		movs	r1, r4
 3676 00de 7B18     		adds	r3, r7, r1
 3677 00e0 8022     		movs	r2, #128
 3678 00e2 5200     		lsls	r2, r2, #1
 3679 00e4 1A60     		str	r2, [r3]
1157:Core/Src/main.c ****   GPIO_InitStruct.Mode = GPIO_MODE_IT_RISING_FALLING;
 3680              		.loc 1 1157 24
 3681 00e6 7B18     		adds	r3, r7, r1
 3682 00e8 C422     		movs	r2, #196
 3683 00ea 9203     		lsls	r2, r2, #14
 3684 00ec 5A60     		str	r2, [r3, #4]
1158:Core/Src/main.c ****   GPIO_InitStruct.Pull = GPIO_NOPULL;
 3685              		.loc 1 1158 24
 3686 00ee 7B18     		adds	r3, r7, r1
ARM GAS  C:\Users\a_hae\AppData\Local\Temp\cci8zHTh.s 			page 86


 3687 00f0 0022     		movs	r2, #0
 3688 00f2 9A60     		str	r2, [r3, #8]
1159:Core/Src/main.c ****   HAL_GPIO_Init(TASTER_GPIO_Port, &GPIO_InitStruct);
 3689              		.loc 1 1159 3
 3690 00f4 7B18     		adds	r3, r7, r1
 3691 00f6 0A4A     		ldr	r2, .L148+4
 3692 00f8 1900     		movs	r1, r3
 3693 00fa 1000     		movs	r0, r2
 3694 00fc FFF7FEFF 		bl	HAL_GPIO_Init
1160:Core/Src/main.c **** 
1161:Core/Src/main.c ****   /* EXTI interrupt init*/
1162:Core/Src/main.c ****   HAL_NVIC_SetPriority(EXTI4_15_IRQn, 0, 0);
 3695              		.loc 1 1162 3
 3696 0100 0022     		movs	r2, #0
 3697 0102 0021     		movs	r1, #0
 3698 0104 0720     		movs	r0, #7
 3699 0106 FFF7FEFF 		bl	HAL_NVIC_SetPriority
1163:Core/Src/main.c ****   HAL_NVIC_EnableIRQ(EXTI4_15_IRQn);
 3700              		.loc 1 1163 3
 3701 010a 0720     		movs	r0, #7
 3702 010c FFF7FEFF 		bl	HAL_NVIC_EnableIRQ
1164:Core/Src/main.c **** 
1165:Core/Src/main.c ****   /* USER CODE BEGIN MX_GPIO_Init_2 */
1166:Core/Src/main.c **** 
1167:Core/Src/main.c ****   /* Pins nachziehen, die auf der V1-Platine anders liegen als in der
1168:Core/Src/main.c ****    * generierten Init (siehe board_pins.h). Fuer die V2-Platine leer. */
1169:Core/Src/main.c ****   board_gpio_fixup();
 3703              		.loc 1 1169 3
 3704 0110 FFF7FEFF 		bl	board_gpio_fixup
1170:Core/Src/main.c **** 
1171:Core/Src/main.c ****   /* USER CODE END MX_GPIO_Init_2 */
1172:Core/Src/main.c **** }
 3705              		.loc 1 1172 1
 3706 0114 C046     		nop
 3707 0116 BD46     		mov	sp, r7
 3708 0118 09B0     		add	sp, sp, #36
 3709              		@ sp needed
 3710 011a 90BD     		pop	{r4, r7, pc}
 3711              	.L149:
 3712              		.align	2
 3713              	.L148:
 3714 011c 00100240 		.word	1073876992
 3715 0120 00040050 		.word	1342178304
 3716 0124 20800000 		.word	32800
 3717              		.cfi_endproc
 3718              	.LFE378:
 3720              		.section	.text.HAL_FDCAN_ErrorStatusCallback,"ax",%progbits
 3721              		.align	1
 3722              		.global	HAL_FDCAN_ErrorStatusCallback
 3723              		.syntax unified
 3724              		.code	16
 3725              		.thumb_func
 3727              	HAL_FDCAN_ErrorStatusCallback:
 3728              	.LFB379:
1173:Core/Src/main.c **** 
1174:Core/Src/main.c **** /* USER CODE BEGIN 4 */
1175:Core/Src/main.c **** 
ARM GAS  C:\Users\a_hae\AppData\Local\Temp\cci8zHTh.s 			page 87


1176:Core/Src/main.c **** 
1177:Core/Src/main.c **** //********************* Interrupt Callbacks **********************
1178:Core/Src/main.c **** 
1179:Core/Src/main.c **** 
1180:Core/Src/main.c **** /* Bus-Off (z.B. Kurzschluss oder massive Stoerung auf dem Bus): Fehler-LED
1181:Core/Src/main.c ****  * setzen und die Recovery anstossen. Durch Loeschen des INIT-Bits wartet der
1182:Core/Src/main.c ****  * FDCAN die vorgeschriebenen 128 x 11 rezessiven Bits ab und nimmt danach
1183:Core/Src/main.c ****  * automatisch wieder am Busverkehr teil. Vorher gab es keine Behandlung:
1184:Core/Src/main.c ****  * nach einem Bus-Off sendete das Geraet nie wieder. */
1185:Core/Src/main.c **** void HAL_FDCAN_ErrorStatusCallback(FDCAN_HandleTypeDef *hfdcan, uint32_t ErrorStatusITs)
1186:Core/Src/main.c **** {
 3729              		.loc 1 1186 1
 3730              		.cfi_startproc
 3731              		@ args = 0, pretend = 0, frame = 56
 3732              		@ frame_needed = 1, uses_anonymous_args = 0
 3733 0000 90B5     		push	{r4, r7, lr}
 3734              	.LCFI36:
 3735              		.cfi_def_cfa_offset 12
 3736              		.cfi_offset 4, -12
 3737              		.cfi_offset 7, -8
 3738              		.cfi_offset 14, -4
 3739 0002 8FB0     		sub	sp, sp, #60
 3740              	.LCFI37:
 3741              		.cfi_def_cfa_offset 72
 3742 0004 00AF     		add	r7, sp, #0
 3743              	.LCFI38:
 3744              		.cfi_def_cfa_register 7
 3745 0006 7860     		str	r0, [r7, #4]
 3746 0008 3960     		str	r1, [r7]
1187:Core/Src/main.c **** 	if (ErrorStatusITs & FDCAN_IT_BUS_OFF)
 3747              		.loc 1 1187 21
 3748 000a 3A68     		ldr	r2, [r7]
 3749 000c 8023     		movs	r3, #128
 3750 000e 1B03     		lsls	r3, r3, #12
 3751 0010 1340     		ands	r3, r2
 3752              		.loc 1 1187 5
 3753 0012 1CD0     		beq	.L153
 3754              	.LBB13:
1188:Core/Src/main.c **** 	{
1189:Core/Src/main.c **** 		FDCAN_ProtocolStatusTypeDef psr;
1190:Core/Src/main.c **** 		if (HAL_FDCAN_GetProtocolStatus(hfdcan, &psr) == HAL_OK)
 3755              		.loc 1 1190 7
 3756 0014 0C24     		movs	r4, #12
 3757 0016 3A19     		adds	r2, r7, r4
 3758 0018 7B68     		ldr	r3, [r7, #4]
 3759 001a 1100     		movs	r1, r2
 3760 001c 1800     		movs	r0, r3
 3761 001e FFF7FEFF 		bl	HAL_FDCAN_GetProtocolStatus
 3762 0022 031E     		subs	r3, r0, #0
 3763              		.loc 1 1190 6 discriminator 1
 3764 0024 13D1     		bne	.L153
1191:Core/Src/main.c **** 		{
1192:Core/Src/main.c **** 			if (psr.BusOff)
 3765              		.loc 1 1192 11
 3766 0026 3B19     		adds	r3, r7, r4
 3767 0028 5B69     		ldr	r3, [r3, #20]
 3768              		.loc 1 1192 7
ARM GAS  C:\Users\a_hae\AppData\Local\Temp\cci8zHTh.s 			page 88


 3769 002a 002B     		cmp	r3, #0
 3770 002c 0FD0     		beq	.L153
1193:Core/Src/main.c **** 			{
1194:Core/Src/main.c **** 				error_mode |= ERROR_TX_CAN;
 3771              		.loc 1 1194 16
 3772 002e 0A4B     		ldr	r3, .L154
 3773 0030 1B78     		ldrb	r3, [r3]
 3774 0032 DBB2     		uxtb	r3, r3
 3775 0034 0122     		movs	r2, #1
 3776 0036 1343     		orrs	r3, r2
 3777 0038 DAB2     		uxtb	r2, r3
 3778 003a 074B     		ldr	r3, .L154
 3779 003c 1A70     		strb	r2, [r3]
1195:Core/Src/main.c **** 				CLEAR_BIT(hfdcan->Instance->CCCR, FDCAN_CCCR_INIT);
 3780              		.loc 1 1195 5
 3781 003e 7B68     		ldr	r3, [r7, #4]
 3782 0040 1B68     		ldr	r3, [r3]
 3783 0042 9A69     		ldr	r2, [r3, #24]
 3784 0044 7B68     		ldr	r3, [r7, #4]
 3785 0046 1B68     		ldr	r3, [r3]
 3786 0048 0121     		movs	r1, #1
 3787 004a 8A43     		bics	r2, r1
 3788 004c 9A61     		str	r2, [r3, #24]
 3789              	.L153:
 3790              	.LBE13:
1196:Core/Src/main.c **** 			}
1197:Core/Src/main.c **** 		}
1198:Core/Src/main.c **** 	}
1199:Core/Src/main.c **** }
 3791              		.loc 1 1199 1
 3792 004e C046     		nop
 3793 0050 BD46     		mov	sp, r7
 3794 0052 0FB0     		add	sp, sp, #60
 3795              		@ sp needed
 3796 0054 90BD     		pop	{r4, r7, pc}
 3797              	.L155:
 3798 0056 C046     		.align	2
 3799              	.L154:
 3800 0058 00000000 		.word	error_mode
 3801              		.cfi_endproc
 3802              	.LFE379:
 3804              		.section	.text.HAL_GPIO_EXTI_Rising_Callback,"ax",%progbits
 3805              		.align	1
 3806              		.global	HAL_GPIO_EXTI_Rising_Callback
 3807              		.syntax unified
 3808              		.code	16
 3809              		.thumb_func
 3811              	HAL_GPIO_EXTI_Rising_Callback:
 3812              	.LFB380:
1200:Core/Src/main.c **** 
1201:Core/Src/main.c **** 
1202:Core/Src/main.c **** void HAL_GPIO_EXTI_Rising_Callback(uint16_t GPIO_Pin)
1203:Core/Src/main.c **** {
 3813              		.loc 1 1203 1
 3814              		.cfi_startproc
 3815              		@ args = 0, pretend = 0, frame = 16
 3816              		@ frame_needed = 1, uses_anonymous_args = 0
ARM GAS  C:\Users\a_hae\AppData\Local\Temp\cci8zHTh.s 			page 89


 3817 0000 80B5     		push	{r7, lr}
 3818              	.LCFI39:
 3819              		.cfi_def_cfa_offset 8
 3820              		.cfi_offset 7, -8
 3821              		.cfi_offset 14, -4
 3822 0002 84B0     		sub	sp, sp, #16
 3823              	.LCFI40:
 3824              		.cfi_def_cfa_offset 24
 3825 0004 00AF     		add	r7, sp, #0
 3826              	.LCFI41:
 3827              		.cfi_def_cfa_register 7
 3828 0006 0200     		movs	r2, r0
 3829 0008 BB1D     		adds	r3, r7, #6
 3830 000a 1A80     		strh	r2, [r3]
1204:Core/Src/main.c **** 	UNUSED(GPIO_Pin);
1205:Core/Src/main.c **** 
1206:Core/Src/main.c **** 	HAL_TIM_Base_Stop_IT(&htim6);
 3831              		.loc 1 1206 2
 3832 000c 204B     		ldr	r3, .L159
 3833 000e 1800     		movs	r0, r3
 3834 0010 FFF7FEFF 		bl	HAL_TIM_Base_Stop_IT
1207:Core/Src/main.c **** 
1208:Core/Src/main.c **** 	uint32_t press_cnt = TIM6->CNT;		/* Fix: CNT einmal lesen, && statt & */
 3835              		.loc 1 1208 27
 3836 0014 1F4B     		ldr	r3, .L159+4
 3837              		.loc 1 1208 11
 3838 0016 5B6A     		ldr	r3, [r3, #36]
 3839 0018 FB60     		str	r3, [r7, #12]
1209:Core/Src/main.c **** 	if((press_cnt > 1500) && (press_cnt < 4500))
 3840              		.loc 1 1209 4
 3841 001a FB68     		ldr	r3, [r7, #12]
 3842 001c 1E4A     		ldr	r2, .L159+8
 3843 001e 9342     		cmp	r3, r2
 3844 0020 2ED9     		bls	.L157
 3845              		.loc 1 1209 24 discriminator 1
 3846 0022 FB68     		ldr	r3, [r7, #12]
 3847 0024 1D4A     		ldr	r2, .L159+12
 3848 0026 9342     		cmp	r3, r2
 3849 0028 2AD8     		bhi	.L157
1210:Core/Src/main.c **** 	{
1211:Core/Src/main.c **** 
1212:Core/Src/main.c **** 		sm_started =  HAL_GetTick();
 3850              		.loc 1 1212 17
 3851 002a FFF7FEFF 		bl	HAL_GetTick
 3852 002e 0200     		movs	r2, r0
 3853              		.loc 1 1212 14 discriminator 1
 3854 0030 1B4B     		ldr	r3, .L159+16
 3855 0032 1A60     		str	r2, [r3]
1213:Core/Src/main.c **** 		if(run_mode == 1)
 3856              		.loc 1 1213 15
 3857 0034 1B4B     		ldr	r3, .L159+20
 3858 0036 1B78     		ldrb	r3, [r3]
 3859 0038 DBB2     		uxtb	r3, r3
 3860              		.loc 1 1213 5
 3861 003a 012B     		cmp	r3, #1
 3862 003c 19D1     		bne	.L158
1214:Core/Src/main.c **** 		{
ARM GAS  C:\Users\a_hae\AppData\Local\Temp\cci8zHTh.s 			page 90


1215:Core/Src/main.c **** 			LED_brightness = 250;
 3863              		.loc 1 1215 19
 3864 003e 1A4B     		ldr	r3, .L159+24
 3865 0040 FA22     		movs	r2, #250
 3866 0042 1A60     		str	r2, [r3]
1216:Core/Src/main.c **** 			led_up = 3;
 3867              		.loc 1 1216 11
 3868 0044 194B     		ldr	r3, .L159+28
 3869 0046 0322     		movs	r2, #3
 3870 0048 1A70     		strb	r2, [r3]
1217:Core/Src/main.c **** 			level_led = raw_press/1000;
 3871              		.loc 1 1217 25
 3872 004a 194B     		ldr	r3, .L159+32
 3873 004c 1B68     		ldr	r3, [r3]
 3874 004e FA22     		movs	r2, #250
 3875 0050 9100     		lsls	r1, r2, #2
 3876 0052 1800     		movs	r0, r3
 3877 0054 FFF7FEFF 		bl	__aeabi_idiv
 3878 0058 0300     		movs	r3, r0
 3879              		.loc 1 1217 14
 3880 005a 1AB2     		sxth	r2, r3
 3881 005c 154B     		ldr	r3, .L159+36
 3882 005e 1A80     		strh	r2, [r3]
1218:Core/Src/main.c **** 			if(level_led < 0)
 3883              		.loc 1 1218 17
 3884 0060 144B     		ldr	r3, .L159+36
 3885 0062 1B88     		ldrh	r3, [r3]
 3886 0064 1BB2     		sxth	r3, r3
 3887              		.loc 1 1218 6
 3888 0066 002B     		cmp	r3, #0
 3889 0068 0ADA     		bge	.L157
1219:Core/Src/main.c **** 			{
1220:Core/Src/main.c **** 				level_led = 0;
 3890              		.loc 1 1220 15
 3891 006a 124B     		ldr	r3, .L159+36
 3892 006c 0022     		movs	r2, #0
 3893 006e 1A80     		strh	r2, [r3]
 3894 0070 06E0     		b	.L157
 3895              	.L158:
1221:Core/Src/main.c **** 			}
1222:Core/Src/main.c **** 		}
1223:Core/Src/main.c **** 		else{
1224:Core/Src/main.c **** 			setup_mode++;
 3896              		.loc 1 1224 14
 3897 0072 114B     		ldr	r3, .L159+40
 3898 0074 1B78     		ldrb	r3, [r3]
 3899 0076 DBB2     		uxtb	r3, r3
 3900 0078 0133     		adds	r3, r3, #1
 3901 007a DAB2     		uxtb	r2, r3
 3902 007c 0E4B     		ldr	r3, .L159+40
 3903 007e 1A70     		strb	r2, [r3]
 3904              	.L157:
1225:Core/Src/main.c **** 		}
1226:Core/Src/main.c **** 	}
1227:Core/Src/main.c **** 
1228:Core/Src/main.c **** 	TIM6->CNT = 1;
 3905              		.loc 1 1228 6
ARM GAS  C:\Users\a_hae\AppData\Local\Temp\cci8zHTh.s 			page 91


 3906 0080 044B     		ldr	r3, .L159+4
 3907              		.loc 1 1228 12
 3908 0082 0122     		movs	r2, #1
 3909 0084 5A62     		str	r2, [r3, #36]
1229:Core/Src/main.c **** 
1230:Core/Src/main.c **** }
 3910              		.loc 1 1230 1
 3911 0086 C046     		nop
 3912 0088 BD46     		mov	sp, r7
 3913 008a 04B0     		add	sp, sp, #16
 3914              		@ sp needed
 3915 008c 80BD     		pop	{r7, pc}
 3916              	.L160:
 3917 008e C046     		.align	2
 3918              	.L159:
 3919 0090 00000000 		.word	htim6
 3920 0094 00100040 		.word	1073745920
 3921 0098 DC050000 		.word	1500
 3922 009c 93110000 		.word	4499
 3923 00a0 00000000 		.word	sm_started
 3924 00a4 00000000 		.word	run_mode
 3925 00a8 00000000 		.word	LED_brightness
 3926 00ac 00000000 		.word	led_up
 3927 00b0 00000000 		.word	raw_press
 3928 00b4 00000000 		.word	level_led
 3929 00b8 00000000 		.word	setup_mode
 3930              		.cfi_endproc
 3931              	.LFE380:
 3933              		.section	.text.HAL_GPIO_EXTI_Falling_Callback,"ax",%progbits
 3934              		.align	1
 3935              		.global	HAL_GPIO_EXTI_Falling_Callback
 3936              		.syntax unified
 3937              		.code	16
 3938              		.thumb_func
 3940              	HAL_GPIO_EXTI_Falling_Callback:
 3941              	.LFB381:
1231:Core/Src/main.c **** 
1232:Core/Src/main.c **** void HAL_GPIO_EXTI_Falling_Callback(uint16_t GPIO_Pin)
1233:Core/Src/main.c **** {
 3942              		.loc 1 1233 1
 3943              		.cfi_startproc
 3944              		@ args = 0, pretend = 0, frame = 8
 3945              		@ frame_needed = 1, uses_anonymous_args = 0
 3946 0000 80B5     		push	{r7, lr}
 3947              	.LCFI42:
 3948              		.cfi_def_cfa_offset 8
 3949              		.cfi_offset 7, -8
 3950              		.cfi_offset 14, -4
 3951 0002 82B0     		sub	sp, sp, #8
 3952              	.LCFI43:
 3953              		.cfi_def_cfa_offset 16
 3954 0004 00AF     		add	r7, sp, #0
 3955              	.LCFI44:
 3956              		.cfi_def_cfa_register 7
 3957 0006 0200     		movs	r2, r0
 3958 0008 BB1D     		adds	r3, r7, #6
 3959 000a 1A80     		strh	r2, [r3]
ARM GAS  C:\Users\a_hae\AppData\Local\Temp\cci8zHTh.s 			page 92


1234:Core/Src/main.c **** 
1235:Core/Src/main.c **** 	UNUSED(GPIO_Pin);
1236:Core/Src/main.c **** 	TIM6->CNT = 1;
 3960              		.loc 1 1236 6
 3961 000c 054B     		ldr	r3, .L162
 3962              		.loc 1 1236 12
 3963 000e 0122     		movs	r2, #1
 3964 0010 5A62     		str	r2, [r3, #36]
1237:Core/Src/main.c **** 
1238:Core/Src/main.c **** 
1239:Core/Src/main.c **** 	HAL_TIM_Base_Start_IT(&htim6);
 3965              		.loc 1 1239 2
 3966 0012 054B     		ldr	r3, .L162+4
 3967 0014 1800     		movs	r0, r3
 3968 0016 FFF7FEFF 		bl	HAL_TIM_Base_Start_IT
1240:Core/Src/main.c **** 
1241:Core/Src/main.c **** }
 3969              		.loc 1 1241 1
 3970 001a C046     		nop
 3971 001c BD46     		mov	sp, r7
 3972 001e 02B0     		add	sp, sp, #8
 3973              		@ sp needed
 3974 0020 80BD     		pop	{r7, pc}
 3975              	.L163:
 3976 0022 C046     		.align	2
 3977              	.L162:
 3978 0024 00100040 		.word	1073745920
 3979 0028 00000000 		.word	htim6
 3980              		.cfi_endproc
 3981              	.LFE381:
 3983              		.section	.text.HAL_TIM_PeriodElapsedCallback,"ax",%progbits
 3984              		.align	1
 3985              		.global	HAL_TIM_PeriodElapsedCallback
 3986              		.syntax unified
 3987              		.code	16
 3988              		.thumb_func
 3990              	HAL_TIM_PeriodElapsedCallback:
 3991              	.LFB382:
1242:Core/Src/main.c **** 
1243:Core/Src/main.c **** 
1244:Core/Src/main.c **** void HAL_TIM_PeriodElapsedCallback(TIM_HandleTypeDef *htim)
1245:Core/Src/main.c **** {
 3992              		.loc 1 1245 1
 3993              		.cfi_startproc
 3994              		@ args = 0, pretend = 0, frame = 8
 3995              		@ frame_needed = 1, uses_anonymous_args = 0
 3996 0000 80B5     		push	{r7, lr}
 3997              	.LCFI45:
 3998              		.cfi_def_cfa_offset 8
 3999              		.cfi_offset 7, -8
 4000              		.cfi_offset 14, -4
 4001 0002 82B0     		sub	sp, sp, #8
 4002              	.LCFI46:
 4003              		.cfi_def_cfa_offset 16
 4004 0004 00AF     		add	r7, sp, #0
 4005              	.LCFI47:
 4006              		.cfi_def_cfa_register 7
ARM GAS  C:\Users\a_hae\AppData\Local\Temp\cci8zHTh.s 			page 93


 4007 0006 7860     		str	r0, [r7, #4]
1246:Core/Src/main.c **** 	if (htim->Instance != TIM6)		/* Fix: Instanz pruefen */
 4008              		.loc 1 1246 10
 4009 0008 7B68     		ldr	r3, [r7, #4]
 4010 000a 1B68     		ldr	r3, [r3]
 4011              		.loc 1 1246 5
 4012 000c 154A     		ldr	r2, .L169
 4013 000e 9342     		cmp	r3, r2
 4014 0010 23D1     		bne	.L168
1247:Core/Src/main.c **** 	{
1248:Core/Src/main.c **** 		return;
1249:Core/Src/main.c **** 	}
1250:Core/Src/main.c **** 
1251:Core/Src/main.c **** 	HAL_TIM_Base_Stop_IT(&htim6);
 4015              		.loc 1 1251 2
 4016 0012 154B     		ldr	r3, .L169+4
 4017 0014 1800     		movs	r0, r3
 4018 0016 FFF7FEFF 		bl	HAL_TIM_Base_Stop_IT
1252:Core/Src/main.c **** 
1253:Core/Src/main.c **** 	if(run_mode == 1)
 4019              		.loc 1 1253 14
 4020 001a 144B     		ldr	r3, .L169+8
 4021 001c 1B78     		ldrb	r3, [r3]
 4022 001e DBB2     		uxtb	r3, r3
 4023              		.loc 1 1253 4
 4024 0020 012B     		cmp	r3, #1
 4025 0022 0BD1     		bne	.L167
1254:Core/Src/main.c **** 	{
1255:Core/Src/main.c **** 		led_time = 250;
 4026              		.loc 1 1255 12
 4027 0024 124B     		ldr	r3, .L169+12
 4028 0026 FA22     		movs	r2, #250
 4029 0028 1A60     		str	r2, [r3]
1256:Core/Src/main.c **** 		run_mode = 0;
 4030              		.loc 1 1256 12
 4031 002a 104B     		ldr	r3, .L169+8
 4032 002c 0022     		movs	r2, #0
 4033 002e 1A70     		strb	r2, [r3]
1257:Core/Src/main.c **** 		sm_started =  HAL_GetTick();
 4034              		.loc 1 1257 17
 4035 0030 FFF7FEFF 		bl	HAL_GetTick
 4036 0034 0200     		movs	r2, r0
 4037              		.loc 1 1257 14 discriminator 1
 4038 0036 0F4B     		ldr	r3, .L169+16
 4039 0038 1A60     		str	r2, [r3]
 4040 003a 0FE0     		b	.L164
 4041              	.L167:
1258:Core/Src/main.c **** 	}
1259:Core/Src/main.c **** 	else if(run_mode == 0)
 4042              		.loc 1 1259 19
 4043 003c 0B4B     		ldr	r3, .L169+8
 4044 003e 1B78     		ldrb	r3, [r3]
 4045 0040 DBB2     		uxtb	r3, r3
 4046              		.loc 1 1259 9
 4047 0042 002B     		cmp	r3, #0
 4048 0044 0AD1     		bne	.L164
1260:Core/Src/main.c **** 	{
ARM GAS  C:\Users\a_hae\AppData\Local\Temp\cci8zHTh.s 			page 94


1261:Core/Src/main.c **** 		led_time = 20;
 4049              		.loc 1 1261 12
 4050 0046 0A4B     		ldr	r3, .L169+12
 4051 0048 1422     		movs	r2, #20
 4052 004a 1A60     		str	r2, [r3]
1262:Core/Src/main.c **** 		LED_brightness=0;
 4053              		.loc 1 1262 17
 4054 004c 0A4B     		ldr	r3, .L169+20
 4055 004e 0022     		movs	r2, #0
 4056 0050 1A60     		str	r2, [r3]
1263:Core/Src/main.c **** 		run_mode = 1;
 4057              		.loc 1 1263 12
 4058 0052 064B     		ldr	r3, .L169+8
 4059 0054 0122     		movs	r2, #1
 4060 0056 1A70     		strb	r2, [r3]
 4061 0058 00E0     		b	.L164
 4062              	.L168:
1248:Core/Src/main.c **** 	}
 4063              		.loc 1 1248 3
 4064 005a C046     		nop
 4065              	.L164:
1264:Core/Src/main.c **** 		//setup_mode = 0;
1265:Core/Src/main.c **** 	}
1266:Core/Src/main.c **** }
 4066              		.loc 1 1266 1
 4067 005c BD46     		mov	sp, r7
 4068 005e 02B0     		add	sp, sp, #8
 4069              		@ sp needed
 4070 0060 80BD     		pop	{r7, pc}
 4071              	.L170:
 4072 0062 C046     		.align	2
 4073              	.L169:
 4074 0064 00100040 		.word	1073745920
 4075 0068 00000000 		.word	htim6
 4076 006c 00000000 		.word	run_mode
 4077 0070 00000000 		.word	led_time
 4078 0074 00000000 		.word	sm_started
 4079 0078 00000000 		.word	LED_brightness
 4080              		.cfi_endproc
 4081              	.LFE382:
 4083              		.section	.text.set_led,"ax",%progbits
 4084              		.align	1
 4085              		.global	set_led
 4086              		.syntax unified
 4087              		.code	16
 4088              		.thumb_func
 4090              	set_led:
 4091              	.LFB383:
1267:Core/Src/main.c **** 
1268:Core/Src/main.c **** 
1269:Core/Src/main.c **** //************* USer Functions **************
1270:Core/Src/main.c **** 
1271:Core/Src/main.c **** /* Config-/EEPROM-Helfer (check/get/save_EEPROM, *_dac_EEPROM,
1272:Core/Src/main.c ****  * set/get_param_eeprom): siehe app_config.c */
1273:Core/Src/main.c **** 
1274:Core/Src/main.c **** 
1275:Core/Src/main.c **** /* handle_group_function(), handle_prop_config(), handle_commanded_address():
ARM GAS  C:\Users\a_hae\AppData\Local\Temp\cci8zHTh.s 			page 95


1276:Core/Src/main.c ****  * siehe nmea_app.c */
1277:Core/Src/main.c **** /* get_adr_eeprom(), set_adr_eeprom(): siehe app_config.c */
1278:Core/Src/main.c **** 
1279:Core/Src/main.c **** 
1280:Core/Src/main.c **** void set_led(int32_t red, int32_t green, int32_t blue, int32_t brightness)
1281:Core/Src/main.c **** {
 4092              		.loc 1 1281 1
 4093              		.cfi_startproc
 4094              		@ args = 0, pretend = 0, frame = 16
 4095              		@ frame_needed = 1, uses_anonymous_args = 0
 4096 0000 80B5     		push	{r7, lr}
 4097              	.LCFI48:
 4098              		.cfi_def_cfa_offset 8
 4099              		.cfi_offset 7, -8
 4100              		.cfi_offset 14, -4
 4101 0002 84B0     		sub	sp, sp, #16
 4102              	.LCFI49:
 4103              		.cfi_def_cfa_offset 24
 4104 0004 00AF     		add	r7, sp, #0
 4105              	.LCFI50:
 4106              		.cfi_def_cfa_register 7
 4107 0006 F860     		str	r0, [r7, #12]
 4108 0008 B960     		str	r1, [r7, #8]
 4109 000a 7A60     		str	r2, [r7, #4]
 4110 000c 3B60     		str	r3, [r7]
1282:Core/Src/main.c **** 	if (red < 0){
 4111              		.loc 1 1282 5
 4112 000e FB68     		ldr	r3, [r7, #12]
 4113 0010 002B     		cmp	r3, #0
 4114 0012 02DA     		bge	.L172
1283:Core/Src/main.c **** 		red = 0;
 4115              		.loc 1 1283 7
 4116 0014 0023     		movs	r3, #0
 4117 0016 FB60     		str	r3, [r7, #12]
 4118 0018 04E0     		b	.L173
 4119              	.L172:
1284:Core/Src/main.c **** 	}
1285:Core/Src/main.c **** 	else if (red > 255){
 4120              		.loc 1 1285 10
 4121 001a FB68     		ldr	r3, [r7, #12]
 4122 001c FF2B     		cmp	r3, #255
 4123 001e 01DD     		ble	.L173
1286:Core/Src/main.c **** 		red = 255;
 4124              		.loc 1 1286 7
 4125 0020 FF23     		movs	r3, #255
 4126 0022 FB60     		str	r3, [r7, #12]
 4127              	.L173:
1287:Core/Src/main.c **** 	}
1288:Core/Src/main.c **** 
1289:Core/Src/main.c **** 	if (green < 0){
 4128              		.loc 1 1289 5
 4129 0024 BB68     		ldr	r3, [r7, #8]
 4130 0026 002B     		cmp	r3, #0
 4131 0028 02DA     		bge	.L174
1290:Core/Src/main.c **** 		green = 0;
 4132              		.loc 1 1290 9
 4133 002a 0023     		movs	r3, #0
ARM GAS  C:\Users\a_hae\AppData\Local\Temp\cci8zHTh.s 			page 96


 4134 002c BB60     		str	r3, [r7, #8]
 4135 002e 04E0     		b	.L175
 4136              	.L174:
1291:Core/Src/main.c **** 	}
1292:Core/Src/main.c **** 	else if (green > 255){
 4137              		.loc 1 1292 10
 4138 0030 BB68     		ldr	r3, [r7, #8]
 4139 0032 FF2B     		cmp	r3, #255
 4140 0034 01DD     		ble	.L175
1293:Core/Src/main.c **** 		green = 255;
 4141              		.loc 1 1293 9
 4142 0036 FF23     		movs	r3, #255
 4143 0038 BB60     		str	r3, [r7, #8]
 4144              	.L175:
1294:Core/Src/main.c **** 	}
1295:Core/Src/main.c **** 
1296:Core/Src/main.c **** 	if (blue < 0){
 4145              		.loc 1 1296 5
 4146 003a 7B68     		ldr	r3, [r7, #4]
 4147 003c 002B     		cmp	r3, #0
 4148 003e 02DA     		bge	.L176
1297:Core/Src/main.c **** 		blue = 0;
 4149              		.loc 1 1297 8
 4150 0040 0023     		movs	r3, #0
 4151 0042 7B60     		str	r3, [r7, #4]
 4152 0044 04E0     		b	.L177
 4153              	.L176:
1298:Core/Src/main.c **** 	}
1299:Core/Src/main.c **** 	else if (blue > 255){
 4154              		.loc 1 1299 10
 4155 0046 7B68     		ldr	r3, [r7, #4]
 4156 0048 FF2B     		cmp	r3, #255
 4157 004a 01DD     		ble	.L177
1300:Core/Src/main.c **** 		blue = 255;
 4158              		.loc 1 1300 8
 4159 004c FF23     		movs	r3, #255
 4160 004e 7B60     		str	r3, [r7, #4]
 4161              	.L177:
1301:Core/Src/main.c **** 	}
1302:Core/Src/main.c **** 
1303:Core/Src/main.c **** 	if (brightness < 0){
 4162              		.loc 1 1303 5
 4163 0050 3B68     		ldr	r3, [r7]
 4164 0052 002B     		cmp	r3, #0
 4165 0054 02DA     		bge	.L178
1304:Core/Src/main.c **** 		brightness = 0;
 4166              		.loc 1 1304 14
 4167 0056 0023     		movs	r3, #0
 4168 0058 3B60     		str	r3, [r7]
 4169 005a 04E0     		b	.L179
 4170              	.L178:
1305:Core/Src/main.c **** 	}
1306:Core/Src/main.c **** 	else if (brightness > 255){
 4171              		.loc 1 1306 10
 4172 005c 3B68     		ldr	r3, [r7]
 4173 005e FF2B     		cmp	r3, #255
 4174 0060 01DD     		ble	.L179
ARM GAS  C:\Users\a_hae\AppData\Local\Temp\cci8zHTh.s 			page 97


1307:Core/Src/main.c **** 		brightness = 255;
 4175              		.loc 1 1307 14
 4176 0062 FF23     		movs	r3, #255
 4177 0064 3B60     		str	r3, [r7]
 4178              	.L179:
1308:Core/Src/main.c **** 	}
1309:Core/Src/main.c **** 
1310:Core/Src/main.c **** 	PWM_RED = red*brightness;
 4179              		.loc 1 1310 15
 4180 0066 FB68     		ldr	r3, [r7, #12]
 4181 0068 3A68     		ldr	r2, [r7]
 4182 006a 5A43     		muls	r2, r3
 4183              		.loc 1 1310 2
 4184 006c 074B     		ldr	r3, .L180
 4185              		.loc 1 1310 10
 4186 006e 5A63     		str	r2, [r3, #52]
1311:Core/Src/main.c **** 	PWM_GREEN = green*brightness;
 4187              		.loc 1 1311 19
 4188 0070 BB68     		ldr	r3, [r7, #8]
 4189 0072 3A68     		ldr	r2, [r7]
 4190 0074 5A43     		muls	r2, r3
 4191              		.loc 1 1311 2
 4192 0076 054B     		ldr	r3, .L180
 4193              		.loc 1 1311 12
 4194 0078 9A63     		str	r2, [r3, #56]
1312:Core/Src/main.c **** 	PWM_BLUE = blue*brightness;
 4195              		.loc 1 1312 17
 4196 007a 7B68     		ldr	r3, [r7, #4]
 4197 007c 3A68     		ldr	r2, [r7]
 4198 007e 5A43     		muls	r2, r3
 4199              		.loc 1 1312 2
 4200 0080 024B     		ldr	r3, .L180
 4201              		.loc 1 1312 11
 4202 0082 DA63     		str	r2, [r3, #60]
1313:Core/Src/main.c **** }
 4203              		.loc 1 1313 1
 4204 0084 C046     		nop
 4205 0086 BD46     		mov	sp, r7
 4206 0088 04B0     		add	sp, sp, #16
 4207              		@ sp needed
 4208 008a 80BD     		pop	{r7, pc}
 4209              	.L181:
 4210              		.align	2
 4211              	.L180:
 4212 008c 00040040 		.word	1073742848
 4213              		.cfi_endproc
 4214              	.LFE383:
 4216              		.section	.text.calc_color,"ax",%progbits
 4217              		.align	1
 4218              		.global	calc_color
 4219              		.syntax unified
 4220              		.code	16
 4221              		.thumb_func
 4223              	calc_color:
 4224              	.LFB384:
1314:Core/Src/main.c **** 
1315:Core/Src/main.c **** /* set_volt(), set_volt_raw(), calc_percent(): siehe sensor_common.c */
ARM GAS  C:\Users\a_hae\AppData\Local\Temp\cci8zHTh.s 			page 98


1316:Core/Src/main.c **** 
1317:Core/Src/main.c **** void calc_color(int32_t *c_red, int32_t *c_green, int32_t *c_blue, uint16_t percent)
1318:Core/Src/main.c **** {
 4225              		.loc 1 1318 1
 4226              		.cfi_startproc
 4227              		@ args = 0, pretend = 0, frame = 24
 4228              		@ frame_needed = 1, uses_anonymous_args = 0
 4229 0000 90B5     		push	{r4, r7, lr}
 4230              	.LCFI51:
 4231              		.cfi_def_cfa_offset 12
 4232              		.cfi_offset 4, -12
 4233              		.cfi_offset 7, -8
 4234              		.cfi_offset 14, -4
 4235 0002 87B0     		sub	sp, sp, #28
 4236              	.LCFI52:
 4237              		.cfi_def_cfa_offset 40
 4238 0004 00AF     		add	r7, sp, #0
 4239              	.LCFI53:
 4240              		.cfi_def_cfa_register 7
 4241 0006 F860     		str	r0, [r7, #12]
 4242 0008 B960     		str	r1, [r7, #8]
 4243 000a 7A60     		str	r2, [r7, #4]
 4244 000c 1A00     		movs	r2, r3
 4245 000e BB1C     		adds	r3, r7, #2
 4246 0010 1A80     		strh	r2, [r3]
1319:Core/Src/main.c **** 
1320:Core/Src/main.c **** 	uint16_t nPercent, pPercent;
1321:Core/Src/main.c **** 
1322:Core/Src/main.c **** //########## Funktion für RGB Farbverlauf ###########
1323:Core/Src/main.c **** 
1324:Core/Src/main.c **** 	if (percent <= 5000)
 4247              		.loc 1 1324 5
 4248 0012 BB1C     		adds	r3, r7, #2
 4249 0014 1B88     		ldrh	r3, [r3]
 4250 0016 2C4A     		ldr	r2, .L186
 4251 0018 9342     		cmp	r3, r2
 4252 001a 24D8     		bhi	.L183
1325:Core/Src/main.c **** 	{
1326:Core/Src/main.c **** 		nPercent = 5000-percent;
 4253              		.loc 1 1326 12
 4254 001c 1420     		movs	r0, #20
 4255 001e 3B18     		adds	r3, r7, r0
 4256 0020 BA1C     		adds	r2, r7, #2
 4257 0022 1288     		ldrh	r2, [r2]
 4258 0024 2849     		ldr	r1, .L186
 4259 0026 8A1A     		subs	r2, r1, r2
 4260 0028 1A80     		strh	r2, [r3]
1327:Core/Src/main.c **** 		*c_green=0;
 4261              		.loc 1 1327 11
 4262 002a BB68     		ldr	r3, [r7, #8]
 4263 002c 0022     		movs	r2, #0
 4264 002e 1A60     		str	r2, [r3]
1328:Core/Src/main.c **** 		*c_red = (255 * nPercent)/5000;
 4265              		.loc 1 1328 17
 4266 0030 3B18     		adds	r3, r7, r0
 4267 0032 1A88     		ldrh	r2, [r3]
 4268 0034 1300     		movs	r3, r2
ARM GAS  C:\Users\a_hae\AppData\Local\Temp\cci8zHTh.s 			page 99


 4269 0036 1B02     		lsls	r3, r3, #8
 4270 0038 9B1A     		subs	r3, r3, r2
 4271              		.loc 1 1328 28
 4272 003a 2349     		ldr	r1, .L186
 4273 003c 1800     		movs	r0, r3
 4274 003e FFF7FEFF 		bl	__aeabi_idiv
 4275 0042 0300     		movs	r3, r0
 4276 0044 1A00     		movs	r2, r3
 4277              		.loc 1 1328 10
 4278 0046 FB68     		ldr	r3, [r7, #12]
 4279 0048 1A60     		str	r2, [r3]
1329:Core/Src/main.c **** 		*c_blue = (255 * percent)/5000;
 4280              		.loc 1 1329 18
 4281 004a BB1C     		adds	r3, r7, #2
 4282 004c 1A88     		ldrh	r2, [r3]
 4283 004e 1300     		movs	r3, r2
 4284 0050 1B02     		lsls	r3, r3, #8
 4285 0052 9B1A     		subs	r3, r3, r2
 4286              		.loc 1 1329 28
 4287 0054 1C49     		ldr	r1, .L186
 4288 0056 1800     		movs	r0, r3
 4289 0058 FFF7FEFF 		bl	__aeabi_idiv
 4290 005c 0300     		movs	r3, r0
 4291 005e 1A00     		movs	r2, r3
 4292              		.loc 1 1329 11
 4293 0060 7B68     		ldr	r3, [r7, #4]
 4294 0062 1A60     		str	r2, [r3]
1330:Core/Src/main.c **** 
1331:Core/Src/main.c **** 	}
1332:Core/Src/main.c **** 	else
1333:Core/Src/main.c **** 	{
1334:Core/Src/main.c **** 		pPercent = percent-5000;
1335:Core/Src/main.c **** 		nPercent = 5000-pPercent;
1336:Core/Src/main.c **** 		*c_red = 0;
1337:Core/Src/main.c **** 		*c_green= (255 * pPercent)/5000;
1338:Core/Src/main.c **** 		*c_blue = (255 * nPercent)/5000;
1339:Core/Src/main.c **** 	}
1340:Core/Src/main.c **** 
1341:Core/Src/main.c **** /*
1342:Core/Src/main.c **** 	nPercent = 10000 - percent;
1343:Core/Src/main.c **** 	*c_blue = 0;
1344:Core/Src/main.c **** 	*c_red = (255 * nPercent) / 10000;
1345:Core/Src/main.c **** 	*c_green = (255 * percent) / 10000;
1346:Core/Src/main.c **** */
1347:Core/Src/main.c **** 
1348:Core/Src/main.c **** }
 4295              		.loc 1 1348 1
 4296 0064 2CE0     		b	.L185
 4297              	.L183:
1334:Core/Src/main.c **** 		nPercent = 5000-pPercent;
 4298              		.loc 1 1334 12
 4299 0066 1621     		movs	r1, #22
 4300 0068 7B18     		adds	r3, r7, r1
 4301 006a BA1C     		adds	r2, r7, #2
 4302 006c 1288     		ldrh	r2, [r2]
 4303 006e 1748     		ldr	r0, .L186+4
 4304 0070 8446     		mov	ip, r0
ARM GAS  C:\Users\a_hae\AppData\Local\Temp\cci8zHTh.s 			page 100


 4305 0072 6244     		add	r2, r2, ip
 4306 0074 1A80     		strh	r2, [r3]
1335:Core/Src/main.c **** 		*c_red = 0;
 4307              		.loc 1 1335 12
 4308 0076 1424     		movs	r4, #20
 4309 0078 3B19     		adds	r3, r7, r4
 4310 007a 0800     		movs	r0, r1
 4311 007c 7A18     		adds	r2, r7, r1
 4312 007e 1288     		ldrh	r2, [r2]
 4313 0080 1149     		ldr	r1, .L186
 4314 0082 8A1A     		subs	r2, r1, r2
 4315 0084 1A80     		strh	r2, [r3]
1336:Core/Src/main.c **** 		*c_green= (255 * pPercent)/5000;
 4316              		.loc 1 1336 10
 4317 0086 FB68     		ldr	r3, [r7, #12]
 4318 0088 0022     		movs	r2, #0
 4319 008a 1A60     		str	r2, [r3]
1337:Core/Src/main.c **** 		*c_blue = (255 * nPercent)/5000;
 4320              		.loc 1 1337 18
 4321 008c 3B18     		adds	r3, r7, r0
 4322 008e 1A88     		ldrh	r2, [r3]
 4323 0090 1300     		movs	r3, r2
 4324 0092 1B02     		lsls	r3, r3, #8
 4325 0094 9B1A     		subs	r3, r3, r2
1337:Core/Src/main.c **** 		*c_blue = (255 * nPercent)/5000;
 4326              		.loc 1 1337 29
 4327 0096 0C49     		ldr	r1, .L186
 4328 0098 1800     		movs	r0, r3
 4329 009a FFF7FEFF 		bl	__aeabi_idiv
 4330 009e 0300     		movs	r3, r0
 4331 00a0 1A00     		movs	r2, r3
1337:Core/Src/main.c **** 		*c_blue = (255 * nPercent)/5000;
 4332              		.loc 1 1337 11
 4333 00a2 BB68     		ldr	r3, [r7, #8]
 4334 00a4 1A60     		str	r2, [r3]
1338:Core/Src/main.c **** 	}
 4335              		.loc 1 1338 18
 4336 00a6 3B19     		adds	r3, r7, r4
 4337 00a8 1A88     		ldrh	r2, [r3]
 4338 00aa 1300     		movs	r3, r2
 4339 00ac 1B02     		lsls	r3, r3, #8
 4340 00ae 9B1A     		subs	r3, r3, r2
1338:Core/Src/main.c **** 	}
 4341              		.loc 1 1338 29
 4342 00b0 0549     		ldr	r1, .L186
 4343 00b2 1800     		movs	r0, r3
 4344 00b4 FFF7FEFF 		bl	__aeabi_idiv
 4345 00b8 0300     		movs	r3, r0
 4346 00ba 1A00     		movs	r2, r3
1338:Core/Src/main.c **** 	}
 4347              		.loc 1 1338 11
 4348 00bc 7B68     		ldr	r3, [r7, #4]
 4349 00be 1A60     		str	r2, [r3]
 4350              	.L185:
 4351              		.loc 1 1348 1
 4352 00c0 C046     		nop
 4353 00c2 BD46     		mov	sp, r7
ARM GAS  C:\Users\a_hae\AppData\Local\Temp\cci8zHTh.s 			page 101


 4354 00c4 07B0     		add	sp, sp, #28
 4355              		@ sp needed
 4356 00c6 90BD     		pop	{r4, r7, pc}
 4357              	.L187:
 4358              		.align	2
 4359              	.L186:
 4360 00c8 88130000 		.word	5000
 4361 00cc 78ECFFFF 		.word	-5000
 4362              		.cfi_endproc
 4363              	.LFE384:
 4365              		.section	.text.blink_LED,"ax",%progbits
 4366              		.align	1
 4367              		.global	blink_LED
 4368              		.syntax unified
 4369              		.code	16
 4370              		.thumb_func
 4372              	blink_LED:
 4373              	.LFB385:
1349:Core/Src/main.c **** 
1350:Core/Src/main.c **** 
1351:Core/Src/main.c **** 
1352:Core/Src/main.c **** void blink_LED()
1353:Core/Src/main.c **** {
 4374              		.loc 1 1353 1
 4375              		.cfi_startproc
 4376              		@ args = 0, pretend = 0, frame = 0
 4377              		@ frame_needed = 1, uses_anonymous_args = 0
 4378 0000 80B5     		push	{r7, lr}
 4379              	.LCFI54:
 4380              		.cfi_def_cfa_offset 8
 4381              		.cfi_offset 7, -8
 4382              		.cfi_offset 14, -4
 4383 0002 00AF     		add	r7, sp, #0
 4384              	.LCFI55:
 4385              		.cfi_def_cfa_register 7
1354:Core/Src/main.c **** 	//100er
1355:Core/Src/main.c **** 	if (LED_brightness <= 0)
 4386              		.loc 1 1355 21
 4387 0004 514B     		ldr	r3, .L200
 4388 0006 1B68     		ldr	r3, [r3]
 4389              		.loc 1 1355 5
 4390 0008 002B     		cmp	r3, #0
 4391 000a 00DD     		ble	.LCB3405
 4392 000c 85E0     		b	.L189	@long jump
 4393              	.LCB3405:
1356:Core/Src/main.c **** 	{
1357:Core/Src/main.c **** 		LED_brightness = 255;
 4394              		.loc 1 1357 18
 4395 000e 4F4B     		ldr	r3, .L200
 4396 0010 FF22     		movs	r2, #255
 4397 0012 1A60     		str	r2, [r3]
1358:Core/Src/main.c **** 
1359:Core/Src/main.c **** 		if(level_led>99)
 4398              		.loc 1 1359 15
 4399 0014 4E4B     		ldr	r3, .L200+4
 4400 0016 1B88     		ldrh	r3, [r3]
 4401 0018 1BB2     		sxth	r3, r3
ARM GAS  C:\Users\a_hae\AppData\Local\Temp\cci8zHTh.s 			page 102


 4402              		.loc 1 1359 5
 4403 001a 632B     		cmp	r3, #99
 4404 001c 1ADD     		ble	.L190
1360:Core/Src/main.c **** 		{
1361:Core/Src/main.c **** 			LED_r = 255;
 4405              		.loc 1 1361 10
 4406 001e 4D4B     		ldr	r3, .L200+8
 4407 0020 FF22     		movs	r2, #255
 4408 0022 1A60     		str	r2, [r3]
1362:Core/Src/main.c **** 			LED_g = 0;
 4409              		.loc 1 1362 10
 4410 0024 4C4B     		ldr	r3, .L200+12
 4411 0026 0022     		movs	r2, #0
 4412 0028 1A60     		str	r2, [r3]
1363:Core/Src/main.c **** 			LED_b = 0;
 4413              		.loc 1 1363 10
 4414 002a 4C4B     		ldr	r3, .L200+16
 4415 002c 0022     		movs	r2, #0
 4416 002e 1A60     		str	r2, [r3]
1364:Core/Src/main.c **** 			if (level_led <= 199)
 4417              		.loc 1 1364 18
 4418 0030 474B     		ldr	r3, .L200+4
 4419 0032 1B88     		ldrh	r3, [r3]
 4420 0034 1BB2     		sxth	r3, r3
 4421              		.loc 1 1364 7
 4422 0036 C72B     		cmp	r3, #199
 4423 0038 02DC     		bgt	.L191
1365:Core/Src/main.c **** 			{
1366:Core/Src/main.c **** 				led_jump = 1;
 4424              		.loc 1 1366 14
 4425 003a 494B     		ldr	r3, .L200+20
 4426 003c 0122     		movs	r2, #1
 4427 003e 1A70     		strb	r2, [r3]
 4428              	.L191:
1367:Core/Src/main.c **** 			}
1368:Core/Src/main.c **** 			level_led = level_led - 100;
 4429              		.loc 1 1368 26
 4430 0040 434B     		ldr	r3, .L200+4
 4431 0042 1B88     		ldrh	r3, [r3]
 4432 0044 1BB2     		sxth	r3, r3
 4433 0046 9BB2     		uxth	r3, r3
 4434 0048 643B     		subs	r3, r3, #100
 4435 004a 9BB2     		uxth	r3, r3
 4436 004c 1AB2     		sxth	r2, r3
 4437              		.loc 1 1368 14
 4438 004e 404B     		ldr	r3, .L200+4
 4439 0050 1A80     		strh	r2, [r3]
1369:Core/Src/main.c **** 		}
1370:Core/Src/main.c **** 		else if(level_led > 9)
1371:Core/Src/main.c **** 		{
1372:Core/Src/main.c **** 			LED_g = 255;
1373:Core/Src/main.c **** 			LED_r = 0;
1374:Core/Src/main.c **** 			LED_b = 0;
1375:Core/Src/main.c **** 			if (level_led <= 19)
1376:Core/Src/main.c **** 			{
1377:Core/Src/main.c **** 				led_jump = 1;
1378:Core/Src/main.c **** 			}
ARM GAS  C:\Users\a_hae\AppData\Local\Temp\cci8zHTh.s 			page 103


1379:Core/Src/main.c **** 			level_led = level_led - 10;
1380:Core/Src/main.c **** 		}
1381:Core/Src/main.c **** 		else if(level_led > 0)
1382:Core/Src/main.c **** 		{
1383:Core/Src/main.c **** 			LED_b = 255;
1384:Core/Src/main.c **** 			LED_r = 0;
1385:Core/Src/main.c **** 			LED_g = 0;
1386:Core/Src/main.c **** 			if (level_led <= 1)
1387:Core/Src/main.c **** 			{
1388:Core/Src/main.c **** 				led_jump = 1;
1389:Core/Src/main.c **** 			}
1390:Core/Src/main.c **** 			level_led = level_led - 1;
1391:Core/Src/main.c **** 		}
1392:Core/Src/main.c **** 		else if(level_led == 0)
1393:Core/Src/main.c **** 		{
1394:Core/Src/main.c **** 			level_led = level_led - 1;
1395:Core/Src/main.c **** 			LED_r = 255;
1396:Core/Src/main.c **** 			LED_g = 255;
1397:Core/Src/main.c **** 			LED_b = 255;
1398:Core/Src/main.c **** 		}
1399:Core/Src/main.c **** 		else
1400:Core/Src/main.c **** 		{
1401:Core/Src/main.c **** 			led_up = 1;
1402:Core/Src/main.c **** 			led_time = 20;
1403:Core/Src/main.c **** 			LED_brightness = -100;
1404:Core/Src/main.c **** 		}
1405:Core/Src/main.c **** 	}
1406:Core/Src/main.c **** 	else
1407:Core/Src/main.c **** 	{
1408:Core/Src/main.c **** 		if(led_jump == 1)
1409:Core/Src/main.c **** 		{
1410:Core/Src/main.c **** 			led_time = 850;
1411:Core/Src/main.c **** 			led_jump = 0;
1412:Core/Src/main.c **** 		}
1413:Core/Src/main.c **** 
1414:Core/Src/main.c **** 		LED_brightness = 0;
1415:Core/Src/main.c **** 		LED_r = 0;
1416:Core/Src/main.c **** 		LED_g = 0;
1417:Core/Src/main.c **** 		LED_b = 0;
1418:Core/Src/main.c **** 	}
1419:Core/Src/main.c **** 	// Weiß blinken für 0 anzeigen
1420:Core/Src/main.c **** }
 4440              		.loc 1 1420 1
 4441 0052 78E0     		b	.L199
 4442              	.L190:
1370:Core/Src/main.c **** 		{
 4443              		.loc 1 1370 21
 4444 0054 3E4B     		ldr	r3, .L200+4
 4445 0056 1B88     		ldrh	r3, [r3]
 4446 0058 1BB2     		sxth	r3, r3
1370:Core/Src/main.c **** 		{
 4447              		.loc 1 1370 10
 4448 005a 092B     		cmp	r3, #9
 4449 005c 1ADD     		ble	.L193
1372:Core/Src/main.c **** 			LED_r = 0;
 4450              		.loc 1 1372 10
 4451 005e 3E4B     		ldr	r3, .L200+12
ARM GAS  C:\Users\a_hae\AppData\Local\Temp\cci8zHTh.s 			page 104


 4452 0060 FF22     		movs	r2, #255
 4453 0062 1A60     		str	r2, [r3]
1373:Core/Src/main.c **** 			LED_b = 0;
 4454              		.loc 1 1373 10
 4455 0064 3B4B     		ldr	r3, .L200+8
 4456 0066 0022     		movs	r2, #0
 4457 0068 1A60     		str	r2, [r3]
1374:Core/Src/main.c **** 			if (level_led <= 19)
 4458              		.loc 1 1374 10
 4459 006a 3C4B     		ldr	r3, .L200+16
 4460 006c 0022     		movs	r2, #0
 4461 006e 1A60     		str	r2, [r3]
1375:Core/Src/main.c **** 			{
 4462              		.loc 1 1375 18
 4463 0070 374B     		ldr	r3, .L200+4
 4464 0072 1B88     		ldrh	r3, [r3]
 4465 0074 1BB2     		sxth	r3, r3
1375:Core/Src/main.c **** 			{
 4466              		.loc 1 1375 7
 4467 0076 132B     		cmp	r3, #19
 4468 0078 02DC     		bgt	.L194
1377:Core/Src/main.c **** 			}
 4469              		.loc 1 1377 14
 4470 007a 394B     		ldr	r3, .L200+20
 4471 007c 0122     		movs	r2, #1
 4472 007e 1A70     		strb	r2, [r3]
 4473              	.L194:
1379:Core/Src/main.c **** 		}
 4474              		.loc 1 1379 26
 4475 0080 334B     		ldr	r3, .L200+4
 4476 0082 1B88     		ldrh	r3, [r3]
 4477 0084 1BB2     		sxth	r3, r3
 4478 0086 9BB2     		uxth	r3, r3
 4479 0088 0A3B     		subs	r3, r3, #10
 4480 008a 9BB2     		uxth	r3, r3
 4481 008c 1AB2     		sxth	r2, r3
1379:Core/Src/main.c **** 		}
 4482              		.loc 1 1379 14
 4483 008e 304B     		ldr	r3, .L200+4
 4484 0090 1A80     		strh	r2, [r3]
 4485              		.loc 1 1420 1
 4486 0092 58E0     		b	.L199
 4487              	.L193:
1381:Core/Src/main.c **** 		{
 4488              		.loc 1 1381 21
 4489 0094 2E4B     		ldr	r3, .L200+4
 4490 0096 1B88     		ldrh	r3, [r3]
 4491 0098 1BB2     		sxth	r3, r3
1381:Core/Src/main.c **** 		{
 4492              		.loc 1 1381 10
 4493 009a 002B     		cmp	r3, #0
 4494 009c 1ADD     		ble	.L195
1383:Core/Src/main.c **** 			LED_r = 0;
 4495              		.loc 1 1383 10
 4496 009e 2F4B     		ldr	r3, .L200+16
 4497 00a0 FF22     		movs	r2, #255
 4498 00a2 1A60     		str	r2, [r3]
ARM GAS  C:\Users\a_hae\AppData\Local\Temp\cci8zHTh.s 			page 105


1384:Core/Src/main.c **** 			LED_g = 0;
 4499              		.loc 1 1384 10
 4500 00a4 2B4B     		ldr	r3, .L200+8
 4501 00a6 0022     		movs	r2, #0
 4502 00a8 1A60     		str	r2, [r3]
1385:Core/Src/main.c **** 			if (level_led <= 1)
 4503              		.loc 1 1385 10
 4504 00aa 2B4B     		ldr	r3, .L200+12
 4505 00ac 0022     		movs	r2, #0
 4506 00ae 1A60     		str	r2, [r3]
1386:Core/Src/main.c **** 			{
 4507              		.loc 1 1386 18
 4508 00b0 274B     		ldr	r3, .L200+4
 4509 00b2 1B88     		ldrh	r3, [r3]
 4510 00b4 1BB2     		sxth	r3, r3
1386:Core/Src/main.c **** 			{
 4511              		.loc 1 1386 7
 4512 00b6 012B     		cmp	r3, #1
 4513 00b8 02DC     		bgt	.L196
1388:Core/Src/main.c **** 			}
 4514              		.loc 1 1388 14
 4515 00ba 294B     		ldr	r3, .L200+20
 4516 00bc 0122     		movs	r2, #1
 4517 00be 1A70     		strb	r2, [r3]
 4518              	.L196:
1390:Core/Src/main.c **** 		}
 4519              		.loc 1 1390 26
 4520 00c0 234B     		ldr	r3, .L200+4
 4521 00c2 1B88     		ldrh	r3, [r3]
 4522 00c4 1BB2     		sxth	r3, r3
 4523 00c6 9BB2     		uxth	r3, r3
 4524 00c8 013B     		subs	r3, r3, #1
 4525 00ca 9BB2     		uxth	r3, r3
 4526 00cc 1AB2     		sxth	r2, r3
1390:Core/Src/main.c **** 		}
 4527              		.loc 1 1390 14
 4528 00ce 204B     		ldr	r3, .L200+4
 4529 00d0 1A80     		strh	r2, [r3]
 4530              		.loc 1 1420 1
 4531 00d2 38E0     		b	.L199
 4532              	.L195:
1392:Core/Src/main.c **** 		{
 4533              		.loc 1 1392 21
 4534 00d4 1E4B     		ldr	r3, .L200+4
 4535 00d6 1B88     		ldrh	r3, [r3]
 4536 00d8 1BB2     		sxth	r3, r3
1392:Core/Src/main.c **** 		{
 4537              		.loc 1 1392 10
 4538 00da 002B     		cmp	r3, #0
 4539 00dc 12D1     		bne	.L197
1394:Core/Src/main.c **** 			LED_r = 255;
 4540              		.loc 1 1394 26
 4541 00de 1C4B     		ldr	r3, .L200+4
 4542 00e0 1B88     		ldrh	r3, [r3]
 4543 00e2 1BB2     		sxth	r3, r3
 4544 00e4 9BB2     		uxth	r3, r3
 4545 00e6 013B     		subs	r3, r3, #1
ARM GAS  C:\Users\a_hae\AppData\Local\Temp\cci8zHTh.s 			page 106


 4546 00e8 9BB2     		uxth	r3, r3
 4547 00ea 1AB2     		sxth	r2, r3
1394:Core/Src/main.c **** 			LED_r = 255;
 4548              		.loc 1 1394 14
 4549 00ec 184B     		ldr	r3, .L200+4
 4550 00ee 1A80     		strh	r2, [r3]
1395:Core/Src/main.c **** 			LED_g = 255;
 4551              		.loc 1 1395 10
 4552 00f0 184B     		ldr	r3, .L200+8
 4553 00f2 FF22     		movs	r2, #255
 4554 00f4 1A60     		str	r2, [r3]
1396:Core/Src/main.c **** 			LED_b = 255;
 4555              		.loc 1 1396 10
 4556 00f6 184B     		ldr	r3, .L200+12
 4557 00f8 FF22     		movs	r2, #255
 4558 00fa 1A60     		str	r2, [r3]
1397:Core/Src/main.c **** 		}
 4559              		.loc 1 1397 10
 4560 00fc 174B     		ldr	r3, .L200+16
 4561 00fe FF22     		movs	r2, #255
 4562 0100 1A60     		str	r2, [r3]
 4563              		.loc 1 1420 1
 4564 0102 20E0     		b	.L199
 4565              	.L197:
1401:Core/Src/main.c **** 			led_time = 20;
 4566              		.loc 1 1401 11
 4567 0104 174B     		ldr	r3, .L200+24
 4568 0106 0122     		movs	r2, #1
 4569 0108 1A70     		strb	r2, [r3]
1402:Core/Src/main.c **** 			LED_brightness = -100;
 4570              		.loc 1 1402 13
 4571 010a 174B     		ldr	r3, .L200+28
 4572 010c 1422     		movs	r2, #20
 4573 010e 1A60     		str	r2, [r3]
1403:Core/Src/main.c **** 		}
 4574              		.loc 1 1403 19
 4575 0110 0E4B     		ldr	r3, .L200
 4576 0112 6422     		movs	r2, #100
 4577 0114 5242     		rsbs	r2, r2, #0
 4578 0116 1A60     		str	r2, [r3]
 4579              		.loc 1 1420 1
 4580 0118 15E0     		b	.L199
 4581              	.L189:
1408:Core/Src/main.c **** 		{
 4582              		.loc 1 1408 15
 4583 011a 114B     		ldr	r3, .L200+20
 4584 011c 1B78     		ldrb	r3, [r3]
1408:Core/Src/main.c **** 		{
 4585              		.loc 1 1408 5
 4586 011e 012B     		cmp	r3, #1
 4587 0120 05D1     		bne	.L198
1410:Core/Src/main.c **** 			led_jump = 0;
 4588              		.loc 1 1410 13
 4589 0122 114B     		ldr	r3, .L200+28
 4590 0124 114A     		ldr	r2, .L200+32
 4591 0126 1A60     		str	r2, [r3]
1411:Core/Src/main.c **** 		}
ARM GAS  C:\Users\a_hae\AppData\Local\Temp\cci8zHTh.s 			page 107


 4592              		.loc 1 1411 13
 4593 0128 0D4B     		ldr	r3, .L200+20
 4594 012a 0022     		movs	r2, #0
 4595 012c 1A70     		strb	r2, [r3]
 4596              	.L198:
1414:Core/Src/main.c **** 		LED_r = 0;
 4597              		.loc 1 1414 18
 4598 012e 074B     		ldr	r3, .L200
 4599 0130 0022     		movs	r2, #0
 4600 0132 1A60     		str	r2, [r3]
1415:Core/Src/main.c **** 		LED_g = 0;
 4601              		.loc 1 1415 9
 4602 0134 074B     		ldr	r3, .L200+8
 4603 0136 0022     		movs	r2, #0
 4604 0138 1A60     		str	r2, [r3]
1416:Core/Src/main.c **** 		LED_b = 0;
 4605              		.loc 1 1416 9
 4606 013a 074B     		ldr	r3, .L200+12
 4607 013c 0022     		movs	r2, #0
 4608 013e 1A60     		str	r2, [r3]
1417:Core/Src/main.c **** 	}
 4609              		.loc 1 1417 9
 4610 0140 064B     		ldr	r3, .L200+16
 4611 0142 0022     		movs	r2, #0
 4612 0144 1A60     		str	r2, [r3]
 4613              	.L199:
 4614              		.loc 1 1420 1
 4615 0146 C046     		nop
 4616 0148 BD46     		mov	sp, r7
 4617              		@ sp needed
 4618 014a 80BD     		pop	{r7, pc}
 4619              	.L201:
 4620              		.align	2
 4621              	.L200:
 4622 014c 00000000 		.word	LED_brightness
 4623 0150 00000000 		.word	level_led
 4624 0154 00000000 		.word	LED_r
 4625 0158 00000000 		.word	LED_g
 4626 015c 00000000 		.word	LED_b
 4627 0160 00000000 		.word	led_jump
 4628 0164 00000000 		.word	led_up
 4629 0168 00000000 		.word	led_time
 4630 016c 52030000 		.word	850
 4631              		.cfi_endproc
 4632              	.LFE385:
 4634              		.section	.text.Error_Handler,"ax",%progbits
 4635              		.align	1
 4636              		.global	Error_Handler
 4637              		.syntax unified
 4638              		.code	16
 4639              		.thumb_func
 4641              	Error_Handler:
 4642              	.LFB386:
1421:Core/Src/main.c **** 
1422:Core/Src/main.c **** /* get_value(), init_Sensor(): siehe sensor_legacy.c / sensor_pdms.c */
1423:Core/Src/main.c **** 
1424:Core/Src/main.c **** /* ble_send_status(), ble_send_lin(), ble_handle_command(): siehe ble_app.c */
ARM GAS  C:\Users\a_hae\AppData\Local\Temp\cci8zHTh.s 			page 108


1425:Core/Src/main.c **** 
1426:Core/Src/main.c **** /* USER CODE END 4 */
1427:Core/Src/main.c **** 
1428:Core/Src/main.c **** /**
1429:Core/Src/main.c ****   * @brief  This function is executed in case of error occurrence.
1430:Core/Src/main.c ****   * @retval None
1431:Core/Src/main.c ****   */
1432:Core/Src/main.c **** void Error_Handler(void)
1433:Core/Src/main.c **** {
 4643              		.loc 1 1433 1
 4644              		.cfi_startproc
 4645              		@ args = 0, pretend = 0, frame = 0
 4646              		@ frame_needed = 1, uses_anonymous_args = 0
 4647 0000 80B5     		push	{r7, lr}
 4648              	.LCFI56:
 4649              		.cfi_def_cfa_offset 8
 4650              		.cfi_offset 7, -8
 4651              		.cfi_offset 14, -4
 4652 0002 00AF     		add	r7, sp, #0
 4653              	.LCFI57:
 4654              		.cfi_def_cfa_register 7
 4655              	.LBB14:
 4656              	.LBB15:
 4657              		.file 3 "Drivers/CMSIS/Include/cmsis_gcc.h"
   1:Drivers/CMSIS/Include/cmsis_gcc.h **** /**************************************************************************//**
   2:Drivers/CMSIS/Include/cmsis_gcc.h ****  * @file     cmsis_gcc.h
   3:Drivers/CMSIS/Include/cmsis_gcc.h ****  * @brief    CMSIS compiler GCC header file
   4:Drivers/CMSIS/Include/cmsis_gcc.h ****  * @version  V5.2.0
   5:Drivers/CMSIS/Include/cmsis_gcc.h ****  * @date     08. May 2019
   6:Drivers/CMSIS/Include/cmsis_gcc.h ****  ******************************************************************************/
   7:Drivers/CMSIS/Include/cmsis_gcc.h **** /*
   8:Drivers/CMSIS/Include/cmsis_gcc.h ****  * Copyright (c) 2009-2019 Arm Limited. All rights reserved.
   9:Drivers/CMSIS/Include/cmsis_gcc.h ****  *
  10:Drivers/CMSIS/Include/cmsis_gcc.h ****  * SPDX-License-Identifier: Apache-2.0
  11:Drivers/CMSIS/Include/cmsis_gcc.h ****  *
  12:Drivers/CMSIS/Include/cmsis_gcc.h ****  * Licensed under the Apache License, Version 2.0 (the License); you may
  13:Drivers/CMSIS/Include/cmsis_gcc.h ****  * not use this file except in compliance with the License.
  14:Drivers/CMSIS/Include/cmsis_gcc.h ****  * You may obtain a copy of the License at
  15:Drivers/CMSIS/Include/cmsis_gcc.h ****  *
  16:Drivers/CMSIS/Include/cmsis_gcc.h ****  * www.apache.org/licenses/LICENSE-2.0
  17:Drivers/CMSIS/Include/cmsis_gcc.h ****  *
  18:Drivers/CMSIS/Include/cmsis_gcc.h ****  * Unless required by applicable law or agreed to in writing, software
  19:Drivers/CMSIS/Include/cmsis_gcc.h ****  * distributed under the License is distributed on an AS IS BASIS, WITHOUT
  20:Drivers/CMSIS/Include/cmsis_gcc.h ****  * WARRANTIES OR CONDITIONS OF ANY KIND, either express or implied.
  21:Drivers/CMSIS/Include/cmsis_gcc.h ****  * See the License for the specific language governing permissions and
  22:Drivers/CMSIS/Include/cmsis_gcc.h ****  * limitations under the License.
  23:Drivers/CMSIS/Include/cmsis_gcc.h ****  */
  24:Drivers/CMSIS/Include/cmsis_gcc.h **** 
  25:Drivers/CMSIS/Include/cmsis_gcc.h **** #ifndef __CMSIS_GCC_H
  26:Drivers/CMSIS/Include/cmsis_gcc.h **** #define __CMSIS_GCC_H
  27:Drivers/CMSIS/Include/cmsis_gcc.h **** 
  28:Drivers/CMSIS/Include/cmsis_gcc.h **** /* ignore some GCC warnings */
  29:Drivers/CMSIS/Include/cmsis_gcc.h **** #pragma GCC diagnostic push
  30:Drivers/CMSIS/Include/cmsis_gcc.h **** #pragma GCC diagnostic ignored "-Wsign-conversion"
  31:Drivers/CMSIS/Include/cmsis_gcc.h **** #pragma GCC diagnostic ignored "-Wconversion"
  32:Drivers/CMSIS/Include/cmsis_gcc.h **** #pragma GCC diagnostic ignored "-Wunused-parameter"
  33:Drivers/CMSIS/Include/cmsis_gcc.h **** 
ARM GAS  C:\Users\a_hae\AppData\Local\Temp\cci8zHTh.s 			page 109


  34:Drivers/CMSIS/Include/cmsis_gcc.h **** /* Fallback for __has_builtin */
  35:Drivers/CMSIS/Include/cmsis_gcc.h **** #ifndef __has_builtin
  36:Drivers/CMSIS/Include/cmsis_gcc.h ****   #define __has_builtin(x) (0)
  37:Drivers/CMSIS/Include/cmsis_gcc.h **** #endif
  38:Drivers/CMSIS/Include/cmsis_gcc.h **** 
  39:Drivers/CMSIS/Include/cmsis_gcc.h **** /* CMSIS compiler specific defines */
  40:Drivers/CMSIS/Include/cmsis_gcc.h **** #ifndef   __ASM
  41:Drivers/CMSIS/Include/cmsis_gcc.h ****   #define __ASM                                  __asm
  42:Drivers/CMSIS/Include/cmsis_gcc.h **** #endif
  43:Drivers/CMSIS/Include/cmsis_gcc.h **** #ifndef   __INLINE
  44:Drivers/CMSIS/Include/cmsis_gcc.h ****   #define __INLINE                               inline
  45:Drivers/CMSIS/Include/cmsis_gcc.h **** #endif
  46:Drivers/CMSIS/Include/cmsis_gcc.h **** #ifndef   __STATIC_INLINE
  47:Drivers/CMSIS/Include/cmsis_gcc.h ****   #define __STATIC_INLINE                        static inline
  48:Drivers/CMSIS/Include/cmsis_gcc.h **** #endif
  49:Drivers/CMSIS/Include/cmsis_gcc.h **** #ifndef   __STATIC_FORCEINLINE                 
  50:Drivers/CMSIS/Include/cmsis_gcc.h ****   #define __STATIC_FORCEINLINE                   __attribute__((always_inline)) static inline
  51:Drivers/CMSIS/Include/cmsis_gcc.h **** #endif                                           
  52:Drivers/CMSIS/Include/cmsis_gcc.h **** #ifndef   __NO_RETURN
  53:Drivers/CMSIS/Include/cmsis_gcc.h ****   #define __NO_RETURN                            __attribute__((__noreturn__))
  54:Drivers/CMSIS/Include/cmsis_gcc.h **** #endif
  55:Drivers/CMSIS/Include/cmsis_gcc.h **** #ifndef   __USED
  56:Drivers/CMSIS/Include/cmsis_gcc.h ****   #define __USED                                 __attribute__((used))
  57:Drivers/CMSIS/Include/cmsis_gcc.h **** #endif
  58:Drivers/CMSIS/Include/cmsis_gcc.h **** #ifndef   __WEAK
  59:Drivers/CMSIS/Include/cmsis_gcc.h ****   #define __WEAK                                 __attribute__((weak))
  60:Drivers/CMSIS/Include/cmsis_gcc.h **** #endif
  61:Drivers/CMSIS/Include/cmsis_gcc.h **** #ifndef   __PACKED
  62:Drivers/CMSIS/Include/cmsis_gcc.h ****   #define __PACKED                               __attribute__((packed, aligned(1)))
  63:Drivers/CMSIS/Include/cmsis_gcc.h **** #endif
  64:Drivers/CMSIS/Include/cmsis_gcc.h **** #ifndef   __PACKED_STRUCT
  65:Drivers/CMSIS/Include/cmsis_gcc.h ****   #define __PACKED_STRUCT                        struct __attribute__((packed, aligned(1)))
  66:Drivers/CMSIS/Include/cmsis_gcc.h **** #endif
  67:Drivers/CMSIS/Include/cmsis_gcc.h **** #ifndef   __PACKED_UNION
  68:Drivers/CMSIS/Include/cmsis_gcc.h ****   #define __PACKED_UNION                         union __attribute__((packed, aligned(1)))
  69:Drivers/CMSIS/Include/cmsis_gcc.h **** #endif
  70:Drivers/CMSIS/Include/cmsis_gcc.h **** #ifndef   __UNALIGNED_UINT32        /* deprecated */
  71:Drivers/CMSIS/Include/cmsis_gcc.h ****   #pragma GCC diagnostic push
  72:Drivers/CMSIS/Include/cmsis_gcc.h ****   #pragma GCC diagnostic ignored "-Wpacked"
  73:Drivers/CMSIS/Include/cmsis_gcc.h ****   #pragma GCC diagnostic ignored "-Wattributes"
  74:Drivers/CMSIS/Include/cmsis_gcc.h ****   struct __attribute__((packed)) T_UINT32 { uint32_t v; };
  75:Drivers/CMSIS/Include/cmsis_gcc.h ****   #pragma GCC diagnostic pop
  76:Drivers/CMSIS/Include/cmsis_gcc.h ****   #define __UNALIGNED_UINT32(x)                  (((struct T_UINT32 *)(x))->v)
  77:Drivers/CMSIS/Include/cmsis_gcc.h **** #endif
  78:Drivers/CMSIS/Include/cmsis_gcc.h **** #ifndef   __UNALIGNED_UINT16_WRITE
  79:Drivers/CMSIS/Include/cmsis_gcc.h ****   #pragma GCC diagnostic push
  80:Drivers/CMSIS/Include/cmsis_gcc.h ****   #pragma GCC diagnostic ignored "-Wpacked"
  81:Drivers/CMSIS/Include/cmsis_gcc.h ****   #pragma GCC diagnostic ignored "-Wattributes"
  82:Drivers/CMSIS/Include/cmsis_gcc.h ****   __PACKED_STRUCT T_UINT16_WRITE { uint16_t v; };
  83:Drivers/CMSIS/Include/cmsis_gcc.h ****   #pragma GCC diagnostic pop
  84:Drivers/CMSIS/Include/cmsis_gcc.h ****   #define __UNALIGNED_UINT16_WRITE(addr, val)    (void)((((struct T_UINT16_WRITE *)(void *)(addr))-
  85:Drivers/CMSIS/Include/cmsis_gcc.h **** #endif
  86:Drivers/CMSIS/Include/cmsis_gcc.h **** #ifndef   __UNALIGNED_UINT16_READ
  87:Drivers/CMSIS/Include/cmsis_gcc.h ****   #pragma GCC diagnostic push
  88:Drivers/CMSIS/Include/cmsis_gcc.h ****   #pragma GCC diagnostic ignored "-Wpacked"
  89:Drivers/CMSIS/Include/cmsis_gcc.h ****   #pragma GCC diagnostic ignored "-Wattributes"
  90:Drivers/CMSIS/Include/cmsis_gcc.h ****   __PACKED_STRUCT T_UINT16_READ { uint16_t v; };
ARM GAS  C:\Users\a_hae\AppData\Local\Temp\cci8zHTh.s 			page 110


  91:Drivers/CMSIS/Include/cmsis_gcc.h ****   #pragma GCC diagnostic pop
  92:Drivers/CMSIS/Include/cmsis_gcc.h ****   #define __UNALIGNED_UINT16_READ(addr)          (((const struct T_UINT16_READ *)(const void *)(add
  93:Drivers/CMSIS/Include/cmsis_gcc.h **** #endif
  94:Drivers/CMSIS/Include/cmsis_gcc.h **** #ifndef   __UNALIGNED_UINT32_WRITE
  95:Drivers/CMSIS/Include/cmsis_gcc.h ****   #pragma GCC diagnostic push
  96:Drivers/CMSIS/Include/cmsis_gcc.h ****   #pragma GCC diagnostic ignored "-Wpacked"
  97:Drivers/CMSIS/Include/cmsis_gcc.h ****   #pragma GCC diagnostic ignored "-Wattributes"
  98:Drivers/CMSIS/Include/cmsis_gcc.h ****   __PACKED_STRUCT T_UINT32_WRITE { uint32_t v; };
  99:Drivers/CMSIS/Include/cmsis_gcc.h ****   #pragma GCC diagnostic pop
 100:Drivers/CMSIS/Include/cmsis_gcc.h ****   #define __UNALIGNED_UINT32_WRITE(addr, val)    (void)((((struct T_UINT32_WRITE *)(void *)(addr))-
 101:Drivers/CMSIS/Include/cmsis_gcc.h **** #endif
 102:Drivers/CMSIS/Include/cmsis_gcc.h **** #ifndef   __UNALIGNED_UINT32_READ
 103:Drivers/CMSIS/Include/cmsis_gcc.h ****   #pragma GCC diagnostic push
 104:Drivers/CMSIS/Include/cmsis_gcc.h ****   #pragma GCC diagnostic ignored "-Wpacked"
 105:Drivers/CMSIS/Include/cmsis_gcc.h ****   #pragma GCC diagnostic ignored "-Wattributes"
 106:Drivers/CMSIS/Include/cmsis_gcc.h ****   __PACKED_STRUCT T_UINT32_READ { uint32_t v; };
 107:Drivers/CMSIS/Include/cmsis_gcc.h ****   #pragma GCC diagnostic pop
 108:Drivers/CMSIS/Include/cmsis_gcc.h ****   #define __UNALIGNED_UINT32_READ(addr)          (((const struct T_UINT32_READ *)(const void *)(add
 109:Drivers/CMSIS/Include/cmsis_gcc.h **** #endif
 110:Drivers/CMSIS/Include/cmsis_gcc.h **** #ifndef   __ALIGNED
 111:Drivers/CMSIS/Include/cmsis_gcc.h ****   #define __ALIGNED(x)                           __attribute__((aligned(x)))
 112:Drivers/CMSIS/Include/cmsis_gcc.h **** #endif
 113:Drivers/CMSIS/Include/cmsis_gcc.h **** #ifndef   __RESTRICT
 114:Drivers/CMSIS/Include/cmsis_gcc.h ****   #define __RESTRICT                             __restrict
 115:Drivers/CMSIS/Include/cmsis_gcc.h **** #endif
 116:Drivers/CMSIS/Include/cmsis_gcc.h **** #ifndef   __COMPILER_BARRIER
 117:Drivers/CMSIS/Include/cmsis_gcc.h ****   #define __COMPILER_BARRIER()                   __ASM volatile("":::"memory")
 118:Drivers/CMSIS/Include/cmsis_gcc.h **** #endif
 119:Drivers/CMSIS/Include/cmsis_gcc.h **** 
 120:Drivers/CMSIS/Include/cmsis_gcc.h **** /* #########################  Startup and Lowlevel Init  ######################## */
 121:Drivers/CMSIS/Include/cmsis_gcc.h **** 
 122:Drivers/CMSIS/Include/cmsis_gcc.h **** #ifndef __PROGRAM_START
 123:Drivers/CMSIS/Include/cmsis_gcc.h **** 
 124:Drivers/CMSIS/Include/cmsis_gcc.h **** /**
 125:Drivers/CMSIS/Include/cmsis_gcc.h ****   \brief   Initializes data and bss sections
 126:Drivers/CMSIS/Include/cmsis_gcc.h ****   \details This default implementations initialized all data and additional bss
 127:Drivers/CMSIS/Include/cmsis_gcc.h ****            sections relying on .copy.table and .zero.table specified properly
 128:Drivers/CMSIS/Include/cmsis_gcc.h ****            in the used linker script.
 129:Drivers/CMSIS/Include/cmsis_gcc.h ****   
 130:Drivers/CMSIS/Include/cmsis_gcc.h ****  */
 131:Drivers/CMSIS/Include/cmsis_gcc.h **** __STATIC_FORCEINLINE __NO_RETURN void __cmsis_start(void)
 132:Drivers/CMSIS/Include/cmsis_gcc.h **** {
 133:Drivers/CMSIS/Include/cmsis_gcc.h ****   extern void _start(void) __NO_RETURN;
 134:Drivers/CMSIS/Include/cmsis_gcc.h ****   
 135:Drivers/CMSIS/Include/cmsis_gcc.h ****   typedef struct {
 136:Drivers/CMSIS/Include/cmsis_gcc.h ****     uint32_t const* src;
 137:Drivers/CMSIS/Include/cmsis_gcc.h ****     uint32_t* dest;
 138:Drivers/CMSIS/Include/cmsis_gcc.h ****     uint32_t  wlen;
 139:Drivers/CMSIS/Include/cmsis_gcc.h ****   } __copy_table_t;
 140:Drivers/CMSIS/Include/cmsis_gcc.h ****   
 141:Drivers/CMSIS/Include/cmsis_gcc.h ****   typedef struct {
 142:Drivers/CMSIS/Include/cmsis_gcc.h ****     uint32_t* dest;
 143:Drivers/CMSIS/Include/cmsis_gcc.h ****     uint32_t  wlen;
 144:Drivers/CMSIS/Include/cmsis_gcc.h ****   } __zero_table_t;
 145:Drivers/CMSIS/Include/cmsis_gcc.h ****   
 146:Drivers/CMSIS/Include/cmsis_gcc.h ****   extern const __copy_table_t __copy_table_start__;
 147:Drivers/CMSIS/Include/cmsis_gcc.h ****   extern const __copy_table_t __copy_table_end__;
ARM GAS  C:\Users\a_hae\AppData\Local\Temp\cci8zHTh.s 			page 111


 148:Drivers/CMSIS/Include/cmsis_gcc.h ****   extern const __zero_table_t __zero_table_start__;
 149:Drivers/CMSIS/Include/cmsis_gcc.h ****   extern const __zero_table_t __zero_table_end__;
 150:Drivers/CMSIS/Include/cmsis_gcc.h **** 
 151:Drivers/CMSIS/Include/cmsis_gcc.h ****   for (__copy_table_t const* pTable = &__copy_table_start__; pTable < &__copy_table_end__; ++pTable
 152:Drivers/CMSIS/Include/cmsis_gcc.h ****     for(uint32_t i=0u; i<pTable->wlen; ++i) {
 153:Drivers/CMSIS/Include/cmsis_gcc.h ****       pTable->dest[i] = pTable->src[i];
 154:Drivers/CMSIS/Include/cmsis_gcc.h ****     }
 155:Drivers/CMSIS/Include/cmsis_gcc.h ****   }
 156:Drivers/CMSIS/Include/cmsis_gcc.h ****  
 157:Drivers/CMSIS/Include/cmsis_gcc.h ****   for (__zero_table_t const* pTable = &__zero_table_start__; pTable < &__zero_table_end__; ++pTable
 158:Drivers/CMSIS/Include/cmsis_gcc.h ****     for(uint32_t i=0u; i<pTable->wlen; ++i) {
 159:Drivers/CMSIS/Include/cmsis_gcc.h ****       pTable->dest[i] = 0u;
 160:Drivers/CMSIS/Include/cmsis_gcc.h ****     }
 161:Drivers/CMSIS/Include/cmsis_gcc.h ****   }
 162:Drivers/CMSIS/Include/cmsis_gcc.h ****  
 163:Drivers/CMSIS/Include/cmsis_gcc.h ****   _start();
 164:Drivers/CMSIS/Include/cmsis_gcc.h **** }
 165:Drivers/CMSIS/Include/cmsis_gcc.h ****   
 166:Drivers/CMSIS/Include/cmsis_gcc.h **** #define __PROGRAM_START           __cmsis_start
 167:Drivers/CMSIS/Include/cmsis_gcc.h **** #endif
 168:Drivers/CMSIS/Include/cmsis_gcc.h **** 
 169:Drivers/CMSIS/Include/cmsis_gcc.h **** #ifndef __INITIAL_SP
 170:Drivers/CMSIS/Include/cmsis_gcc.h **** #define __INITIAL_SP              __StackTop
 171:Drivers/CMSIS/Include/cmsis_gcc.h **** #endif
 172:Drivers/CMSIS/Include/cmsis_gcc.h **** 
 173:Drivers/CMSIS/Include/cmsis_gcc.h **** #ifndef __STACK_LIMIT
 174:Drivers/CMSIS/Include/cmsis_gcc.h **** #define __STACK_LIMIT             __StackLimit
 175:Drivers/CMSIS/Include/cmsis_gcc.h **** #endif
 176:Drivers/CMSIS/Include/cmsis_gcc.h **** 
 177:Drivers/CMSIS/Include/cmsis_gcc.h **** #ifndef __VECTOR_TABLE
 178:Drivers/CMSIS/Include/cmsis_gcc.h **** #define __VECTOR_TABLE            __Vectors
 179:Drivers/CMSIS/Include/cmsis_gcc.h **** #endif
 180:Drivers/CMSIS/Include/cmsis_gcc.h **** 
 181:Drivers/CMSIS/Include/cmsis_gcc.h **** #ifndef __VECTOR_TABLE_ATTRIBUTE
 182:Drivers/CMSIS/Include/cmsis_gcc.h **** #define __VECTOR_TABLE_ATTRIBUTE  __attribute((used, section(".vectors")))
 183:Drivers/CMSIS/Include/cmsis_gcc.h **** #endif
 184:Drivers/CMSIS/Include/cmsis_gcc.h **** 
 185:Drivers/CMSIS/Include/cmsis_gcc.h **** /* ###########################  Core Function Access  ########################### */
 186:Drivers/CMSIS/Include/cmsis_gcc.h **** /** \ingroup  CMSIS_Core_FunctionInterface
 187:Drivers/CMSIS/Include/cmsis_gcc.h ****     \defgroup CMSIS_Core_RegAccFunctions CMSIS Core Register Access Functions
 188:Drivers/CMSIS/Include/cmsis_gcc.h ****   @{
 189:Drivers/CMSIS/Include/cmsis_gcc.h ****  */
 190:Drivers/CMSIS/Include/cmsis_gcc.h **** 
 191:Drivers/CMSIS/Include/cmsis_gcc.h **** /**
 192:Drivers/CMSIS/Include/cmsis_gcc.h ****   \brief   Enable IRQ Interrupts
 193:Drivers/CMSIS/Include/cmsis_gcc.h ****   \details Enables IRQ interrupts by clearing the I-bit in the CPSR.
 194:Drivers/CMSIS/Include/cmsis_gcc.h ****            Can only be executed in Privileged modes.
 195:Drivers/CMSIS/Include/cmsis_gcc.h ****  */
 196:Drivers/CMSIS/Include/cmsis_gcc.h **** __STATIC_FORCEINLINE void __enable_irq(void)
 197:Drivers/CMSIS/Include/cmsis_gcc.h **** {
 198:Drivers/CMSIS/Include/cmsis_gcc.h ****   __ASM volatile ("cpsie i" : : : "memory");
 199:Drivers/CMSIS/Include/cmsis_gcc.h **** }
 200:Drivers/CMSIS/Include/cmsis_gcc.h **** 
 201:Drivers/CMSIS/Include/cmsis_gcc.h **** 
 202:Drivers/CMSIS/Include/cmsis_gcc.h **** /**
 203:Drivers/CMSIS/Include/cmsis_gcc.h ****   \brief   Disable IRQ Interrupts
 204:Drivers/CMSIS/Include/cmsis_gcc.h ****   \details Disables IRQ interrupts by setting the I-bit in the CPSR.
ARM GAS  C:\Users\a_hae\AppData\Local\Temp\cci8zHTh.s 			page 112


 205:Drivers/CMSIS/Include/cmsis_gcc.h ****            Can only be executed in Privileged modes.
 206:Drivers/CMSIS/Include/cmsis_gcc.h ****  */
 207:Drivers/CMSIS/Include/cmsis_gcc.h **** __STATIC_FORCEINLINE void __disable_irq(void)
 208:Drivers/CMSIS/Include/cmsis_gcc.h **** {
 209:Drivers/CMSIS/Include/cmsis_gcc.h ****   __ASM volatile ("cpsid i" : : : "memory");
 4658              		.loc 3 209 3
 4659              		.syntax divided
 4660              	@ 209 "Drivers/CMSIS/Include/cmsis_gcc.h" 1
 4661 0004 72B6     		cpsid i
 4662              	@ 0 "" 2
 210:Drivers/CMSIS/Include/cmsis_gcc.h **** }
 4663              		.loc 3 210 1
 4664              		.thumb
 4665              		.syntax unified
 4666 0006 C046     		nop
 4667              	.L203:
 4668              	.LBE15:
 4669              	.LBE14:
1434:Core/Src/main.c ****   /* USER CODE BEGIN Error_Handler_Debug */
1435:Core/Src/main.c ****   /* User can add his own implementation to report the HAL error return state */
1436:Core/Src/main.c ****   __disable_irq();
1437:Core/Src/main.c ****   while (1)
 4670              		.loc 1 1437 9
 4671 0008 C046     		nop
 4672 000a FDE7     		b	.L203
 4673              		.cfi_endproc
 4674              	.LFE386:
 4676              		.text
 4677              	.Letext0:
 4678              		.file 4 "Drivers/CMSIS/Device/ST/STM32G0xx/Include/stm32g0b1xx.h"
 4679              		.file 5 "C:\\ST\\STM32CubeIDE_2.2.0\\STM32CubeIDE\\plugins\\com.st.stm32cube.ide.mcu.externaltools
 4680              		.file 6 "C:\\ST\\STM32CubeIDE_2.2.0\\STM32CubeIDE\\plugins\\com.st.stm32cube.ide.mcu.externaltools
 4681              		.file 7 "Drivers/CMSIS/Include/core_cm0plus.h"
 4682              		.file 8 "Drivers/CMSIS/Device/ST/STM32G0xx/Include/stm32g0xx.h"
 4683              		.file 9 "C:\\ST\\STM32CubeIDE_2.2.0\\STM32CubeIDE\\plugins\\com.st.stm32cube.ide.mcu.externaltools
 4684              		.file 10 "Drivers/STM32G0xx_HAL_Driver/Inc/stm32g0xx_hal_def.h"
 4685              		.file 11 "Drivers/STM32G0xx_HAL_Driver/Inc/stm32g0xx_hal_rcc.h"
 4686              		.file 12 "Drivers/STM32G0xx_HAL_Driver/Inc/stm32g0xx_hal_gpio.h"
 4687              		.file 13 "Drivers/STM32G0xx_HAL_Driver/Inc/stm32g0xx_hal_dma.h"
 4688              		.file 14 "Drivers/STM32G0xx_HAL_Driver/Inc/stm32g0xx_hal_dac.h"
 4689              		.file 15 "Drivers/STM32G0xx_HAL_Driver/Inc/stm32g0xx_hal_fdcan.h"
 4690              		.file 16 "Drivers/STM32G0xx_HAL_Driver/Inc/stm32g0xx_hal_i2c.h"
 4691              		.file 17 "Drivers/STM32G0xx_HAL_Driver/Inc/stm32g0xx_hal_tim.h"
 4692              		.file 18 "Drivers/STM32G0xx_HAL_Driver/Inc/stm32g0xx_hal_uart.h"
 4693              		.file 19 "Core/Inc/nmea2000.h"
 4694              		.file 20 "Core/Inc/ble.h"
 4695              		.file 21 "Core/Inc/app_types.h"
 4696              		.file 22 "Core/Inc/config_store.h"
 4697              		.file 23 "Drivers/STM32G0xx_HAL_Driver/Inc/stm32g0xx_ll_dma.h"
 4698              		.file 24 "Drivers/STM32G0xx_HAL_Driver/Inc/stm32g0xx_hal_cortex.h"
 4699              		.file 25 "Drivers/STM32G0xx_HAL_Driver/Inc/stm32g0xx_hal_uart_ex.h"
 4700              		.file 26 "Core/Inc/main.h"
 4701              		.file 27 "Drivers/STM32G0xx_HAL_Driver/Inc/stm32g0xx_hal_tim_ex.h"
 4702              		.file 28 "Drivers/STM32G0xx_HAL_Driver/Inc/stm32g0xx_hal_i2c_ex.h"
 4703              		.file 29 "Drivers/STM32G0xx_HAL_Driver/Inc/stm32g0xx_hal_pwr_ex.h"
 4704              		.file 30 "Core/Inc/board_pins.h"
 4705              		.file 31 "C:\\ST\\STM32CubeIDE_2.2.0\\STM32CubeIDE\\plugins\\com.st.stm32cube.ide.mcu.externaltool
ARM GAS  C:\Users\a_hae\AppData\Local\Temp\cci8zHTh.s 			page 113


 4706              		.file 32 "Core/Inc/ble_app.h"
 4707              		.file 33 "Drivers/STM32G0xx_HAL_Driver/Inc/stm32g0xx_hal.h"
 4708              		.file 34 "Core/Inc/nmea_app.h"
 4709              		.file 35 "Core/Inc/app_config.h"
 4710              		.file 36 "Core/Inc/sensor.h"
 4711              		.file 37 "C:\\ST\\STM32CubeIDE_2.2.0\\STM32CubeIDE\\plugins\\com.st.stm32cube.ide.mcu.externaltool
ARM GAS  C:\Users\a_hae\AppData\Local\Temp\cci8zHTh.s 			page 114


DEFINED SYMBOLS
                            *ABS*:00000000 main.c
C:\Users\a_hae\AppData\Local\Temp\cci8zHTh.s:19     .rodata.CHANNEL_OFFSET_TAB:00000000 $d
C:\Users\a_hae\AppData\Local\Temp\cci8zHTh.s:22     .rodata.CHANNEL_OFFSET_TAB:00000000 CHANNEL_OFFSET_TAB
C:\Users\a_hae\AppData\Local\Temp\cci8zHTh.s:25     .text.hw_otp_checksum:00000000 $t
C:\Users\a_hae\AppData\Local\Temp\cci8zHTh.s:30     .text.hw_otp_checksum:00000000 hw_otp_checksum
C:\Users\a_hae\AppData\Local\Temp\cci8zHTh.s:100    .text.hw_otp_slot_valid:00000000 $t
C:\Users\a_hae\AppData\Local\Temp\cci8zHTh.s:105    .text.hw_otp_slot_valid:00000000 hw_otp_slot_valid
C:\Users\a_hae\AppData\Local\Temp\cci8zHTh.s:171    .text.hw_otp_slot_valid:00000044 $d
C:\Users\a_hae\AppData\Local\Temp\cci8zHTh.s:176    .text.hw_otp_find_in:00000000 $t
C:\Users\a_hae\AppData\Local\Temp\cci8zHTh.s:181    .text.hw_otp_find_in:00000000 hw_otp_find_in
C:\Users\a_hae\AppData\Local\Temp\cci8zHTh.s:253    .text.hw_otp_find:00000000 $t
C:\Users\a_hae\AppData\Local\Temp\cci8zHTh.s:258    .text.hw_otp_find:00000000 hw_otp_find
C:\Users\a_hae\AppData\Local\Temp\cci8zHTh.s:285    .text.hw_otp_find:00000014 $d
C:\Users\a_hae\AppData\Local\Temp\cci8zHTh.s:294    .bss.hdac1:00000000 hdac1
C:\Users\a_hae\AppData\Local\Temp\cci8zHTh.s:291    .bss.hdac1:00000000 $d
C:\Users\a_hae\AppData\Local\Temp\cci8zHTh.s:301    .bss.hfdcan1:00000000 hfdcan1
C:\Users\a_hae\AppData\Local\Temp\cci8zHTh.s:298    .bss.hfdcan1:00000000 $d
C:\Users\a_hae\AppData\Local\Temp\cci8zHTh.s:308    .bss.hi2c1:00000000 hi2c1
C:\Users\a_hae\AppData\Local\Temp\cci8zHTh.s:305    .bss.hi2c1:00000000 $d
C:\Users\a_hae\AppData\Local\Temp\cci8zHTh.s:315    .bss.htim3:00000000 htim3
C:\Users\a_hae\AppData\Local\Temp\cci8zHTh.s:312    .bss.htim3:00000000 $d
C:\Users\a_hae\AppData\Local\Temp\cci8zHTh.s:322    .bss.htim6:00000000 htim6
C:\Users\a_hae\AppData\Local\Temp\cci8zHTh.s:319    .bss.htim6:00000000 $d
C:\Users\a_hae\AppData\Local\Temp\cci8zHTh.s:329    .bss.huart2:00000000 huart2
C:\Users\a_hae\AppData\Local\Temp\cci8zHTh.s:326    .bss.huart2:00000000 $d
C:\Users\a_hae\AppData\Local\Temp\cci8zHTh.s:335    .bss.error_mode:00000000 error_mode
C:\Users\a_hae\AppData\Local\Temp\cci8zHTh.s:336    .bss.error_mode:00000000 $d
C:\Users\a_hae\AppData\Local\Temp\cci8zHTh.s:342    .data.hw_id_str:00000000 hw_id_str
C:\Users\a_hae\AppData\Local\Temp\cci8zHTh.s:339    .data.hw_id_str:00000000 $d
C:\Users\a_hae\AppData\Local\Temp\cci8zHTh.s:349    .bss.hw_otp_mismatch:00000000 hw_otp_mismatch
C:\Users\a_hae\AppData\Local\Temp\cci8zHTh.s:350    .bss.hw_otp_mismatch:00000000 $d
C:\Users\a_hae\AppData\Local\Temp\cci8zHTh.s:355    .bss.led_jump:00000000 led_jump
C:\Users\a_hae\AppData\Local\Temp\cci8zHTh.s:356    .bss.led_jump:00000000 $d
C:\Users\a_hae\AppData\Local\Temp\cci8zHTh.s:361    .data.run_mode:00000000 run_mode
C:\Users\a_hae\AppData\Local\Temp\cci8zHTh.s:367    .bss.setup_mode:00000000 setup_mode
C:\Users\a_hae\AppData\Local\Temp\cci8zHTh.s:368    .bss.setup_mode:00000000 $d
C:\Users\a_hae\AppData\Local\Temp\cci8zHTh.s:374    .bss.raw_press:00000000 raw_press
C:\Users\a_hae\AppData\Local\Temp\cci8zHTh.s:371    .bss.raw_press:00000000 $d
C:\Users\a_hae\AppData\Local\Temp\cci8zHTh.s:381    .bss.EEPROM_values:00000000 EEPROM_values
C:\Users\a_hae\AppData\Local\Temp\cci8zHTh.s:378    .bss.EEPROM_values:00000000 $d
C:\Users\a_hae\AppData\Local\Temp\cci8zHTh.s:388    .bss.DAC_EEPROM_values:00000000 DAC_EEPROM_values
C:\Users\a_hae\AppData\Local\Temp\cci8zHTh.s:385    .bss.DAC_EEPROM_values:00000000 $d
C:\Users\a_hae\AppData\Local\Temp\cci8zHTh.s:395    .bss.device_param:00000000 device_param
C:\Users\a_hae\AppData\Local\Temp\cci8zHTh.s:392    .bss.device_param:00000000 $d
C:\Users\a_hae\AppData\Local\Temp\cci8zHTh.s:402    .bss.time_el:00000000 time_el
C:\Users\a_hae\AppData\Local\Temp\cci8zHTh.s:399    .bss.time_el:00000000 $d
C:\Users\a_hae\AppData\Local\Temp\cci8zHTh.s:409    .bss.last_run:00000000 last_run
C:\Users\a_hae\AppData\Local\Temp\cci8zHTh.s:406    .bss.last_run:00000000 $d
C:\Users\a_hae\AppData\Local\Temp\cci8zHTh.s:416    .bss.last_run_nmea:00000000 last_run_nmea
C:\Users\a_hae\AppData\Local\Temp\cci8zHTh.s:413    .bss.last_run_nmea:00000000 $d
C:\Users\a_hae\AppData\Local\Temp\cci8zHTh.s:423    .data.tx_time:00000000 tx_time
C:\Users\a_hae\AppData\Local\Temp\cci8zHTh.s:420    .data.tx_time:00000000 $d
C:\Users\a_hae\AppData\Local\Temp\cci8zHTh.s:430    .data.nmea_time:00000000 nmea_time
C:\Users\a_hae\AppData\Local\Temp\cci8zHTh.s:427    .data.nmea_time:00000000 $d
C:\Users\a_hae\AppData\Local\Temp\cci8zHTh.s:437    .bss.last_run_temp:00000000 last_run_temp
C:\Users\a_hae\AppData\Local\Temp\cci8zHTh.s:434    .bss.last_run_temp:00000000 $d
ARM GAS  C:\Users\a_hae\AppData\Local\Temp\cci8zHTh.s 			page 115


C:\Users\a_hae\AppData\Local\Temp\cci8zHTh.s:444    .data.temp_time:00000000 temp_time
C:\Users\a_hae\AppData\Local\Temp\cci8zHTh.s:441    .data.temp_time:00000000 $d
C:\Users\a_hae\AppData\Local\Temp\cci8zHTh.s:451    .bss.last_run_hb:00000000 last_run_hb
C:\Users\a_hae\AppData\Local\Temp\cci8zHTh.s:448    .bss.last_run_hb:00000000 $d
C:\Users\a_hae\AppData\Local\Temp\cci8zHTh.s:458    .data.hb_time:00000000 hb_time
C:\Users\a_hae\AppData\Local\Temp\cci8zHTh.s:455    .data.hb_time:00000000 $d
C:\Users\a_hae\AppData\Local\Temp\cci8zHTh.s:464    .bss.adr_claim:00000000 adr_claim
C:\Users\a_hae\AppData\Local\Temp\cci8zHTh.s:465    .bss.adr_claim:00000000 $d
C:\Users\a_hae\AppData\Local\Temp\cci8zHTh.s:470    .bss.adr_lost:00000000 adr_lost
C:\Users\a_hae\AppData\Local\Temp\cci8zHTh.s:471    .bss.adr_lost:00000000 $d
C:\Users\a_hae\AppData\Local\Temp\cci8zHTh.s:476    .bss.prod_info:00000000 prod_info
C:\Users\a_hae\AppData\Local\Temp\cci8zHTh.s:477    .bss.prod_info:00000000 $d
C:\Users\a_hae\AppData\Local\Temp\cci8zHTh.s:482    .bss.dev_info:00000000 dev_info
C:\Users\a_hae\AppData\Local\Temp\cci8zHTh.s:483    .bss.dev_info:00000000 $d
C:\Users\a_hae\AppData\Local\Temp\cci8zHTh.s:488    .data.boot_cfginfo_pending:00000000 boot_cfginfo_pending
C:\Users\a_hae\AppData\Local\Temp\cci8zHTh.s:495    .bss.claim_time:00000000 claim_time
C:\Users\a_hae\AppData\Local\Temp\cci8zHTh.s:492    .bss.claim_time:00000000 $d
C:\Users\a_hae\AppData\Local\Temp\cci8zHTh.s:501    .data.wertung:00000000 wertung
C:\Users\a_hae\AppData\Local\Temp\cci8zHTh.s:508    .bss.last_run_led:00000000 last_run_led
C:\Users\a_hae\AppData\Local\Temp\cci8zHTh.s:505    .bss.last_run_led:00000000 $d
C:\Users\a_hae\AppData\Local\Temp\cci8zHTh.s:515    .data.led_time:00000000 led_time
C:\Users\a_hae\AppData\Local\Temp\cci8zHTh.s:512    .data.led_time:00000000 $d
C:\Users\a_hae\AppData\Local\Temp\cci8zHTh.s:521    .data.led_up:00000000 led_up
C:\Users\a_hae\AppData\Local\Temp\cci8zHTh.s:528    .bss.sm_started:00000000 sm_started
C:\Users\a_hae\AppData\Local\Temp\cci8zHTh.s:525    .bss.sm_started:00000000 $d
C:\Users\a_hae\AppData\Local\Temp\cci8zHTh.s:535    .bss.LED_r:00000000 LED_r
C:\Users\a_hae\AppData\Local\Temp\cci8zHTh.s:532    .bss.LED_r:00000000 $d
C:\Users\a_hae\AppData\Local\Temp\cci8zHTh.s:542    .bss.LED_g:00000000 LED_g
C:\Users\a_hae\AppData\Local\Temp\cci8zHTh.s:539    .bss.LED_g:00000000 $d
C:\Users\a_hae\AppData\Local\Temp\cci8zHTh.s:549    .bss.LED_b:00000000 LED_b
C:\Users\a_hae\AppData\Local\Temp\cci8zHTh.s:546    .bss.LED_b:00000000 $d
C:\Users\a_hae\AppData\Local\Temp\cci8zHTh.s:556    .bss.LED_brightness:00000000 LED_brightness
C:\Users\a_hae\AppData\Local\Temp\cci8zHTh.s:553    .bss.LED_brightness:00000000 $d
C:\Users\a_hae\AppData\Local\Temp\cci8zHTh.s:563    .bss.percent_val:00000000 percent_val
C:\Users\a_hae\AppData\Local\Temp\cci8zHTh.s:560    .bss.percent_val:00000000 $d
C:\Users\a_hae\AppData\Local\Temp\cci8zHTh.s:570    .bss.level_led:00000000 level_led
C:\Users\a_hae\AppData\Local\Temp\cci8zHTh.s:567    .bss.level_led:00000000 $d
C:\Users\a_hae\AppData\Local\Temp\cci8zHTh.s:577    .bss.sensor_data_rx:00000000 sensor_data_rx
C:\Users\a_hae\AppData\Local\Temp\cci8zHTh.s:574    .bss.sensor_data_rx:00000000 $d
C:\Users\a_hae\AppData\Local\Temp\cci8zHTh.s:584    .bss.p_info:00000000 p_info
C:\Users\a_hae\AppData\Local\Temp\cci8zHTh.s:581    .bss.p_info:00000000 $d
C:\Users\a_hae\AppData\Local\Temp\cci8zHTh.s:591    .bss.sensor_name:00000000 sensor_name
C:\Users\a_hae\AppData\Local\Temp\cci8zHTh.s:588    .bss.sensor_name:00000000 $d
C:\Users\a_hae\AppData\Local\Temp\cci8zHTh.s:598    .bss.dev_info_par:00000000 dev_info_par
C:\Users\a_hae\AppData\Local\Temp\cci8zHTh.s:595    .bss.dev_info_par:00000000 $d
C:\Users\a_hae\AppData\Local\Temp\cci8zHTh.s:605    .bss.last_run_ble:00000000 last_run_ble
C:\Users\a_hae\AppData\Local\Temp\cci8zHTh.s:602    .bss.last_run_ble:00000000 $d
C:\Users\a_hae\AppData\Local\Temp\cci8zHTh.s:612    .data.ble_time:00000000 ble_time
C:\Users\a_hae\AppData\Local\Temp\cci8zHTh.s:609    .data.ble_time:00000000 $d
C:\Users\a_hae\AppData\Local\Temp\cci8zHTh.s:617    .bss.ble_sync_step:00000000 ble_sync_step
C:\Users\a_hae\AppData\Local\Temp\cci8zHTh.s:618    .bss.ble_sync_step:00000000 $d
C:\Users\a_hae\AppData\Local\Temp\cci8zHTh.s:622    .bss.ble_sync_wait:00000000 ble_sync_wait
C:\Users\a_hae\AppData\Local\Temp\cci8zHTh.s:623    .bss.ble_sync_wait:00000000 $d
C:\Users\a_hae\AppData\Local\Temp\cci8zHTh.s:625    .data.ble_sync_next:00000000 $d
C:\Users\a_hae\AppData\Local\Temp\cci8zHTh.s:628    .data.ble_sync_next:00000000 ble_sync_next
C:\Users\a_hae\AppData\Local\Temp\cci8zHTh.s:633    .bss.ble_sync_tries:00000000 ble_sync_tries
C:\Users\a_hae\AppData\Local\Temp\cci8zHTh.s:634    .bss.ble_sync_tries:00000000 $d
ARM GAS  C:\Users\a_hae\AppData\Local\Temp\cci8zHTh.s 			page 116


C:\Users\a_hae\AppData\Local\Temp\cci8zHTh.s:636    .rodata:00000000 $d
C:\Users\a_hae\AppData\Local\Temp\cci8zHTh.s:640    .text.main:00000000 $t
C:\Users\a_hae\AppData\Local\Temp\cci8zHTh.s:646    .text.main:00000000 main
C:\Users\a_hae\AppData\Local\Temp\cci8zHTh.s:2734   .text.SystemClock_Config:00000000 SystemClock_Config
C:\Users\a_hae\AppData\Local\Temp\cci8zHTh.s:3532   .text.MX_GPIO_Init:00000000 MX_GPIO_Init
C:\Users\a_hae\AppData\Local\Temp\cci8zHTh.s:2845   .text.MX_DAC1_Init:00000000 MX_DAC1_Init
C:\Users\a_hae\AppData\Local\Temp\cci8zHTh.s:2935   .text.MX_FDCAN1_Init:00000000 MX_FDCAN1_Init
C:\Users\a_hae\AppData\Local\Temp\cci8zHTh.s:3050   .text.MX_I2C1_Init:00000000 MX_I2C1_Init
C:\Users\a_hae\AppData\Local\Temp\cci8zHTh.s:3152   .text.MX_TIM3_Init:00000000 MX_TIM3_Init
C:\Users\a_hae\AppData\Local\Temp\cci8zHTh.s:3412   .text.MX_USART2_UART_Init:00000000 MX_USART2_UART_Init
C:\Users\a_hae\AppData\Local\Temp\cci8zHTh.s:3316   .text.MX_TIM6_Init:00000000 MX_TIM6_Init
C:\Users\a_hae\AppData\Local\Temp\cci8zHTh.s:4641   .text.Error_Handler:00000000 Error_Handler
C:\Users\a_hae\AppData\Local\Temp\cci8zHTh.s:973    .text.main:000001f4 $d
C:\Users\a_hae\AppData\Local\Temp\cci8zHTh.s:997    .text.main:0000024c $t
C:\Users\a_hae\AppData\Local\Temp\cci8zHTh.s:1376   .text.main:000004a0 $d
C:\Users\a_hae\AppData\Local\Temp\cci8zHTh.s:1400   .text.main:000004f8 $t
C:\Users\a_hae\AppData\Local\Temp\cci8zHTh.s:1864   .text.main:000007d0 $d
C:\Users\a_hae\AppData\Local\Temp\cci8zHTh.s:1893   .text.main:0000083c $t
C:\Users\a_hae\AppData\Local\Temp\cci8zHTh.s:4223   .text.calc_color:00000000 calc_color
C:\Users\a_hae\AppData\Local\Temp\cci8zHTh.s:2455   .text.main:00000b80 $d
C:\Users\a_hae\AppData\Local\Temp\cci8zHTh.s:2489   .text.main:00000c00 $t
C:\Users\a_hae\AppData\Local\Temp\cci8zHTh.s:4372   .text.blink_LED:00000000 blink_LED
C:\Users\a_hae\AppData\Local\Temp\cci8zHTh.s:4090   .text.set_led:00000000 set_led
C:\Users\a_hae\AppData\Local\Temp\cci8zHTh.s:2711   .text.main:00000d44 $d
C:\Users\a_hae\AppData\Local\Temp\cci8zHTh.s:2728   .text.SystemClock_Config:00000000 $t
C:\Users\a_hae\AppData\Local\Temp\cci8zHTh.s:2840   .text.MX_DAC1_Init:00000000 $t
C:\Users\a_hae\AppData\Local\Temp\cci8zHTh.s:2924   .text.MX_DAC1_Init:00000064 $d
C:\Users\a_hae\AppData\Local\Temp\cci8zHTh.s:2930   .text.MX_FDCAN1_Init:00000000 $t
C:\Users\a_hae\AppData\Local\Temp\cci8zHTh.s:3039   .text.MX_FDCAN1_Init:00000088 $d
C:\Users\a_hae\AppData\Local\Temp\cci8zHTh.s:3045   .text.MX_I2C1_Init:00000000 $t
C:\Users\a_hae\AppData\Local\Temp\cci8zHTh.s:3140   .text.MX_I2C1_Init:00000074 $d
C:\Users\a_hae\AppData\Local\Temp\cci8zHTh.s:3147   .text.MX_TIM3_Init:00000000 $t
C:\Users\a_hae\AppData\Local\Temp\cci8zHTh.s:3304   .text.MX_TIM3_Init:000000e0 $d
C:\Users\a_hae\AppData\Local\Temp\cci8zHTh.s:3311   .text.MX_TIM6_Init:00000000 $t
C:\Users\a_hae\AppData\Local\Temp\cci8zHTh.s:3401   .text.MX_TIM6_Init:00000070 $d
C:\Users\a_hae\AppData\Local\Temp\cci8zHTh.s:3407   .text.MX_USART2_UART_Init:00000000 $t
C:\Users\a_hae\AppData\Local\Temp\cci8zHTh.s:3521   .text.MX_USART2_UART_Init:00000094 $d
C:\Users\a_hae\AppData\Local\Temp\cci8zHTh.s:3527   .text.MX_GPIO_Init:00000000 $t
C:\Users\a_hae\AppData\Local\Temp\cci8zHTh.s:3714   .text.MX_GPIO_Init:0000011c $d
C:\Users\a_hae\AppData\Local\Temp\cci8zHTh.s:3721   .text.HAL_FDCAN_ErrorStatusCallback:00000000 $t
C:\Users\a_hae\AppData\Local\Temp\cci8zHTh.s:3727   .text.HAL_FDCAN_ErrorStatusCallback:00000000 HAL_FDCAN_ErrorStatusCallback
C:\Users\a_hae\AppData\Local\Temp\cci8zHTh.s:3800   .text.HAL_FDCAN_ErrorStatusCallback:00000058 $d
C:\Users\a_hae\AppData\Local\Temp\cci8zHTh.s:3805   .text.HAL_GPIO_EXTI_Rising_Callback:00000000 $t
C:\Users\a_hae\AppData\Local\Temp\cci8zHTh.s:3811   .text.HAL_GPIO_EXTI_Rising_Callback:00000000 HAL_GPIO_EXTI_Rising_Callback
C:\Users\a_hae\AppData\Local\Temp\cci8zHTh.s:3919   .text.HAL_GPIO_EXTI_Rising_Callback:00000090 $d
C:\Users\a_hae\AppData\Local\Temp\cci8zHTh.s:3934   .text.HAL_GPIO_EXTI_Falling_Callback:00000000 $t
C:\Users\a_hae\AppData\Local\Temp\cci8zHTh.s:3940   .text.HAL_GPIO_EXTI_Falling_Callback:00000000 HAL_GPIO_EXTI_Falling_Callback
C:\Users\a_hae\AppData\Local\Temp\cci8zHTh.s:3978   .text.HAL_GPIO_EXTI_Falling_Callback:00000024 $d
C:\Users\a_hae\AppData\Local\Temp\cci8zHTh.s:3984   .text.HAL_TIM_PeriodElapsedCallback:00000000 $t
C:\Users\a_hae\AppData\Local\Temp\cci8zHTh.s:3990   .text.HAL_TIM_PeriodElapsedCallback:00000000 HAL_TIM_PeriodElapsedCallback
C:\Users\a_hae\AppData\Local\Temp\cci8zHTh.s:4074   .text.HAL_TIM_PeriodElapsedCallback:00000064 $d
C:\Users\a_hae\AppData\Local\Temp\cci8zHTh.s:4084   .text.set_led:00000000 $t
C:\Users\a_hae\AppData\Local\Temp\cci8zHTh.s:4212   .text.set_led:0000008c $d
C:\Users\a_hae\AppData\Local\Temp\cci8zHTh.s:4217   .text.calc_color:00000000 $t
C:\Users\a_hae\AppData\Local\Temp\cci8zHTh.s:4360   .text.calc_color:000000c8 $d
C:\Users\a_hae\AppData\Local\Temp\cci8zHTh.s:4366   .text.blink_LED:00000000 $t
C:\Users\a_hae\AppData\Local\Temp\cci8zHTh.s:4622   .text.blink_LED:0000014c $d
ARM GAS  C:\Users\a_hae\AppData\Local\Temp\cci8zHTh.s 			page 117


C:\Users\a_hae\AppData\Local\Temp\cci8zHTh.s:4635   .text.Error_Handler:00000000 $t

UNDEFINED SYMBOLS
HAL_Init
snprintf
HAL_FDCAN_ConfigGlobalFilter
HAL_FDCAN_Start
HAL_FDCAN_ActivateNotification
HAL_TIM_PWM_Start
HAL_DAC_Start
HAL_DAC_SetValue
config_load
check_dac_EEPROM
get_dac_EEPROM
check_EEPROM
get_EEPROM
get_param_eeprom
get_name_eeprom
init_Sensor
BLE_Init
get_adr_eeprom
NMEA2000_config
init_p_struct
NMEA2000_AdrClaim
HAL_GetTick
HAL_FDCAN_GetProtocolStatus
get_value
__aeabi_lmul
__aeabi_ldivmod
calc_percent
linearize_percent
set_volt
__aeabi_idiv
save_EEPROM
NMEA2000_SendFluidLevel
NMEA2000_SendTemperature
NMEA2000_SendHeartbeat
NMEA2000_SendPGNList
NMEA2000_change_address
set_adr_eeprom
NMEA2000_setPInfo
NMEA2000_setDevInfo
handle_group_function
handle_prop_config
fluid_req
pgnlist_req
gf_ready
gf_pgn
handle_commanded_address
ble_handle_command
ble_send_status
HAL_Delay
BLE_ApplyPendingName
BLE_RequestSetting
ble_desired_name
strlen
memcmp
ARM GAS  C:\Users\a_hae\AppData\Local\Temp\cci8zHTh.s 			page 118


BLE_SetDeviceName
BLE_Disconnect
config_save
BLE_ProvisionSecurity
ble_data_ready
ble_data_len
ble_data_buf
ble_channel_open
ble_setname_pending
ble_connected
ble_get_ready
ble_get_index
ble_get_len
ble_get_value
cfg_data
memset
HAL_PWREx_ControlVoltageScaling
HAL_RCC_OscConfig
HAL_RCC_ClockConfig
HAL_DAC_Init
HAL_DAC_ConfigChannel
HAL_FDCAN_Init
HAL_I2C_Init
HAL_I2CEx_ConfigAnalogFilter
HAL_I2CEx_ConfigDigitalFilter
HAL_TIM_PWM_Init
HAL_TIMEx_MasterConfigSynchronization
HAL_TIM_PWM_ConfigChannel
HAL_TIM_MspPostInit
HAL_TIM_Base_Init
HAL_UART_Init
HAL_UARTEx_SetTxFifoThreshold
HAL_UARTEx_SetRxFifoThreshold
HAL_UARTEx_DisableFifoMode
HAL_GPIO_WritePin
HAL_GPIO_Init
HAL_NVIC_SetPriority
HAL_NVIC_EnableIRQ
board_gpio_fixup
HAL_TIM_Base_Stop_IT
HAL_TIM_Base_Start_IT
