ARM GAS  C:\Users\a_hae\AppData\Local\Temp\ccujrzwF.s 			page 1


   1              		.cpu cortex-m0plus
   2              		.arch armv6s-m
   3              		.fpu softvfp
   4              		.eabi_attribute 20, 1
   5              		.eabi_attribute 21, 1
   6              		.eabi_attribute 23, 3
   7              		.eabi_attribute 24, 1
   8              		.eabi_attribute 25, 1
   9              		.eabi_attribute 26, 1
  10              		.eabi_attribute 30, 6
  11              		.eabi_attribute 34, 0
  12              		.eabi_attribute 18, 4
  13              		.file	"stm32g0xx_hal_tim_ex.c"
  14              		.text
  15              	.Ltext0:
  16              		.cfi_sections	.debug_frame
  17              		.file 1 "Drivers/STM32G0xx_HAL_Driver/Src/stm32g0xx_hal_tim_ex.c"
  18              		.section	.rodata.CHANNEL_OFFSET_TAB,"a"
  19              		.align	2
  22              	CHANNEL_OFFSET_TAB:
  23 0000 081C3044 		.ascii	"\010\0340DXl\200"
  23      586C80
  24              		.section	.text.HAL_TIMEx_HallSensor_Init,"ax",%progbits
  25              		.align	1
  26              		.global	HAL_TIMEx_HallSensor_Init
  27              		.syntax unified
  28              		.code	16
  29              		.thumb_func
  31              	HAL_TIMEx_HallSensor_Init:
  32              	.LFB363:
   1:Drivers/STM32G0xx_HAL_Driver/Src/stm32g0xx_hal_tim_ex.c **** /**
   2:Drivers/STM32G0xx_HAL_Driver/Src/stm32g0xx_hal_tim_ex.c ****   ******************************************************************************
   3:Drivers/STM32G0xx_HAL_Driver/Src/stm32g0xx_hal_tim_ex.c ****   * @file    stm32g0xx_hal_tim_ex.c
   4:Drivers/STM32G0xx_HAL_Driver/Src/stm32g0xx_hal_tim_ex.c ****   * @author  MCD Application Team
   5:Drivers/STM32G0xx_HAL_Driver/Src/stm32g0xx_hal_tim_ex.c ****   * @brief   TIM HAL module driver.
   6:Drivers/STM32G0xx_HAL_Driver/Src/stm32g0xx_hal_tim_ex.c ****   *          This file provides firmware functions to manage the following
   7:Drivers/STM32G0xx_HAL_Driver/Src/stm32g0xx_hal_tim_ex.c ****   *          functionalities of the Timer Extended peripheral:
   8:Drivers/STM32G0xx_HAL_Driver/Src/stm32g0xx_hal_tim_ex.c ****   *           + Time Hall Sensor Interface Initialization
   9:Drivers/STM32G0xx_HAL_Driver/Src/stm32g0xx_hal_tim_ex.c ****   *           + Time Hall Sensor Interface Start
  10:Drivers/STM32G0xx_HAL_Driver/Src/stm32g0xx_hal_tim_ex.c ****   *           + Time Complementary signal break and dead time configuration
  11:Drivers/STM32G0xx_HAL_Driver/Src/stm32g0xx_hal_tim_ex.c ****   *           + Time Master and Slave synchronization configuration
  12:Drivers/STM32G0xx_HAL_Driver/Src/stm32g0xx_hal_tim_ex.c ****   *           + Time Output Compare/PWM Channel Configuration (for channels 5 and 6)
  13:Drivers/STM32G0xx_HAL_Driver/Src/stm32g0xx_hal_tim_ex.c ****   *           + Time OCRef clear configuration
  14:Drivers/STM32G0xx_HAL_Driver/Src/stm32g0xx_hal_tim_ex.c ****   *           + Timer remapping capabilities configuration
  15:Drivers/STM32G0xx_HAL_Driver/Src/stm32g0xx_hal_tim_ex.c ****   ******************************************************************************
  16:Drivers/STM32G0xx_HAL_Driver/Src/stm32g0xx_hal_tim_ex.c ****   * @attention
  17:Drivers/STM32G0xx_HAL_Driver/Src/stm32g0xx_hal_tim_ex.c ****   *
  18:Drivers/STM32G0xx_HAL_Driver/Src/stm32g0xx_hal_tim_ex.c ****   * Copyright (c) 2018 STMicroelectronics.
  19:Drivers/STM32G0xx_HAL_Driver/Src/stm32g0xx_hal_tim_ex.c ****   * All rights reserved.
  20:Drivers/STM32G0xx_HAL_Driver/Src/stm32g0xx_hal_tim_ex.c ****   *
  21:Drivers/STM32G0xx_HAL_Driver/Src/stm32g0xx_hal_tim_ex.c ****   * This software is licensed under terms that can be found in the LICENSE file
  22:Drivers/STM32G0xx_HAL_Driver/Src/stm32g0xx_hal_tim_ex.c ****   * in the root directory of this software component.
  23:Drivers/STM32G0xx_HAL_Driver/Src/stm32g0xx_hal_tim_ex.c ****   * If no LICENSE file comes with this software, it is provided AS-IS.
  24:Drivers/STM32G0xx_HAL_Driver/Src/stm32g0xx_hal_tim_ex.c ****   *
  25:Drivers/STM32G0xx_HAL_Driver/Src/stm32g0xx_hal_tim_ex.c ****   ******************************************************************************
  26:Drivers/STM32G0xx_HAL_Driver/Src/stm32g0xx_hal_tim_ex.c ****   @verbatim
  27:Drivers/STM32G0xx_HAL_Driver/Src/stm32g0xx_hal_tim_ex.c ****   ==============================================================================
ARM GAS  C:\Users\a_hae\AppData\Local\Temp\ccujrzwF.s 			page 2


  28:Drivers/STM32G0xx_HAL_Driver/Src/stm32g0xx_hal_tim_ex.c ****                       ##### TIMER Extended features #####
  29:Drivers/STM32G0xx_HAL_Driver/Src/stm32g0xx_hal_tim_ex.c ****   ==============================================================================
  30:Drivers/STM32G0xx_HAL_Driver/Src/stm32g0xx_hal_tim_ex.c ****   [..]
  31:Drivers/STM32G0xx_HAL_Driver/Src/stm32g0xx_hal_tim_ex.c ****     The Timer Extended features include:
  32:Drivers/STM32G0xx_HAL_Driver/Src/stm32g0xx_hal_tim_ex.c ****     (#) Complementary outputs with programmable dead-time for :
  33:Drivers/STM32G0xx_HAL_Driver/Src/stm32g0xx_hal_tim_ex.c ****         (++) Output Compare
  34:Drivers/STM32G0xx_HAL_Driver/Src/stm32g0xx_hal_tim_ex.c ****         (++) PWM generation (Edge and Center-aligned Mode)
  35:Drivers/STM32G0xx_HAL_Driver/Src/stm32g0xx_hal_tim_ex.c ****         (++) One-pulse mode output
  36:Drivers/STM32G0xx_HAL_Driver/Src/stm32g0xx_hal_tim_ex.c ****     (#) Synchronization circuit to control the timer with external signals and to
  37:Drivers/STM32G0xx_HAL_Driver/Src/stm32g0xx_hal_tim_ex.c ****         interconnect several timers together.
  38:Drivers/STM32G0xx_HAL_Driver/Src/stm32g0xx_hal_tim_ex.c ****     (#) Break input to put the timer output signals in reset state or in a known state.
  39:Drivers/STM32G0xx_HAL_Driver/Src/stm32g0xx_hal_tim_ex.c ****     (#) Supports incremental (quadrature) encoder and hall-sensor circuitry for
  40:Drivers/STM32G0xx_HAL_Driver/Src/stm32g0xx_hal_tim_ex.c ****         positioning purposes
  41:Drivers/STM32G0xx_HAL_Driver/Src/stm32g0xx_hal_tim_ex.c **** 
  42:Drivers/STM32G0xx_HAL_Driver/Src/stm32g0xx_hal_tim_ex.c ****             ##### How to use this driver #####
  43:Drivers/STM32G0xx_HAL_Driver/Src/stm32g0xx_hal_tim_ex.c ****   ==============================================================================
  44:Drivers/STM32G0xx_HAL_Driver/Src/stm32g0xx_hal_tim_ex.c ****     [..]
  45:Drivers/STM32G0xx_HAL_Driver/Src/stm32g0xx_hal_tim_ex.c ****      (#) Initialize the TIM low level resources by implementing the following functions
  46:Drivers/STM32G0xx_HAL_Driver/Src/stm32g0xx_hal_tim_ex.c ****          depending on the selected feature:
  47:Drivers/STM32G0xx_HAL_Driver/Src/stm32g0xx_hal_tim_ex.c ****            (++) Hall Sensor output : HAL_TIMEx_HallSensor_MspInit()
  48:Drivers/STM32G0xx_HAL_Driver/Src/stm32g0xx_hal_tim_ex.c **** 
  49:Drivers/STM32G0xx_HAL_Driver/Src/stm32g0xx_hal_tim_ex.c ****      (#) Initialize the TIM low level resources :
  50:Drivers/STM32G0xx_HAL_Driver/Src/stm32g0xx_hal_tim_ex.c ****         (##) Enable the TIM interface clock using __HAL_RCC_TIMx_CLK_ENABLE();
  51:Drivers/STM32G0xx_HAL_Driver/Src/stm32g0xx_hal_tim_ex.c ****         (##) TIM pins configuration
  52:Drivers/STM32G0xx_HAL_Driver/Src/stm32g0xx_hal_tim_ex.c ****             (+++) Enable the clock for the TIM GPIOs using the following function:
  53:Drivers/STM32G0xx_HAL_Driver/Src/stm32g0xx_hal_tim_ex.c ****               __HAL_RCC_GPIOx_CLK_ENABLE();
  54:Drivers/STM32G0xx_HAL_Driver/Src/stm32g0xx_hal_tim_ex.c ****             (+++) Configure these TIM pins in Alternate function mode using HAL_GPIO_Init();
  55:Drivers/STM32G0xx_HAL_Driver/Src/stm32g0xx_hal_tim_ex.c **** 
  56:Drivers/STM32G0xx_HAL_Driver/Src/stm32g0xx_hal_tim_ex.c ****      (#) The external Clock can be configured, if needed (the default clock is the
  57:Drivers/STM32G0xx_HAL_Driver/Src/stm32g0xx_hal_tim_ex.c ****          internal clock from the APBx), using the following function:
  58:Drivers/STM32G0xx_HAL_Driver/Src/stm32g0xx_hal_tim_ex.c ****          HAL_TIM_ConfigClockSource, the clock configuration should be done before
  59:Drivers/STM32G0xx_HAL_Driver/Src/stm32g0xx_hal_tim_ex.c ****          any start function.
  60:Drivers/STM32G0xx_HAL_Driver/Src/stm32g0xx_hal_tim_ex.c **** 
  61:Drivers/STM32G0xx_HAL_Driver/Src/stm32g0xx_hal_tim_ex.c ****      (#) Configure the TIM in the desired functioning mode using one of the
  62:Drivers/STM32G0xx_HAL_Driver/Src/stm32g0xx_hal_tim_ex.c ****          initialization function of this driver:
  63:Drivers/STM32G0xx_HAL_Driver/Src/stm32g0xx_hal_tim_ex.c ****           (++) HAL_TIMEx_HallSensor_Init() and HAL_TIMEx_ConfigCommutEvent(): to use the
  64:Drivers/STM32G0xx_HAL_Driver/Src/stm32g0xx_hal_tim_ex.c ****                Timer Hall Sensor Interface and the commutation event with the corresponding
  65:Drivers/STM32G0xx_HAL_Driver/Src/stm32g0xx_hal_tim_ex.c ****                Interrupt and DMA request if needed (Note that One Timer is used to interface
  66:Drivers/STM32G0xx_HAL_Driver/Src/stm32g0xx_hal_tim_ex.c ****                with the Hall sensor Interface and another Timer should be used to use
  67:Drivers/STM32G0xx_HAL_Driver/Src/stm32g0xx_hal_tim_ex.c ****                the commutation event).
  68:Drivers/STM32G0xx_HAL_Driver/Src/stm32g0xx_hal_tim_ex.c **** 
  69:Drivers/STM32G0xx_HAL_Driver/Src/stm32g0xx_hal_tim_ex.c ****      (#) Activate the TIM peripheral using one of the start functions:
  70:Drivers/STM32G0xx_HAL_Driver/Src/stm32g0xx_hal_tim_ex.c ****            (++) Complementary Output Compare : HAL_TIMEx_OCN_Start(), HAL_TIMEx_OCN_Start_DMA(),
  71:Drivers/STM32G0xx_HAL_Driver/Src/stm32g0xx_hal_tim_ex.c ****                 HAL_TIMEx_OCN_Start_IT()
  72:Drivers/STM32G0xx_HAL_Driver/Src/stm32g0xx_hal_tim_ex.c ****            (++) Complementary PWM generation : HAL_TIMEx_PWMN_Start(), HAL_TIMEx_PWMN_Start_DMA(),
  73:Drivers/STM32G0xx_HAL_Driver/Src/stm32g0xx_hal_tim_ex.c ****                 HAL_TIMEx_PWMN_Start_IT()
  74:Drivers/STM32G0xx_HAL_Driver/Src/stm32g0xx_hal_tim_ex.c ****            (++) Complementary One-pulse mode output : HAL_TIMEx_OnePulseN_Start(), HAL_TIMEx_OnePul
  75:Drivers/STM32G0xx_HAL_Driver/Src/stm32g0xx_hal_tim_ex.c ****            (++) Hall Sensor output : HAL_TIMEx_HallSensor_Start(), HAL_TIMEx_HallSensor_Start_DMA()
  76:Drivers/STM32G0xx_HAL_Driver/Src/stm32g0xx_hal_tim_ex.c ****                 HAL_TIMEx_HallSensor_Start_IT().
  77:Drivers/STM32G0xx_HAL_Driver/Src/stm32g0xx_hal_tim_ex.c **** 
  78:Drivers/STM32G0xx_HAL_Driver/Src/stm32g0xx_hal_tim_ex.c ****   @endverbatim
  79:Drivers/STM32G0xx_HAL_Driver/Src/stm32g0xx_hal_tim_ex.c ****   ******************************************************************************
  80:Drivers/STM32G0xx_HAL_Driver/Src/stm32g0xx_hal_tim_ex.c ****   */
  81:Drivers/STM32G0xx_HAL_Driver/Src/stm32g0xx_hal_tim_ex.c **** 
  82:Drivers/STM32G0xx_HAL_Driver/Src/stm32g0xx_hal_tim_ex.c **** /* Includes ------------------------------------------------------------------*/
  83:Drivers/STM32G0xx_HAL_Driver/Src/stm32g0xx_hal_tim_ex.c **** #include "stm32g0xx_hal.h"
  84:Drivers/STM32G0xx_HAL_Driver/Src/stm32g0xx_hal_tim_ex.c **** 
ARM GAS  C:\Users\a_hae\AppData\Local\Temp\ccujrzwF.s 			page 3


  85:Drivers/STM32G0xx_HAL_Driver/Src/stm32g0xx_hal_tim_ex.c **** /** @addtogroup STM32G0xx_HAL_Driver
  86:Drivers/STM32G0xx_HAL_Driver/Src/stm32g0xx_hal_tim_ex.c ****   * @{
  87:Drivers/STM32G0xx_HAL_Driver/Src/stm32g0xx_hal_tim_ex.c ****   */
  88:Drivers/STM32G0xx_HAL_Driver/Src/stm32g0xx_hal_tim_ex.c **** 
  89:Drivers/STM32G0xx_HAL_Driver/Src/stm32g0xx_hal_tim_ex.c **** /** @defgroup TIMEx TIMEx
  90:Drivers/STM32G0xx_HAL_Driver/Src/stm32g0xx_hal_tim_ex.c ****   * @brief TIM Extended HAL module driver
  91:Drivers/STM32G0xx_HAL_Driver/Src/stm32g0xx_hal_tim_ex.c ****   * @{
  92:Drivers/STM32G0xx_HAL_Driver/Src/stm32g0xx_hal_tim_ex.c ****   */
  93:Drivers/STM32G0xx_HAL_Driver/Src/stm32g0xx_hal_tim_ex.c **** 
  94:Drivers/STM32G0xx_HAL_Driver/Src/stm32g0xx_hal_tim_ex.c **** #ifdef HAL_TIM_MODULE_ENABLED
  95:Drivers/STM32G0xx_HAL_Driver/Src/stm32g0xx_hal_tim_ex.c **** 
  96:Drivers/STM32G0xx_HAL_Driver/Src/stm32g0xx_hal_tim_ex.c **** /* Private typedef -----------------------------------------------------------*/
  97:Drivers/STM32G0xx_HAL_Driver/Src/stm32g0xx_hal_tim_ex.c **** /* Private define ------------------------------------------------------------*/
  98:Drivers/STM32G0xx_HAL_Driver/Src/stm32g0xx_hal_tim_ex.c **** /* Private constants ---------------------------------------------------------*/
  99:Drivers/STM32G0xx_HAL_Driver/Src/stm32g0xx_hal_tim_ex.c **** /** @defgroup TIMEx_Private_Constants TIM Extended Private Constants
 100:Drivers/STM32G0xx_HAL_Driver/Src/stm32g0xx_hal_tim_ex.c ****   * @{
 101:Drivers/STM32G0xx_HAL_Driver/Src/stm32g0xx_hal_tim_ex.c ****   */
 102:Drivers/STM32G0xx_HAL_Driver/Src/stm32g0xx_hal_tim_ex.c **** /* Timeout for break input rearm */
 103:Drivers/STM32G0xx_HAL_Driver/Src/stm32g0xx_hal_tim_ex.c **** #define TIM_BREAKINPUT_REARM_TIMEOUT    5UL /* 5 milliseconds */
 104:Drivers/STM32G0xx_HAL_Driver/Src/stm32g0xx_hal_tim_ex.c **** /**
 105:Drivers/STM32G0xx_HAL_Driver/Src/stm32g0xx_hal_tim_ex.c ****   * @}
 106:Drivers/STM32G0xx_HAL_Driver/Src/stm32g0xx_hal_tim_ex.c ****   */
 107:Drivers/STM32G0xx_HAL_Driver/Src/stm32g0xx_hal_tim_ex.c **** /* End of private constants --------------------------------------------------*/
 108:Drivers/STM32G0xx_HAL_Driver/Src/stm32g0xx_hal_tim_ex.c **** 
 109:Drivers/STM32G0xx_HAL_Driver/Src/stm32g0xx_hal_tim_ex.c **** /* Private macros ------------------------------------------------------------*/
 110:Drivers/STM32G0xx_HAL_Driver/Src/stm32g0xx_hal_tim_ex.c **** /* Private variables ---------------------------------------------------------*/
 111:Drivers/STM32G0xx_HAL_Driver/Src/stm32g0xx_hal_tim_ex.c **** /* Private function prototypes -----------------------------------------------*/
 112:Drivers/STM32G0xx_HAL_Driver/Src/stm32g0xx_hal_tim_ex.c **** static void TIM_DMADelayPulseNCplt(DMA_HandleTypeDef *hdma);
 113:Drivers/STM32G0xx_HAL_Driver/Src/stm32g0xx_hal_tim_ex.c **** static void TIM_DMAErrorCCxN(DMA_HandleTypeDef *hdma);
 114:Drivers/STM32G0xx_HAL_Driver/Src/stm32g0xx_hal_tim_ex.c **** static void TIM_CCxNChannelCmd(TIM_TypeDef *TIMx, uint32_t Channel, uint32_t ChannelNState);
 115:Drivers/STM32G0xx_HAL_Driver/Src/stm32g0xx_hal_tim_ex.c **** 
 116:Drivers/STM32G0xx_HAL_Driver/Src/stm32g0xx_hal_tim_ex.c **** /* Exported functions --------------------------------------------------------*/
 117:Drivers/STM32G0xx_HAL_Driver/Src/stm32g0xx_hal_tim_ex.c **** /** @defgroup TIMEx_Exported_Functions TIM Extended Exported Functions
 118:Drivers/STM32G0xx_HAL_Driver/Src/stm32g0xx_hal_tim_ex.c ****   * @{
 119:Drivers/STM32G0xx_HAL_Driver/Src/stm32g0xx_hal_tim_ex.c ****   */
 120:Drivers/STM32G0xx_HAL_Driver/Src/stm32g0xx_hal_tim_ex.c **** 
 121:Drivers/STM32G0xx_HAL_Driver/Src/stm32g0xx_hal_tim_ex.c **** /** @defgroup TIMEx_Exported_Functions_Group1 Extended Timer Hall Sensor functions
 122:Drivers/STM32G0xx_HAL_Driver/Src/stm32g0xx_hal_tim_ex.c ****   * @brief    Timer Hall Sensor functions
 123:Drivers/STM32G0xx_HAL_Driver/Src/stm32g0xx_hal_tim_ex.c ****   *
 124:Drivers/STM32G0xx_HAL_Driver/Src/stm32g0xx_hal_tim_ex.c **** @verbatim
 125:Drivers/STM32G0xx_HAL_Driver/Src/stm32g0xx_hal_tim_ex.c ****   ==============================================================================
 126:Drivers/STM32G0xx_HAL_Driver/Src/stm32g0xx_hal_tim_ex.c ****                       ##### Timer Hall Sensor functions #####
 127:Drivers/STM32G0xx_HAL_Driver/Src/stm32g0xx_hal_tim_ex.c ****   ==============================================================================
 128:Drivers/STM32G0xx_HAL_Driver/Src/stm32g0xx_hal_tim_ex.c ****   [..]
 129:Drivers/STM32G0xx_HAL_Driver/Src/stm32g0xx_hal_tim_ex.c ****     This section provides functions allowing to:
 130:Drivers/STM32G0xx_HAL_Driver/Src/stm32g0xx_hal_tim_ex.c ****     (+) Initialize and configure TIM HAL Sensor.
 131:Drivers/STM32G0xx_HAL_Driver/Src/stm32g0xx_hal_tim_ex.c ****     (+) De-initialize TIM HAL Sensor.
 132:Drivers/STM32G0xx_HAL_Driver/Src/stm32g0xx_hal_tim_ex.c ****     (+) Start the Hall Sensor Interface.
 133:Drivers/STM32G0xx_HAL_Driver/Src/stm32g0xx_hal_tim_ex.c ****     (+) Stop the Hall Sensor Interface.
 134:Drivers/STM32G0xx_HAL_Driver/Src/stm32g0xx_hal_tim_ex.c ****     (+) Start the Hall Sensor Interface and enable interrupts.
 135:Drivers/STM32G0xx_HAL_Driver/Src/stm32g0xx_hal_tim_ex.c ****     (+) Stop the Hall Sensor Interface and disable interrupts.
 136:Drivers/STM32G0xx_HAL_Driver/Src/stm32g0xx_hal_tim_ex.c ****     (+) Start the Hall Sensor Interface and enable DMA transfers.
 137:Drivers/STM32G0xx_HAL_Driver/Src/stm32g0xx_hal_tim_ex.c ****     (+) Stop the Hall Sensor Interface and disable DMA transfers.
 138:Drivers/STM32G0xx_HAL_Driver/Src/stm32g0xx_hal_tim_ex.c **** 
 139:Drivers/STM32G0xx_HAL_Driver/Src/stm32g0xx_hal_tim_ex.c **** @endverbatim
 140:Drivers/STM32G0xx_HAL_Driver/Src/stm32g0xx_hal_tim_ex.c ****   * @{
 141:Drivers/STM32G0xx_HAL_Driver/Src/stm32g0xx_hal_tim_ex.c ****   */
ARM GAS  C:\Users\a_hae\AppData\Local\Temp\ccujrzwF.s 			page 4


 142:Drivers/STM32G0xx_HAL_Driver/Src/stm32g0xx_hal_tim_ex.c **** /**
 143:Drivers/STM32G0xx_HAL_Driver/Src/stm32g0xx_hal_tim_ex.c ****   * @brief  Initializes the TIM Hall Sensor Interface and initialize the associated handle.
 144:Drivers/STM32G0xx_HAL_Driver/Src/stm32g0xx_hal_tim_ex.c ****   * @note   When the timer instance is initialized in Hall Sensor Interface mode,
 145:Drivers/STM32G0xx_HAL_Driver/Src/stm32g0xx_hal_tim_ex.c ****   *         timer channels 1 and channel 2 are reserved and cannot be used for
 146:Drivers/STM32G0xx_HAL_Driver/Src/stm32g0xx_hal_tim_ex.c ****   *         other purpose.
 147:Drivers/STM32G0xx_HAL_Driver/Src/stm32g0xx_hal_tim_ex.c ****   * @param  htim TIM Hall Sensor Interface handle
 148:Drivers/STM32G0xx_HAL_Driver/Src/stm32g0xx_hal_tim_ex.c ****   * @param  sConfig TIM Hall Sensor configuration structure
 149:Drivers/STM32G0xx_HAL_Driver/Src/stm32g0xx_hal_tim_ex.c ****   * @retval HAL status
 150:Drivers/STM32G0xx_HAL_Driver/Src/stm32g0xx_hal_tim_ex.c ****   */
 151:Drivers/STM32G0xx_HAL_Driver/Src/stm32g0xx_hal_tim_ex.c **** HAL_StatusTypeDef HAL_TIMEx_HallSensor_Init(TIM_HandleTypeDef *htim, const TIM_HallSensor_InitTypeD
 152:Drivers/STM32G0xx_HAL_Driver/Src/stm32g0xx_hal_tim_ex.c **** {
  33              		.loc 1 152 1
  34              		.cfi_startproc
  35              		@ args = 0, pretend = 0, frame = 40
  36              		@ frame_needed = 1, uses_anonymous_args = 0
  37 0000 80B5     		push	{r7, lr}
  38              	.LCFI0:
  39              		.cfi_def_cfa_offset 8
  40              		.cfi_offset 7, -8
  41              		.cfi_offset 14, -4
  42 0002 8AB0     		sub	sp, sp, #40
  43              	.LCFI1:
  44              		.cfi_def_cfa_offset 48
  45 0004 00AF     		add	r7, sp, #0
  46              	.LCFI2:
  47              		.cfi_def_cfa_register 7
  48 0006 7860     		str	r0, [r7, #4]
  49 0008 3960     		str	r1, [r7]
 153:Drivers/STM32G0xx_HAL_Driver/Src/stm32g0xx_hal_tim_ex.c ****   TIM_OC_InitTypeDef OC_Config;
 154:Drivers/STM32G0xx_HAL_Driver/Src/stm32g0xx_hal_tim_ex.c **** 
 155:Drivers/STM32G0xx_HAL_Driver/Src/stm32g0xx_hal_tim_ex.c ****   /* Check the TIM handle allocation */
 156:Drivers/STM32G0xx_HAL_Driver/Src/stm32g0xx_hal_tim_ex.c ****   if (htim == NULL)
  50              		.loc 1 156 6
  51 000a 7B68     		ldr	r3, [r7, #4]
  52 000c 002B     		cmp	r3, #0
  53 000e 01D1     		bne	.L2
 157:Drivers/STM32G0xx_HAL_Driver/Src/stm32g0xx_hal_tim_ex.c ****   {
 158:Drivers/STM32G0xx_HAL_Driver/Src/stm32g0xx_hal_tim_ex.c ****     return HAL_ERROR;
  54              		.loc 1 158 12
  55 0010 0123     		movs	r3, #1
  56 0012 A2E0     		b	.L5
  57              	.L2:
 159:Drivers/STM32G0xx_HAL_Driver/Src/stm32g0xx_hal_tim_ex.c ****   }
 160:Drivers/STM32G0xx_HAL_Driver/Src/stm32g0xx_hal_tim_ex.c **** 
 161:Drivers/STM32G0xx_HAL_Driver/Src/stm32g0xx_hal_tim_ex.c ****   /* Check the parameters */
 162:Drivers/STM32G0xx_HAL_Driver/Src/stm32g0xx_hal_tim_ex.c ****   assert_param(IS_TIM_HALL_SENSOR_INTERFACE_INSTANCE(htim->Instance));
 163:Drivers/STM32G0xx_HAL_Driver/Src/stm32g0xx_hal_tim_ex.c ****   assert_param(IS_TIM_COUNTER_MODE(htim->Init.CounterMode));
 164:Drivers/STM32G0xx_HAL_Driver/Src/stm32g0xx_hal_tim_ex.c ****   assert_param(IS_TIM_CLOCKDIVISION_DIV(htim->Init.ClockDivision));
 165:Drivers/STM32G0xx_HAL_Driver/Src/stm32g0xx_hal_tim_ex.c ****   assert_param(IS_TIM_AUTORELOAD_PRELOAD(htim->Init.AutoReloadPreload));
 166:Drivers/STM32G0xx_HAL_Driver/Src/stm32g0xx_hal_tim_ex.c ****   assert_param(IS_TIM_IC_POLARITY(sConfig->IC1Polarity));
 167:Drivers/STM32G0xx_HAL_Driver/Src/stm32g0xx_hal_tim_ex.c ****   assert_param(IS_TIM_PERIOD(htim, htim->Init.Period));
 168:Drivers/STM32G0xx_HAL_Driver/Src/stm32g0xx_hal_tim_ex.c ****   assert_param(IS_TIM_IC_PRESCALER(sConfig->IC1Prescaler));
 169:Drivers/STM32G0xx_HAL_Driver/Src/stm32g0xx_hal_tim_ex.c ****   assert_param(IS_TIM_IC_FILTER(sConfig->IC1Filter));
 170:Drivers/STM32G0xx_HAL_Driver/Src/stm32g0xx_hal_tim_ex.c **** 
 171:Drivers/STM32G0xx_HAL_Driver/Src/stm32g0xx_hal_tim_ex.c ****   if (htim->State == HAL_TIM_STATE_RESET)
  58              		.loc 1 171 11
  59 0014 7B68     		ldr	r3, [r7, #4]
ARM GAS  C:\Users\a_hae\AppData\Local\Temp\ccujrzwF.s 			page 5


  60 0016 3D22     		movs	r2, #61
  61 0018 9B5C     		ldrb	r3, [r3, r2]
  62 001a DBB2     		uxtb	r3, r3
  63              		.loc 1 171 6
  64 001c 002B     		cmp	r3, #0
  65 001e 07D1     		bne	.L4
 172:Drivers/STM32G0xx_HAL_Driver/Src/stm32g0xx_hal_tim_ex.c ****   {
 173:Drivers/STM32G0xx_HAL_Driver/Src/stm32g0xx_hal_tim_ex.c ****     /* Allocate lock resource and initialize it */
 174:Drivers/STM32G0xx_HAL_Driver/Src/stm32g0xx_hal_tim_ex.c ****     htim->Lock = HAL_UNLOCKED;
  66              		.loc 1 174 16
  67 0020 7B68     		ldr	r3, [r7, #4]
  68 0022 3C22     		movs	r2, #60
  69 0024 0021     		movs	r1, #0
  70 0026 9954     		strb	r1, [r3, r2]
 175:Drivers/STM32G0xx_HAL_Driver/Src/stm32g0xx_hal_tim_ex.c **** 
 176:Drivers/STM32G0xx_HAL_Driver/Src/stm32g0xx_hal_tim_ex.c **** #if (USE_HAL_TIM_REGISTER_CALLBACKS == 1)
 177:Drivers/STM32G0xx_HAL_Driver/Src/stm32g0xx_hal_tim_ex.c ****     /* Reset interrupt callbacks to legacy week callbacks */
 178:Drivers/STM32G0xx_HAL_Driver/Src/stm32g0xx_hal_tim_ex.c ****     TIM_ResetCallback(htim);
 179:Drivers/STM32G0xx_HAL_Driver/Src/stm32g0xx_hal_tim_ex.c **** 
 180:Drivers/STM32G0xx_HAL_Driver/Src/stm32g0xx_hal_tim_ex.c ****     if (htim->HallSensor_MspInitCallback == NULL)
 181:Drivers/STM32G0xx_HAL_Driver/Src/stm32g0xx_hal_tim_ex.c ****     {
 182:Drivers/STM32G0xx_HAL_Driver/Src/stm32g0xx_hal_tim_ex.c ****       htim->HallSensor_MspInitCallback = HAL_TIMEx_HallSensor_MspInit;
 183:Drivers/STM32G0xx_HAL_Driver/Src/stm32g0xx_hal_tim_ex.c ****     }
 184:Drivers/STM32G0xx_HAL_Driver/Src/stm32g0xx_hal_tim_ex.c ****     /* Init the low level hardware : GPIO, CLOCK, NVIC */
 185:Drivers/STM32G0xx_HAL_Driver/Src/stm32g0xx_hal_tim_ex.c ****     htim->HallSensor_MspInitCallback(htim);
 186:Drivers/STM32G0xx_HAL_Driver/Src/stm32g0xx_hal_tim_ex.c **** #else
 187:Drivers/STM32G0xx_HAL_Driver/Src/stm32g0xx_hal_tim_ex.c ****     /* Init the low level hardware : GPIO, CLOCK, NVIC and DMA */
 188:Drivers/STM32G0xx_HAL_Driver/Src/stm32g0xx_hal_tim_ex.c ****     HAL_TIMEx_HallSensor_MspInit(htim);
  71              		.loc 1 188 5
  72 0028 7B68     		ldr	r3, [r7, #4]
  73 002a 1800     		movs	r0, r3
  74 002c FFF7FEFF 		bl	HAL_TIMEx_HallSensor_MspInit
  75              	.L4:
 189:Drivers/STM32G0xx_HAL_Driver/Src/stm32g0xx_hal_tim_ex.c **** #endif /* USE_HAL_TIM_REGISTER_CALLBACKS */
 190:Drivers/STM32G0xx_HAL_Driver/Src/stm32g0xx_hal_tim_ex.c ****   }
 191:Drivers/STM32G0xx_HAL_Driver/Src/stm32g0xx_hal_tim_ex.c **** 
 192:Drivers/STM32G0xx_HAL_Driver/Src/stm32g0xx_hal_tim_ex.c ****   /* Set the TIM state */
 193:Drivers/STM32G0xx_HAL_Driver/Src/stm32g0xx_hal_tim_ex.c ****   htim->State = HAL_TIM_STATE_BUSY;
  76              		.loc 1 193 15
  77 0030 7B68     		ldr	r3, [r7, #4]
  78 0032 3D22     		movs	r2, #61
  79 0034 0221     		movs	r1, #2
  80 0036 9954     		strb	r1, [r3, r2]
 194:Drivers/STM32G0xx_HAL_Driver/Src/stm32g0xx_hal_tim_ex.c **** 
 195:Drivers/STM32G0xx_HAL_Driver/Src/stm32g0xx_hal_tim_ex.c ****   /* Configure the Time base in the Encoder Mode */
 196:Drivers/STM32G0xx_HAL_Driver/Src/stm32g0xx_hal_tim_ex.c ****   TIM_Base_SetConfig(htim->Instance, &htim->Init);
  81              		.loc 1 196 3
  82 0038 7B68     		ldr	r3, [r7, #4]
  83 003a 1A68     		ldr	r2, [r3]
  84              		.loc 1 196 38
  85 003c 7B68     		ldr	r3, [r7, #4]
  86 003e 0433     		adds	r3, r3, #4
  87              		.loc 1 196 3
  88 0040 1900     		movs	r1, r3
  89 0042 1000     		movs	r0, r2
  90 0044 FFF7FEFF 		bl	TIM_Base_SetConfig
 197:Drivers/STM32G0xx_HAL_Driver/Src/stm32g0xx_hal_tim_ex.c **** 
ARM GAS  C:\Users\a_hae\AppData\Local\Temp\ccujrzwF.s 			page 6


 198:Drivers/STM32G0xx_HAL_Driver/Src/stm32g0xx_hal_tim_ex.c ****   /* Configure the Channel 1 as Input Channel to interface with the three Outputs of the  Hall sens
 199:Drivers/STM32G0xx_HAL_Driver/Src/stm32g0xx_hal_tim_ex.c ****   TIM_TI1_SetConfig(htim->Instance, sConfig->IC1Polarity, TIM_ICSELECTION_TRC, sConfig->IC1Filter);
  91              		.loc 1 199 3
  92 0048 7B68     		ldr	r3, [r7, #4]
  93 004a 1868     		ldr	r0, [r3]
  94              		.loc 1 199 44
  95 004c 3B68     		ldr	r3, [r7]
  96 004e 1968     		ldr	r1, [r3]
  97              		.loc 1 199 87
  98 0050 3B68     		ldr	r3, [r7]
  99 0052 9B68     		ldr	r3, [r3, #8]
 100              		.loc 1 199 3
 101 0054 0322     		movs	r2, #3
 102 0056 FFF7FEFF 		bl	TIM_TI1_SetConfig
 200:Drivers/STM32G0xx_HAL_Driver/Src/stm32g0xx_hal_tim_ex.c **** 
 201:Drivers/STM32G0xx_HAL_Driver/Src/stm32g0xx_hal_tim_ex.c ****   /* Reset the IC1PSC Bits */
 202:Drivers/STM32G0xx_HAL_Driver/Src/stm32g0xx_hal_tim_ex.c ****   htim->Instance->CCMR1 &= ~TIM_CCMR1_IC1PSC;
 103              		.loc 1 202 7
 104 005a 7B68     		ldr	r3, [r7, #4]
 105 005c 1B68     		ldr	r3, [r3]
 106              		.loc 1 202 17
 107 005e 9A69     		ldr	r2, [r3, #24]
 108              		.loc 1 202 7
 109 0060 7B68     		ldr	r3, [r7, #4]
 110 0062 1B68     		ldr	r3, [r3]
 111              		.loc 1 202 25
 112 0064 0C21     		movs	r1, #12
 113 0066 8A43     		bics	r2, r1
 114 0068 9A61     		str	r2, [r3, #24]
 203:Drivers/STM32G0xx_HAL_Driver/Src/stm32g0xx_hal_tim_ex.c ****   /* Set the IC1PSC value */
 204:Drivers/STM32G0xx_HAL_Driver/Src/stm32g0xx_hal_tim_ex.c ****   htim->Instance->CCMR1 |= sConfig->IC1Prescaler;
 115              		.loc 1 204 7
 116 006a 7B68     		ldr	r3, [r7, #4]
 117 006c 1B68     		ldr	r3, [r3]
 118              		.loc 1 204 17
 119 006e 9969     		ldr	r1, [r3, #24]
 120              		.loc 1 204 35
 121 0070 3B68     		ldr	r3, [r7]
 122 0072 5A68     		ldr	r2, [r3, #4]
 123              		.loc 1 204 7
 124 0074 7B68     		ldr	r3, [r7, #4]
 125 0076 1B68     		ldr	r3, [r3]
 126              		.loc 1 204 25
 127 0078 0A43     		orrs	r2, r1
 128 007a 9A61     		str	r2, [r3, #24]
 205:Drivers/STM32G0xx_HAL_Driver/Src/stm32g0xx_hal_tim_ex.c **** 
 206:Drivers/STM32G0xx_HAL_Driver/Src/stm32g0xx_hal_tim_ex.c ****   /* Enable the Hall sensor interface (XOR function of the three inputs) */
 207:Drivers/STM32G0xx_HAL_Driver/Src/stm32g0xx_hal_tim_ex.c ****   htim->Instance->CR2 |= TIM_CR2_TI1S;
 129              		.loc 1 207 7
 130 007c 7B68     		ldr	r3, [r7, #4]
 131 007e 1B68     		ldr	r3, [r3]
 132              		.loc 1 207 17
 133 0080 5A68     		ldr	r2, [r3, #4]
 134              		.loc 1 207 7
 135 0082 7B68     		ldr	r3, [r7, #4]
 136 0084 1B68     		ldr	r3, [r3]
 137              		.loc 1 207 23
ARM GAS  C:\Users\a_hae\AppData\Local\Temp\ccujrzwF.s 			page 7


 138 0086 8021     		movs	r1, #128
 139 0088 0A43     		orrs	r2, r1
 140 008a 5A60     		str	r2, [r3, #4]
 208:Drivers/STM32G0xx_HAL_Driver/Src/stm32g0xx_hal_tim_ex.c **** 
 209:Drivers/STM32G0xx_HAL_Driver/Src/stm32g0xx_hal_tim_ex.c ****   /* Select the TIM_TS_TI1F_ED signal as Input trigger for the TIM */
 210:Drivers/STM32G0xx_HAL_Driver/Src/stm32g0xx_hal_tim_ex.c ****   htim->Instance->SMCR &= ~TIM_SMCR_TS;
 141              		.loc 1 210 7
 142 008c 7B68     		ldr	r3, [r7, #4]
 143 008e 1B68     		ldr	r3, [r3]
 144              		.loc 1 210 17
 145 0090 9A68     		ldr	r2, [r3, #8]
 146              		.loc 1 210 7
 147 0092 7B68     		ldr	r3, [r7, #4]
 148 0094 1B68     		ldr	r3, [r3]
 149              		.loc 1 210 24
 150 0096 3349     		ldr	r1, .L6
 151 0098 0A40     		ands	r2, r1
 152 009a 9A60     		str	r2, [r3, #8]
 211:Drivers/STM32G0xx_HAL_Driver/Src/stm32g0xx_hal_tim_ex.c ****   htim->Instance->SMCR |= TIM_TS_TI1F_ED;
 153              		.loc 1 211 7
 154 009c 7B68     		ldr	r3, [r7, #4]
 155 009e 1B68     		ldr	r3, [r3]
 156              		.loc 1 211 17
 157 00a0 9A68     		ldr	r2, [r3, #8]
 158              		.loc 1 211 7
 159 00a2 7B68     		ldr	r3, [r7, #4]
 160 00a4 1B68     		ldr	r3, [r3]
 161              		.loc 1 211 24
 162 00a6 4021     		movs	r1, #64
 163 00a8 0A43     		orrs	r2, r1
 164 00aa 9A60     		str	r2, [r3, #8]
 212:Drivers/STM32G0xx_HAL_Driver/Src/stm32g0xx_hal_tim_ex.c **** 
 213:Drivers/STM32G0xx_HAL_Driver/Src/stm32g0xx_hal_tim_ex.c ****   /* Use the TIM_TS_TI1F_ED signal to reset the TIM counter each edge detection */
 214:Drivers/STM32G0xx_HAL_Driver/Src/stm32g0xx_hal_tim_ex.c ****   htim->Instance->SMCR &= ~TIM_SMCR_SMS;
 165              		.loc 1 214 7
 166 00ac 7B68     		ldr	r3, [r7, #4]
 167 00ae 1B68     		ldr	r3, [r3]
 168              		.loc 1 214 17
 169 00b0 9A68     		ldr	r2, [r3, #8]
 170              		.loc 1 214 7
 171 00b2 7B68     		ldr	r3, [r7, #4]
 172 00b4 1B68     		ldr	r3, [r3]
 173              		.loc 1 214 24
 174 00b6 2C49     		ldr	r1, .L6+4
 175 00b8 0A40     		ands	r2, r1
 176 00ba 9A60     		str	r2, [r3, #8]
 215:Drivers/STM32G0xx_HAL_Driver/Src/stm32g0xx_hal_tim_ex.c ****   htim->Instance->SMCR |= TIM_SLAVEMODE_RESET;
 177              		.loc 1 215 7
 178 00bc 7B68     		ldr	r3, [r7, #4]
 179 00be 1B68     		ldr	r3, [r3]
 180              		.loc 1 215 17
 181 00c0 9A68     		ldr	r2, [r3, #8]
 182              		.loc 1 215 7
 183 00c2 7B68     		ldr	r3, [r7, #4]
 184 00c4 1B68     		ldr	r3, [r3]
 185              		.loc 1 215 24
 186 00c6 0421     		movs	r1, #4
ARM GAS  C:\Users\a_hae\AppData\Local\Temp\ccujrzwF.s 			page 8


 187 00c8 0A43     		orrs	r2, r1
 188 00ca 9A60     		str	r2, [r3, #8]
 216:Drivers/STM32G0xx_HAL_Driver/Src/stm32g0xx_hal_tim_ex.c **** 
 217:Drivers/STM32G0xx_HAL_Driver/Src/stm32g0xx_hal_tim_ex.c ****   /* Program channel 2 in PWM 2 mode with the desired Commutation_Delay*/
 218:Drivers/STM32G0xx_HAL_Driver/Src/stm32g0xx_hal_tim_ex.c ****   OC_Config.OCFastMode = TIM_OCFAST_DISABLE;
 189              		.loc 1 218 24
 190 00cc 0C21     		movs	r1, #12
 191 00ce 7B18     		adds	r3, r7, r1
 192 00d0 0022     		movs	r2, #0
 193 00d2 1A61     		str	r2, [r3, #16]
 219:Drivers/STM32G0xx_HAL_Driver/Src/stm32g0xx_hal_tim_ex.c ****   OC_Config.OCIdleState = TIM_OCIDLESTATE_RESET;
 194              		.loc 1 219 25
 195 00d4 7B18     		adds	r3, r7, r1
 196 00d6 0022     		movs	r2, #0
 197 00d8 5A61     		str	r2, [r3, #20]
 220:Drivers/STM32G0xx_HAL_Driver/Src/stm32g0xx_hal_tim_ex.c ****   OC_Config.OCMode = TIM_OCMODE_PWM2;
 198              		.loc 1 220 20
 199 00da 7B18     		adds	r3, r7, r1
 200 00dc 7022     		movs	r2, #112
 201 00de 1A60     		str	r2, [r3]
 221:Drivers/STM32G0xx_HAL_Driver/Src/stm32g0xx_hal_tim_ex.c ****   OC_Config.OCNIdleState = TIM_OCNIDLESTATE_RESET;
 202              		.loc 1 221 26
 203 00e0 7B18     		adds	r3, r7, r1
 204 00e2 0022     		movs	r2, #0
 205 00e4 9A61     		str	r2, [r3, #24]
 222:Drivers/STM32G0xx_HAL_Driver/Src/stm32g0xx_hal_tim_ex.c ****   OC_Config.OCNPolarity = TIM_OCNPOLARITY_HIGH;
 206              		.loc 1 222 25
 207 00e6 7B18     		adds	r3, r7, r1
 208 00e8 0022     		movs	r2, #0
 209 00ea DA60     		str	r2, [r3, #12]
 223:Drivers/STM32G0xx_HAL_Driver/Src/stm32g0xx_hal_tim_ex.c ****   OC_Config.OCPolarity = TIM_OCPOLARITY_HIGH;
 210              		.loc 1 223 24
 211 00ec 7B18     		adds	r3, r7, r1
 212 00ee 0022     		movs	r2, #0
 213 00f0 9A60     		str	r2, [r3, #8]
 224:Drivers/STM32G0xx_HAL_Driver/Src/stm32g0xx_hal_tim_ex.c ****   OC_Config.Pulse = sConfig->Commutation_Delay;
 214              		.loc 1 224 28
 215 00f2 3B68     		ldr	r3, [r7]
 216 00f4 DA68     		ldr	r2, [r3, #12]
 217              		.loc 1 224 19
 218 00f6 7B18     		adds	r3, r7, r1
 219 00f8 5A60     		str	r2, [r3, #4]
 225:Drivers/STM32G0xx_HAL_Driver/Src/stm32g0xx_hal_tim_ex.c **** 
 226:Drivers/STM32G0xx_HAL_Driver/Src/stm32g0xx_hal_tim_ex.c ****   TIM_OC2_SetConfig(htim->Instance, &OC_Config);
 220              		.loc 1 226 3
 221 00fa 7B68     		ldr	r3, [r7, #4]
 222 00fc 1B68     		ldr	r3, [r3]
 223 00fe 7A18     		adds	r2, r7, r1
 224 0100 1100     		movs	r1, r2
 225 0102 1800     		movs	r0, r3
 226 0104 FFF7FEFF 		bl	TIM_OC2_SetConfig
 227:Drivers/STM32G0xx_HAL_Driver/Src/stm32g0xx_hal_tim_ex.c **** 
 228:Drivers/STM32G0xx_HAL_Driver/Src/stm32g0xx_hal_tim_ex.c ****   /* Select OC2REF as trigger output on TRGO: write the MMS bits in the TIMx_CR2
 229:Drivers/STM32G0xx_HAL_Driver/Src/stm32g0xx_hal_tim_ex.c ****     register to 101 */
 230:Drivers/STM32G0xx_HAL_Driver/Src/stm32g0xx_hal_tim_ex.c ****   htim->Instance->CR2 &= ~TIM_CR2_MMS;
 227              		.loc 1 230 7
 228 0108 7B68     		ldr	r3, [r7, #4]
ARM GAS  C:\Users\a_hae\AppData\Local\Temp\ccujrzwF.s 			page 9


 229 010a 1B68     		ldr	r3, [r3]
 230              		.loc 1 230 17
 231 010c 5A68     		ldr	r2, [r3, #4]
 232              		.loc 1 230 7
 233 010e 7B68     		ldr	r3, [r7, #4]
 234 0110 1B68     		ldr	r3, [r3]
 235              		.loc 1 230 23
 236 0112 7021     		movs	r1, #112
 237 0114 8A43     		bics	r2, r1
 238 0116 5A60     		str	r2, [r3, #4]
 231:Drivers/STM32G0xx_HAL_Driver/Src/stm32g0xx_hal_tim_ex.c ****   htim->Instance->CR2 |= TIM_TRGO_OC2REF;
 239              		.loc 1 231 7
 240 0118 7B68     		ldr	r3, [r7, #4]
 241 011a 1B68     		ldr	r3, [r3]
 242              		.loc 1 231 17
 243 011c 5A68     		ldr	r2, [r3, #4]
 244              		.loc 1 231 7
 245 011e 7B68     		ldr	r3, [r7, #4]
 246 0120 1B68     		ldr	r3, [r3]
 247              		.loc 1 231 23
 248 0122 5021     		movs	r1, #80
 249 0124 0A43     		orrs	r2, r1
 250 0126 5A60     		str	r2, [r3, #4]
 232:Drivers/STM32G0xx_HAL_Driver/Src/stm32g0xx_hal_tim_ex.c **** 
 233:Drivers/STM32G0xx_HAL_Driver/Src/stm32g0xx_hal_tim_ex.c ****   /* Initialize the DMA burst operation state */
 234:Drivers/STM32G0xx_HAL_Driver/Src/stm32g0xx_hal_tim_ex.c ****   htim->DMABurstState = HAL_DMA_BURST_STATE_READY;
 251              		.loc 1 234 23
 252 0128 7B68     		ldr	r3, [r7, #4]
 253 012a 4822     		movs	r2, #72
 254 012c 0121     		movs	r1, #1
 255 012e 9954     		strb	r1, [r3, r2]
 235:Drivers/STM32G0xx_HAL_Driver/Src/stm32g0xx_hal_tim_ex.c **** 
 236:Drivers/STM32G0xx_HAL_Driver/Src/stm32g0xx_hal_tim_ex.c ****   /* Initialize the TIM channels state */
 237:Drivers/STM32G0xx_HAL_Driver/Src/stm32g0xx_hal_tim_ex.c ****   TIM_CHANNEL_STATE_SET(htim, TIM_CHANNEL_1, HAL_TIM_CHANNEL_STATE_READY);
 256              		.loc 1 237 3
 257 0130 7B68     		ldr	r3, [r7, #4]
 258 0132 3E22     		movs	r2, #62
 259 0134 0121     		movs	r1, #1
 260 0136 9954     		strb	r1, [r3, r2]
 238:Drivers/STM32G0xx_HAL_Driver/Src/stm32g0xx_hal_tim_ex.c ****   TIM_CHANNEL_STATE_SET(htim, TIM_CHANNEL_2, HAL_TIM_CHANNEL_STATE_READY);
 261              		.loc 1 238 3
 262 0138 7B68     		ldr	r3, [r7, #4]
 263 013a 3F22     		movs	r2, #63
 264 013c 0121     		movs	r1, #1
 265 013e 9954     		strb	r1, [r3, r2]
 239:Drivers/STM32G0xx_HAL_Driver/Src/stm32g0xx_hal_tim_ex.c ****   TIM_CHANNEL_N_STATE_SET(htim, TIM_CHANNEL_1, HAL_TIM_CHANNEL_STATE_READY);
 266              		.loc 1 239 3
 267 0140 7B68     		ldr	r3, [r7, #4]
 268 0142 4422     		movs	r2, #68
 269 0144 0121     		movs	r1, #1
 270 0146 9954     		strb	r1, [r3, r2]
 240:Drivers/STM32G0xx_HAL_Driver/Src/stm32g0xx_hal_tim_ex.c ****   TIM_CHANNEL_N_STATE_SET(htim, TIM_CHANNEL_2, HAL_TIM_CHANNEL_STATE_READY);
 271              		.loc 1 240 3
 272 0148 7B68     		ldr	r3, [r7, #4]
 273 014a 4522     		movs	r2, #69
 274 014c 0121     		movs	r1, #1
 275 014e 9954     		strb	r1, [r3, r2]
ARM GAS  C:\Users\a_hae\AppData\Local\Temp\ccujrzwF.s 			page 10


 241:Drivers/STM32G0xx_HAL_Driver/Src/stm32g0xx_hal_tim_ex.c **** 
 242:Drivers/STM32G0xx_HAL_Driver/Src/stm32g0xx_hal_tim_ex.c ****   /* Initialize the TIM state*/
 243:Drivers/STM32G0xx_HAL_Driver/Src/stm32g0xx_hal_tim_ex.c ****   htim->State = HAL_TIM_STATE_READY;
 276              		.loc 1 243 15
 277 0150 7B68     		ldr	r3, [r7, #4]
 278 0152 3D22     		movs	r2, #61
 279 0154 0121     		movs	r1, #1
 280 0156 9954     		strb	r1, [r3, r2]
 244:Drivers/STM32G0xx_HAL_Driver/Src/stm32g0xx_hal_tim_ex.c **** 
 245:Drivers/STM32G0xx_HAL_Driver/Src/stm32g0xx_hal_tim_ex.c ****   return HAL_OK;
 281              		.loc 1 245 10
 282 0158 0023     		movs	r3, #0
 283              	.L5:
 246:Drivers/STM32G0xx_HAL_Driver/Src/stm32g0xx_hal_tim_ex.c **** }
 284              		.loc 1 246 1
 285 015a 1800     		movs	r0, r3
 286 015c BD46     		mov	sp, r7
 287 015e 0AB0     		add	sp, sp, #40
 288              		@ sp needed
 289 0160 80BD     		pop	{r7, pc}
 290              	.L7:
 291 0162 C046     		.align	2
 292              	.L6:
 293 0164 8FFFCFFF 		.word	-3145841
 294 0168 F8FFFEFF 		.word	-65544
 295              		.cfi_endproc
 296              	.LFE363:
 298              		.section	.text.HAL_TIMEx_HallSensor_DeInit,"ax",%progbits
 299              		.align	1
 300              		.global	HAL_TIMEx_HallSensor_DeInit
 301              		.syntax unified
 302              		.code	16
 303              		.thumb_func
 305              	HAL_TIMEx_HallSensor_DeInit:
 306              	.LFB364:
 247:Drivers/STM32G0xx_HAL_Driver/Src/stm32g0xx_hal_tim_ex.c **** 
 248:Drivers/STM32G0xx_HAL_Driver/Src/stm32g0xx_hal_tim_ex.c **** /**
 249:Drivers/STM32G0xx_HAL_Driver/Src/stm32g0xx_hal_tim_ex.c ****   * @brief  DeInitializes the TIM Hall Sensor interface
 250:Drivers/STM32G0xx_HAL_Driver/Src/stm32g0xx_hal_tim_ex.c ****   * @param  htim TIM Hall Sensor Interface handle
 251:Drivers/STM32G0xx_HAL_Driver/Src/stm32g0xx_hal_tim_ex.c ****   * @retval HAL status
 252:Drivers/STM32G0xx_HAL_Driver/Src/stm32g0xx_hal_tim_ex.c ****   */
 253:Drivers/STM32G0xx_HAL_Driver/Src/stm32g0xx_hal_tim_ex.c **** HAL_StatusTypeDef HAL_TIMEx_HallSensor_DeInit(TIM_HandleTypeDef *htim)
 254:Drivers/STM32G0xx_HAL_Driver/Src/stm32g0xx_hal_tim_ex.c **** {
 307              		.loc 1 254 1
 308              		.cfi_startproc
 309              		@ args = 0, pretend = 0, frame = 8
 310              		@ frame_needed = 1, uses_anonymous_args = 0
 311 0000 80B5     		push	{r7, lr}
 312              	.LCFI3:
 313              		.cfi_def_cfa_offset 8
 314              		.cfi_offset 7, -8
 315              		.cfi_offset 14, -4
 316 0002 82B0     		sub	sp, sp, #8
 317              	.LCFI4:
 318              		.cfi_def_cfa_offset 16
 319 0004 00AF     		add	r7, sp, #0
 320              	.LCFI5:
ARM GAS  C:\Users\a_hae\AppData\Local\Temp\ccujrzwF.s 			page 11


 321              		.cfi_def_cfa_register 7
 322 0006 7860     		str	r0, [r7, #4]
 255:Drivers/STM32G0xx_HAL_Driver/Src/stm32g0xx_hal_tim_ex.c ****   /* Check the parameters */
 256:Drivers/STM32G0xx_HAL_Driver/Src/stm32g0xx_hal_tim_ex.c ****   assert_param(IS_TIM_INSTANCE(htim->Instance));
 257:Drivers/STM32G0xx_HAL_Driver/Src/stm32g0xx_hal_tim_ex.c **** 
 258:Drivers/STM32G0xx_HAL_Driver/Src/stm32g0xx_hal_tim_ex.c ****   htim->State = HAL_TIM_STATE_BUSY;
 323              		.loc 1 258 15
 324 0008 7B68     		ldr	r3, [r7, #4]
 325 000a 3D22     		movs	r2, #61
 326 000c 0221     		movs	r1, #2
 327 000e 9954     		strb	r1, [r3, r2]
 259:Drivers/STM32G0xx_HAL_Driver/Src/stm32g0xx_hal_tim_ex.c **** 
 260:Drivers/STM32G0xx_HAL_Driver/Src/stm32g0xx_hal_tim_ex.c ****   /* Disable the TIM Peripheral Clock */
 261:Drivers/STM32G0xx_HAL_Driver/Src/stm32g0xx_hal_tim_ex.c ****   __HAL_TIM_DISABLE(htim);
 328              		.loc 1 261 3
 329 0010 7B68     		ldr	r3, [r7, #4]
 330 0012 1B68     		ldr	r3, [r3]
 331 0014 1B6A     		ldr	r3, [r3, #32]
 332 0016 1B4A     		ldr	r2, .L11
 333 0018 1340     		ands	r3, r2
 334 001a 0DD1     		bne	.L9
 335              		.loc 1 261 3 is_stmt 0 discriminator 1
 336 001c 7B68     		ldr	r3, [r7, #4]
 337 001e 1B68     		ldr	r3, [r3]
 338 0020 1B6A     		ldr	r3, [r3, #32]
 339 0022 194A     		ldr	r2, .L11+4
 340 0024 1340     		ands	r3, r2
 341 0026 07D1     		bne	.L9
 342              		.loc 1 261 3 discriminator 2
 343 0028 7B68     		ldr	r3, [r7, #4]
 344 002a 1B68     		ldr	r3, [r3]
 345 002c 1A68     		ldr	r2, [r3]
 346 002e 7B68     		ldr	r3, [r7, #4]
 347 0030 1B68     		ldr	r3, [r3]
 348 0032 0121     		movs	r1, #1
 349 0034 8A43     		bics	r2, r1
 350 0036 1A60     		str	r2, [r3]
 351              	.L9:
 262:Drivers/STM32G0xx_HAL_Driver/Src/stm32g0xx_hal_tim_ex.c **** 
 263:Drivers/STM32G0xx_HAL_Driver/Src/stm32g0xx_hal_tim_ex.c **** #if (USE_HAL_TIM_REGISTER_CALLBACKS == 1)
 264:Drivers/STM32G0xx_HAL_Driver/Src/stm32g0xx_hal_tim_ex.c ****   if (htim->HallSensor_MspDeInitCallback == NULL)
 265:Drivers/STM32G0xx_HAL_Driver/Src/stm32g0xx_hal_tim_ex.c ****   {
 266:Drivers/STM32G0xx_HAL_Driver/Src/stm32g0xx_hal_tim_ex.c ****     htim->HallSensor_MspDeInitCallback = HAL_TIMEx_HallSensor_MspDeInit;
 267:Drivers/STM32G0xx_HAL_Driver/Src/stm32g0xx_hal_tim_ex.c ****   }
 268:Drivers/STM32G0xx_HAL_Driver/Src/stm32g0xx_hal_tim_ex.c ****   /* DeInit the low level hardware */
 269:Drivers/STM32G0xx_HAL_Driver/Src/stm32g0xx_hal_tim_ex.c ****   htim->HallSensor_MspDeInitCallback(htim);
 270:Drivers/STM32G0xx_HAL_Driver/Src/stm32g0xx_hal_tim_ex.c **** #else
 271:Drivers/STM32G0xx_HAL_Driver/Src/stm32g0xx_hal_tim_ex.c ****   /* DeInit the low level hardware: GPIO, CLOCK, NVIC */
 272:Drivers/STM32G0xx_HAL_Driver/Src/stm32g0xx_hal_tim_ex.c ****   HAL_TIMEx_HallSensor_MspDeInit(htim);
 352              		.loc 1 272 3 is_stmt 1
 353 0038 7B68     		ldr	r3, [r7, #4]
 354 003a 1800     		movs	r0, r3
 355 003c FFF7FEFF 		bl	HAL_TIMEx_HallSensor_MspDeInit
 273:Drivers/STM32G0xx_HAL_Driver/Src/stm32g0xx_hal_tim_ex.c **** #endif /* USE_HAL_TIM_REGISTER_CALLBACKS */
 274:Drivers/STM32G0xx_HAL_Driver/Src/stm32g0xx_hal_tim_ex.c **** 
 275:Drivers/STM32G0xx_HAL_Driver/Src/stm32g0xx_hal_tim_ex.c ****   /* Change the DMA burst operation state */
 276:Drivers/STM32G0xx_HAL_Driver/Src/stm32g0xx_hal_tim_ex.c ****   htim->DMABurstState = HAL_DMA_BURST_STATE_RESET;
ARM GAS  C:\Users\a_hae\AppData\Local\Temp\ccujrzwF.s 			page 12


 356              		.loc 1 276 23
 357 0040 7B68     		ldr	r3, [r7, #4]
 358 0042 4822     		movs	r2, #72
 359 0044 0021     		movs	r1, #0
 360 0046 9954     		strb	r1, [r3, r2]
 277:Drivers/STM32G0xx_HAL_Driver/Src/stm32g0xx_hal_tim_ex.c **** 
 278:Drivers/STM32G0xx_HAL_Driver/Src/stm32g0xx_hal_tim_ex.c ****   /* Change the TIM channels state */
 279:Drivers/STM32G0xx_HAL_Driver/Src/stm32g0xx_hal_tim_ex.c ****   TIM_CHANNEL_STATE_SET(htim, TIM_CHANNEL_1, HAL_TIM_CHANNEL_STATE_RESET);
 361              		.loc 1 279 3
 362 0048 7B68     		ldr	r3, [r7, #4]
 363 004a 3E22     		movs	r2, #62
 364 004c 0021     		movs	r1, #0
 365 004e 9954     		strb	r1, [r3, r2]
 280:Drivers/STM32G0xx_HAL_Driver/Src/stm32g0xx_hal_tim_ex.c ****   TIM_CHANNEL_STATE_SET(htim, TIM_CHANNEL_2, HAL_TIM_CHANNEL_STATE_RESET);
 366              		.loc 1 280 3
 367 0050 7B68     		ldr	r3, [r7, #4]
 368 0052 3F22     		movs	r2, #63
 369 0054 0021     		movs	r1, #0
 370 0056 9954     		strb	r1, [r3, r2]
 281:Drivers/STM32G0xx_HAL_Driver/Src/stm32g0xx_hal_tim_ex.c ****   TIM_CHANNEL_N_STATE_SET(htim, TIM_CHANNEL_1, HAL_TIM_CHANNEL_STATE_RESET);
 371              		.loc 1 281 3
 372 0058 7B68     		ldr	r3, [r7, #4]
 373 005a 4422     		movs	r2, #68
 374 005c 0021     		movs	r1, #0
 375 005e 9954     		strb	r1, [r3, r2]
 282:Drivers/STM32G0xx_HAL_Driver/Src/stm32g0xx_hal_tim_ex.c ****   TIM_CHANNEL_N_STATE_SET(htim, TIM_CHANNEL_2, HAL_TIM_CHANNEL_STATE_RESET);
 376              		.loc 1 282 3
 377 0060 7B68     		ldr	r3, [r7, #4]
 378 0062 4522     		movs	r2, #69
 379 0064 0021     		movs	r1, #0
 380 0066 9954     		strb	r1, [r3, r2]
 283:Drivers/STM32G0xx_HAL_Driver/Src/stm32g0xx_hal_tim_ex.c **** 
 284:Drivers/STM32G0xx_HAL_Driver/Src/stm32g0xx_hal_tim_ex.c ****   /* Change TIM state */
 285:Drivers/STM32G0xx_HAL_Driver/Src/stm32g0xx_hal_tim_ex.c ****   htim->State = HAL_TIM_STATE_RESET;
 381              		.loc 1 285 15
 382 0068 7B68     		ldr	r3, [r7, #4]
 383 006a 3D22     		movs	r2, #61
 384 006c 0021     		movs	r1, #0
 385 006e 9954     		strb	r1, [r3, r2]
 286:Drivers/STM32G0xx_HAL_Driver/Src/stm32g0xx_hal_tim_ex.c **** 
 287:Drivers/STM32G0xx_HAL_Driver/Src/stm32g0xx_hal_tim_ex.c ****   /* Release Lock */
 288:Drivers/STM32G0xx_HAL_Driver/Src/stm32g0xx_hal_tim_ex.c ****   __HAL_UNLOCK(htim);
 386              		.loc 1 288 3
 387 0070 7B68     		ldr	r3, [r7, #4]
 388 0072 3C22     		movs	r2, #60
 389 0074 0021     		movs	r1, #0
 390 0076 9954     		strb	r1, [r3, r2]
 289:Drivers/STM32G0xx_HAL_Driver/Src/stm32g0xx_hal_tim_ex.c **** 
 290:Drivers/STM32G0xx_HAL_Driver/Src/stm32g0xx_hal_tim_ex.c ****   return HAL_OK;
 391              		.loc 1 290 10
 392 0078 0023     		movs	r3, #0
 291:Drivers/STM32G0xx_HAL_Driver/Src/stm32g0xx_hal_tim_ex.c **** }
 393              		.loc 1 291 1
 394 007a 1800     		movs	r0, r3
 395 007c BD46     		mov	sp, r7
 396 007e 02B0     		add	sp, sp, #8
 397              		@ sp needed
ARM GAS  C:\Users\a_hae\AppData\Local\Temp\ccujrzwF.s 			page 13


 398 0080 80BD     		pop	{r7, pc}
 399              	.L12:
 400 0082 C046     		.align	2
 401              	.L11:
 402 0084 11110000 		.word	4369
 403 0088 44040000 		.word	1092
 404              		.cfi_endproc
 405              	.LFE364:
 407              		.section	.text.HAL_TIMEx_HallSensor_MspInit,"ax",%progbits
 408              		.align	1
 409              		.weak	HAL_TIMEx_HallSensor_MspInit
 410              		.syntax unified
 411              		.code	16
 412              		.thumb_func
 414              	HAL_TIMEx_HallSensor_MspInit:
 415              	.LFB365:
 292:Drivers/STM32G0xx_HAL_Driver/Src/stm32g0xx_hal_tim_ex.c **** 
 293:Drivers/STM32G0xx_HAL_Driver/Src/stm32g0xx_hal_tim_ex.c **** /**
 294:Drivers/STM32G0xx_HAL_Driver/Src/stm32g0xx_hal_tim_ex.c ****   * @brief  Initializes the TIM Hall Sensor MSP.
 295:Drivers/STM32G0xx_HAL_Driver/Src/stm32g0xx_hal_tim_ex.c ****   * @param  htim TIM Hall Sensor Interface handle
 296:Drivers/STM32G0xx_HAL_Driver/Src/stm32g0xx_hal_tim_ex.c ****   * @retval None
 297:Drivers/STM32G0xx_HAL_Driver/Src/stm32g0xx_hal_tim_ex.c ****   */
 298:Drivers/STM32G0xx_HAL_Driver/Src/stm32g0xx_hal_tim_ex.c **** __weak void HAL_TIMEx_HallSensor_MspInit(TIM_HandleTypeDef *htim)
 299:Drivers/STM32G0xx_HAL_Driver/Src/stm32g0xx_hal_tim_ex.c **** {
 416              		.loc 1 299 1
 417              		.cfi_startproc
 418              		@ args = 0, pretend = 0, frame = 8
 419              		@ frame_needed = 1, uses_anonymous_args = 0
 420 0000 80B5     		push	{r7, lr}
 421              	.LCFI6:
 422              		.cfi_def_cfa_offset 8
 423              		.cfi_offset 7, -8
 424              		.cfi_offset 14, -4
 425 0002 82B0     		sub	sp, sp, #8
 426              	.LCFI7:
 427              		.cfi_def_cfa_offset 16
 428 0004 00AF     		add	r7, sp, #0
 429              	.LCFI8:
 430              		.cfi_def_cfa_register 7
 431 0006 7860     		str	r0, [r7, #4]
 300:Drivers/STM32G0xx_HAL_Driver/Src/stm32g0xx_hal_tim_ex.c ****   /* Prevent unused argument(s) compilation warning */
 301:Drivers/STM32G0xx_HAL_Driver/Src/stm32g0xx_hal_tim_ex.c ****   UNUSED(htim);
 302:Drivers/STM32G0xx_HAL_Driver/Src/stm32g0xx_hal_tim_ex.c **** 
 303:Drivers/STM32G0xx_HAL_Driver/Src/stm32g0xx_hal_tim_ex.c ****   /* NOTE : This function should not be modified, when the callback is needed,
 304:Drivers/STM32G0xx_HAL_Driver/Src/stm32g0xx_hal_tim_ex.c ****             the HAL_TIMEx_HallSensor_MspInit could be implemented in the user file
 305:Drivers/STM32G0xx_HAL_Driver/Src/stm32g0xx_hal_tim_ex.c ****    */
 306:Drivers/STM32G0xx_HAL_Driver/Src/stm32g0xx_hal_tim_ex.c **** }
 432              		.loc 1 306 1
 433 0008 C046     		nop
 434 000a BD46     		mov	sp, r7
 435 000c 02B0     		add	sp, sp, #8
 436              		@ sp needed
 437 000e 80BD     		pop	{r7, pc}
 438              		.cfi_endproc
 439              	.LFE365:
 441              		.section	.text.HAL_TIMEx_HallSensor_MspDeInit,"ax",%progbits
 442              		.align	1
ARM GAS  C:\Users\a_hae\AppData\Local\Temp\ccujrzwF.s 			page 14


 443              		.weak	HAL_TIMEx_HallSensor_MspDeInit
 444              		.syntax unified
 445              		.code	16
 446              		.thumb_func
 448              	HAL_TIMEx_HallSensor_MspDeInit:
 449              	.LFB366:
 307:Drivers/STM32G0xx_HAL_Driver/Src/stm32g0xx_hal_tim_ex.c **** 
 308:Drivers/STM32G0xx_HAL_Driver/Src/stm32g0xx_hal_tim_ex.c **** /**
 309:Drivers/STM32G0xx_HAL_Driver/Src/stm32g0xx_hal_tim_ex.c ****   * @brief  DeInitializes TIM Hall Sensor MSP.
 310:Drivers/STM32G0xx_HAL_Driver/Src/stm32g0xx_hal_tim_ex.c ****   * @param  htim TIM Hall Sensor Interface handle
 311:Drivers/STM32G0xx_HAL_Driver/Src/stm32g0xx_hal_tim_ex.c ****   * @retval None
 312:Drivers/STM32G0xx_HAL_Driver/Src/stm32g0xx_hal_tim_ex.c ****   */
 313:Drivers/STM32G0xx_HAL_Driver/Src/stm32g0xx_hal_tim_ex.c **** __weak void HAL_TIMEx_HallSensor_MspDeInit(TIM_HandleTypeDef *htim)
 314:Drivers/STM32G0xx_HAL_Driver/Src/stm32g0xx_hal_tim_ex.c **** {
 450              		.loc 1 314 1
 451              		.cfi_startproc
 452              		@ args = 0, pretend = 0, frame = 8
 453              		@ frame_needed = 1, uses_anonymous_args = 0
 454 0000 80B5     		push	{r7, lr}
 455              	.LCFI9:
 456              		.cfi_def_cfa_offset 8
 457              		.cfi_offset 7, -8
 458              		.cfi_offset 14, -4
 459 0002 82B0     		sub	sp, sp, #8
 460              	.LCFI10:
 461              		.cfi_def_cfa_offset 16
 462 0004 00AF     		add	r7, sp, #0
 463              	.LCFI11:
 464              		.cfi_def_cfa_register 7
 465 0006 7860     		str	r0, [r7, #4]
 315:Drivers/STM32G0xx_HAL_Driver/Src/stm32g0xx_hal_tim_ex.c ****   /* Prevent unused argument(s) compilation warning */
 316:Drivers/STM32G0xx_HAL_Driver/Src/stm32g0xx_hal_tim_ex.c ****   UNUSED(htim);
 317:Drivers/STM32G0xx_HAL_Driver/Src/stm32g0xx_hal_tim_ex.c **** 
 318:Drivers/STM32G0xx_HAL_Driver/Src/stm32g0xx_hal_tim_ex.c ****   /* NOTE : This function should not be modified, when the callback is needed,
 319:Drivers/STM32G0xx_HAL_Driver/Src/stm32g0xx_hal_tim_ex.c ****             the HAL_TIMEx_HallSensor_MspDeInit could be implemented in the user file
 320:Drivers/STM32G0xx_HAL_Driver/Src/stm32g0xx_hal_tim_ex.c ****    */
 321:Drivers/STM32G0xx_HAL_Driver/Src/stm32g0xx_hal_tim_ex.c **** }
 466              		.loc 1 321 1
 467 0008 C046     		nop
 468 000a BD46     		mov	sp, r7
 469 000c 02B0     		add	sp, sp, #8
 470              		@ sp needed
 471 000e 80BD     		pop	{r7, pc}
 472              		.cfi_endproc
 473              	.LFE366:
 475              		.section	.text.HAL_TIMEx_HallSensor_Start,"ax",%progbits
 476              		.align	1
 477              		.global	HAL_TIMEx_HallSensor_Start
 478              		.syntax unified
 479              		.code	16
 480              		.thumb_func
 482              	HAL_TIMEx_HallSensor_Start:
 483              	.LFB367:
 322:Drivers/STM32G0xx_HAL_Driver/Src/stm32g0xx_hal_tim_ex.c **** 
 323:Drivers/STM32G0xx_HAL_Driver/Src/stm32g0xx_hal_tim_ex.c **** /**
 324:Drivers/STM32G0xx_HAL_Driver/Src/stm32g0xx_hal_tim_ex.c ****   * @brief  Starts the TIM Hall Sensor Interface.
 325:Drivers/STM32G0xx_HAL_Driver/Src/stm32g0xx_hal_tim_ex.c ****   * @param  htim TIM Hall Sensor Interface handle
ARM GAS  C:\Users\a_hae\AppData\Local\Temp\ccujrzwF.s 			page 15


 326:Drivers/STM32G0xx_HAL_Driver/Src/stm32g0xx_hal_tim_ex.c ****   * @retval HAL status
 327:Drivers/STM32G0xx_HAL_Driver/Src/stm32g0xx_hal_tim_ex.c ****   */
 328:Drivers/STM32G0xx_HAL_Driver/Src/stm32g0xx_hal_tim_ex.c **** HAL_StatusTypeDef HAL_TIMEx_HallSensor_Start(TIM_HandleTypeDef *htim)
 329:Drivers/STM32G0xx_HAL_Driver/Src/stm32g0xx_hal_tim_ex.c **** {
 484              		.loc 1 329 1
 485              		.cfi_startproc
 486              		@ args = 0, pretend = 0, frame = 16
 487              		@ frame_needed = 1, uses_anonymous_args = 0
 488 0000 F0B5     		push	{r4, r5, r6, r7, lr}
 489              	.LCFI12:
 490              		.cfi_def_cfa_offset 20
 491              		.cfi_offset 4, -20
 492              		.cfi_offset 5, -16
 493              		.cfi_offset 6, -12
 494              		.cfi_offset 7, -8
 495              		.cfi_offset 14, -4
 496 0002 85B0     		sub	sp, sp, #20
 497              	.LCFI13:
 498              		.cfi_def_cfa_offset 40
 499 0004 00AF     		add	r7, sp, #0
 500              	.LCFI14:
 501              		.cfi_def_cfa_register 7
 502 0006 7860     		str	r0, [r7, #4]
 330:Drivers/STM32G0xx_HAL_Driver/Src/stm32g0xx_hal_tim_ex.c ****   uint32_t tmpsmcr;
 331:Drivers/STM32G0xx_HAL_Driver/Src/stm32g0xx_hal_tim_ex.c ****   HAL_TIM_ChannelStateTypeDef channel_1_state = TIM_CHANNEL_STATE_GET(htim, TIM_CHANNEL_1);
 503              		.loc 1 331 31
 504 0008 0F20     		movs	r0, #15
 505 000a 3B18     		adds	r3, r7, r0
 506 000c 7A68     		ldr	r2, [r7, #4]
 507 000e 3E21     		movs	r1, #62
 508 0010 525C     		ldrb	r2, [r2, r1]
 509 0012 1A70     		strb	r2, [r3]
 332:Drivers/STM32G0xx_HAL_Driver/Src/stm32g0xx_hal_tim_ex.c ****   HAL_TIM_ChannelStateTypeDef channel_2_state = TIM_CHANNEL_STATE_GET(htim, TIM_CHANNEL_2);
 510              		.loc 1 332 31
 511 0014 0E24     		movs	r4, #14
 512 0016 3B19     		adds	r3, r7, r4
 513 0018 7A68     		ldr	r2, [r7, #4]
 514 001a 3F21     		movs	r1, #63
 515 001c 525C     		ldrb	r2, [r2, r1]
 516 001e 1A70     		strb	r2, [r3]
 333:Drivers/STM32G0xx_HAL_Driver/Src/stm32g0xx_hal_tim_ex.c ****   HAL_TIM_ChannelStateTypeDef complementary_channel_1_state = TIM_CHANNEL_N_STATE_GET(htim, TIM_CHA
 517              		.loc 1 333 31
 518 0020 0D25     		movs	r5, #13
 519 0022 7B19     		adds	r3, r7, r5
 520 0024 7A68     		ldr	r2, [r7, #4]
 521 0026 4421     		movs	r1, #68
 522 0028 525C     		ldrb	r2, [r2, r1]
 523 002a 1A70     		strb	r2, [r3]
 334:Drivers/STM32G0xx_HAL_Driver/Src/stm32g0xx_hal_tim_ex.c ****   HAL_TIM_ChannelStateTypeDef complementary_channel_2_state = TIM_CHANNEL_N_STATE_GET(htim, TIM_CHA
 524              		.loc 1 334 31
 525 002c 0C26     		movs	r6, #12
 526 002e BB19     		adds	r3, r7, r6
 527 0030 7A68     		ldr	r2, [r7, #4]
 528 0032 4521     		movs	r1, #69
 529 0034 525C     		ldrb	r2, [r2, r1]
 530 0036 1A70     		strb	r2, [r3]
 335:Drivers/STM32G0xx_HAL_Driver/Src/stm32g0xx_hal_tim_ex.c **** 
ARM GAS  C:\Users\a_hae\AppData\Local\Temp\ccujrzwF.s 			page 16


 336:Drivers/STM32G0xx_HAL_Driver/Src/stm32g0xx_hal_tim_ex.c ****   /* Check the parameters */
 337:Drivers/STM32G0xx_HAL_Driver/Src/stm32g0xx_hal_tim_ex.c ****   assert_param(IS_TIM_HALL_SENSOR_INTERFACE_INSTANCE(htim->Instance));
 338:Drivers/STM32G0xx_HAL_Driver/Src/stm32g0xx_hal_tim_ex.c **** 
 339:Drivers/STM32G0xx_HAL_Driver/Src/stm32g0xx_hal_tim_ex.c ****   /* Check the TIM channels state */
 340:Drivers/STM32G0xx_HAL_Driver/Src/stm32g0xx_hal_tim_ex.c ****   if ((channel_1_state != HAL_TIM_CHANNEL_STATE_READY)
 531              		.loc 1 340 6
 532 0038 3B18     		adds	r3, r7, r0
 533 003a 1B78     		ldrb	r3, [r3]
 534 003c 012B     		cmp	r3, #1
 535 003e 0BD1     		bne	.L16
 341:Drivers/STM32G0xx_HAL_Driver/Src/stm32g0xx_hal_tim_ex.c ****       || (channel_2_state != HAL_TIM_CHANNEL_STATE_READY)
 536              		.loc 1 341 7
 537 0040 3B19     		adds	r3, r7, r4
 538 0042 1B78     		ldrb	r3, [r3]
 539 0044 012B     		cmp	r3, #1
 540 0046 07D1     		bne	.L16
 342:Drivers/STM32G0xx_HAL_Driver/Src/stm32g0xx_hal_tim_ex.c ****       || (complementary_channel_1_state != HAL_TIM_CHANNEL_STATE_READY)
 541              		.loc 1 342 7
 542 0048 7B19     		adds	r3, r7, r5
 543 004a 1B78     		ldrb	r3, [r3]
 544 004c 012B     		cmp	r3, #1
 545 004e 03D1     		bne	.L16
 343:Drivers/STM32G0xx_HAL_Driver/Src/stm32g0xx_hal_tim_ex.c ****       || (complementary_channel_2_state != HAL_TIM_CHANNEL_STATE_READY))
 546              		.loc 1 343 7
 547 0050 BB19     		adds	r3, r7, r6
 548 0052 1B78     		ldrb	r3, [r3]
 549 0054 012B     		cmp	r3, #1
 550 0056 01D0     		beq	.L17
 551              	.L16:
 344:Drivers/STM32G0xx_HAL_Driver/Src/stm32g0xx_hal_tim_ex.c ****   {
 345:Drivers/STM32G0xx_HAL_Driver/Src/stm32g0xx_hal_tim_ex.c ****     return HAL_ERROR;
 552              		.loc 1 345 12
 553 0058 0123     		movs	r3, #1
 554 005a 52E0     		b	.L18
 555              	.L17:
 346:Drivers/STM32G0xx_HAL_Driver/Src/stm32g0xx_hal_tim_ex.c ****   }
 347:Drivers/STM32G0xx_HAL_Driver/Src/stm32g0xx_hal_tim_ex.c **** 
 348:Drivers/STM32G0xx_HAL_Driver/Src/stm32g0xx_hal_tim_ex.c ****   /* Set the TIM channels state */
 349:Drivers/STM32G0xx_HAL_Driver/Src/stm32g0xx_hal_tim_ex.c ****   TIM_CHANNEL_STATE_SET(htim, TIM_CHANNEL_1, HAL_TIM_CHANNEL_STATE_BUSY);
 556              		.loc 1 349 3
 557 005c 7B68     		ldr	r3, [r7, #4]
 558 005e 3E22     		movs	r2, #62
 559 0060 0221     		movs	r1, #2
 560 0062 9954     		strb	r1, [r3, r2]
 350:Drivers/STM32G0xx_HAL_Driver/Src/stm32g0xx_hal_tim_ex.c ****   TIM_CHANNEL_STATE_SET(htim, TIM_CHANNEL_2, HAL_TIM_CHANNEL_STATE_BUSY);
 561              		.loc 1 350 3
 562 0064 7B68     		ldr	r3, [r7, #4]
 563 0066 3F22     		movs	r2, #63
 564 0068 0221     		movs	r1, #2
 565 006a 9954     		strb	r1, [r3, r2]
 351:Drivers/STM32G0xx_HAL_Driver/Src/stm32g0xx_hal_tim_ex.c ****   TIM_CHANNEL_N_STATE_SET(htim, TIM_CHANNEL_1, HAL_TIM_CHANNEL_STATE_BUSY);
 566              		.loc 1 351 3
 567 006c 7B68     		ldr	r3, [r7, #4]
 568 006e 4422     		movs	r2, #68
 569 0070 0221     		movs	r1, #2
 570 0072 9954     		strb	r1, [r3, r2]
 352:Drivers/STM32G0xx_HAL_Driver/Src/stm32g0xx_hal_tim_ex.c ****   TIM_CHANNEL_N_STATE_SET(htim, TIM_CHANNEL_2, HAL_TIM_CHANNEL_STATE_BUSY);
ARM GAS  C:\Users\a_hae\AppData\Local\Temp\ccujrzwF.s 			page 17


 571              		.loc 1 352 3
 572 0074 7B68     		ldr	r3, [r7, #4]
 573 0076 4522     		movs	r2, #69
 574 0078 0221     		movs	r1, #2
 575 007a 9954     		strb	r1, [r3, r2]
 353:Drivers/STM32G0xx_HAL_Driver/Src/stm32g0xx_hal_tim_ex.c **** 
 354:Drivers/STM32G0xx_HAL_Driver/Src/stm32g0xx_hal_tim_ex.c ****   /* Enable the Input Capture channel 1
 355:Drivers/STM32G0xx_HAL_Driver/Src/stm32g0xx_hal_tim_ex.c ****   (in the Hall Sensor Interface the three possible channels that can be used are TIM_CHANNEL_1,
 356:Drivers/STM32G0xx_HAL_Driver/Src/stm32g0xx_hal_tim_ex.c ****   TIM_CHANNEL_2 and TIM_CHANNEL_3) */
 357:Drivers/STM32G0xx_HAL_Driver/Src/stm32g0xx_hal_tim_ex.c ****   TIM_CCxChannelCmd(htim->Instance, TIM_CHANNEL_1, TIM_CCx_ENABLE);
 576              		.loc 1 357 3
 577 007c 7B68     		ldr	r3, [r7, #4]
 578 007e 1B68     		ldr	r3, [r3]
 579 0080 0122     		movs	r2, #1
 580 0082 0021     		movs	r1, #0
 581 0084 1800     		movs	r0, r3
 582 0086 FFF7FEFF 		bl	TIM_CCxChannelCmd
 358:Drivers/STM32G0xx_HAL_Driver/Src/stm32g0xx_hal_tim_ex.c **** 
 359:Drivers/STM32G0xx_HAL_Driver/Src/stm32g0xx_hal_tim_ex.c ****   /* Enable the Peripheral, except in trigger mode where enable is automatically done with trigger 
 360:Drivers/STM32G0xx_HAL_Driver/Src/stm32g0xx_hal_tim_ex.c ****   if (IS_TIM_SLAVE_INSTANCE(htim->Instance))
 583              		.loc 1 360 7
 584 008a 7B68     		ldr	r3, [r7, #4]
 585 008c 1B68     		ldr	r3, [r3]
 586              		.loc 1 360 6
 587 008e 1F4A     		ldr	r2, .L24
 588 0090 9342     		cmp	r3, r2
 589 0092 14D0     		beq	.L19
 590              		.loc 1 360 7 discriminator 1
 591 0094 7B68     		ldr	r3, [r7, #4]
 592 0096 1A68     		ldr	r2, [r3]
 593 0098 8023     		movs	r3, #128
 594 009a DB05     		lsls	r3, r3, #23
 595 009c 9A42     		cmp	r2, r3
 596 009e 0ED0     		beq	.L19
 597              		.loc 1 360 7 is_stmt 0 discriminator 2
 598 00a0 7B68     		ldr	r3, [r7, #4]
 599 00a2 1B68     		ldr	r3, [r3]
 600 00a4 1A4A     		ldr	r2, .L24+4
 601 00a6 9342     		cmp	r3, r2
 602 00a8 09D0     		beq	.L19
 603              		.loc 1 360 7 discriminator 3
 604 00aa 7B68     		ldr	r3, [r7, #4]
 605 00ac 1B68     		ldr	r3, [r3]
 606 00ae 194A     		ldr	r2, .L24+8
 607 00b0 9342     		cmp	r3, r2
 608 00b2 04D0     		beq	.L19
 609              		.loc 1 360 7 discriminator 4
 610 00b4 7B68     		ldr	r3, [r7, #4]
 611 00b6 1B68     		ldr	r3, [r3]
 612 00b8 174A     		ldr	r2, .L24+12
 613 00ba 9342     		cmp	r3, r2
 614 00bc 16D1     		bne	.L20
 615              	.L19:
 361:Drivers/STM32G0xx_HAL_Driver/Src/stm32g0xx_hal_tim_ex.c ****   {
 362:Drivers/STM32G0xx_HAL_Driver/Src/stm32g0xx_hal_tim_ex.c ****     tmpsmcr = htim->Instance->SMCR & TIM_SMCR_SMS;
 616              		.loc 1 362 19 is_stmt 1
 617 00be 7B68     		ldr	r3, [r7, #4]
ARM GAS  C:\Users\a_hae\AppData\Local\Temp\ccujrzwF.s 			page 18


 618 00c0 1B68     		ldr	r3, [r3]
 619              		.loc 1 362 29
 620 00c2 9B68     		ldr	r3, [r3, #8]
 621              		.loc 1 362 13
 622 00c4 154A     		ldr	r2, .L24+16
 623 00c6 1340     		ands	r3, r2
 624 00c8 BB60     		str	r3, [r7, #8]
 363:Drivers/STM32G0xx_HAL_Driver/Src/stm32g0xx_hal_tim_ex.c ****     if (!IS_TIM_SLAVEMODE_TRIGGER_ENABLED(tmpsmcr))
 625              		.loc 1 363 8
 626 00ca BB68     		ldr	r3, [r7, #8]
 627 00cc 062B     		cmp	r3, #6
 628 00ce 16D0     		beq	.L23
 629              		.loc 1 363 9 discriminator 1
 630 00d0 BA68     		ldr	r2, [r7, #8]
 631 00d2 8023     		movs	r3, #128
 632 00d4 5B02     		lsls	r3, r3, #9
 633 00d6 9A42     		cmp	r2, r3
 634 00d8 11D0     		beq	.L23
 364:Drivers/STM32G0xx_HAL_Driver/Src/stm32g0xx_hal_tim_ex.c ****     {
 365:Drivers/STM32G0xx_HAL_Driver/Src/stm32g0xx_hal_tim_ex.c ****       __HAL_TIM_ENABLE(htim);
 635              		.loc 1 365 7
 636 00da 7B68     		ldr	r3, [r7, #4]
 637 00dc 1B68     		ldr	r3, [r3]
 638 00de 1A68     		ldr	r2, [r3]
 639 00e0 7B68     		ldr	r3, [r7, #4]
 640 00e2 1B68     		ldr	r3, [r3]
 641 00e4 0121     		movs	r1, #1
 642 00e6 0A43     		orrs	r2, r1
 643 00e8 1A60     		str	r2, [r3]
 363:Drivers/STM32G0xx_HAL_Driver/Src/stm32g0xx_hal_tim_ex.c ****     if (!IS_TIM_SLAVEMODE_TRIGGER_ENABLED(tmpsmcr))
 644              		.loc 1 363 8
 645 00ea 08E0     		b	.L23
 646              	.L20:
 366:Drivers/STM32G0xx_HAL_Driver/Src/stm32g0xx_hal_tim_ex.c ****     }
 367:Drivers/STM32G0xx_HAL_Driver/Src/stm32g0xx_hal_tim_ex.c ****   }
 368:Drivers/STM32G0xx_HAL_Driver/Src/stm32g0xx_hal_tim_ex.c ****   else
 369:Drivers/STM32G0xx_HAL_Driver/Src/stm32g0xx_hal_tim_ex.c ****   {
 370:Drivers/STM32G0xx_HAL_Driver/Src/stm32g0xx_hal_tim_ex.c ****     __HAL_TIM_ENABLE(htim);
 647              		.loc 1 370 5
 648 00ec 7B68     		ldr	r3, [r7, #4]
 649 00ee 1B68     		ldr	r3, [r3]
 650 00f0 1A68     		ldr	r2, [r3]
 651 00f2 7B68     		ldr	r3, [r7, #4]
 652 00f4 1B68     		ldr	r3, [r3]
 653 00f6 0121     		movs	r1, #1
 654 00f8 0A43     		orrs	r2, r1
 655 00fa 1A60     		str	r2, [r3]
 656 00fc 00E0     		b	.L22
 657              	.L23:
 363:Drivers/STM32G0xx_HAL_Driver/Src/stm32g0xx_hal_tim_ex.c ****     {
 658              		.loc 1 363 8
 659 00fe C046     		nop
 660              	.L22:
 371:Drivers/STM32G0xx_HAL_Driver/Src/stm32g0xx_hal_tim_ex.c ****   }
 372:Drivers/STM32G0xx_HAL_Driver/Src/stm32g0xx_hal_tim_ex.c **** 
 373:Drivers/STM32G0xx_HAL_Driver/Src/stm32g0xx_hal_tim_ex.c ****   /* Return function status */
 374:Drivers/STM32G0xx_HAL_Driver/Src/stm32g0xx_hal_tim_ex.c ****   return HAL_OK;
ARM GAS  C:\Users\a_hae\AppData\Local\Temp\ccujrzwF.s 			page 19


 661              		.loc 1 374 10
 662 0100 0023     		movs	r3, #0
 663              	.L18:
 375:Drivers/STM32G0xx_HAL_Driver/Src/stm32g0xx_hal_tim_ex.c **** }
 664              		.loc 1 375 1
 665 0102 1800     		movs	r0, r3
 666 0104 BD46     		mov	sp, r7
 667 0106 05B0     		add	sp, sp, #20
 668              		@ sp needed
 669 0108 F0BD     		pop	{r4, r5, r6, r7, pc}
 670              	.L25:
 671 010a C046     		.align	2
 672              	.L24:
 673 010c 002C0140 		.word	1073818624
 674 0110 00040040 		.word	1073742848
 675 0114 00080040 		.word	1073743872
 676 0118 00400140 		.word	1073823744
 677 011c 07000100 		.word	65543
 678              		.cfi_endproc
 679              	.LFE367:
 681              		.section	.text.HAL_TIMEx_HallSensor_Stop,"ax",%progbits
 682              		.align	1
 683              		.global	HAL_TIMEx_HallSensor_Stop
 684              		.syntax unified
 685              		.code	16
 686              		.thumb_func
 688              	HAL_TIMEx_HallSensor_Stop:
 689              	.LFB368:
 376:Drivers/STM32G0xx_HAL_Driver/Src/stm32g0xx_hal_tim_ex.c **** 
 377:Drivers/STM32G0xx_HAL_Driver/Src/stm32g0xx_hal_tim_ex.c **** /**
 378:Drivers/STM32G0xx_HAL_Driver/Src/stm32g0xx_hal_tim_ex.c ****   * @brief  Stops the TIM Hall sensor Interface.
 379:Drivers/STM32G0xx_HAL_Driver/Src/stm32g0xx_hal_tim_ex.c ****   * @param  htim TIM Hall Sensor Interface handle
 380:Drivers/STM32G0xx_HAL_Driver/Src/stm32g0xx_hal_tim_ex.c ****   * @retval HAL status
 381:Drivers/STM32G0xx_HAL_Driver/Src/stm32g0xx_hal_tim_ex.c ****   */
 382:Drivers/STM32G0xx_HAL_Driver/Src/stm32g0xx_hal_tim_ex.c **** HAL_StatusTypeDef HAL_TIMEx_HallSensor_Stop(TIM_HandleTypeDef *htim)
 383:Drivers/STM32G0xx_HAL_Driver/Src/stm32g0xx_hal_tim_ex.c **** {
 690              		.loc 1 383 1
 691              		.cfi_startproc
 692              		@ args = 0, pretend = 0, frame = 8
 693              		@ frame_needed = 1, uses_anonymous_args = 0
 694 0000 80B5     		push	{r7, lr}
 695              	.LCFI15:
 696              		.cfi_def_cfa_offset 8
 697              		.cfi_offset 7, -8
 698              		.cfi_offset 14, -4
 699 0002 82B0     		sub	sp, sp, #8
 700              	.LCFI16:
 701              		.cfi_def_cfa_offset 16
 702 0004 00AF     		add	r7, sp, #0
 703              	.LCFI17:
 704              		.cfi_def_cfa_register 7
 705 0006 7860     		str	r0, [r7, #4]
 384:Drivers/STM32G0xx_HAL_Driver/Src/stm32g0xx_hal_tim_ex.c ****   /* Check the parameters */
 385:Drivers/STM32G0xx_HAL_Driver/Src/stm32g0xx_hal_tim_ex.c ****   assert_param(IS_TIM_HALL_SENSOR_INTERFACE_INSTANCE(htim->Instance));
 386:Drivers/STM32G0xx_HAL_Driver/Src/stm32g0xx_hal_tim_ex.c **** 
 387:Drivers/STM32G0xx_HAL_Driver/Src/stm32g0xx_hal_tim_ex.c ****   /* Disable the Input Capture channels 1, 2 and 3
 388:Drivers/STM32G0xx_HAL_Driver/Src/stm32g0xx_hal_tim_ex.c ****   (in the Hall Sensor Interface the three possible channels that can be used are TIM_CHANNEL_1,
ARM GAS  C:\Users\a_hae\AppData\Local\Temp\ccujrzwF.s 			page 20


 389:Drivers/STM32G0xx_HAL_Driver/Src/stm32g0xx_hal_tim_ex.c ****   TIM_CHANNEL_2 and TIM_CHANNEL_3) */
 390:Drivers/STM32G0xx_HAL_Driver/Src/stm32g0xx_hal_tim_ex.c ****   TIM_CCxChannelCmd(htim->Instance, TIM_CHANNEL_1, TIM_CCx_DISABLE);
 706              		.loc 1 390 3
 707 0008 7B68     		ldr	r3, [r7, #4]
 708 000a 1B68     		ldr	r3, [r3]
 709 000c 0022     		movs	r2, #0
 710 000e 0021     		movs	r1, #0
 711 0010 1800     		movs	r0, r3
 712 0012 FFF7FEFF 		bl	TIM_CCxChannelCmd
 391:Drivers/STM32G0xx_HAL_Driver/Src/stm32g0xx_hal_tim_ex.c **** 
 392:Drivers/STM32G0xx_HAL_Driver/Src/stm32g0xx_hal_tim_ex.c ****   /* Disable the Peripheral */
 393:Drivers/STM32G0xx_HAL_Driver/Src/stm32g0xx_hal_tim_ex.c ****   __HAL_TIM_DISABLE(htim);
 713              		.loc 1 393 3
 714 0016 7B68     		ldr	r3, [r7, #4]
 715 0018 1B68     		ldr	r3, [r3]
 716 001a 1B6A     		ldr	r3, [r3, #32]
 717 001c 124A     		ldr	r2, .L29
 718 001e 1340     		ands	r3, r2
 719 0020 0DD1     		bne	.L27
 720              		.loc 1 393 3 is_stmt 0 discriminator 1
 721 0022 7B68     		ldr	r3, [r7, #4]
 722 0024 1B68     		ldr	r3, [r3]
 723 0026 1B6A     		ldr	r3, [r3, #32]
 724 0028 104A     		ldr	r2, .L29+4
 725 002a 1340     		ands	r3, r2
 726 002c 07D1     		bne	.L27
 727              		.loc 1 393 3 discriminator 2
 728 002e 7B68     		ldr	r3, [r7, #4]
 729 0030 1B68     		ldr	r3, [r3]
 730 0032 1A68     		ldr	r2, [r3]
 731 0034 7B68     		ldr	r3, [r7, #4]
 732 0036 1B68     		ldr	r3, [r3]
 733 0038 0121     		movs	r1, #1
 734 003a 8A43     		bics	r2, r1
 735 003c 1A60     		str	r2, [r3]
 736              	.L27:
 394:Drivers/STM32G0xx_HAL_Driver/Src/stm32g0xx_hal_tim_ex.c **** 
 395:Drivers/STM32G0xx_HAL_Driver/Src/stm32g0xx_hal_tim_ex.c ****   /* Set the TIM channels state */
 396:Drivers/STM32G0xx_HAL_Driver/Src/stm32g0xx_hal_tim_ex.c ****   TIM_CHANNEL_STATE_SET(htim, TIM_CHANNEL_1, HAL_TIM_CHANNEL_STATE_READY);
 737              		.loc 1 396 3 is_stmt 1
 738 003e 7B68     		ldr	r3, [r7, #4]
 739 0040 3E22     		movs	r2, #62
 740 0042 0121     		movs	r1, #1
 741 0044 9954     		strb	r1, [r3, r2]
 397:Drivers/STM32G0xx_HAL_Driver/Src/stm32g0xx_hal_tim_ex.c ****   TIM_CHANNEL_STATE_SET(htim, TIM_CHANNEL_2, HAL_TIM_CHANNEL_STATE_READY);
 742              		.loc 1 397 3
 743 0046 7B68     		ldr	r3, [r7, #4]
 744 0048 3F22     		movs	r2, #63
 745 004a 0121     		movs	r1, #1
 746 004c 9954     		strb	r1, [r3, r2]
 398:Drivers/STM32G0xx_HAL_Driver/Src/stm32g0xx_hal_tim_ex.c ****   TIM_CHANNEL_N_STATE_SET(htim, TIM_CHANNEL_1, HAL_TIM_CHANNEL_STATE_READY);
 747              		.loc 1 398 3
 748 004e 7B68     		ldr	r3, [r7, #4]
 749 0050 4422     		movs	r2, #68
 750 0052 0121     		movs	r1, #1
 751 0054 9954     		strb	r1, [r3, r2]
 399:Drivers/STM32G0xx_HAL_Driver/Src/stm32g0xx_hal_tim_ex.c ****   TIM_CHANNEL_N_STATE_SET(htim, TIM_CHANNEL_2, HAL_TIM_CHANNEL_STATE_READY);
ARM GAS  C:\Users\a_hae\AppData\Local\Temp\ccujrzwF.s 			page 21


 752              		.loc 1 399 3
 753 0056 7B68     		ldr	r3, [r7, #4]
 754 0058 4522     		movs	r2, #69
 755 005a 0121     		movs	r1, #1
 756 005c 9954     		strb	r1, [r3, r2]
 400:Drivers/STM32G0xx_HAL_Driver/Src/stm32g0xx_hal_tim_ex.c **** 
 401:Drivers/STM32G0xx_HAL_Driver/Src/stm32g0xx_hal_tim_ex.c ****   /* Return function status */
 402:Drivers/STM32G0xx_HAL_Driver/Src/stm32g0xx_hal_tim_ex.c ****   return HAL_OK;
 757              		.loc 1 402 10
 758 005e 0023     		movs	r3, #0
 403:Drivers/STM32G0xx_HAL_Driver/Src/stm32g0xx_hal_tim_ex.c **** }
 759              		.loc 1 403 1
 760 0060 1800     		movs	r0, r3
 761 0062 BD46     		mov	sp, r7
 762 0064 02B0     		add	sp, sp, #8
 763              		@ sp needed
 764 0066 80BD     		pop	{r7, pc}
 765              	.L30:
 766              		.align	2
 767              	.L29:
 768 0068 11110000 		.word	4369
 769 006c 44040000 		.word	1092
 770              		.cfi_endproc
 771              	.LFE368:
 773              		.section	.text.HAL_TIMEx_HallSensor_Start_IT,"ax",%progbits
 774              		.align	1
 775              		.global	HAL_TIMEx_HallSensor_Start_IT
 776              		.syntax unified
 777              		.code	16
 778              		.thumb_func
 780              	HAL_TIMEx_HallSensor_Start_IT:
 781              	.LFB369:
 404:Drivers/STM32G0xx_HAL_Driver/Src/stm32g0xx_hal_tim_ex.c **** 
 405:Drivers/STM32G0xx_HAL_Driver/Src/stm32g0xx_hal_tim_ex.c **** /**
 406:Drivers/STM32G0xx_HAL_Driver/Src/stm32g0xx_hal_tim_ex.c ****   * @brief  Starts the TIM Hall Sensor Interface in interrupt mode.
 407:Drivers/STM32G0xx_HAL_Driver/Src/stm32g0xx_hal_tim_ex.c ****   * @param  htim TIM Hall Sensor Interface handle
 408:Drivers/STM32G0xx_HAL_Driver/Src/stm32g0xx_hal_tim_ex.c ****   * @retval HAL status
 409:Drivers/STM32G0xx_HAL_Driver/Src/stm32g0xx_hal_tim_ex.c ****   */
 410:Drivers/STM32G0xx_HAL_Driver/Src/stm32g0xx_hal_tim_ex.c **** HAL_StatusTypeDef HAL_TIMEx_HallSensor_Start_IT(TIM_HandleTypeDef *htim)
 411:Drivers/STM32G0xx_HAL_Driver/Src/stm32g0xx_hal_tim_ex.c **** {
 782              		.loc 1 411 1
 783              		.cfi_startproc
 784              		@ args = 0, pretend = 0, frame = 16
 785              		@ frame_needed = 1, uses_anonymous_args = 0
 786 0000 F0B5     		push	{r4, r5, r6, r7, lr}
 787              	.LCFI18:
 788              		.cfi_def_cfa_offset 20
 789              		.cfi_offset 4, -20
 790              		.cfi_offset 5, -16
 791              		.cfi_offset 6, -12
 792              		.cfi_offset 7, -8
 793              		.cfi_offset 14, -4
 794 0002 85B0     		sub	sp, sp, #20
 795              	.LCFI19:
 796              		.cfi_def_cfa_offset 40
 797 0004 00AF     		add	r7, sp, #0
 798              	.LCFI20:
ARM GAS  C:\Users\a_hae\AppData\Local\Temp\ccujrzwF.s 			page 22


 799              		.cfi_def_cfa_register 7
 800 0006 7860     		str	r0, [r7, #4]
 412:Drivers/STM32G0xx_HAL_Driver/Src/stm32g0xx_hal_tim_ex.c ****   uint32_t tmpsmcr;
 413:Drivers/STM32G0xx_HAL_Driver/Src/stm32g0xx_hal_tim_ex.c ****   HAL_TIM_ChannelStateTypeDef channel_1_state = TIM_CHANNEL_STATE_GET(htim, TIM_CHANNEL_1);
 801              		.loc 1 413 31
 802 0008 0F20     		movs	r0, #15
 803 000a 3B18     		adds	r3, r7, r0
 804 000c 7A68     		ldr	r2, [r7, #4]
 805 000e 3E21     		movs	r1, #62
 806 0010 525C     		ldrb	r2, [r2, r1]
 807 0012 1A70     		strb	r2, [r3]
 414:Drivers/STM32G0xx_HAL_Driver/Src/stm32g0xx_hal_tim_ex.c ****   HAL_TIM_ChannelStateTypeDef channel_2_state = TIM_CHANNEL_STATE_GET(htim, TIM_CHANNEL_2);
 808              		.loc 1 414 31
 809 0014 0E24     		movs	r4, #14
 810 0016 3B19     		adds	r3, r7, r4
 811 0018 7A68     		ldr	r2, [r7, #4]
 812 001a 3F21     		movs	r1, #63
 813 001c 525C     		ldrb	r2, [r2, r1]
 814 001e 1A70     		strb	r2, [r3]
 415:Drivers/STM32G0xx_HAL_Driver/Src/stm32g0xx_hal_tim_ex.c ****   HAL_TIM_ChannelStateTypeDef complementary_channel_1_state = TIM_CHANNEL_N_STATE_GET(htim, TIM_CHA
 815              		.loc 1 415 31
 816 0020 0D25     		movs	r5, #13
 817 0022 7B19     		adds	r3, r7, r5
 818 0024 7A68     		ldr	r2, [r7, #4]
 819 0026 4421     		movs	r1, #68
 820 0028 525C     		ldrb	r2, [r2, r1]
 821 002a 1A70     		strb	r2, [r3]
 416:Drivers/STM32G0xx_HAL_Driver/Src/stm32g0xx_hal_tim_ex.c ****   HAL_TIM_ChannelStateTypeDef complementary_channel_2_state = TIM_CHANNEL_N_STATE_GET(htim, TIM_CHA
 822              		.loc 1 416 31
 823 002c 0C26     		movs	r6, #12
 824 002e BB19     		adds	r3, r7, r6
 825 0030 7A68     		ldr	r2, [r7, #4]
 826 0032 4521     		movs	r1, #69
 827 0034 525C     		ldrb	r2, [r2, r1]
 828 0036 1A70     		strb	r2, [r3]
 417:Drivers/STM32G0xx_HAL_Driver/Src/stm32g0xx_hal_tim_ex.c **** 
 418:Drivers/STM32G0xx_HAL_Driver/Src/stm32g0xx_hal_tim_ex.c ****   /* Check the parameters */
 419:Drivers/STM32G0xx_HAL_Driver/Src/stm32g0xx_hal_tim_ex.c ****   assert_param(IS_TIM_HALL_SENSOR_INTERFACE_INSTANCE(htim->Instance));
 420:Drivers/STM32G0xx_HAL_Driver/Src/stm32g0xx_hal_tim_ex.c **** 
 421:Drivers/STM32G0xx_HAL_Driver/Src/stm32g0xx_hal_tim_ex.c ****   /* Check the TIM channels state */
 422:Drivers/STM32G0xx_HAL_Driver/Src/stm32g0xx_hal_tim_ex.c ****   if ((channel_1_state != HAL_TIM_CHANNEL_STATE_READY)
 829              		.loc 1 422 6
 830 0038 3B18     		adds	r3, r7, r0
 831 003a 1B78     		ldrb	r3, [r3]
 832 003c 012B     		cmp	r3, #1
 833 003e 0BD1     		bne	.L32
 423:Drivers/STM32G0xx_HAL_Driver/Src/stm32g0xx_hal_tim_ex.c ****       || (channel_2_state != HAL_TIM_CHANNEL_STATE_READY)
 834              		.loc 1 423 7
 835 0040 3B19     		adds	r3, r7, r4
 836 0042 1B78     		ldrb	r3, [r3]
 837 0044 012B     		cmp	r3, #1
 838 0046 07D1     		bne	.L32
 424:Drivers/STM32G0xx_HAL_Driver/Src/stm32g0xx_hal_tim_ex.c ****       || (complementary_channel_1_state != HAL_TIM_CHANNEL_STATE_READY)
 839              		.loc 1 424 7
 840 0048 7B19     		adds	r3, r7, r5
 841 004a 1B78     		ldrb	r3, [r3]
 842 004c 012B     		cmp	r3, #1
ARM GAS  C:\Users\a_hae\AppData\Local\Temp\ccujrzwF.s 			page 23


 843 004e 03D1     		bne	.L32
 425:Drivers/STM32G0xx_HAL_Driver/Src/stm32g0xx_hal_tim_ex.c ****       || (complementary_channel_2_state != HAL_TIM_CHANNEL_STATE_READY))
 844              		.loc 1 425 7
 845 0050 BB19     		adds	r3, r7, r6
 846 0052 1B78     		ldrb	r3, [r3]
 847 0054 012B     		cmp	r3, #1
 848 0056 01D0     		beq	.L33
 849              	.L32:
 426:Drivers/STM32G0xx_HAL_Driver/Src/stm32g0xx_hal_tim_ex.c ****   {
 427:Drivers/STM32G0xx_HAL_Driver/Src/stm32g0xx_hal_tim_ex.c ****     return HAL_ERROR;
 850              		.loc 1 427 12
 851 0058 0123     		movs	r3, #1
 852 005a 5AE0     		b	.L34
 853              	.L33:
 428:Drivers/STM32G0xx_HAL_Driver/Src/stm32g0xx_hal_tim_ex.c ****   }
 429:Drivers/STM32G0xx_HAL_Driver/Src/stm32g0xx_hal_tim_ex.c **** 
 430:Drivers/STM32G0xx_HAL_Driver/Src/stm32g0xx_hal_tim_ex.c ****   /* Set the TIM channels state */
 431:Drivers/STM32G0xx_HAL_Driver/Src/stm32g0xx_hal_tim_ex.c ****   TIM_CHANNEL_STATE_SET(htim, TIM_CHANNEL_1, HAL_TIM_CHANNEL_STATE_BUSY);
 854              		.loc 1 431 3
 855 005c 7B68     		ldr	r3, [r7, #4]
 856 005e 3E22     		movs	r2, #62
 857 0060 0221     		movs	r1, #2
 858 0062 9954     		strb	r1, [r3, r2]
 432:Drivers/STM32G0xx_HAL_Driver/Src/stm32g0xx_hal_tim_ex.c ****   TIM_CHANNEL_STATE_SET(htim, TIM_CHANNEL_2, HAL_TIM_CHANNEL_STATE_BUSY);
 859              		.loc 1 432 3
 860 0064 7B68     		ldr	r3, [r7, #4]
 861 0066 3F22     		movs	r2, #63
 862 0068 0221     		movs	r1, #2
 863 006a 9954     		strb	r1, [r3, r2]
 433:Drivers/STM32G0xx_HAL_Driver/Src/stm32g0xx_hal_tim_ex.c ****   TIM_CHANNEL_N_STATE_SET(htim, TIM_CHANNEL_1, HAL_TIM_CHANNEL_STATE_BUSY);
 864              		.loc 1 433 3
 865 006c 7B68     		ldr	r3, [r7, #4]
 866 006e 4422     		movs	r2, #68
 867 0070 0221     		movs	r1, #2
 868 0072 9954     		strb	r1, [r3, r2]
 434:Drivers/STM32G0xx_HAL_Driver/Src/stm32g0xx_hal_tim_ex.c ****   TIM_CHANNEL_N_STATE_SET(htim, TIM_CHANNEL_2, HAL_TIM_CHANNEL_STATE_BUSY);
 869              		.loc 1 434 3
 870 0074 7B68     		ldr	r3, [r7, #4]
 871 0076 4522     		movs	r2, #69
 872 0078 0221     		movs	r1, #2
 873 007a 9954     		strb	r1, [r3, r2]
 435:Drivers/STM32G0xx_HAL_Driver/Src/stm32g0xx_hal_tim_ex.c **** 
 436:Drivers/STM32G0xx_HAL_Driver/Src/stm32g0xx_hal_tim_ex.c ****   /* Enable the capture compare Interrupts 1 event */
 437:Drivers/STM32G0xx_HAL_Driver/Src/stm32g0xx_hal_tim_ex.c ****   __HAL_TIM_ENABLE_IT(htim, TIM_IT_CC1);
 874              		.loc 1 437 3
 875 007c 7B68     		ldr	r3, [r7, #4]
 876 007e 1B68     		ldr	r3, [r3]
 877 0080 DA68     		ldr	r2, [r3, #12]
 878 0082 7B68     		ldr	r3, [r7, #4]
 879 0084 1B68     		ldr	r3, [r3]
 880 0086 0221     		movs	r1, #2
 881 0088 0A43     		orrs	r2, r1
 882 008a DA60     		str	r2, [r3, #12]
 438:Drivers/STM32G0xx_HAL_Driver/Src/stm32g0xx_hal_tim_ex.c **** 
 439:Drivers/STM32G0xx_HAL_Driver/Src/stm32g0xx_hal_tim_ex.c ****   /* Enable the Input Capture channel 1
 440:Drivers/STM32G0xx_HAL_Driver/Src/stm32g0xx_hal_tim_ex.c ****   (in the Hall Sensor Interface the three possible channels that can be used are TIM_CHANNEL_1,
 441:Drivers/STM32G0xx_HAL_Driver/Src/stm32g0xx_hal_tim_ex.c ****   TIM_CHANNEL_2 and TIM_CHANNEL_3) */
ARM GAS  C:\Users\a_hae\AppData\Local\Temp\ccujrzwF.s 			page 24


 442:Drivers/STM32G0xx_HAL_Driver/Src/stm32g0xx_hal_tim_ex.c ****   TIM_CCxChannelCmd(htim->Instance, TIM_CHANNEL_1, TIM_CCx_ENABLE);
 883              		.loc 1 442 3
 884 008c 7B68     		ldr	r3, [r7, #4]
 885 008e 1B68     		ldr	r3, [r3]
 886 0090 0122     		movs	r2, #1
 887 0092 0021     		movs	r1, #0
 888 0094 1800     		movs	r0, r3
 889 0096 FFF7FEFF 		bl	TIM_CCxChannelCmd
 443:Drivers/STM32G0xx_HAL_Driver/Src/stm32g0xx_hal_tim_ex.c **** 
 444:Drivers/STM32G0xx_HAL_Driver/Src/stm32g0xx_hal_tim_ex.c ****   /* Enable the Peripheral, except in trigger mode where enable is automatically done with trigger 
 445:Drivers/STM32G0xx_HAL_Driver/Src/stm32g0xx_hal_tim_ex.c ****   if (IS_TIM_SLAVE_INSTANCE(htim->Instance))
 890              		.loc 1 445 7
 891 009a 7B68     		ldr	r3, [r7, #4]
 892 009c 1B68     		ldr	r3, [r3]
 893              		.loc 1 445 6
 894 009e 1F4A     		ldr	r2, .L40
 895 00a0 9342     		cmp	r3, r2
 896 00a2 14D0     		beq	.L35
 897              		.loc 1 445 7 discriminator 1
 898 00a4 7B68     		ldr	r3, [r7, #4]
 899 00a6 1A68     		ldr	r2, [r3]
 900 00a8 8023     		movs	r3, #128
 901 00aa DB05     		lsls	r3, r3, #23
 902 00ac 9A42     		cmp	r2, r3
 903 00ae 0ED0     		beq	.L35
 904              		.loc 1 445 7 is_stmt 0 discriminator 2
 905 00b0 7B68     		ldr	r3, [r7, #4]
 906 00b2 1B68     		ldr	r3, [r3]
 907 00b4 1A4A     		ldr	r2, .L40+4
 908 00b6 9342     		cmp	r3, r2
 909 00b8 09D0     		beq	.L35
 910              		.loc 1 445 7 discriminator 3
 911 00ba 7B68     		ldr	r3, [r7, #4]
 912 00bc 1B68     		ldr	r3, [r3]
 913 00be 194A     		ldr	r2, .L40+8
 914 00c0 9342     		cmp	r3, r2
 915 00c2 04D0     		beq	.L35
 916              		.loc 1 445 7 discriminator 4
 917 00c4 7B68     		ldr	r3, [r7, #4]
 918 00c6 1B68     		ldr	r3, [r3]
 919 00c8 174A     		ldr	r2, .L40+12
 920 00ca 9342     		cmp	r3, r2
 921 00cc 16D1     		bne	.L36
 922              	.L35:
 446:Drivers/STM32G0xx_HAL_Driver/Src/stm32g0xx_hal_tim_ex.c ****   {
 447:Drivers/STM32G0xx_HAL_Driver/Src/stm32g0xx_hal_tim_ex.c ****     tmpsmcr = htim->Instance->SMCR & TIM_SMCR_SMS;
 923              		.loc 1 447 19 is_stmt 1
 924 00ce 7B68     		ldr	r3, [r7, #4]
 925 00d0 1B68     		ldr	r3, [r3]
 926              		.loc 1 447 29
 927 00d2 9B68     		ldr	r3, [r3, #8]
 928              		.loc 1 447 13
 929 00d4 154A     		ldr	r2, .L40+16
 930 00d6 1340     		ands	r3, r2
 931 00d8 BB60     		str	r3, [r7, #8]
 448:Drivers/STM32G0xx_HAL_Driver/Src/stm32g0xx_hal_tim_ex.c ****     if (!IS_TIM_SLAVEMODE_TRIGGER_ENABLED(tmpsmcr))
 932              		.loc 1 448 8
ARM GAS  C:\Users\a_hae\AppData\Local\Temp\ccujrzwF.s 			page 25


 933 00da BB68     		ldr	r3, [r7, #8]
 934 00dc 062B     		cmp	r3, #6
 935 00de 16D0     		beq	.L39
 936              		.loc 1 448 9 discriminator 1
 937 00e0 BA68     		ldr	r2, [r7, #8]
 938 00e2 8023     		movs	r3, #128
 939 00e4 5B02     		lsls	r3, r3, #9
 940 00e6 9A42     		cmp	r2, r3
 941 00e8 11D0     		beq	.L39
 449:Drivers/STM32G0xx_HAL_Driver/Src/stm32g0xx_hal_tim_ex.c ****     {
 450:Drivers/STM32G0xx_HAL_Driver/Src/stm32g0xx_hal_tim_ex.c ****       __HAL_TIM_ENABLE(htim);
 942              		.loc 1 450 7
 943 00ea 7B68     		ldr	r3, [r7, #4]
 944 00ec 1B68     		ldr	r3, [r3]
 945 00ee 1A68     		ldr	r2, [r3]
 946 00f0 7B68     		ldr	r3, [r7, #4]
 947 00f2 1B68     		ldr	r3, [r3]
 948 00f4 0121     		movs	r1, #1
 949 00f6 0A43     		orrs	r2, r1
 950 00f8 1A60     		str	r2, [r3]
 448:Drivers/STM32G0xx_HAL_Driver/Src/stm32g0xx_hal_tim_ex.c ****     if (!IS_TIM_SLAVEMODE_TRIGGER_ENABLED(tmpsmcr))
 951              		.loc 1 448 8
 952 00fa 08E0     		b	.L39
 953              	.L36:
 451:Drivers/STM32G0xx_HAL_Driver/Src/stm32g0xx_hal_tim_ex.c ****     }
 452:Drivers/STM32G0xx_HAL_Driver/Src/stm32g0xx_hal_tim_ex.c ****   }
 453:Drivers/STM32G0xx_HAL_Driver/Src/stm32g0xx_hal_tim_ex.c ****   else
 454:Drivers/STM32G0xx_HAL_Driver/Src/stm32g0xx_hal_tim_ex.c ****   {
 455:Drivers/STM32G0xx_HAL_Driver/Src/stm32g0xx_hal_tim_ex.c ****     __HAL_TIM_ENABLE(htim);
 954              		.loc 1 455 5
 955 00fc 7B68     		ldr	r3, [r7, #4]
 956 00fe 1B68     		ldr	r3, [r3]
 957 0100 1A68     		ldr	r2, [r3]
 958 0102 7B68     		ldr	r3, [r7, #4]
 959 0104 1B68     		ldr	r3, [r3]
 960 0106 0121     		movs	r1, #1
 961 0108 0A43     		orrs	r2, r1
 962 010a 1A60     		str	r2, [r3]
 963 010c 00E0     		b	.L38
 964              	.L39:
 448:Drivers/STM32G0xx_HAL_Driver/Src/stm32g0xx_hal_tim_ex.c ****     {
 965              		.loc 1 448 8
 966 010e C046     		nop
 967              	.L38:
 456:Drivers/STM32G0xx_HAL_Driver/Src/stm32g0xx_hal_tim_ex.c ****   }
 457:Drivers/STM32G0xx_HAL_Driver/Src/stm32g0xx_hal_tim_ex.c **** 
 458:Drivers/STM32G0xx_HAL_Driver/Src/stm32g0xx_hal_tim_ex.c ****   /* Return function status */
 459:Drivers/STM32G0xx_HAL_Driver/Src/stm32g0xx_hal_tim_ex.c ****   return HAL_OK;
 968              		.loc 1 459 10
 969 0110 0023     		movs	r3, #0
 970              	.L34:
 460:Drivers/STM32G0xx_HAL_Driver/Src/stm32g0xx_hal_tim_ex.c **** }
 971              		.loc 1 460 1
 972 0112 1800     		movs	r0, r3
 973 0114 BD46     		mov	sp, r7
 974 0116 05B0     		add	sp, sp, #20
 975              		@ sp needed
ARM GAS  C:\Users\a_hae\AppData\Local\Temp\ccujrzwF.s 			page 26


 976 0118 F0BD     		pop	{r4, r5, r6, r7, pc}
 977              	.L41:
 978 011a C046     		.align	2
 979              	.L40:
 980 011c 002C0140 		.word	1073818624
 981 0120 00040040 		.word	1073742848
 982 0124 00080040 		.word	1073743872
 983 0128 00400140 		.word	1073823744
 984 012c 07000100 		.word	65543
 985              		.cfi_endproc
 986              	.LFE369:
 988              		.section	.text.HAL_TIMEx_HallSensor_Stop_IT,"ax",%progbits
 989              		.align	1
 990              		.global	HAL_TIMEx_HallSensor_Stop_IT
 991              		.syntax unified
 992              		.code	16
 993              		.thumb_func
 995              	HAL_TIMEx_HallSensor_Stop_IT:
 996              	.LFB370:
 461:Drivers/STM32G0xx_HAL_Driver/Src/stm32g0xx_hal_tim_ex.c **** 
 462:Drivers/STM32G0xx_HAL_Driver/Src/stm32g0xx_hal_tim_ex.c **** /**
 463:Drivers/STM32G0xx_HAL_Driver/Src/stm32g0xx_hal_tim_ex.c ****   * @brief  Stops the TIM Hall Sensor Interface in interrupt mode.
 464:Drivers/STM32G0xx_HAL_Driver/Src/stm32g0xx_hal_tim_ex.c ****   * @param  htim TIM Hall Sensor Interface handle
 465:Drivers/STM32G0xx_HAL_Driver/Src/stm32g0xx_hal_tim_ex.c ****   * @retval HAL status
 466:Drivers/STM32G0xx_HAL_Driver/Src/stm32g0xx_hal_tim_ex.c ****   */
 467:Drivers/STM32G0xx_HAL_Driver/Src/stm32g0xx_hal_tim_ex.c **** HAL_StatusTypeDef HAL_TIMEx_HallSensor_Stop_IT(TIM_HandleTypeDef *htim)
 468:Drivers/STM32G0xx_HAL_Driver/Src/stm32g0xx_hal_tim_ex.c **** {
 997              		.loc 1 468 1
 998              		.cfi_startproc
 999              		@ args = 0, pretend = 0, frame = 8
 1000              		@ frame_needed = 1, uses_anonymous_args = 0
 1001 0000 80B5     		push	{r7, lr}
 1002              	.LCFI21:
 1003              		.cfi_def_cfa_offset 8
 1004              		.cfi_offset 7, -8
 1005              		.cfi_offset 14, -4
 1006 0002 82B0     		sub	sp, sp, #8
 1007              	.LCFI22:
 1008              		.cfi_def_cfa_offset 16
 1009 0004 00AF     		add	r7, sp, #0
 1010              	.LCFI23:
 1011              		.cfi_def_cfa_register 7
 1012 0006 7860     		str	r0, [r7, #4]
 469:Drivers/STM32G0xx_HAL_Driver/Src/stm32g0xx_hal_tim_ex.c ****   /* Check the parameters */
 470:Drivers/STM32G0xx_HAL_Driver/Src/stm32g0xx_hal_tim_ex.c ****   assert_param(IS_TIM_HALL_SENSOR_INTERFACE_INSTANCE(htim->Instance));
 471:Drivers/STM32G0xx_HAL_Driver/Src/stm32g0xx_hal_tim_ex.c **** 
 472:Drivers/STM32G0xx_HAL_Driver/Src/stm32g0xx_hal_tim_ex.c ****   /* Disable the Input Capture channel 1
 473:Drivers/STM32G0xx_HAL_Driver/Src/stm32g0xx_hal_tim_ex.c ****   (in the Hall Sensor Interface the three possible channels that can be used are TIM_CHANNEL_1,
 474:Drivers/STM32G0xx_HAL_Driver/Src/stm32g0xx_hal_tim_ex.c ****   TIM_CHANNEL_2 and TIM_CHANNEL_3) */
 475:Drivers/STM32G0xx_HAL_Driver/Src/stm32g0xx_hal_tim_ex.c ****   TIM_CCxChannelCmd(htim->Instance, TIM_CHANNEL_1, TIM_CCx_DISABLE);
 1013              		.loc 1 475 3
 1014 0008 7B68     		ldr	r3, [r7, #4]
 1015 000a 1B68     		ldr	r3, [r3]
 1016 000c 0022     		movs	r2, #0
 1017 000e 0021     		movs	r1, #0
 1018 0010 1800     		movs	r0, r3
 1019 0012 FFF7FEFF 		bl	TIM_CCxChannelCmd
ARM GAS  C:\Users\a_hae\AppData\Local\Temp\ccujrzwF.s 			page 27


 476:Drivers/STM32G0xx_HAL_Driver/Src/stm32g0xx_hal_tim_ex.c **** 
 477:Drivers/STM32G0xx_HAL_Driver/Src/stm32g0xx_hal_tim_ex.c ****   /* Disable the capture compare Interrupts event */
 478:Drivers/STM32G0xx_HAL_Driver/Src/stm32g0xx_hal_tim_ex.c ****   __HAL_TIM_DISABLE_IT(htim, TIM_IT_CC1);
 1020              		.loc 1 478 3
 1021 0016 7B68     		ldr	r3, [r7, #4]
 1022 0018 1B68     		ldr	r3, [r3]
 1023 001a DA68     		ldr	r2, [r3, #12]
 1024 001c 7B68     		ldr	r3, [r7, #4]
 1025 001e 1B68     		ldr	r3, [r3]
 1026 0020 0221     		movs	r1, #2
 1027 0022 8A43     		bics	r2, r1
 1028 0024 DA60     		str	r2, [r3, #12]
 479:Drivers/STM32G0xx_HAL_Driver/Src/stm32g0xx_hal_tim_ex.c **** 
 480:Drivers/STM32G0xx_HAL_Driver/Src/stm32g0xx_hal_tim_ex.c ****   /* Disable the Peripheral */
 481:Drivers/STM32G0xx_HAL_Driver/Src/stm32g0xx_hal_tim_ex.c ****   __HAL_TIM_DISABLE(htim);
 1029              		.loc 1 481 3
 1030 0026 7B68     		ldr	r3, [r7, #4]
 1031 0028 1B68     		ldr	r3, [r3]
 1032 002a 1B6A     		ldr	r3, [r3, #32]
 1033 002c 124A     		ldr	r2, .L45
 1034 002e 1340     		ands	r3, r2
 1035 0030 0DD1     		bne	.L43
 1036              		.loc 1 481 3 is_stmt 0 discriminator 1
 1037 0032 7B68     		ldr	r3, [r7, #4]
 1038 0034 1B68     		ldr	r3, [r3]
 1039 0036 1B6A     		ldr	r3, [r3, #32]
 1040 0038 104A     		ldr	r2, .L45+4
 1041 003a 1340     		ands	r3, r2
 1042 003c 07D1     		bne	.L43
 1043              		.loc 1 481 3 discriminator 2
 1044 003e 7B68     		ldr	r3, [r7, #4]
 1045 0040 1B68     		ldr	r3, [r3]
 1046 0042 1A68     		ldr	r2, [r3]
 1047 0044 7B68     		ldr	r3, [r7, #4]
 1048 0046 1B68     		ldr	r3, [r3]
 1049 0048 0121     		movs	r1, #1
 1050 004a 8A43     		bics	r2, r1
 1051 004c 1A60     		str	r2, [r3]
 1052              	.L43:
 482:Drivers/STM32G0xx_HAL_Driver/Src/stm32g0xx_hal_tim_ex.c **** 
 483:Drivers/STM32G0xx_HAL_Driver/Src/stm32g0xx_hal_tim_ex.c ****   /* Set the TIM channels state */
 484:Drivers/STM32G0xx_HAL_Driver/Src/stm32g0xx_hal_tim_ex.c ****   TIM_CHANNEL_STATE_SET(htim, TIM_CHANNEL_1, HAL_TIM_CHANNEL_STATE_READY);
 1053              		.loc 1 484 3 is_stmt 1
 1054 004e 7B68     		ldr	r3, [r7, #4]
 1055 0050 3E22     		movs	r2, #62
 1056 0052 0121     		movs	r1, #1
 1057 0054 9954     		strb	r1, [r3, r2]
 485:Drivers/STM32G0xx_HAL_Driver/Src/stm32g0xx_hal_tim_ex.c ****   TIM_CHANNEL_STATE_SET(htim, TIM_CHANNEL_2, HAL_TIM_CHANNEL_STATE_READY);
 1058              		.loc 1 485 3
 1059 0056 7B68     		ldr	r3, [r7, #4]
 1060 0058 3F22     		movs	r2, #63
 1061 005a 0121     		movs	r1, #1
 1062 005c 9954     		strb	r1, [r3, r2]
 486:Drivers/STM32G0xx_HAL_Driver/Src/stm32g0xx_hal_tim_ex.c ****   TIM_CHANNEL_N_STATE_SET(htim, TIM_CHANNEL_1, HAL_TIM_CHANNEL_STATE_READY);
 1063              		.loc 1 486 3
 1064 005e 7B68     		ldr	r3, [r7, #4]
 1065 0060 4422     		movs	r2, #68
ARM GAS  C:\Users\a_hae\AppData\Local\Temp\ccujrzwF.s 			page 28


 1066 0062 0121     		movs	r1, #1
 1067 0064 9954     		strb	r1, [r3, r2]
 487:Drivers/STM32G0xx_HAL_Driver/Src/stm32g0xx_hal_tim_ex.c ****   TIM_CHANNEL_N_STATE_SET(htim, TIM_CHANNEL_2, HAL_TIM_CHANNEL_STATE_READY);
 1068              		.loc 1 487 3
 1069 0066 7B68     		ldr	r3, [r7, #4]
 1070 0068 4522     		movs	r2, #69
 1071 006a 0121     		movs	r1, #1
 1072 006c 9954     		strb	r1, [r3, r2]
 488:Drivers/STM32G0xx_HAL_Driver/Src/stm32g0xx_hal_tim_ex.c **** 
 489:Drivers/STM32G0xx_HAL_Driver/Src/stm32g0xx_hal_tim_ex.c ****   /* Return function status */
 490:Drivers/STM32G0xx_HAL_Driver/Src/stm32g0xx_hal_tim_ex.c ****   return HAL_OK;
 1073              		.loc 1 490 10
 1074 006e 0023     		movs	r3, #0
 491:Drivers/STM32G0xx_HAL_Driver/Src/stm32g0xx_hal_tim_ex.c **** }
 1075              		.loc 1 491 1
 1076 0070 1800     		movs	r0, r3
 1077 0072 BD46     		mov	sp, r7
 1078 0074 02B0     		add	sp, sp, #8
 1079              		@ sp needed
 1080 0076 80BD     		pop	{r7, pc}
 1081              	.L46:
 1082              		.align	2
 1083              	.L45:
 1084 0078 11110000 		.word	4369
 1085 007c 44040000 		.word	1092
 1086              		.cfi_endproc
 1087              	.LFE370:
 1089              		.section	.text.HAL_TIMEx_HallSensor_Start_DMA,"ax",%progbits
 1090              		.align	1
 1091              		.global	HAL_TIMEx_HallSensor_Start_DMA
 1092              		.syntax unified
 1093              		.code	16
 1094              		.thumb_func
 1096              	HAL_TIMEx_HallSensor_Start_DMA:
 1097              	.LFB371:
 492:Drivers/STM32G0xx_HAL_Driver/Src/stm32g0xx_hal_tim_ex.c **** 
 493:Drivers/STM32G0xx_HAL_Driver/Src/stm32g0xx_hal_tim_ex.c **** /**
 494:Drivers/STM32G0xx_HAL_Driver/Src/stm32g0xx_hal_tim_ex.c ****   * @brief  Starts the TIM Hall Sensor Interface in DMA mode.
 495:Drivers/STM32G0xx_HAL_Driver/Src/stm32g0xx_hal_tim_ex.c ****   * @param  htim TIM Hall Sensor Interface handle
 496:Drivers/STM32G0xx_HAL_Driver/Src/stm32g0xx_hal_tim_ex.c ****   * @param  pData The destination Buffer address.
 497:Drivers/STM32G0xx_HAL_Driver/Src/stm32g0xx_hal_tim_ex.c ****   * @param  Length The length of data to be transferred from TIM peripheral to memory.
 498:Drivers/STM32G0xx_HAL_Driver/Src/stm32g0xx_hal_tim_ex.c ****   * @retval HAL status
 499:Drivers/STM32G0xx_HAL_Driver/Src/stm32g0xx_hal_tim_ex.c ****   */
 500:Drivers/STM32G0xx_HAL_Driver/Src/stm32g0xx_hal_tim_ex.c **** HAL_StatusTypeDef HAL_TIMEx_HallSensor_Start_DMA(TIM_HandleTypeDef *htim, uint32_t *pData, uint16_t
 501:Drivers/STM32G0xx_HAL_Driver/Src/stm32g0xx_hal_tim_ex.c **** {
 1098              		.loc 1 501 1
 1099              		.cfi_startproc
 1100              		@ args = 0, pretend = 0, frame = 24
 1101              		@ frame_needed = 1, uses_anonymous_args = 0
 1102 0000 90B5     		push	{r4, r7, lr}
 1103              	.LCFI24:
 1104              		.cfi_def_cfa_offset 12
 1105              		.cfi_offset 4, -12
 1106              		.cfi_offset 7, -8
 1107              		.cfi_offset 14, -4
 1108 0002 87B0     		sub	sp, sp, #28
 1109              	.LCFI25:
ARM GAS  C:\Users\a_hae\AppData\Local\Temp\ccujrzwF.s 			page 29


 1110              		.cfi_def_cfa_offset 40
 1111 0004 00AF     		add	r7, sp, #0
 1112              	.LCFI26:
 1113              		.cfi_def_cfa_register 7
 1114 0006 F860     		str	r0, [r7, #12]
 1115 0008 B960     		str	r1, [r7, #8]
 1116 000a BB1D     		adds	r3, r7, #6
 1117 000c 1A80     		strh	r2, [r3]
 502:Drivers/STM32G0xx_HAL_Driver/Src/stm32g0xx_hal_tim_ex.c ****   uint32_t tmpsmcr;
 503:Drivers/STM32G0xx_HAL_Driver/Src/stm32g0xx_hal_tim_ex.c ****   HAL_TIM_ChannelStateTypeDef channel_1_state = TIM_CHANNEL_STATE_GET(htim, TIM_CHANNEL_1);
 1118              		.loc 1 503 31
 1119 000e 1720     		movs	r0, #23
 1120 0010 3B18     		adds	r3, r7, r0
 1121 0012 FA68     		ldr	r2, [r7, #12]
 1122 0014 3E21     		movs	r1, #62
 1123 0016 525C     		ldrb	r2, [r2, r1]
 1124 0018 1A70     		strb	r2, [r3]
 504:Drivers/STM32G0xx_HAL_Driver/Src/stm32g0xx_hal_tim_ex.c ****   HAL_TIM_ChannelStateTypeDef complementary_channel_1_state = TIM_CHANNEL_N_STATE_GET(htim, TIM_CHA
 1125              		.loc 1 504 31
 1126 001a 1624     		movs	r4, #22
 1127 001c 3B19     		adds	r3, r7, r4
 1128 001e FA68     		ldr	r2, [r7, #12]
 1129 0020 4421     		movs	r1, #68
 1130 0022 525C     		ldrb	r2, [r2, r1]
 1131 0024 1A70     		strb	r2, [r3]
 505:Drivers/STM32G0xx_HAL_Driver/Src/stm32g0xx_hal_tim_ex.c **** 
 506:Drivers/STM32G0xx_HAL_Driver/Src/stm32g0xx_hal_tim_ex.c ****   /* Check the parameters */
 507:Drivers/STM32G0xx_HAL_Driver/Src/stm32g0xx_hal_tim_ex.c ****   assert_param(IS_TIM_HALL_SENSOR_INTERFACE_INSTANCE(htim->Instance));
 508:Drivers/STM32G0xx_HAL_Driver/Src/stm32g0xx_hal_tim_ex.c **** 
 509:Drivers/STM32G0xx_HAL_Driver/Src/stm32g0xx_hal_tim_ex.c ****   /* Set the TIM channel state */
 510:Drivers/STM32G0xx_HAL_Driver/Src/stm32g0xx_hal_tim_ex.c ****   if ((channel_1_state == HAL_TIM_CHANNEL_STATE_BUSY)
 1132              		.loc 1 510 6
 1133 0026 3B18     		adds	r3, r7, r0
 1134 0028 1B78     		ldrb	r3, [r3]
 1135 002a 022B     		cmp	r3, #2
 1136 002c 03D0     		beq	.L48
 511:Drivers/STM32G0xx_HAL_Driver/Src/stm32g0xx_hal_tim_ex.c ****       || (complementary_channel_1_state == HAL_TIM_CHANNEL_STATE_BUSY))
 1137              		.loc 1 511 7
 1138 002e 3B19     		adds	r3, r7, r4
 1139 0030 1B78     		ldrb	r3, [r3]
 1140 0032 022B     		cmp	r3, #2
 1141 0034 01D1     		bne	.L49
 1142              	.L48:
 512:Drivers/STM32G0xx_HAL_Driver/Src/stm32g0xx_hal_tim_ex.c ****   {
 513:Drivers/STM32G0xx_HAL_Driver/Src/stm32g0xx_hal_tim_ex.c ****     return HAL_BUSY;
 1143              		.loc 1 513 12
 1144 0036 0223     		movs	r3, #2
 1145 0038 85E0     		b	.L50
 1146              	.L49:
 514:Drivers/STM32G0xx_HAL_Driver/Src/stm32g0xx_hal_tim_ex.c ****   }
 515:Drivers/STM32G0xx_HAL_Driver/Src/stm32g0xx_hal_tim_ex.c ****   else if ((channel_1_state == HAL_TIM_CHANNEL_STATE_READY)
 1147              		.loc 1 515 11
 1148 003a 1723     		movs	r3, #23
 1149 003c FB18     		adds	r3, r7, r3
 1150 003e 1B78     		ldrb	r3, [r3]
 1151 0040 012B     		cmp	r3, #1
 1152 0042 37D1     		bne	.L51
ARM GAS  C:\Users\a_hae\AppData\Local\Temp\ccujrzwF.s 			page 30


 516:Drivers/STM32G0xx_HAL_Driver/Src/stm32g0xx_hal_tim_ex.c ****            && (complementary_channel_1_state == HAL_TIM_CHANNEL_STATE_READY))
 1153              		.loc 1 516 12
 1154 0044 1623     		movs	r3, #22
 1155 0046 FB18     		adds	r3, r7, r3
 1156 0048 1B78     		ldrb	r3, [r3]
 1157 004a 012B     		cmp	r3, #1
 1158 004c 32D1     		bne	.L51
 517:Drivers/STM32G0xx_HAL_Driver/Src/stm32g0xx_hal_tim_ex.c ****   {
 518:Drivers/STM32G0xx_HAL_Driver/Src/stm32g0xx_hal_tim_ex.c ****     if ((pData == NULL) || (Length == 0U))
 1159              		.loc 1 518 8
 1160 004e BB68     		ldr	r3, [r7, #8]
 1161 0050 002B     		cmp	r3, #0
 1162 0052 03D0     		beq	.L52
 1163              		.loc 1 518 25 discriminator 1
 1164 0054 BB1D     		adds	r3, r7, #6
 1165 0056 1B88     		ldrh	r3, [r3]
 1166 0058 002B     		cmp	r3, #0
 1167 005a 01D1     		bne	.L53
 1168              	.L52:
 519:Drivers/STM32G0xx_HAL_Driver/Src/stm32g0xx_hal_tim_ex.c ****     {
 520:Drivers/STM32G0xx_HAL_Driver/Src/stm32g0xx_hal_tim_ex.c ****       return HAL_ERROR;
 1169              		.loc 1 520 14
 1170 005c 0123     		movs	r3, #1
 1171 005e 72E0     		b	.L50
 1172              	.L53:
 521:Drivers/STM32G0xx_HAL_Driver/Src/stm32g0xx_hal_tim_ex.c ****     }
 522:Drivers/STM32G0xx_HAL_Driver/Src/stm32g0xx_hal_tim_ex.c ****     else
 523:Drivers/STM32G0xx_HAL_Driver/Src/stm32g0xx_hal_tim_ex.c ****     {
 524:Drivers/STM32G0xx_HAL_Driver/Src/stm32g0xx_hal_tim_ex.c ****       TIM_CHANNEL_STATE_SET(htim, TIM_CHANNEL_1, HAL_TIM_CHANNEL_STATE_BUSY);
 1173              		.loc 1 524 7
 1174 0060 FB68     		ldr	r3, [r7, #12]
 1175 0062 3E22     		movs	r2, #62
 1176 0064 0221     		movs	r1, #2
 1177 0066 9954     		strb	r1, [r3, r2]
 525:Drivers/STM32G0xx_HAL_Driver/Src/stm32g0xx_hal_tim_ex.c ****       TIM_CHANNEL_N_STATE_SET(htim, TIM_CHANNEL_1, HAL_TIM_CHANNEL_STATE_BUSY);
 1178              		.loc 1 525 7
 1179 0068 FB68     		ldr	r3, [r7, #12]
 1180 006a 4422     		movs	r2, #68
 1181 006c 0221     		movs	r1, #2
 1182 006e 9954     		strb	r1, [r3, r2]
 518:Drivers/STM32G0xx_HAL_Driver/Src/stm32g0xx_hal_tim_ex.c ****     {
 1183              		.loc 1 518 8
 1184 0070 C046     		nop
 526:Drivers/STM32G0xx_HAL_Driver/Src/stm32g0xx_hal_tim_ex.c ****     }
 527:Drivers/STM32G0xx_HAL_Driver/Src/stm32g0xx_hal_tim_ex.c ****   }
 528:Drivers/STM32G0xx_HAL_Driver/Src/stm32g0xx_hal_tim_ex.c ****   else
 529:Drivers/STM32G0xx_HAL_Driver/Src/stm32g0xx_hal_tim_ex.c ****   {
 530:Drivers/STM32G0xx_HAL_Driver/Src/stm32g0xx_hal_tim_ex.c ****     return HAL_ERROR;
 531:Drivers/STM32G0xx_HAL_Driver/Src/stm32g0xx_hal_tim_ex.c ****   }
 532:Drivers/STM32G0xx_HAL_Driver/Src/stm32g0xx_hal_tim_ex.c **** 
 533:Drivers/STM32G0xx_HAL_Driver/Src/stm32g0xx_hal_tim_ex.c ****   /* Enable the Input Capture channel 1
 534:Drivers/STM32G0xx_HAL_Driver/Src/stm32g0xx_hal_tim_ex.c ****   (in the Hall Sensor Interface the three possible channels that can be used are TIM_CHANNEL_1,
 535:Drivers/STM32G0xx_HAL_Driver/Src/stm32g0xx_hal_tim_ex.c ****   TIM_CHANNEL_2 and TIM_CHANNEL_3) */
 536:Drivers/STM32G0xx_HAL_Driver/Src/stm32g0xx_hal_tim_ex.c ****   TIM_CCxChannelCmd(htim->Instance, TIM_CHANNEL_1, TIM_CCx_ENABLE);
 1185              		.loc 1 536 3
 1186 0072 FB68     		ldr	r3, [r7, #12]
 1187 0074 1B68     		ldr	r3, [r3]
ARM GAS  C:\Users\a_hae\AppData\Local\Temp\ccujrzwF.s 			page 31


 1188 0076 0122     		movs	r2, #1
 1189 0078 0021     		movs	r1, #0
 1190 007a 1800     		movs	r0, r3
 1191 007c FFF7FEFF 		bl	TIM_CCxChannelCmd
 537:Drivers/STM32G0xx_HAL_Driver/Src/stm32g0xx_hal_tim_ex.c **** 
 538:Drivers/STM32G0xx_HAL_Driver/Src/stm32g0xx_hal_tim_ex.c ****   /* Set the DMA Input Capture 1 Callbacks */
 539:Drivers/STM32G0xx_HAL_Driver/Src/stm32g0xx_hal_tim_ex.c ****   htim->hdma[TIM_DMA_ID_CC1]->XferCpltCallback = TIM_DMACaptureCplt;
 1192              		.loc 1 539 13
 1193 0080 FB68     		ldr	r3, [r7, #12]
 1194 0082 5B6A     		ldr	r3, [r3, #36]
 1195              		.loc 1 539 48
 1196 0084 324A     		ldr	r2, .L62
 1197 0086 DA62     		str	r2, [r3, #44]
 540:Drivers/STM32G0xx_HAL_Driver/Src/stm32g0xx_hal_tim_ex.c ****   htim->hdma[TIM_DMA_ID_CC1]->XferHalfCpltCallback = TIM_DMACaptureHalfCplt;
 1198              		.loc 1 540 13
 1199 0088 FB68     		ldr	r3, [r7, #12]
 1200 008a 5B6A     		ldr	r3, [r3, #36]
 1201              		.loc 1 540 52
 1202 008c 314A     		ldr	r2, .L62+4
 1203 008e 1A63     		str	r2, [r3, #48]
 541:Drivers/STM32G0xx_HAL_Driver/Src/stm32g0xx_hal_tim_ex.c ****   /* Set the DMA error callback */
 542:Drivers/STM32G0xx_HAL_Driver/Src/stm32g0xx_hal_tim_ex.c ****   htim->hdma[TIM_DMA_ID_CC1]->XferErrorCallback = TIM_DMAError ;
 1204              		.loc 1 542 13
 1205 0090 FB68     		ldr	r3, [r7, #12]
 1206 0092 5B6A     		ldr	r3, [r3, #36]
 1207              		.loc 1 542 49
 1208 0094 304A     		ldr	r2, .L62+8
 1209 0096 5A63     		str	r2, [r3, #52]
 543:Drivers/STM32G0xx_HAL_Driver/Src/stm32g0xx_hal_tim_ex.c **** 
 544:Drivers/STM32G0xx_HAL_Driver/Src/stm32g0xx_hal_tim_ex.c ****   /* Enable the DMA channel for Capture 1*/
 545:Drivers/STM32G0xx_HAL_Driver/Src/stm32g0xx_hal_tim_ex.c ****   if (HAL_DMA_Start_IT(htim->hdma[TIM_DMA_ID_CC1], (uint32_t)&htim->Instance->CCR1, (uint32_t)pData
 1210              		.loc 1 545 7
 1211 0098 FB68     		ldr	r3, [r7, #12]
 1212 009a 586A     		ldr	r0, [r3, #36]
 1213              		.loc 1 545 67
 1214 009c FB68     		ldr	r3, [r7, #12]
 1215 009e 1B68     		ldr	r3, [r3]
 1216              		.loc 1 545 62
 1217 00a0 3433     		adds	r3, r3, #52
 1218              		.loc 1 545 7
 1219 00a2 1900     		movs	r1, r3
 1220 00a4 BA68     		ldr	r2, [r7, #8]
 1221 00a6 BB1D     		adds	r3, r7, #6
 1222 00a8 1B88     		ldrh	r3, [r3]
 1223 00aa FFF7FEFF 		bl	HAL_DMA_Start_IT
 1224 00ae 031E     		subs	r3, r0, #0
 1225              		.loc 1 545 6 discriminator 1
 1226 00b0 04D0     		beq	.L55
 1227 00b2 01E0     		b	.L60
 1228              	.L51:
 530:Drivers/STM32G0xx_HAL_Driver/Src/stm32g0xx_hal_tim_ex.c ****   }
 1229              		.loc 1 530 12
 1230 00b4 0123     		movs	r3, #1
 1231 00b6 46E0     		b	.L50
 1232              	.L60:
 546:Drivers/STM32G0xx_HAL_Driver/Src/stm32g0xx_hal_tim_ex.c ****   {
 547:Drivers/STM32G0xx_HAL_Driver/Src/stm32g0xx_hal_tim_ex.c ****     /* Return error status */
ARM GAS  C:\Users\a_hae\AppData\Local\Temp\ccujrzwF.s 			page 32


 548:Drivers/STM32G0xx_HAL_Driver/Src/stm32g0xx_hal_tim_ex.c ****     return HAL_ERROR;
 1233              		.loc 1 548 12
 1234 00b8 0123     		movs	r3, #1
 1235 00ba 44E0     		b	.L50
 1236              	.L55:
 549:Drivers/STM32G0xx_HAL_Driver/Src/stm32g0xx_hal_tim_ex.c ****   }
 550:Drivers/STM32G0xx_HAL_Driver/Src/stm32g0xx_hal_tim_ex.c ****   /* Enable the capture compare 1 Interrupt */
 551:Drivers/STM32G0xx_HAL_Driver/Src/stm32g0xx_hal_tim_ex.c ****   __HAL_TIM_ENABLE_DMA(htim, TIM_DMA_CC1);
 1237              		.loc 1 551 3
 1238 00bc FB68     		ldr	r3, [r7, #12]
 1239 00be 1B68     		ldr	r3, [r3]
 1240 00c0 DA68     		ldr	r2, [r3, #12]
 1241 00c2 FB68     		ldr	r3, [r7, #12]
 1242 00c4 1B68     		ldr	r3, [r3]
 1243 00c6 8021     		movs	r1, #128
 1244 00c8 8900     		lsls	r1, r1, #2
 1245 00ca 0A43     		orrs	r2, r1
 1246 00cc DA60     		str	r2, [r3, #12]
 552:Drivers/STM32G0xx_HAL_Driver/Src/stm32g0xx_hal_tim_ex.c **** 
 553:Drivers/STM32G0xx_HAL_Driver/Src/stm32g0xx_hal_tim_ex.c ****   /* Enable the Peripheral, except in trigger mode where enable is automatically done with trigger 
 554:Drivers/STM32G0xx_HAL_Driver/Src/stm32g0xx_hal_tim_ex.c ****   if (IS_TIM_SLAVE_INSTANCE(htim->Instance))
 1247              		.loc 1 554 7
 1248 00ce FB68     		ldr	r3, [r7, #12]
 1249 00d0 1B68     		ldr	r3, [r3]
 1250              		.loc 1 554 6
 1251 00d2 224A     		ldr	r2, .L62+12
 1252 00d4 9342     		cmp	r3, r2
 1253 00d6 14D0     		beq	.L56
 1254              		.loc 1 554 7 discriminator 1
 1255 00d8 FB68     		ldr	r3, [r7, #12]
 1256 00da 1A68     		ldr	r2, [r3]
 1257 00dc 8023     		movs	r3, #128
 1258 00de DB05     		lsls	r3, r3, #23
 1259 00e0 9A42     		cmp	r2, r3
 1260 00e2 0ED0     		beq	.L56
 1261              		.loc 1 554 7 is_stmt 0 discriminator 2
 1262 00e4 FB68     		ldr	r3, [r7, #12]
 1263 00e6 1B68     		ldr	r3, [r3]
 1264 00e8 1D4A     		ldr	r2, .L62+16
 1265 00ea 9342     		cmp	r3, r2
 1266 00ec 09D0     		beq	.L56
 1267              		.loc 1 554 7 discriminator 3
 1268 00ee FB68     		ldr	r3, [r7, #12]
 1269 00f0 1B68     		ldr	r3, [r3]
 1270 00f2 1C4A     		ldr	r2, .L62+20
 1271 00f4 9342     		cmp	r3, r2
 1272 00f6 04D0     		beq	.L56
 1273              		.loc 1 554 7 discriminator 4
 1274 00f8 FB68     		ldr	r3, [r7, #12]
 1275 00fa 1B68     		ldr	r3, [r3]
 1276 00fc 1A4A     		ldr	r2, .L62+24
 1277 00fe 9342     		cmp	r3, r2
 1278 0100 16D1     		bne	.L57
 1279              	.L56:
 555:Drivers/STM32G0xx_HAL_Driver/Src/stm32g0xx_hal_tim_ex.c ****   {
 556:Drivers/STM32G0xx_HAL_Driver/Src/stm32g0xx_hal_tim_ex.c ****     tmpsmcr = htim->Instance->SMCR & TIM_SMCR_SMS;
 1280              		.loc 1 556 19 is_stmt 1
ARM GAS  C:\Users\a_hae\AppData\Local\Temp\ccujrzwF.s 			page 33


 1281 0102 FB68     		ldr	r3, [r7, #12]
 1282 0104 1B68     		ldr	r3, [r3]
 1283              		.loc 1 556 29
 1284 0106 9B68     		ldr	r3, [r3, #8]
 1285              		.loc 1 556 13
 1286 0108 184A     		ldr	r2, .L62+28
 1287 010a 1340     		ands	r3, r2
 1288 010c 3B61     		str	r3, [r7, #16]
 557:Drivers/STM32G0xx_HAL_Driver/Src/stm32g0xx_hal_tim_ex.c ****     if (!IS_TIM_SLAVEMODE_TRIGGER_ENABLED(tmpsmcr))
 1289              		.loc 1 557 8
 1290 010e 3B69     		ldr	r3, [r7, #16]
 1291 0110 062B     		cmp	r3, #6
 1292 0112 16D0     		beq	.L61
 1293              		.loc 1 557 9 discriminator 1
 1294 0114 3A69     		ldr	r2, [r7, #16]
 1295 0116 8023     		movs	r3, #128
 1296 0118 5B02     		lsls	r3, r3, #9
 1297 011a 9A42     		cmp	r2, r3
 1298 011c 11D0     		beq	.L61
 558:Drivers/STM32G0xx_HAL_Driver/Src/stm32g0xx_hal_tim_ex.c ****     {
 559:Drivers/STM32G0xx_HAL_Driver/Src/stm32g0xx_hal_tim_ex.c ****       __HAL_TIM_ENABLE(htim);
 1299              		.loc 1 559 7
 1300 011e FB68     		ldr	r3, [r7, #12]
 1301 0120 1B68     		ldr	r3, [r3]
 1302 0122 1A68     		ldr	r2, [r3]
 1303 0124 FB68     		ldr	r3, [r7, #12]
 1304 0126 1B68     		ldr	r3, [r3]
 1305 0128 0121     		movs	r1, #1
 1306 012a 0A43     		orrs	r2, r1
 1307 012c 1A60     		str	r2, [r3]
 557:Drivers/STM32G0xx_HAL_Driver/Src/stm32g0xx_hal_tim_ex.c ****     if (!IS_TIM_SLAVEMODE_TRIGGER_ENABLED(tmpsmcr))
 1308              		.loc 1 557 8
 1309 012e 08E0     		b	.L61
 1310              	.L57:
 560:Drivers/STM32G0xx_HAL_Driver/Src/stm32g0xx_hal_tim_ex.c ****     }
 561:Drivers/STM32G0xx_HAL_Driver/Src/stm32g0xx_hal_tim_ex.c ****   }
 562:Drivers/STM32G0xx_HAL_Driver/Src/stm32g0xx_hal_tim_ex.c ****   else
 563:Drivers/STM32G0xx_HAL_Driver/Src/stm32g0xx_hal_tim_ex.c ****   {
 564:Drivers/STM32G0xx_HAL_Driver/Src/stm32g0xx_hal_tim_ex.c ****     __HAL_TIM_ENABLE(htim);
 1311              		.loc 1 564 5
 1312 0130 FB68     		ldr	r3, [r7, #12]
 1313 0132 1B68     		ldr	r3, [r3]
 1314 0134 1A68     		ldr	r2, [r3]
 1315 0136 FB68     		ldr	r3, [r7, #12]
 1316 0138 1B68     		ldr	r3, [r3]
 1317 013a 0121     		movs	r1, #1
 1318 013c 0A43     		orrs	r2, r1
 1319 013e 1A60     		str	r2, [r3]
 1320 0140 00E0     		b	.L59
 1321              	.L61:
 557:Drivers/STM32G0xx_HAL_Driver/Src/stm32g0xx_hal_tim_ex.c ****     {
 1322              		.loc 1 557 8
 1323 0142 C046     		nop
 1324              	.L59:
 565:Drivers/STM32G0xx_HAL_Driver/Src/stm32g0xx_hal_tim_ex.c ****   }
 566:Drivers/STM32G0xx_HAL_Driver/Src/stm32g0xx_hal_tim_ex.c **** 
 567:Drivers/STM32G0xx_HAL_Driver/Src/stm32g0xx_hal_tim_ex.c ****   /* Return function status */
ARM GAS  C:\Users\a_hae\AppData\Local\Temp\ccujrzwF.s 			page 34


 568:Drivers/STM32G0xx_HAL_Driver/Src/stm32g0xx_hal_tim_ex.c ****   return HAL_OK;
 1325              		.loc 1 568 10
 1326 0144 0023     		movs	r3, #0
 1327              	.L50:
 569:Drivers/STM32G0xx_HAL_Driver/Src/stm32g0xx_hal_tim_ex.c **** }
 1328              		.loc 1 569 1
 1329 0146 1800     		movs	r0, r3
 1330 0148 BD46     		mov	sp, r7
 1331 014a 07B0     		add	sp, sp, #28
 1332              		@ sp needed
 1333 014c 90BD     		pop	{r4, r7, pc}
 1334              	.L63:
 1335 014e C046     		.align	2
 1336              	.L62:
 1337 0150 00000000 		.word	TIM_DMACaptureCplt
 1338 0154 00000000 		.word	TIM_DMACaptureHalfCplt
 1339 0158 00000000 		.word	TIM_DMAError
 1340 015c 002C0140 		.word	1073818624
 1341 0160 00040040 		.word	1073742848
 1342 0164 00080040 		.word	1073743872
 1343 0168 00400140 		.word	1073823744
 1344 016c 07000100 		.word	65543
 1345              		.cfi_endproc
 1346              	.LFE371:
 1348              		.section	.text.HAL_TIMEx_HallSensor_Stop_DMA,"ax",%progbits
 1349              		.align	1
 1350              		.global	HAL_TIMEx_HallSensor_Stop_DMA
 1351              		.syntax unified
 1352              		.code	16
 1353              		.thumb_func
 1355              	HAL_TIMEx_HallSensor_Stop_DMA:
 1356              	.LFB372:
 570:Drivers/STM32G0xx_HAL_Driver/Src/stm32g0xx_hal_tim_ex.c **** 
 571:Drivers/STM32G0xx_HAL_Driver/Src/stm32g0xx_hal_tim_ex.c **** /**
 572:Drivers/STM32G0xx_HAL_Driver/Src/stm32g0xx_hal_tim_ex.c ****   * @brief  Stops the TIM Hall Sensor Interface in DMA mode.
 573:Drivers/STM32G0xx_HAL_Driver/Src/stm32g0xx_hal_tim_ex.c ****   * @param  htim TIM Hall Sensor Interface handle
 574:Drivers/STM32G0xx_HAL_Driver/Src/stm32g0xx_hal_tim_ex.c ****   * @retval HAL status
 575:Drivers/STM32G0xx_HAL_Driver/Src/stm32g0xx_hal_tim_ex.c ****   */
 576:Drivers/STM32G0xx_HAL_Driver/Src/stm32g0xx_hal_tim_ex.c **** HAL_StatusTypeDef HAL_TIMEx_HallSensor_Stop_DMA(TIM_HandleTypeDef *htim)
 577:Drivers/STM32G0xx_HAL_Driver/Src/stm32g0xx_hal_tim_ex.c **** {
 1357              		.loc 1 577 1
 1358              		.cfi_startproc
 1359              		@ args = 0, pretend = 0, frame = 8
 1360              		@ frame_needed = 1, uses_anonymous_args = 0
 1361 0000 80B5     		push	{r7, lr}
 1362              	.LCFI27:
 1363              		.cfi_def_cfa_offset 8
 1364              		.cfi_offset 7, -8
 1365              		.cfi_offset 14, -4
 1366 0002 82B0     		sub	sp, sp, #8
 1367              	.LCFI28:
 1368              		.cfi_def_cfa_offset 16
 1369 0004 00AF     		add	r7, sp, #0
 1370              	.LCFI29:
 1371              		.cfi_def_cfa_register 7
 1372 0006 7860     		str	r0, [r7, #4]
 578:Drivers/STM32G0xx_HAL_Driver/Src/stm32g0xx_hal_tim_ex.c ****   /* Check the parameters */
ARM GAS  C:\Users\a_hae\AppData\Local\Temp\ccujrzwF.s 			page 35


 579:Drivers/STM32G0xx_HAL_Driver/Src/stm32g0xx_hal_tim_ex.c ****   assert_param(IS_TIM_HALL_SENSOR_INTERFACE_INSTANCE(htim->Instance));
 580:Drivers/STM32G0xx_HAL_Driver/Src/stm32g0xx_hal_tim_ex.c **** 
 581:Drivers/STM32G0xx_HAL_Driver/Src/stm32g0xx_hal_tim_ex.c ****   /* Disable the Input Capture channel 1
 582:Drivers/STM32G0xx_HAL_Driver/Src/stm32g0xx_hal_tim_ex.c ****   (in the Hall Sensor Interface the three possible channels that can be used are TIM_CHANNEL_1,
 583:Drivers/STM32G0xx_HAL_Driver/Src/stm32g0xx_hal_tim_ex.c ****   TIM_CHANNEL_2 and TIM_CHANNEL_3) */
 584:Drivers/STM32G0xx_HAL_Driver/Src/stm32g0xx_hal_tim_ex.c ****   TIM_CCxChannelCmd(htim->Instance, TIM_CHANNEL_1, TIM_CCx_DISABLE);
 1373              		.loc 1 584 3
 1374 0008 7B68     		ldr	r3, [r7, #4]
 1375 000a 1B68     		ldr	r3, [r3]
 1376 000c 0022     		movs	r2, #0
 1377 000e 0021     		movs	r1, #0
 1378 0010 1800     		movs	r0, r3
 1379 0012 FFF7FEFF 		bl	TIM_CCxChannelCmd
 585:Drivers/STM32G0xx_HAL_Driver/Src/stm32g0xx_hal_tim_ex.c **** 
 586:Drivers/STM32G0xx_HAL_Driver/Src/stm32g0xx_hal_tim_ex.c **** 
 587:Drivers/STM32G0xx_HAL_Driver/Src/stm32g0xx_hal_tim_ex.c ****   /* Disable the capture compare Interrupts 1 event */
 588:Drivers/STM32G0xx_HAL_Driver/Src/stm32g0xx_hal_tim_ex.c ****   __HAL_TIM_DISABLE_DMA(htim, TIM_DMA_CC1);
 1380              		.loc 1 588 3
 1381 0016 7B68     		ldr	r3, [r7, #4]
 1382 0018 1B68     		ldr	r3, [r3]
 1383 001a DA68     		ldr	r2, [r3, #12]
 1384 001c 7B68     		ldr	r3, [r7, #4]
 1385 001e 1B68     		ldr	r3, [r3]
 1386 0020 1449     		ldr	r1, .L67
 1387 0022 0A40     		ands	r2, r1
 1388 0024 DA60     		str	r2, [r3, #12]
 589:Drivers/STM32G0xx_HAL_Driver/Src/stm32g0xx_hal_tim_ex.c **** 
 590:Drivers/STM32G0xx_HAL_Driver/Src/stm32g0xx_hal_tim_ex.c ****   (void)HAL_DMA_Abort_IT(htim->hdma[TIM_DMA_ID_CC1]);
 1389              		.loc 1 590 9
 1390 0026 7B68     		ldr	r3, [r7, #4]
 1391 0028 5B6A     		ldr	r3, [r3, #36]
 1392 002a 1800     		movs	r0, r3
 1393 002c FFF7FEFF 		bl	HAL_DMA_Abort_IT
 591:Drivers/STM32G0xx_HAL_Driver/Src/stm32g0xx_hal_tim_ex.c **** 
 592:Drivers/STM32G0xx_HAL_Driver/Src/stm32g0xx_hal_tim_ex.c ****   /* Disable the Peripheral */
 593:Drivers/STM32G0xx_HAL_Driver/Src/stm32g0xx_hal_tim_ex.c ****   __HAL_TIM_DISABLE(htim);
 1394              		.loc 1 593 3
 1395 0030 7B68     		ldr	r3, [r7, #4]
 1396 0032 1B68     		ldr	r3, [r3]
 1397 0034 1B6A     		ldr	r3, [r3, #32]
 1398 0036 104A     		ldr	r2, .L67+4
 1399 0038 1340     		ands	r3, r2
 1400 003a 0DD1     		bne	.L65
 1401              		.loc 1 593 3 is_stmt 0 discriminator 1
 1402 003c 7B68     		ldr	r3, [r7, #4]
 1403 003e 1B68     		ldr	r3, [r3]
 1404 0040 1B6A     		ldr	r3, [r3, #32]
 1405 0042 0E4A     		ldr	r2, .L67+8
 1406 0044 1340     		ands	r3, r2
 1407 0046 07D1     		bne	.L65
 1408              		.loc 1 593 3 discriminator 2
 1409 0048 7B68     		ldr	r3, [r7, #4]
 1410 004a 1B68     		ldr	r3, [r3]
 1411 004c 1A68     		ldr	r2, [r3]
 1412 004e 7B68     		ldr	r3, [r7, #4]
 1413 0050 1B68     		ldr	r3, [r3]
 1414 0052 0121     		movs	r1, #1
ARM GAS  C:\Users\a_hae\AppData\Local\Temp\ccujrzwF.s 			page 36


 1415 0054 8A43     		bics	r2, r1
 1416 0056 1A60     		str	r2, [r3]
 1417              	.L65:
 594:Drivers/STM32G0xx_HAL_Driver/Src/stm32g0xx_hal_tim_ex.c **** 
 595:Drivers/STM32G0xx_HAL_Driver/Src/stm32g0xx_hal_tim_ex.c ****   /* Set the TIM channel state */
 596:Drivers/STM32G0xx_HAL_Driver/Src/stm32g0xx_hal_tim_ex.c ****   TIM_CHANNEL_STATE_SET(htim, TIM_CHANNEL_1, HAL_TIM_CHANNEL_STATE_READY);
 1418              		.loc 1 596 3 is_stmt 1
 1419 0058 7B68     		ldr	r3, [r7, #4]
 1420 005a 3E22     		movs	r2, #62
 1421 005c 0121     		movs	r1, #1
 1422 005e 9954     		strb	r1, [r3, r2]
 597:Drivers/STM32G0xx_HAL_Driver/Src/stm32g0xx_hal_tim_ex.c ****   TIM_CHANNEL_N_STATE_SET(htim, TIM_CHANNEL_1, HAL_TIM_CHANNEL_STATE_READY);
 1423              		.loc 1 597 3
 1424 0060 7B68     		ldr	r3, [r7, #4]
 1425 0062 4422     		movs	r2, #68
 1426 0064 0121     		movs	r1, #1
 1427 0066 9954     		strb	r1, [r3, r2]
 598:Drivers/STM32G0xx_HAL_Driver/Src/stm32g0xx_hal_tim_ex.c **** 
 599:Drivers/STM32G0xx_HAL_Driver/Src/stm32g0xx_hal_tim_ex.c ****   /* Return function status */
 600:Drivers/STM32G0xx_HAL_Driver/Src/stm32g0xx_hal_tim_ex.c ****   return HAL_OK;
 1428              		.loc 1 600 10
 1429 0068 0023     		movs	r3, #0
 601:Drivers/STM32G0xx_HAL_Driver/Src/stm32g0xx_hal_tim_ex.c **** }
 1430              		.loc 1 601 1
 1431 006a 1800     		movs	r0, r3
 1432 006c BD46     		mov	sp, r7
 1433 006e 02B0     		add	sp, sp, #8
 1434              		@ sp needed
 1435 0070 80BD     		pop	{r7, pc}
 1436              	.L68:
 1437 0072 C046     		.align	2
 1438              	.L67:
 1439 0074 FFFDFFFF 		.word	-513
 1440 0078 11110000 		.word	4369
 1441 007c 44040000 		.word	1092
 1442              		.cfi_endproc
 1443              	.LFE372:
 1445              		.section	.text.HAL_TIMEx_OCN_Start,"ax",%progbits
 1446              		.align	1
 1447              		.global	HAL_TIMEx_OCN_Start
 1448              		.syntax unified
 1449              		.code	16
 1450              		.thumb_func
 1452              	HAL_TIMEx_OCN_Start:
 1453              	.LFB373:
 602:Drivers/STM32G0xx_HAL_Driver/Src/stm32g0xx_hal_tim_ex.c **** 
 603:Drivers/STM32G0xx_HAL_Driver/Src/stm32g0xx_hal_tim_ex.c **** /**
 604:Drivers/STM32G0xx_HAL_Driver/Src/stm32g0xx_hal_tim_ex.c ****   * @}
 605:Drivers/STM32G0xx_HAL_Driver/Src/stm32g0xx_hal_tim_ex.c ****   */
 606:Drivers/STM32G0xx_HAL_Driver/Src/stm32g0xx_hal_tim_ex.c **** 
 607:Drivers/STM32G0xx_HAL_Driver/Src/stm32g0xx_hal_tim_ex.c **** /** @defgroup TIMEx_Exported_Functions_Group2 Extended Timer Complementary Output Compare functions
 608:Drivers/STM32G0xx_HAL_Driver/Src/stm32g0xx_hal_tim_ex.c ****   *  @brief   Timer Complementary Output Compare functions
 609:Drivers/STM32G0xx_HAL_Driver/Src/stm32g0xx_hal_tim_ex.c ****   *
 610:Drivers/STM32G0xx_HAL_Driver/Src/stm32g0xx_hal_tim_ex.c **** @verbatim
 611:Drivers/STM32G0xx_HAL_Driver/Src/stm32g0xx_hal_tim_ex.c ****   ==============================================================================
 612:Drivers/STM32G0xx_HAL_Driver/Src/stm32g0xx_hal_tim_ex.c ****               ##### Timer Complementary Output Compare functions #####
 613:Drivers/STM32G0xx_HAL_Driver/Src/stm32g0xx_hal_tim_ex.c ****   ==============================================================================
ARM GAS  C:\Users\a_hae\AppData\Local\Temp\ccujrzwF.s 			page 37


 614:Drivers/STM32G0xx_HAL_Driver/Src/stm32g0xx_hal_tim_ex.c ****   [..]
 615:Drivers/STM32G0xx_HAL_Driver/Src/stm32g0xx_hal_tim_ex.c ****     This section provides functions allowing to:
 616:Drivers/STM32G0xx_HAL_Driver/Src/stm32g0xx_hal_tim_ex.c ****     (+) Start the Complementary Output Compare/PWM.
 617:Drivers/STM32G0xx_HAL_Driver/Src/stm32g0xx_hal_tim_ex.c ****     (+) Stop the Complementary Output Compare/PWM.
 618:Drivers/STM32G0xx_HAL_Driver/Src/stm32g0xx_hal_tim_ex.c ****     (+) Start the Complementary Output Compare/PWM and enable interrupts.
 619:Drivers/STM32G0xx_HAL_Driver/Src/stm32g0xx_hal_tim_ex.c ****     (+) Stop the Complementary Output Compare/PWM and disable interrupts.
 620:Drivers/STM32G0xx_HAL_Driver/Src/stm32g0xx_hal_tim_ex.c ****     (+) Start the Complementary Output Compare/PWM and enable DMA transfers.
 621:Drivers/STM32G0xx_HAL_Driver/Src/stm32g0xx_hal_tim_ex.c ****     (+) Stop the Complementary Output Compare/PWM and disable DMA transfers.
 622:Drivers/STM32G0xx_HAL_Driver/Src/stm32g0xx_hal_tim_ex.c **** 
 623:Drivers/STM32G0xx_HAL_Driver/Src/stm32g0xx_hal_tim_ex.c **** @endverbatim
 624:Drivers/STM32G0xx_HAL_Driver/Src/stm32g0xx_hal_tim_ex.c ****   * @{
 625:Drivers/STM32G0xx_HAL_Driver/Src/stm32g0xx_hal_tim_ex.c ****   */
 626:Drivers/STM32G0xx_HAL_Driver/Src/stm32g0xx_hal_tim_ex.c **** 
 627:Drivers/STM32G0xx_HAL_Driver/Src/stm32g0xx_hal_tim_ex.c **** /**
 628:Drivers/STM32G0xx_HAL_Driver/Src/stm32g0xx_hal_tim_ex.c ****   * @brief  Starts the TIM Output Compare signal generation on the complementary
 629:Drivers/STM32G0xx_HAL_Driver/Src/stm32g0xx_hal_tim_ex.c ****   *         output.
 630:Drivers/STM32G0xx_HAL_Driver/Src/stm32g0xx_hal_tim_ex.c ****   * @param  htim TIM Output Compare handle
 631:Drivers/STM32G0xx_HAL_Driver/Src/stm32g0xx_hal_tim_ex.c ****   * @param  Channel TIM Channel to be enabled
 632:Drivers/STM32G0xx_HAL_Driver/Src/stm32g0xx_hal_tim_ex.c ****   *          This parameter can be one of the following values:
 633:Drivers/STM32G0xx_HAL_Driver/Src/stm32g0xx_hal_tim_ex.c ****   *            @arg TIM_CHANNEL_1: TIM Channel 1 selected
 634:Drivers/STM32G0xx_HAL_Driver/Src/stm32g0xx_hal_tim_ex.c ****   *            @arg TIM_CHANNEL_2: TIM Channel 2 selected
 635:Drivers/STM32G0xx_HAL_Driver/Src/stm32g0xx_hal_tim_ex.c ****   *            @arg TIM_CHANNEL_3: TIM Channel 3 selected
 636:Drivers/STM32G0xx_HAL_Driver/Src/stm32g0xx_hal_tim_ex.c ****   * @retval HAL status
 637:Drivers/STM32G0xx_HAL_Driver/Src/stm32g0xx_hal_tim_ex.c ****   */
 638:Drivers/STM32G0xx_HAL_Driver/Src/stm32g0xx_hal_tim_ex.c **** HAL_StatusTypeDef HAL_TIMEx_OCN_Start(TIM_HandleTypeDef *htim, uint32_t Channel)
 639:Drivers/STM32G0xx_HAL_Driver/Src/stm32g0xx_hal_tim_ex.c **** {
 1454              		.loc 1 639 1
 1455              		.cfi_startproc
 1456              		@ args = 0, pretend = 0, frame = 16
 1457              		@ frame_needed = 1, uses_anonymous_args = 0
 1458 0000 80B5     		push	{r7, lr}
 1459              	.LCFI30:
 1460              		.cfi_def_cfa_offset 8
 1461              		.cfi_offset 7, -8
 1462              		.cfi_offset 14, -4
 1463 0002 84B0     		sub	sp, sp, #16
 1464              	.LCFI31:
 1465              		.cfi_def_cfa_offset 24
 1466 0004 00AF     		add	r7, sp, #0
 1467              	.LCFI32:
 1468              		.cfi_def_cfa_register 7
 1469 0006 7860     		str	r0, [r7, #4]
 1470 0008 3960     		str	r1, [r7]
 640:Drivers/STM32G0xx_HAL_Driver/Src/stm32g0xx_hal_tim_ex.c ****   uint32_t tmpsmcr;
 641:Drivers/STM32G0xx_HAL_Driver/Src/stm32g0xx_hal_tim_ex.c **** 
 642:Drivers/STM32G0xx_HAL_Driver/Src/stm32g0xx_hal_tim_ex.c ****   /* Check the parameters */
 643:Drivers/STM32G0xx_HAL_Driver/Src/stm32g0xx_hal_tim_ex.c ****   assert_param(IS_TIM_CCXN_INSTANCE(htim->Instance, Channel));
 644:Drivers/STM32G0xx_HAL_Driver/Src/stm32g0xx_hal_tim_ex.c **** 
 645:Drivers/STM32G0xx_HAL_Driver/Src/stm32g0xx_hal_tim_ex.c ****   /* Check the TIM complementary channel state */
 646:Drivers/STM32G0xx_HAL_Driver/Src/stm32g0xx_hal_tim_ex.c ****   if (TIM_CHANNEL_N_STATE_GET(htim, Channel) != HAL_TIM_CHANNEL_STATE_READY)
 1471              		.loc 1 646 46
 1472 000a 3B68     		ldr	r3, [r7]
 1473 000c 002B     		cmp	r3, #0
 1474 000e 08D1     		bne	.L70
 1475              		.loc 1 646 7 discriminator 1
 1476 0010 7B68     		ldr	r3, [r7, #4]
 1477 0012 4422     		movs	r2, #68
ARM GAS  C:\Users\a_hae\AppData\Local\Temp\ccujrzwF.s 			page 38


 1478 0014 9B5C     		ldrb	r3, [r3, r2]
 1479 0016 DBB2     		uxtb	r3, r3
 1480              		.loc 1 646 46 discriminator 1
 1481 0018 013B     		subs	r3, r3, #1
 1482 001a 5A1E     		subs	r2, r3, #1
 1483 001c 9341     		sbcs	r3, r3, r2
 1484 001e DBB2     		uxtb	r3, r3
 1485 0020 1FE0     		b	.L71
 1486              	.L70:
 1487              		.loc 1 646 46 is_stmt 0 discriminator 2
 1488 0022 3B68     		ldr	r3, [r7]
 1489 0024 042B     		cmp	r3, #4
 1490 0026 08D1     		bne	.L72
 1491              		.loc 1 646 7 is_stmt 1 discriminator 4
 1492 0028 7B68     		ldr	r3, [r7, #4]
 1493 002a 4522     		movs	r2, #69
 1494 002c 9B5C     		ldrb	r3, [r3, r2]
 1495 002e DBB2     		uxtb	r3, r3
 1496              		.loc 1 646 46 discriminator 4
 1497 0030 013B     		subs	r3, r3, #1
 1498 0032 5A1E     		subs	r2, r3, #1
 1499 0034 9341     		sbcs	r3, r3, r2
 1500 0036 DBB2     		uxtb	r3, r3
 1501 0038 13E0     		b	.L71
 1502              	.L72:
 1503              		.loc 1 646 46 is_stmt 0 discriminator 5
 1504 003a 3B68     		ldr	r3, [r7]
 1505 003c 082B     		cmp	r3, #8
 1506 003e 08D1     		bne	.L74
 1507              		.loc 1 646 7 is_stmt 1 discriminator 7
 1508 0040 7B68     		ldr	r3, [r7, #4]
 1509 0042 4622     		movs	r2, #70
 1510 0044 9B5C     		ldrb	r3, [r3, r2]
 1511 0046 DBB2     		uxtb	r3, r3
 1512              		.loc 1 646 46 discriminator 7
 1513 0048 013B     		subs	r3, r3, #1
 1514 004a 5A1E     		subs	r2, r3, #1
 1515 004c 9341     		sbcs	r3, r3, r2
 1516 004e DBB2     		uxtb	r3, r3
 1517 0050 07E0     		b	.L71
 1518              	.L74:
 1519              		.loc 1 646 7 discriminator 8
 1520 0052 7B68     		ldr	r3, [r7, #4]
 1521 0054 4722     		movs	r2, #71
 1522 0056 9B5C     		ldrb	r3, [r3, r2]
 1523 0058 DBB2     		uxtb	r3, r3
 1524              		.loc 1 646 46 discriminator 8
 1525 005a 013B     		subs	r3, r3, #1
 1526 005c 5A1E     		subs	r2, r3, #1
 1527 005e 9341     		sbcs	r3, r3, r2
 1528 0060 DBB2     		uxtb	r3, r3
 1529              	.L71:
 1530              		.loc 1 646 6 discriminator 12
 1531 0062 002B     		cmp	r3, #0
 1532 0064 01D0     		beq	.L76
 647:Drivers/STM32G0xx_HAL_Driver/Src/stm32g0xx_hal_tim_ex.c ****   {
 648:Drivers/STM32G0xx_HAL_Driver/Src/stm32g0xx_hal_tim_ex.c ****     return HAL_ERROR;
ARM GAS  C:\Users\a_hae\AppData\Local\Temp\ccujrzwF.s 			page 39


 1533              		.loc 1 648 12
 1534 0066 0123     		movs	r3, #1
 1535 0068 67E0     		b	.L77
 1536              	.L76:
 649:Drivers/STM32G0xx_HAL_Driver/Src/stm32g0xx_hal_tim_ex.c ****   }
 650:Drivers/STM32G0xx_HAL_Driver/Src/stm32g0xx_hal_tim_ex.c **** 
 651:Drivers/STM32G0xx_HAL_Driver/Src/stm32g0xx_hal_tim_ex.c ****   /* Set the TIM complementary channel state */
 652:Drivers/STM32G0xx_HAL_Driver/Src/stm32g0xx_hal_tim_ex.c ****   TIM_CHANNEL_N_STATE_SET(htim, Channel, HAL_TIM_CHANNEL_STATE_BUSY);
 1537              		.loc 1 652 3
 1538 006a 3B68     		ldr	r3, [r7]
 1539 006c 002B     		cmp	r3, #0
 1540 006e 04D1     		bne	.L78
 1541              		.loc 1 652 3 is_stmt 0 discriminator 1
 1542 0070 7B68     		ldr	r3, [r7, #4]
 1543 0072 4422     		movs	r2, #68
 1544 0074 0221     		movs	r1, #2
 1545 0076 9954     		strb	r1, [r3, r2]
 1546 0078 13E0     		b	.L79
 1547              	.L78:
 1548              		.loc 1 652 3 discriminator 2
 1549 007a 3B68     		ldr	r3, [r7]
 1550 007c 042B     		cmp	r3, #4
 1551 007e 04D1     		bne	.L80
 1552              		.loc 1 652 3 discriminator 3
 1553 0080 7B68     		ldr	r3, [r7, #4]
 1554 0082 4522     		movs	r2, #69
 1555 0084 0221     		movs	r1, #2
 1556 0086 9954     		strb	r1, [r3, r2]
 1557 0088 0BE0     		b	.L79
 1558              	.L80:
 1559              		.loc 1 652 3 discriminator 4
 1560 008a 3B68     		ldr	r3, [r7]
 1561 008c 082B     		cmp	r3, #8
 1562 008e 04D1     		bne	.L82
 1563              		.loc 1 652 3 discriminator 6
 1564 0090 7B68     		ldr	r3, [r7, #4]
 1565 0092 4622     		movs	r2, #70
 1566 0094 0221     		movs	r1, #2
 1567 0096 9954     		strb	r1, [r3, r2]
 1568 0098 03E0     		b	.L79
 1569              	.L82:
 1570              		.loc 1 652 3 discriminator 7
 1571 009a 7B68     		ldr	r3, [r7, #4]
 1572 009c 4722     		movs	r2, #71
 1573 009e 0221     		movs	r1, #2
 1574 00a0 9954     		strb	r1, [r3, r2]
 1575              	.L79:
 653:Drivers/STM32G0xx_HAL_Driver/Src/stm32g0xx_hal_tim_ex.c **** 
 654:Drivers/STM32G0xx_HAL_Driver/Src/stm32g0xx_hal_tim_ex.c ****   /* Enable the Capture compare channel N */
 655:Drivers/STM32G0xx_HAL_Driver/Src/stm32g0xx_hal_tim_ex.c ****   TIM_CCxNChannelCmd(htim->Instance, Channel, TIM_CCxN_ENABLE);
 1576              		.loc 1 655 3 is_stmt 1
 1577 00a2 7B68     		ldr	r3, [r7, #4]
 1578 00a4 1B68     		ldr	r3, [r3]
 1579 00a6 3968     		ldr	r1, [r7]
 1580 00a8 0422     		movs	r2, #4
 1581 00aa 1800     		movs	r0, r3
 1582 00ac FFF7FEFF 		bl	TIM_CCxNChannelCmd
ARM GAS  C:\Users\a_hae\AppData\Local\Temp\ccujrzwF.s 			page 40


 656:Drivers/STM32G0xx_HAL_Driver/Src/stm32g0xx_hal_tim_ex.c **** 
 657:Drivers/STM32G0xx_HAL_Driver/Src/stm32g0xx_hal_tim_ex.c ****   /* Enable the Main Output */
 658:Drivers/STM32G0xx_HAL_Driver/Src/stm32g0xx_hal_tim_ex.c ****   __HAL_TIM_MOE_ENABLE(htim);
 1583              		.loc 1 658 3
 1584 00b0 7B68     		ldr	r3, [r7, #4]
 1585 00b2 1B68     		ldr	r3, [r3]
 1586 00b4 5A6C     		ldr	r2, [r3, #68]
 1587 00b6 7B68     		ldr	r3, [r7, #4]
 1588 00b8 1B68     		ldr	r3, [r3]
 1589 00ba 8021     		movs	r1, #128
 1590 00bc 0902     		lsls	r1, r1, #8
 1591 00be 0A43     		orrs	r2, r1
 1592 00c0 5A64     		str	r2, [r3, #68]
 659:Drivers/STM32G0xx_HAL_Driver/Src/stm32g0xx_hal_tim_ex.c **** 
 660:Drivers/STM32G0xx_HAL_Driver/Src/stm32g0xx_hal_tim_ex.c ****   /* Enable the Peripheral, except in trigger mode where enable is automatically done with trigger 
 661:Drivers/STM32G0xx_HAL_Driver/Src/stm32g0xx_hal_tim_ex.c ****   if (IS_TIM_SLAVE_INSTANCE(htim->Instance))
 1593              		.loc 1 661 7
 1594 00c2 7B68     		ldr	r3, [r7, #4]
 1595 00c4 1B68     		ldr	r3, [r3]
 1596              		.loc 1 661 6
 1597 00c6 1F4A     		ldr	r2, .L89
 1598 00c8 9342     		cmp	r3, r2
 1599 00ca 14D0     		beq	.L84
 1600              		.loc 1 661 7 discriminator 1
 1601 00cc 7B68     		ldr	r3, [r7, #4]
 1602 00ce 1A68     		ldr	r2, [r3]
 1603 00d0 8023     		movs	r3, #128
 1604 00d2 DB05     		lsls	r3, r3, #23
 1605 00d4 9A42     		cmp	r2, r3
 1606 00d6 0ED0     		beq	.L84
 1607              		.loc 1 661 7 is_stmt 0 discriminator 2
 1608 00d8 7B68     		ldr	r3, [r7, #4]
 1609 00da 1B68     		ldr	r3, [r3]
 1610 00dc 1A4A     		ldr	r2, .L89+4
 1611 00de 9342     		cmp	r3, r2
 1612 00e0 09D0     		beq	.L84
 1613              		.loc 1 661 7 discriminator 3
 1614 00e2 7B68     		ldr	r3, [r7, #4]
 1615 00e4 1B68     		ldr	r3, [r3]
 1616 00e6 194A     		ldr	r2, .L89+8
 1617 00e8 9342     		cmp	r3, r2
 1618 00ea 04D0     		beq	.L84
 1619              		.loc 1 661 7 discriminator 4
 1620 00ec 7B68     		ldr	r3, [r7, #4]
 1621 00ee 1B68     		ldr	r3, [r3]
 1622 00f0 174A     		ldr	r2, .L89+12
 1623 00f2 9342     		cmp	r3, r2
 1624 00f4 16D1     		bne	.L85
 1625              	.L84:
 662:Drivers/STM32G0xx_HAL_Driver/Src/stm32g0xx_hal_tim_ex.c ****   {
 663:Drivers/STM32G0xx_HAL_Driver/Src/stm32g0xx_hal_tim_ex.c ****     tmpsmcr = htim->Instance->SMCR & TIM_SMCR_SMS;
 1626              		.loc 1 663 19 is_stmt 1
 1627 00f6 7B68     		ldr	r3, [r7, #4]
 1628 00f8 1B68     		ldr	r3, [r3]
 1629              		.loc 1 663 29
 1630 00fa 9B68     		ldr	r3, [r3, #8]
 1631              		.loc 1 663 13
ARM GAS  C:\Users\a_hae\AppData\Local\Temp\ccujrzwF.s 			page 41


 1632 00fc 154A     		ldr	r2, .L89+16
 1633 00fe 1340     		ands	r3, r2
 1634 0100 FB60     		str	r3, [r7, #12]
 664:Drivers/STM32G0xx_HAL_Driver/Src/stm32g0xx_hal_tim_ex.c ****     if (!IS_TIM_SLAVEMODE_TRIGGER_ENABLED(tmpsmcr))
 1635              		.loc 1 664 8
 1636 0102 FB68     		ldr	r3, [r7, #12]
 1637 0104 062B     		cmp	r3, #6
 1638 0106 16D0     		beq	.L88
 1639              		.loc 1 664 9 discriminator 1
 1640 0108 FA68     		ldr	r2, [r7, #12]
 1641 010a 8023     		movs	r3, #128
 1642 010c 5B02     		lsls	r3, r3, #9
 1643 010e 9A42     		cmp	r2, r3
 1644 0110 11D0     		beq	.L88
 665:Drivers/STM32G0xx_HAL_Driver/Src/stm32g0xx_hal_tim_ex.c ****     {
 666:Drivers/STM32G0xx_HAL_Driver/Src/stm32g0xx_hal_tim_ex.c ****       __HAL_TIM_ENABLE(htim);
 1645              		.loc 1 666 7
 1646 0112 7B68     		ldr	r3, [r7, #4]
 1647 0114 1B68     		ldr	r3, [r3]
 1648 0116 1A68     		ldr	r2, [r3]
 1649 0118 7B68     		ldr	r3, [r7, #4]
 1650 011a 1B68     		ldr	r3, [r3]
 1651 011c 0121     		movs	r1, #1
 1652 011e 0A43     		orrs	r2, r1
 1653 0120 1A60     		str	r2, [r3]
 664:Drivers/STM32G0xx_HAL_Driver/Src/stm32g0xx_hal_tim_ex.c ****     if (!IS_TIM_SLAVEMODE_TRIGGER_ENABLED(tmpsmcr))
 1654              		.loc 1 664 8
 1655 0122 08E0     		b	.L88
 1656              	.L85:
 667:Drivers/STM32G0xx_HAL_Driver/Src/stm32g0xx_hal_tim_ex.c ****     }
 668:Drivers/STM32G0xx_HAL_Driver/Src/stm32g0xx_hal_tim_ex.c ****   }
 669:Drivers/STM32G0xx_HAL_Driver/Src/stm32g0xx_hal_tim_ex.c ****   else
 670:Drivers/STM32G0xx_HAL_Driver/Src/stm32g0xx_hal_tim_ex.c ****   {
 671:Drivers/STM32G0xx_HAL_Driver/Src/stm32g0xx_hal_tim_ex.c ****     __HAL_TIM_ENABLE(htim);
 1657              		.loc 1 671 5
 1658 0124 7B68     		ldr	r3, [r7, #4]
 1659 0126 1B68     		ldr	r3, [r3]
 1660 0128 1A68     		ldr	r2, [r3]
 1661 012a 7B68     		ldr	r3, [r7, #4]
 1662 012c 1B68     		ldr	r3, [r3]
 1663 012e 0121     		movs	r1, #1
 1664 0130 0A43     		orrs	r2, r1
 1665 0132 1A60     		str	r2, [r3]
 1666 0134 00E0     		b	.L87
 1667              	.L88:
 664:Drivers/STM32G0xx_HAL_Driver/Src/stm32g0xx_hal_tim_ex.c ****     {
 1668              		.loc 1 664 8
 1669 0136 C046     		nop
 1670              	.L87:
 672:Drivers/STM32G0xx_HAL_Driver/Src/stm32g0xx_hal_tim_ex.c ****   }
 673:Drivers/STM32G0xx_HAL_Driver/Src/stm32g0xx_hal_tim_ex.c **** 
 674:Drivers/STM32G0xx_HAL_Driver/Src/stm32g0xx_hal_tim_ex.c ****   /* Return function status */
 675:Drivers/STM32G0xx_HAL_Driver/Src/stm32g0xx_hal_tim_ex.c ****   return HAL_OK;
 1671              		.loc 1 675 10
 1672 0138 0023     		movs	r3, #0
 1673              	.L77:
 676:Drivers/STM32G0xx_HAL_Driver/Src/stm32g0xx_hal_tim_ex.c **** }
ARM GAS  C:\Users\a_hae\AppData\Local\Temp\ccujrzwF.s 			page 42


 1674              		.loc 1 676 1
 1675 013a 1800     		movs	r0, r3
 1676 013c BD46     		mov	sp, r7
 1677 013e 04B0     		add	sp, sp, #16
 1678              		@ sp needed
 1679 0140 80BD     		pop	{r7, pc}
 1680              	.L90:
 1681 0142 C046     		.align	2
 1682              	.L89:
 1683 0144 002C0140 		.word	1073818624
 1684 0148 00040040 		.word	1073742848
 1685 014c 00080040 		.word	1073743872
 1686 0150 00400140 		.word	1073823744
 1687 0154 07000100 		.word	65543
 1688              		.cfi_endproc
 1689              	.LFE373:
 1691              		.section	.text.HAL_TIMEx_OCN_Stop,"ax",%progbits
 1692              		.align	1
 1693              		.global	HAL_TIMEx_OCN_Stop
 1694              		.syntax unified
 1695              		.code	16
 1696              		.thumb_func
 1698              	HAL_TIMEx_OCN_Stop:
 1699              	.LFB374:
 677:Drivers/STM32G0xx_HAL_Driver/Src/stm32g0xx_hal_tim_ex.c **** 
 678:Drivers/STM32G0xx_HAL_Driver/Src/stm32g0xx_hal_tim_ex.c **** /**
 679:Drivers/STM32G0xx_HAL_Driver/Src/stm32g0xx_hal_tim_ex.c ****   * @brief  Stops the TIM Output Compare signal generation on the complementary
 680:Drivers/STM32G0xx_HAL_Driver/Src/stm32g0xx_hal_tim_ex.c ****   *         output.
 681:Drivers/STM32G0xx_HAL_Driver/Src/stm32g0xx_hal_tim_ex.c ****   * @param  htim TIM handle
 682:Drivers/STM32G0xx_HAL_Driver/Src/stm32g0xx_hal_tim_ex.c ****   * @param  Channel TIM Channel to be disabled
 683:Drivers/STM32G0xx_HAL_Driver/Src/stm32g0xx_hal_tim_ex.c ****   *          This parameter can be one of the following values:
 684:Drivers/STM32G0xx_HAL_Driver/Src/stm32g0xx_hal_tim_ex.c ****   *            @arg TIM_CHANNEL_1: TIM Channel 1 selected
 685:Drivers/STM32G0xx_HAL_Driver/Src/stm32g0xx_hal_tim_ex.c ****   *            @arg TIM_CHANNEL_2: TIM Channel 2 selected
 686:Drivers/STM32G0xx_HAL_Driver/Src/stm32g0xx_hal_tim_ex.c ****   *            @arg TIM_CHANNEL_3: TIM Channel 3 selected
 687:Drivers/STM32G0xx_HAL_Driver/Src/stm32g0xx_hal_tim_ex.c ****   * @retval HAL status
 688:Drivers/STM32G0xx_HAL_Driver/Src/stm32g0xx_hal_tim_ex.c ****   */
 689:Drivers/STM32G0xx_HAL_Driver/Src/stm32g0xx_hal_tim_ex.c **** HAL_StatusTypeDef HAL_TIMEx_OCN_Stop(TIM_HandleTypeDef *htim, uint32_t Channel)
 690:Drivers/STM32G0xx_HAL_Driver/Src/stm32g0xx_hal_tim_ex.c **** {
 1700              		.loc 1 690 1
 1701              		.cfi_startproc
 1702              		@ args = 0, pretend = 0, frame = 8
 1703              		@ frame_needed = 1, uses_anonymous_args = 0
 1704 0000 80B5     		push	{r7, lr}
 1705              	.LCFI33:
 1706              		.cfi_def_cfa_offset 8
 1707              		.cfi_offset 7, -8
 1708              		.cfi_offset 14, -4
 1709 0002 82B0     		sub	sp, sp, #8
 1710              	.LCFI34:
 1711              		.cfi_def_cfa_offset 16
 1712 0004 00AF     		add	r7, sp, #0
 1713              	.LCFI35:
 1714              		.cfi_def_cfa_register 7
 1715 0006 7860     		str	r0, [r7, #4]
 1716 0008 3960     		str	r1, [r7]
 691:Drivers/STM32G0xx_HAL_Driver/Src/stm32g0xx_hal_tim_ex.c ****   /* Check the parameters */
 692:Drivers/STM32G0xx_HAL_Driver/Src/stm32g0xx_hal_tim_ex.c ****   assert_param(IS_TIM_CCXN_INSTANCE(htim->Instance, Channel));
ARM GAS  C:\Users\a_hae\AppData\Local\Temp\ccujrzwF.s 			page 43


 693:Drivers/STM32G0xx_HAL_Driver/Src/stm32g0xx_hal_tim_ex.c **** 
 694:Drivers/STM32G0xx_HAL_Driver/Src/stm32g0xx_hal_tim_ex.c ****   /* Disable the Capture compare channel N */
 695:Drivers/STM32G0xx_HAL_Driver/Src/stm32g0xx_hal_tim_ex.c ****   TIM_CCxNChannelCmd(htim->Instance, Channel, TIM_CCxN_DISABLE);
 1717              		.loc 1 695 3
 1718 000a 7B68     		ldr	r3, [r7, #4]
 1719 000c 1B68     		ldr	r3, [r3]
 1720 000e 3968     		ldr	r1, [r7]
 1721 0010 0022     		movs	r2, #0
 1722 0012 1800     		movs	r0, r3
 1723 0014 FFF7FEFF 		bl	TIM_CCxNChannelCmd
 696:Drivers/STM32G0xx_HAL_Driver/Src/stm32g0xx_hal_tim_ex.c **** 
 697:Drivers/STM32G0xx_HAL_Driver/Src/stm32g0xx_hal_tim_ex.c ****   /* Disable the Main Output */
 698:Drivers/STM32G0xx_HAL_Driver/Src/stm32g0xx_hal_tim_ex.c ****   __HAL_TIM_MOE_DISABLE(htim);
 1724              		.loc 1 698 3
 1725 0018 7B68     		ldr	r3, [r7, #4]
 1726 001a 1B68     		ldr	r3, [r3]
 1727 001c 1B6A     		ldr	r3, [r3, #32]
 1728 001e 234A     		ldr	r2, .L101
 1729 0020 1340     		ands	r3, r2
 1730 0022 0DD1     		bne	.L92
 1731              		.loc 1 698 3 is_stmt 0 discriminator 1
 1732 0024 7B68     		ldr	r3, [r7, #4]
 1733 0026 1B68     		ldr	r3, [r3]
 1734 0028 1B6A     		ldr	r3, [r3, #32]
 1735 002a 214A     		ldr	r2, .L101+4
 1736 002c 1340     		ands	r3, r2
 1737 002e 07D1     		bne	.L92
 1738              		.loc 1 698 3 discriminator 2
 1739 0030 7B68     		ldr	r3, [r7, #4]
 1740 0032 1B68     		ldr	r3, [r3]
 1741 0034 5A6C     		ldr	r2, [r3, #68]
 1742 0036 7B68     		ldr	r3, [r7, #4]
 1743 0038 1B68     		ldr	r3, [r3]
 1744 003a 1E49     		ldr	r1, .L101+8
 1745 003c 0A40     		ands	r2, r1
 1746 003e 5A64     		str	r2, [r3, #68]
 1747              	.L92:
 699:Drivers/STM32G0xx_HAL_Driver/Src/stm32g0xx_hal_tim_ex.c **** 
 700:Drivers/STM32G0xx_HAL_Driver/Src/stm32g0xx_hal_tim_ex.c ****   /* Disable the Peripheral */
 701:Drivers/STM32G0xx_HAL_Driver/Src/stm32g0xx_hal_tim_ex.c ****   __HAL_TIM_DISABLE(htim);
 1748              		.loc 1 701 3 is_stmt 1
 1749 0040 7B68     		ldr	r3, [r7, #4]
 1750 0042 1B68     		ldr	r3, [r3]
 1751 0044 1B6A     		ldr	r3, [r3, #32]
 1752 0046 194A     		ldr	r2, .L101
 1753 0048 1340     		ands	r3, r2
 1754 004a 0DD1     		bne	.L93
 1755              		.loc 1 701 3 is_stmt 0 discriminator 1
 1756 004c 7B68     		ldr	r3, [r7, #4]
 1757 004e 1B68     		ldr	r3, [r3]
 1758 0050 1B6A     		ldr	r3, [r3, #32]
 1759 0052 174A     		ldr	r2, .L101+4
 1760 0054 1340     		ands	r3, r2
 1761 0056 07D1     		bne	.L93
 1762              		.loc 1 701 3 discriminator 2
 1763 0058 7B68     		ldr	r3, [r7, #4]
 1764 005a 1B68     		ldr	r3, [r3]
ARM GAS  C:\Users\a_hae\AppData\Local\Temp\ccujrzwF.s 			page 44


 1765 005c 1A68     		ldr	r2, [r3]
 1766 005e 7B68     		ldr	r3, [r7, #4]
 1767 0060 1B68     		ldr	r3, [r3]
 1768 0062 0121     		movs	r1, #1
 1769 0064 8A43     		bics	r2, r1
 1770 0066 1A60     		str	r2, [r3]
 1771              	.L93:
 702:Drivers/STM32G0xx_HAL_Driver/Src/stm32g0xx_hal_tim_ex.c **** 
 703:Drivers/STM32G0xx_HAL_Driver/Src/stm32g0xx_hal_tim_ex.c ****   /* Set the TIM complementary channel state */
 704:Drivers/STM32G0xx_HAL_Driver/Src/stm32g0xx_hal_tim_ex.c ****   TIM_CHANNEL_N_STATE_SET(htim, Channel, HAL_TIM_CHANNEL_STATE_READY);
 1772              		.loc 1 704 3 is_stmt 1
 1773 0068 3B68     		ldr	r3, [r7]
 1774 006a 002B     		cmp	r3, #0
 1775 006c 04D1     		bne	.L94
 1776              		.loc 1 704 3 is_stmt 0 discriminator 1
 1777 006e 7B68     		ldr	r3, [r7, #4]
 1778 0070 4422     		movs	r2, #68
 1779 0072 0121     		movs	r1, #1
 1780 0074 9954     		strb	r1, [r3, r2]
 1781 0076 13E0     		b	.L95
 1782              	.L94:
 1783              		.loc 1 704 3 discriminator 2
 1784 0078 3B68     		ldr	r3, [r7]
 1785 007a 042B     		cmp	r3, #4
 1786 007c 04D1     		bne	.L96
 1787              		.loc 1 704 3 discriminator 3
 1788 007e 7B68     		ldr	r3, [r7, #4]
 1789 0080 4522     		movs	r2, #69
 1790 0082 0121     		movs	r1, #1
 1791 0084 9954     		strb	r1, [r3, r2]
 1792 0086 0BE0     		b	.L95
 1793              	.L96:
 1794              		.loc 1 704 3 discriminator 4
 1795 0088 3B68     		ldr	r3, [r7]
 1796 008a 082B     		cmp	r3, #8
 1797 008c 04D1     		bne	.L98
 1798              		.loc 1 704 3 discriminator 6
 1799 008e 7B68     		ldr	r3, [r7, #4]
 1800 0090 4622     		movs	r2, #70
 1801 0092 0121     		movs	r1, #1
 1802 0094 9954     		strb	r1, [r3, r2]
 1803 0096 03E0     		b	.L95
 1804              	.L98:
 1805              		.loc 1 704 3 discriminator 7
 1806 0098 7B68     		ldr	r3, [r7, #4]
 1807 009a 4722     		movs	r2, #71
 1808 009c 0121     		movs	r1, #1
 1809 009e 9954     		strb	r1, [r3, r2]
 1810              	.L95:
 705:Drivers/STM32G0xx_HAL_Driver/Src/stm32g0xx_hal_tim_ex.c **** 
 706:Drivers/STM32G0xx_HAL_Driver/Src/stm32g0xx_hal_tim_ex.c ****   /* Return function status */
 707:Drivers/STM32G0xx_HAL_Driver/Src/stm32g0xx_hal_tim_ex.c ****   return HAL_OK;
 1811              		.loc 1 707 10 is_stmt 1
 1812 00a0 0023     		movs	r3, #0
 708:Drivers/STM32G0xx_HAL_Driver/Src/stm32g0xx_hal_tim_ex.c **** }
 1813              		.loc 1 708 1
 1814 00a2 1800     		movs	r0, r3
ARM GAS  C:\Users\a_hae\AppData\Local\Temp\ccujrzwF.s 			page 45


 1815 00a4 BD46     		mov	sp, r7
 1816 00a6 02B0     		add	sp, sp, #8
 1817              		@ sp needed
 1818 00a8 80BD     		pop	{r7, pc}
 1819              	.L102:
 1820 00aa C046     		.align	2
 1821              	.L101:
 1822 00ac 11110000 		.word	4369
 1823 00b0 44040000 		.word	1092
 1824 00b4 FF7FFFFF 		.word	-32769
 1825              		.cfi_endproc
 1826              	.LFE374:
 1828              		.section	.text.HAL_TIMEx_OCN_Start_IT,"ax",%progbits
 1829              		.align	1
 1830              		.global	HAL_TIMEx_OCN_Start_IT
 1831              		.syntax unified
 1832              		.code	16
 1833              		.thumb_func
 1835              	HAL_TIMEx_OCN_Start_IT:
 1836              	.LFB375:
 709:Drivers/STM32G0xx_HAL_Driver/Src/stm32g0xx_hal_tim_ex.c **** 
 710:Drivers/STM32G0xx_HAL_Driver/Src/stm32g0xx_hal_tim_ex.c **** /**
 711:Drivers/STM32G0xx_HAL_Driver/Src/stm32g0xx_hal_tim_ex.c ****   * @brief  Starts the TIM Output Compare signal generation in interrupt mode
 712:Drivers/STM32G0xx_HAL_Driver/Src/stm32g0xx_hal_tim_ex.c ****   *         on the complementary output.
 713:Drivers/STM32G0xx_HAL_Driver/Src/stm32g0xx_hal_tim_ex.c ****   * @param  htim TIM OC handle
 714:Drivers/STM32G0xx_HAL_Driver/Src/stm32g0xx_hal_tim_ex.c ****   * @param  Channel TIM Channel to be enabled
 715:Drivers/STM32G0xx_HAL_Driver/Src/stm32g0xx_hal_tim_ex.c ****   *          This parameter can be one of the following values:
 716:Drivers/STM32G0xx_HAL_Driver/Src/stm32g0xx_hal_tim_ex.c ****   *            @arg TIM_CHANNEL_1: TIM Channel 1 selected
 717:Drivers/STM32G0xx_HAL_Driver/Src/stm32g0xx_hal_tim_ex.c ****   *            @arg TIM_CHANNEL_2: TIM Channel 2 selected
 718:Drivers/STM32G0xx_HAL_Driver/Src/stm32g0xx_hal_tim_ex.c ****   *            @arg TIM_CHANNEL_3: TIM Channel 3 selected
 719:Drivers/STM32G0xx_HAL_Driver/Src/stm32g0xx_hal_tim_ex.c ****   * @retval HAL status
 720:Drivers/STM32G0xx_HAL_Driver/Src/stm32g0xx_hal_tim_ex.c ****   */
 721:Drivers/STM32G0xx_HAL_Driver/Src/stm32g0xx_hal_tim_ex.c **** HAL_StatusTypeDef HAL_TIMEx_OCN_Start_IT(TIM_HandleTypeDef *htim, uint32_t Channel)
 722:Drivers/STM32G0xx_HAL_Driver/Src/stm32g0xx_hal_tim_ex.c **** {
 1837              		.loc 1 722 1
 1838              		.cfi_startproc
 1839              		@ args = 0, pretend = 0, frame = 16
 1840              		@ frame_needed = 1, uses_anonymous_args = 0
 1841 0000 80B5     		push	{r7, lr}
 1842              	.LCFI36:
 1843              		.cfi_def_cfa_offset 8
 1844              		.cfi_offset 7, -8
 1845              		.cfi_offset 14, -4
 1846 0002 84B0     		sub	sp, sp, #16
 1847              	.LCFI37:
 1848              		.cfi_def_cfa_offset 24
 1849 0004 00AF     		add	r7, sp, #0
 1850              	.LCFI38:
 1851              		.cfi_def_cfa_register 7
 1852 0006 7860     		str	r0, [r7, #4]
 1853 0008 3960     		str	r1, [r7]
 723:Drivers/STM32G0xx_HAL_Driver/Src/stm32g0xx_hal_tim_ex.c ****   HAL_StatusTypeDef status = HAL_OK;
 1854              		.loc 1 723 21
 1855 000a 0F23     		movs	r3, #15
 1856 000c FB18     		adds	r3, r7, r3
 1857 000e 0022     		movs	r2, #0
 1858 0010 1A70     		strb	r2, [r3]
ARM GAS  C:\Users\a_hae\AppData\Local\Temp\ccujrzwF.s 			page 46


 724:Drivers/STM32G0xx_HAL_Driver/Src/stm32g0xx_hal_tim_ex.c ****   uint32_t tmpsmcr;
 725:Drivers/STM32G0xx_HAL_Driver/Src/stm32g0xx_hal_tim_ex.c **** 
 726:Drivers/STM32G0xx_HAL_Driver/Src/stm32g0xx_hal_tim_ex.c ****   /* Check the parameters */
 727:Drivers/STM32G0xx_HAL_Driver/Src/stm32g0xx_hal_tim_ex.c ****   assert_param(IS_TIM_CCXN_INSTANCE(htim->Instance, Channel));
 728:Drivers/STM32G0xx_HAL_Driver/Src/stm32g0xx_hal_tim_ex.c **** 
 729:Drivers/STM32G0xx_HAL_Driver/Src/stm32g0xx_hal_tim_ex.c ****   /* Check the TIM complementary channel state */
 730:Drivers/STM32G0xx_HAL_Driver/Src/stm32g0xx_hal_tim_ex.c ****   if (TIM_CHANNEL_N_STATE_GET(htim, Channel) != HAL_TIM_CHANNEL_STATE_READY)
 1859              		.loc 1 730 46
 1860 0012 3B68     		ldr	r3, [r7]
 1861 0014 002B     		cmp	r3, #0
 1862 0016 08D1     		bne	.L104
 1863              		.loc 1 730 7 discriminator 1
 1864 0018 7B68     		ldr	r3, [r7, #4]
 1865 001a 4422     		movs	r2, #68
 1866 001c 9B5C     		ldrb	r3, [r3, r2]
 1867 001e DBB2     		uxtb	r3, r3
 1868              		.loc 1 730 46 discriminator 1
 1869 0020 013B     		subs	r3, r3, #1
 1870 0022 5A1E     		subs	r2, r3, #1
 1871 0024 9341     		sbcs	r3, r3, r2
 1872 0026 DBB2     		uxtb	r3, r3
 1873 0028 1FE0     		b	.L105
 1874              	.L104:
 1875              		.loc 1 730 46 is_stmt 0 discriminator 2
 1876 002a 3B68     		ldr	r3, [r7]
 1877 002c 042B     		cmp	r3, #4
 1878 002e 08D1     		bne	.L106
 1879              		.loc 1 730 7 is_stmt 1 discriminator 4
 1880 0030 7B68     		ldr	r3, [r7, #4]
 1881 0032 4522     		movs	r2, #69
 1882 0034 9B5C     		ldrb	r3, [r3, r2]
 1883 0036 DBB2     		uxtb	r3, r3
 1884              		.loc 1 730 46 discriminator 4
 1885 0038 013B     		subs	r3, r3, #1
 1886 003a 5A1E     		subs	r2, r3, #1
 1887 003c 9341     		sbcs	r3, r3, r2
 1888 003e DBB2     		uxtb	r3, r3
 1889 0040 13E0     		b	.L105
 1890              	.L106:
 1891              		.loc 1 730 46 is_stmt 0 discriminator 5
 1892 0042 3B68     		ldr	r3, [r7]
 1893 0044 082B     		cmp	r3, #8
 1894 0046 08D1     		bne	.L108
 1895              		.loc 1 730 7 is_stmt 1 discriminator 7
 1896 0048 7B68     		ldr	r3, [r7, #4]
 1897 004a 4622     		movs	r2, #70
 1898 004c 9B5C     		ldrb	r3, [r3, r2]
 1899 004e DBB2     		uxtb	r3, r3
 1900              		.loc 1 730 46 discriminator 7
 1901 0050 013B     		subs	r3, r3, #1
 1902 0052 5A1E     		subs	r2, r3, #1
 1903 0054 9341     		sbcs	r3, r3, r2
 1904 0056 DBB2     		uxtb	r3, r3
 1905 0058 07E0     		b	.L105
 1906              	.L108:
 1907              		.loc 1 730 7 discriminator 8
 1908 005a 7B68     		ldr	r3, [r7, #4]
ARM GAS  C:\Users\a_hae\AppData\Local\Temp\ccujrzwF.s 			page 47


 1909 005c 4722     		movs	r2, #71
 1910 005e 9B5C     		ldrb	r3, [r3, r2]
 1911 0060 DBB2     		uxtb	r3, r3
 1912              		.loc 1 730 46 discriminator 8
 1913 0062 013B     		subs	r3, r3, #1
 1914 0064 5A1E     		subs	r2, r3, #1
 1915 0066 9341     		sbcs	r3, r3, r2
 1916 0068 DBB2     		uxtb	r3, r3
 1917              	.L105:
 1918              		.loc 1 730 6 discriminator 12
 1919 006a 002B     		cmp	r3, #0
 1920 006c 01D0     		beq	.L110
 731:Drivers/STM32G0xx_HAL_Driver/Src/stm32g0xx_hal_tim_ex.c ****   {
 732:Drivers/STM32G0xx_HAL_Driver/Src/stm32g0xx_hal_tim_ex.c ****     return HAL_ERROR;
 1921              		.loc 1 732 12
 1922 006e 0123     		movs	r3, #1
 1923 0070 A3E0     		b	.L111
 1924              	.L110:
 733:Drivers/STM32G0xx_HAL_Driver/Src/stm32g0xx_hal_tim_ex.c ****   }
 734:Drivers/STM32G0xx_HAL_Driver/Src/stm32g0xx_hal_tim_ex.c **** 
 735:Drivers/STM32G0xx_HAL_Driver/Src/stm32g0xx_hal_tim_ex.c ****   /* Set the TIM complementary channel state */
 736:Drivers/STM32G0xx_HAL_Driver/Src/stm32g0xx_hal_tim_ex.c ****   TIM_CHANNEL_N_STATE_SET(htim, Channel, HAL_TIM_CHANNEL_STATE_BUSY);
 1925              		.loc 1 736 3
 1926 0072 3B68     		ldr	r3, [r7]
 1927 0074 002B     		cmp	r3, #0
 1928 0076 04D1     		bne	.L112
 1929              		.loc 1 736 3 is_stmt 0 discriminator 1
 1930 0078 7B68     		ldr	r3, [r7, #4]
 1931 007a 4422     		movs	r2, #68
 1932 007c 0221     		movs	r1, #2
 1933 007e 9954     		strb	r1, [r3, r2]
 1934 0080 13E0     		b	.L113
 1935              	.L112:
 1936              		.loc 1 736 3 discriminator 2
 1937 0082 3B68     		ldr	r3, [r7]
 1938 0084 042B     		cmp	r3, #4
 1939 0086 04D1     		bne	.L114
 1940              		.loc 1 736 3 discriminator 3
 1941 0088 7B68     		ldr	r3, [r7, #4]
 1942 008a 4522     		movs	r2, #69
 1943 008c 0221     		movs	r1, #2
 1944 008e 9954     		strb	r1, [r3, r2]
 1945 0090 0BE0     		b	.L113
 1946              	.L114:
 1947              		.loc 1 736 3 discriminator 4
 1948 0092 3B68     		ldr	r3, [r7]
 1949 0094 082B     		cmp	r3, #8
 1950 0096 04D1     		bne	.L116
 1951              		.loc 1 736 3 discriminator 6
 1952 0098 7B68     		ldr	r3, [r7, #4]
 1953 009a 4622     		movs	r2, #70
 1954 009c 0221     		movs	r1, #2
 1955 009e 9954     		strb	r1, [r3, r2]
 1956 00a0 03E0     		b	.L113
 1957              	.L116:
 1958              		.loc 1 736 3 discriminator 7
 1959 00a2 7B68     		ldr	r3, [r7, #4]
ARM GAS  C:\Users\a_hae\AppData\Local\Temp\ccujrzwF.s 			page 48


 1960 00a4 4722     		movs	r2, #71
 1961 00a6 0221     		movs	r1, #2
 1962 00a8 9954     		strb	r1, [r3, r2]
 1963              	.L113:
 737:Drivers/STM32G0xx_HAL_Driver/Src/stm32g0xx_hal_tim_ex.c **** 
 738:Drivers/STM32G0xx_HAL_Driver/Src/stm32g0xx_hal_tim_ex.c ****   switch (Channel)
 1964              		.loc 1 738 3 is_stmt 1
 1965 00aa 3B68     		ldr	r3, [r7]
 1966 00ac 082B     		cmp	r3, #8
 1967 00ae 1BD0     		beq	.L118
 1968 00b0 3B68     		ldr	r3, [r7]
 1969 00b2 082B     		cmp	r3, #8
 1970 00b4 21D8     		bhi	.L119
 1971 00b6 3B68     		ldr	r3, [r7]
 1972 00b8 002B     		cmp	r3, #0
 1973 00ba 03D0     		beq	.L120
 1974 00bc 3B68     		ldr	r3, [r7]
 1975 00be 042B     		cmp	r3, #4
 1976 00c0 09D0     		beq	.L121
 1977 00c2 1AE0     		b	.L119
 1978              	.L120:
 739:Drivers/STM32G0xx_HAL_Driver/Src/stm32g0xx_hal_tim_ex.c ****   {
 740:Drivers/STM32G0xx_HAL_Driver/Src/stm32g0xx_hal_tim_ex.c ****     case TIM_CHANNEL_1:
 741:Drivers/STM32G0xx_HAL_Driver/Src/stm32g0xx_hal_tim_ex.c ****     {
 742:Drivers/STM32G0xx_HAL_Driver/Src/stm32g0xx_hal_tim_ex.c ****       /* Enable the TIM Output Compare interrupt */
 743:Drivers/STM32G0xx_HAL_Driver/Src/stm32g0xx_hal_tim_ex.c ****       __HAL_TIM_ENABLE_IT(htim, TIM_IT_CC1);
 1979              		.loc 1 743 7
 1980 00c4 7B68     		ldr	r3, [r7, #4]
 1981 00c6 1B68     		ldr	r3, [r3]
 1982 00c8 DA68     		ldr	r2, [r3, #12]
 1983 00ca 7B68     		ldr	r3, [r7, #4]
 1984 00cc 1B68     		ldr	r3, [r3]
 1985 00ce 0221     		movs	r1, #2
 1986 00d0 0A43     		orrs	r2, r1
 1987 00d2 DA60     		str	r2, [r3, #12]
 744:Drivers/STM32G0xx_HAL_Driver/Src/stm32g0xx_hal_tim_ex.c ****       break;
 1988              		.loc 1 744 7
 1989 00d4 16E0     		b	.L122
 1990              	.L121:
 745:Drivers/STM32G0xx_HAL_Driver/Src/stm32g0xx_hal_tim_ex.c ****     }
 746:Drivers/STM32G0xx_HAL_Driver/Src/stm32g0xx_hal_tim_ex.c **** 
 747:Drivers/STM32G0xx_HAL_Driver/Src/stm32g0xx_hal_tim_ex.c ****     case TIM_CHANNEL_2:
 748:Drivers/STM32G0xx_HAL_Driver/Src/stm32g0xx_hal_tim_ex.c ****     {
 749:Drivers/STM32G0xx_HAL_Driver/Src/stm32g0xx_hal_tim_ex.c ****       /* Enable the TIM Output Compare interrupt */
 750:Drivers/STM32G0xx_HAL_Driver/Src/stm32g0xx_hal_tim_ex.c ****       __HAL_TIM_ENABLE_IT(htim, TIM_IT_CC2);
 1991              		.loc 1 750 7
 1992 00d6 7B68     		ldr	r3, [r7, #4]
 1993 00d8 1B68     		ldr	r3, [r3]
 1994 00da DA68     		ldr	r2, [r3, #12]
 1995 00dc 7B68     		ldr	r3, [r7, #4]
 1996 00de 1B68     		ldr	r3, [r3]
 1997 00e0 0421     		movs	r1, #4
 1998 00e2 0A43     		orrs	r2, r1
 1999 00e4 DA60     		str	r2, [r3, #12]
 751:Drivers/STM32G0xx_HAL_Driver/Src/stm32g0xx_hal_tim_ex.c ****       break;
 2000              		.loc 1 751 7
 2001 00e6 0DE0     		b	.L122
ARM GAS  C:\Users\a_hae\AppData\Local\Temp\ccujrzwF.s 			page 49


 2002              	.L118:
 752:Drivers/STM32G0xx_HAL_Driver/Src/stm32g0xx_hal_tim_ex.c ****     }
 753:Drivers/STM32G0xx_HAL_Driver/Src/stm32g0xx_hal_tim_ex.c **** 
 754:Drivers/STM32G0xx_HAL_Driver/Src/stm32g0xx_hal_tim_ex.c ****     case TIM_CHANNEL_3:
 755:Drivers/STM32G0xx_HAL_Driver/Src/stm32g0xx_hal_tim_ex.c ****     {
 756:Drivers/STM32G0xx_HAL_Driver/Src/stm32g0xx_hal_tim_ex.c ****       /* Enable the TIM Output Compare interrupt */
 757:Drivers/STM32G0xx_HAL_Driver/Src/stm32g0xx_hal_tim_ex.c ****       __HAL_TIM_ENABLE_IT(htim, TIM_IT_CC3);
 2003              		.loc 1 757 7
 2004 00e8 7B68     		ldr	r3, [r7, #4]
 2005 00ea 1B68     		ldr	r3, [r3]
 2006 00ec DA68     		ldr	r2, [r3, #12]
 2007 00ee 7B68     		ldr	r3, [r7, #4]
 2008 00f0 1B68     		ldr	r3, [r3]
 2009 00f2 0821     		movs	r1, #8
 2010 00f4 0A43     		orrs	r2, r1
 2011 00f6 DA60     		str	r2, [r3, #12]
 758:Drivers/STM32G0xx_HAL_Driver/Src/stm32g0xx_hal_tim_ex.c ****       break;
 2012              		.loc 1 758 7
 2013 00f8 04E0     		b	.L122
 2014              	.L119:
 759:Drivers/STM32G0xx_HAL_Driver/Src/stm32g0xx_hal_tim_ex.c ****     }
 760:Drivers/STM32G0xx_HAL_Driver/Src/stm32g0xx_hal_tim_ex.c **** 
 761:Drivers/STM32G0xx_HAL_Driver/Src/stm32g0xx_hal_tim_ex.c **** 
 762:Drivers/STM32G0xx_HAL_Driver/Src/stm32g0xx_hal_tim_ex.c ****     default:
 763:Drivers/STM32G0xx_HAL_Driver/Src/stm32g0xx_hal_tim_ex.c ****       status = HAL_ERROR;
 2015              		.loc 1 763 14
 2016 00fa 0F23     		movs	r3, #15
 2017 00fc FB18     		adds	r3, r7, r3
 2018 00fe 0122     		movs	r2, #1
 2019 0100 1A70     		strb	r2, [r3]
 764:Drivers/STM32G0xx_HAL_Driver/Src/stm32g0xx_hal_tim_ex.c ****       break;
 2020              		.loc 1 764 7
 2021 0102 C046     		nop
 2022              	.L122:
 765:Drivers/STM32G0xx_HAL_Driver/Src/stm32g0xx_hal_tim_ex.c ****   }
 766:Drivers/STM32G0xx_HAL_Driver/Src/stm32g0xx_hal_tim_ex.c **** 
 767:Drivers/STM32G0xx_HAL_Driver/Src/stm32g0xx_hal_tim_ex.c ****   if (status == HAL_OK)
 2023              		.loc 1 767 6
 2024 0104 0F23     		movs	r3, #15
 2025 0106 FB18     		adds	r3, r7, r3
 2026 0108 1B78     		ldrb	r3, [r3]
 2027 010a 002B     		cmp	r3, #0
 2028 010c 52D1     		bne	.L123
 768:Drivers/STM32G0xx_HAL_Driver/Src/stm32g0xx_hal_tim_ex.c ****   {
 769:Drivers/STM32G0xx_HAL_Driver/Src/stm32g0xx_hal_tim_ex.c ****     /* Enable the TIM Break interrupt */
 770:Drivers/STM32G0xx_HAL_Driver/Src/stm32g0xx_hal_tim_ex.c ****     __HAL_TIM_ENABLE_IT(htim, TIM_IT_BREAK);
 2029              		.loc 1 770 5
 2030 010e 7B68     		ldr	r3, [r7, #4]
 2031 0110 1B68     		ldr	r3, [r3]
 2032 0112 DA68     		ldr	r2, [r3, #12]
 2033 0114 7B68     		ldr	r3, [r7, #4]
 2034 0116 1B68     		ldr	r3, [r3]
 2035 0118 8021     		movs	r1, #128
 2036 011a 0A43     		orrs	r2, r1
 2037 011c DA60     		str	r2, [r3, #12]
 771:Drivers/STM32G0xx_HAL_Driver/Src/stm32g0xx_hal_tim_ex.c **** 
 772:Drivers/STM32G0xx_HAL_Driver/Src/stm32g0xx_hal_tim_ex.c ****     /* Enable the Capture compare channel N */
ARM GAS  C:\Users\a_hae\AppData\Local\Temp\ccujrzwF.s 			page 50


 773:Drivers/STM32G0xx_HAL_Driver/Src/stm32g0xx_hal_tim_ex.c ****     TIM_CCxNChannelCmd(htim->Instance, Channel, TIM_CCxN_ENABLE);
 2038              		.loc 1 773 5
 2039 011e 7B68     		ldr	r3, [r7, #4]
 2040 0120 1B68     		ldr	r3, [r3]
 2041 0122 3968     		ldr	r1, [r7]
 2042 0124 0422     		movs	r2, #4
 2043 0126 1800     		movs	r0, r3
 2044 0128 FFF7FEFF 		bl	TIM_CCxNChannelCmd
 774:Drivers/STM32G0xx_HAL_Driver/Src/stm32g0xx_hal_tim_ex.c **** 
 775:Drivers/STM32G0xx_HAL_Driver/Src/stm32g0xx_hal_tim_ex.c ****     /* Enable the Main Output */
 776:Drivers/STM32G0xx_HAL_Driver/Src/stm32g0xx_hal_tim_ex.c ****     __HAL_TIM_MOE_ENABLE(htim);
 2045              		.loc 1 776 5
 2046 012c 7B68     		ldr	r3, [r7, #4]
 2047 012e 1B68     		ldr	r3, [r3]
 2048 0130 5A6C     		ldr	r2, [r3, #68]
 2049 0132 7B68     		ldr	r3, [r7, #4]
 2050 0134 1B68     		ldr	r3, [r3]
 2051 0136 8021     		movs	r1, #128
 2052 0138 0902     		lsls	r1, r1, #8
 2053 013a 0A43     		orrs	r2, r1
 2054 013c 5A64     		str	r2, [r3, #68]
 777:Drivers/STM32G0xx_HAL_Driver/Src/stm32g0xx_hal_tim_ex.c **** 
 778:Drivers/STM32G0xx_HAL_Driver/Src/stm32g0xx_hal_tim_ex.c ****     /* Enable the Peripheral, except in trigger mode where enable is automatically done with trigge
 779:Drivers/STM32G0xx_HAL_Driver/Src/stm32g0xx_hal_tim_ex.c ****     if (IS_TIM_SLAVE_INSTANCE(htim->Instance))
 2055              		.loc 1 779 9
 2056 013e 7B68     		ldr	r3, [r7, #4]
 2057 0140 1B68     		ldr	r3, [r3]
 2058              		.loc 1 779 8
 2059 0142 204A     		ldr	r2, .L128
 2060 0144 9342     		cmp	r3, r2
 2061 0146 14D0     		beq	.L124
 2062              		.loc 1 779 9 discriminator 1
 2063 0148 7B68     		ldr	r3, [r7, #4]
 2064 014a 1A68     		ldr	r2, [r3]
 2065 014c 8023     		movs	r3, #128
 2066 014e DB05     		lsls	r3, r3, #23
 2067 0150 9A42     		cmp	r2, r3
 2068 0152 0ED0     		beq	.L124
 2069              		.loc 1 779 9 is_stmt 0 discriminator 2
 2070 0154 7B68     		ldr	r3, [r7, #4]
 2071 0156 1B68     		ldr	r3, [r3]
 2072 0158 1B4A     		ldr	r2, .L128+4
 2073 015a 9342     		cmp	r3, r2
 2074 015c 09D0     		beq	.L124
 2075              		.loc 1 779 9 discriminator 3
 2076 015e 7B68     		ldr	r3, [r7, #4]
 2077 0160 1B68     		ldr	r3, [r3]
 2078 0162 1A4A     		ldr	r2, .L128+8
 2079 0164 9342     		cmp	r3, r2
 2080 0166 04D0     		beq	.L124
 2081              		.loc 1 779 9 discriminator 4
 2082 0168 7B68     		ldr	r3, [r7, #4]
 2083 016a 1B68     		ldr	r3, [r3]
 2084 016c 184A     		ldr	r2, .L128+12
 2085 016e 9342     		cmp	r3, r2
 2086 0170 16D1     		bne	.L125
 2087              	.L124:
ARM GAS  C:\Users\a_hae\AppData\Local\Temp\ccujrzwF.s 			page 51


 780:Drivers/STM32G0xx_HAL_Driver/Src/stm32g0xx_hal_tim_ex.c ****     {
 781:Drivers/STM32G0xx_HAL_Driver/Src/stm32g0xx_hal_tim_ex.c ****       tmpsmcr = htim->Instance->SMCR & TIM_SMCR_SMS;
 2088              		.loc 1 781 21 is_stmt 1
 2089 0172 7B68     		ldr	r3, [r7, #4]
 2090 0174 1B68     		ldr	r3, [r3]
 2091              		.loc 1 781 31
 2092 0176 9B68     		ldr	r3, [r3, #8]
 2093              		.loc 1 781 15
 2094 0178 164A     		ldr	r2, .L128+16
 2095 017a 1340     		ands	r3, r2
 2096 017c BB60     		str	r3, [r7, #8]
 782:Drivers/STM32G0xx_HAL_Driver/Src/stm32g0xx_hal_tim_ex.c ****       if (!IS_TIM_SLAVEMODE_TRIGGER_ENABLED(tmpsmcr))
 2097              		.loc 1 782 10
 2098 017e BB68     		ldr	r3, [r7, #8]
 2099 0180 062B     		cmp	r3, #6
 2100 0182 16D0     		beq	.L127
 2101              		.loc 1 782 11 discriminator 1
 2102 0184 BA68     		ldr	r2, [r7, #8]
 2103 0186 8023     		movs	r3, #128
 2104 0188 5B02     		lsls	r3, r3, #9
 2105 018a 9A42     		cmp	r2, r3
 2106 018c 11D0     		beq	.L127
 783:Drivers/STM32G0xx_HAL_Driver/Src/stm32g0xx_hal_tim_ex.c ****       {
 784:Drivers/STM32G0xx_HAL_Driver/Src/stm32g0xx_hal_tim_ex.c ****         __HAL_TIM_ENABLE(htim);
 2107              		.loc 1 784 9
 2108 018e 7B68     		ldr	r3, [r7, #4]
 2109 0190 1B68     		ldr	r3, [r3]
 2110 0192 1A68     		ldr	r2, [r3]
 2111 0194 7B68     		ldr	r3, [r7, #4]
 2112 0196 1B68     		ldr	r3, [r3]
 2113 0198 0121     		movs	r1, #1
 2114 019a 0A43     		orrs	r2, r1
 2115 019c 1A60     		str	r2, [r3]
 782:Drivers/STM32G0xx_HAL_Driver/Src/stm32g0xx_hal_tim_ex.c ****       if (!IS_TIM_SLAVEMODE_TRIGGER_ENABLED(tmpsmcr))
 2116              		.loc 1 782 10
 2117 019e 08E0     		b	.L127
 2118              	.L125:
 785:Drivers/STM32G0xx_HAL_Driver/Src/stm32g0xx_hal_tim_ex.c ****       }
 786:Drivers/STM32G0xx_HAL_Driver/Src/stm32g0xx_hal_tim_ex.c ****     }
 787:Drivers/STM32G0xx_HAL_Driver/Src/stm32g0xx_hal_tim_ex.c ****     else
 788:Drivers/STM32G0xx_HAL_Driver/Src/stm32g0xx_hal_tim_ex.c ****     {
 789:Drivers/STM32G0xx_HAL_Driver/Src/stm32g0xx_hal_tim_ex.c ****       __HAL_TIM_ENABLE(htim);
 2119              		.loc 1 789 7
 2120 01a0 7B68     		ldr	r3, [r7, #4]
 2121 01a2 1B68     		ldr	r3, [r3]
 2122 01a4 1A68     		ldr	r2, [r3]
 2123 01a6 7B68     		ldr	r3, [r7, #4]
 2124 01a8 1B68     		ldr	r3, [r3]
 2125 01aa 0121     		movs	r1, #1
 2126 01ac 0A43     		orrs	r2, r1
 2127 01ae 1A60     		str	r2, [r3]
 2128 01b0 00E0     		b	.L123
 2129              	.L127:
 782:Drivers/STM32G0xx_HAL_Driver/Src/stm32g0xx_hal_tim_ex.c ****       {
 2130              		.loc 1 782 10
 2131 01b2 C046     		nop
 2132              	.L123:
ARM GAS  C:\Users\a_hae\AppData\Local\Temp\ccujrzwF.s 			page 52


 790:Drivers/STM32G0xx_HAL_Driver/Src/stm32g0xx_hal_tim_ex.c ****     }
 791:Drivers/STM32G0xx_HAL_Driver/Src/stm32g0xx_hal_tim_ex.c ****   }
 792:Drivers/STM32G0xx_HAL_Driver/Src/stm32g0xx_hal_tim_ex.c **** 
 793:Drivers/STM32G0xx_HAL_Driver/Src/stm32g0xx_hal_tim_ex.c ****   /* Return function status */
 794:Drivers/STM32G0xx_HAL_Driver/Src/stm32g0xx_hal_tim_ex.c ****   return status;
 2133              		.loc 1 794 10
 2134 01b4 0F23     		movs	r3, #15
 2135 01b6 FB18     		adds	r3, r7, r3
 2136 01b8 1B78     		ldrb	r3, [r3]
 2137              	.L111:
 795:Drivers/STM32G0xx_HAL_Driver/Src/stm32g0xx_hal_tim_ex.c **** }
 2138              		.loc 1 795 1
 2139 01ba 1800     		movs	r0, r3
 2140 01bc BD46     		mov	sp, r7
 2141 01be 04B0     		add	sp, sp, #16
 2142              		@ sp needed
 2143 01c0 80BD     		pop	{r7, pc}
 2144              	.L129:
 2145 01c2 C046     		.align	2
 2146              	.L128:
 2147 01c4 002C0140 		.word	1073818624
 2148 01c8 00040040 		.word	1073742848
 2149 01cc 00080040 		.word	1073743872
 2150 01d0 00400140 		.word	1073823744
 2151 01d4 07000100 		.word	65543
 2152              		.cfi_endproc
 2153              	.LFE375:
 2155              		.section	.text.HAL_TIMEx_OCN_Stop_IT,"ax",%progbits
 2156              		.align	1
 2157              		.global	HAL_TIMEx_OCN_Stop_IT
 2158              		.syntax unified
 2159              		.code	16
 2160              		.thumb_func
 2162              	HAL_TIMEx_OCN_Stop_IT:
 2163              	.LFB376:
 796:Drivers/STM32G0xx_HAL_Driver/Src/stm32g0xx_hal_tim_ex.c **** 
 797:Drivers/STM32G0xx_HAL_Driver/Src/stm32g0xx_hal_tim_ex.c **** /**
 798:Drivers/STM32G0xx_HAL_Driver/Src/stm32g0xx_hal_tim_ex.c ****   * @brief  Stops the TIM Output Compare signal generation in interrupt mode
 799:Drivers/STM32G0xx_HAL_Driver/Src/stm32g0xx_hal_tim_ex.c ****   *         on the complementary output.
 800:Drivers/STM32G0xx_HAL_Driver/Src/stm32g0xx_hal_tim_ex.c ****   * @param  htim TIM Output Compare handle
 801:Drivers/STM32G0xx_HAL_Driver/Src/stm32g0xx_hal_tim_ex.c ****   * @param  Channel TIM Channel to be disabled
 802:Drivers/STM32G0xx_HAL_Driver/Src/stm32g0xx_hal_tim_ex.c ****   *          This parameter can be one of the following values:
 803:Drivers/STM32G0xx_HAL_Driver/Src/stm32g0xx_hal_tim_ex.c ****   *            @arg TIM_CHANNEL_1: TIM Channel 1 selected
 804:Drivers/STM32G0xx_HAL_Driver/Src/stm32g0xx_hal_tim_ex.c ****   *            @arg TIM_CHANNEL_2: TIM Channel 2 selected
 805:Drivers/STM32G0xx_HAL_Driver/Src/stm32g0xx_hal_tim_ex.c ****   *            @arg TIM_CHANNEL_3: TIM Channel 3 selected
 806:Drivers/STM32G0xx_HAL_Driver/Src/stm32g0xx_hal_tim_ex.c ****   * @retval HAL status
 807:Drivers/STM32G0xx_HAL_Driver/Src/stm32g0xx_hal_tim_ex.c ****   */
 808:Drivers/STM32G0xx_HAL_Driver/Src/stm32g0xx_hal_tim_ex.c **** HAL_StatusTypeDef HAL_TIMEx_OCN_Stop_IT(TIM_HandleTypeDef *htim, uint32_t Channel)
 809:Drivers/STM32G0xx_HAL_Driver/Src/stm32g0xx_hal_tim_ex.c **** {
 2164              		.loc 1 809 1
 2165              		.cfi_startproc
 2166              		@ args = 0, pretend = 0, frame = 16
 2167              		@ frame_needed = 1, uses_anonymous_args = 0
 2168 0000 80B5     		push	{r7, lr}
 2169              	.LCFI39:
 2170              		.cfi_def_cfa_offset 8
 2171              		.cfi_offset 7, -8
ARM GAS  C:\Users\a_hae\AppData\Local\Temp\ccujrzwF.s 			page 53


 2172              		.cfi_offset 14, -4
 2173 0002 84B0     		sub	sp, sp, #16
 2174              	.LCFI40:
 2175              		.cfi_def_cfa_offset 24
 2176 0004 00AF     		add	r7, sp, #0
 2177              	.LCFI41:
 2178              		.cfi_def_cfa_register 7
 2179 0006 7860     		str	r0, [r7, #4]
 2180 0008 3960     		str	r1, [r7]
 810:Drivers/STM32G0xx_HAL_Driver/Src/stm32g0xx_hal_tim_ex.c ****   HAL_StatusTypeDef status = HAL_OK;
 2181              		.loc 1 810 21
 2182 000a 0F23     		movs	r3, #15
 2183 000c FB18     		adds	r3, r7, r3
 2184 000e 0022     		movs	r2, #0
 2185 0010 1A70     		strb	r2, [r3]
 811:Drivers/STM32G0xx_HAL_Driver/Src/stm32g0xx_hal_tim_ex.c ****   uint32_t tmpccer;
 812:Drivers/STM32G0xx_HAL_Driver/Src/stm32g0xx_hal_tim_ex.c **** 
 813:Drivers/STM32G0xx_HAL_Driver/Src/stm32g0xx_hal_tim_ex.c ****   /* Check the parameters */
 814:Drivers/STM32G0xx_HAL_Driver/Src/stm32g0xx_hal_tim_ex.c ****   assert_param(IS_TIM_CCXN_INSTANCE(htim->Instance, Channel));
 815:Drivers/STM32G0xx_HAL_Driver/Src/stm32g0xx_hal_tim_ex.c **** 
 816:Drivers/STM32G0xx_HAL_Driver/Src/stm32g0xx_hal_tim_ex.c ****   switch (Channel)
 2186              		.loc 1 816 3
 2187 0012 3B68     		ldr	r3, [r7]
 2188 0014 082B     		cmp	r3, #8
 2189 0016 1BD0     		beq	.L131
 2190 0018 3B68     		ldr	r3, [r7]
 2191 001a 082B     		cmp	r3, #8
 2192 001c 21D8     		bhi	.L132
 2193 001e 3B68     		ldr	r3, [r7]
 2194 0020 002B     		cmp	r3, #0
 2195 0022 03D0     		beq	.L133
 2196 0024 3B68     		ldr	r3, [r7]
 2197 0026 042B     		cmp	r3, #4
 2198 0028 09D0     		beq	.L134
 2199 002a 1AE0     		b	.L132
 2200              	.L133:
 817:Drivers/STM32G0xx_HAL_Driver/Src/stm32g0xx_hal_tim_ex.c ****   {
 818:Drivers/STM32G0xx_HAL_Driver/Src/stm32g0xx_hal_tim_ex.c ****     case TIM_CHANNEL_1:
 819:Drivers/STM32G0xx_HAL_Driver/Src/stm32g0xx_hal_tim_ex.c ****     {
 820:Drivers/STM32G0xx_HAL_Driver/Src/stm32g0xx_hal_tim_ex.c ****       /* Disable the TIM Output Compare interrupt */
 821:Drivers/STM32G0xx_HAL_Driver/Src/stm32g0xx_hal_tim_ex.c ****       __HAL_TIM_DISABLE_IT(htim, TIM_IT_CC1);
 2201              		.loc 1 821 7
 2202 002c 7B68     		ldr	r3, [r7, #4]
 2203 002e 1B68     		ldr	r3, [r3]
 2204 0030 DA68     		ldr	r2, [r3, #12]
 2205 0032 7B68     		ldr	r3, [r7, #4]
 2206 0034 1B68     		ldr	r3, [r3]
 2207 0036 0221     		movs	r1, #2
 2208 0038 8A43     		bics	r2, r1
 2209 003a DA60     		str	r2, [r3, #12]
 822:Drivers/STM32G0xx_HAL_Driver/Src/stm32g0xx_hal_tim_ex.c ****       break;
 2210              		.loc 1 822 7
 2211 003c 16E0     		b	.L135
 2212              	.L134:
 823:Drivers/STM32G0xx_HAL_Driver/Src/stm32g0xx_hal_tim_ex.c ****     }
 824:Drivers/STM32G0xx_HAL_Driver/Src/stm32g0xx_hal_tim_ex.c **** 
 825:Drivers/STM32G0xx_HAL_Driver/Src/stm32g0xx_hal_tim_ex.c ****     case TIM_CHANNEL_2:
ARM GAS  C:\Users\a_hae\AppData\Local\Temp\ccujrzwF.s 			page 54


 826:Drivers/STM32G0xx_HAL_Driver/Src/stm32g0xx_hal_tim_ex.c ****     {
 827:Drivers/STM32G0xx_HAL_Driver/Src/stm32g0xx_hal_tim_ex.c ****       /* Disable the TIM Output Compare interrupt */
 828:Drivers/STM32G0xx_HAL_Driver/Src/stm32g0xx_hal_tim_ex.c ****       __HAL_TIM_DISABLE_IT(htim, TIM_IT_CC2);
 2213              		.loc 1 828 7
 2214 003e 7B68     		ldr	r3, [r7, #4]
 2215 0040 1B68     		ldr	r3, [r3]
 2216 0042 DA68     		ldr	r2, [r3, #12]
 2217 0044 7B68     		ldr	r3, [r7, #4]
 2218 0046 1B68     		ldr	r3, [r3]
 2219 0048 0421     		movs	r1, #4
 2220 004a 8A43     		bics	r2, r1
 2221 004c DA60     		str	r2, [r3, #12]
 829:Drivers/STM32G0xx_HAL_Driver/Src/stm32g0xx_hal_tim_ex.c ****       break;
 2222              		.loc 1 829 7
 2223 004e 0DE0     		b	.L135
 2224              	.L131:
 830:Drivers/STM32G0xx_HAL_Driver/Src/stm32g0xx_hal_tim_ex.c ****     }
 831:Drivers/STM32G0xx_HAL_Driver/Src/stm32g0xx_hal_tim_ex.c **** 
 832:Drivers/STM32G0xx_HAL_Driver/Src/stm32g0xx_hal_tim_ex.c ****     case TIM_CHANNEL_3:
 833:Drivers/STM32G0xx_HAL_Driver/Src/stm32g0xx_hal_tim_ex.c ****     {
 834:Drivers/STM32G0xx_HAL_Driver/Src/stm32g0xx_hal_tim_ex.c ****       /* Disable the TIM Output Compare interrupt */
 835:Drivers/STM32G0xx_HAL_Driver/Src/stm32g0xx_hal_tim_ex.c ****       __HAL_TIM_DISABLE_IT(htim, TIM_IT_CC3);
 2225              		.loc 1 835 7
 2226 0050 7B68     		ldr	r3, [r7, #4]
 2227 0052 1B68     		ldr	r3, [r3]
 2228 0054 DA68     		ldr	r2, [r3, #12]
 2229 0056 7B68     		ldr	r3, [r7, #4]
 2230 0058 1B68     		ldr	r3, [r3]
 2231 005a 0821     		movs	r1, #8
 2232 005c 8A43     		bics	r2, r1
 2233 005e DA60     		str	r2, [r3, #12]
 836:Drivers/STM32G0xx_HAL_Driver/Src/stm32g0xx_hal_tim_ex.c ****       break;
 2234              		.loc 1 836 7
 2235 0060 04E0     		b	.L135
 2236              	.L132:
 837:Drivers/STM32G0xx_HAL_Driver/Src/stm32g0xx_hal_tim_ex.c ****     }
 838:Drivers/STM32G0xx_HAL_Driver/Src/stm32g0xx_hal_tim_ex.c **** 
 839:Drivers/STM32G0xx_HAL_Driver/Src/stm32g0xx_hal_tim_ex.c ****     default:
 840:Drivers/STM32G0xx_HAL_Driver/Src/stm32g0xx_hal_tim_ex.c ****       status = HAL_ERROR;
 2237              		.loc 1 840 14
 2238 0062 0F23     		movs	r3, #15
 2239 0064 FB18     		adds	r3, r7, r3
 2240 0066 0122     		movs	r2, #1
 2241 0068 1A70     		strb	r2, [r3]
 841:Drivers/STM32G0xx_HAL_Driver/Src/stm32g0xx_hal_tim_ex.c ****       break;
 2242              		.loc 1 841 7
 2243 006a C046     		nop
 2244              	.L135:
 842:Drivers/STM32G0xx_HAL_Driver/Src/stm32g0xx_hal_tim_ex.c ****   }
 843:Drivers/STM32G0xx_HAL_Driver/Src/stm32g0xx_hal_tim_ex.c **** 
 844:Drivers/STM32G0xx_HAL_Driver/Src/stm32g0xx_hal_tim_ex.c ****   if (status == HAL_OK)
 2245              		.loc 1 844 6
 2246 006c 0F23     		movs	r3, #15
 2247 006e FB18     		adds	r3, r7, r3
 2248 0070 1B78     		ldrb	r3, [r3]
 2249 0072 002B     		cmp	r3, #0
 2250 0074 5AD1     		bne	.L136
ARM GAS  C:\Users\a_hae\AppData\Local\Temp\ccujrzwF.s 			page 55


 845:Drivers/STM32G0xx_HAL_Driver/Src/stm32g0xx_hal_tim_ex.c ****   {
 846:Drivers/STM32G0xx_HAL_Driver/Src/stm32g0xx_hal_tim_ex.c ****     /* Disable the Capture compare channel N */
 847:Drivers/STM32G0xx_HAL_Driver/Src/stm32g0xx_hal_tim_ex.c ****     TIM_CCxNChannelCmd(htim->Instance, Channel, TIM_CCxN_DISABLE);
 2251              		.loc 1 847 5
 2252 0076 7B68     		ldr	r3, [r7, #4]
 2253 0078 1B68     		ldr	r3, [r3]
 2254 007a 3968     		ldr	r1, [r7]
 2255 007c 0022     		movs	r2, #0
 2256 007e 1800     		movs	r0, r3
 2257 0080 FFF7FEFF 		bl	TIM_CCxNChannelCmd
 848:Drivers/STM32G0xx_HAL_Driver/Src/stm32g0xx_hal_tim_ex.c **** 
 849:Drivers/STM32G0xx_HAL_Driver/Src/stm32g0xx_hal_tim_ex.c ****     /* Disable the TIM Break interrupt (only if no more channel is active) */
 850:Drivers/STM32G0xx_HAL_Driver/Src/stm32g0xx_hal_tim_ex.c ****     tmpccer = htim->Instance->CCER;
 2258              		.loc 1 850 19
 2259 0084 7B68     		ldr	r3, [r7, #4]
 2260 0086 1B68     		ldr	r3, [r3]
 2261              		.loc 1 850 13
 2262 0088 1B6A     		ldr	r3, [r3, #32]
 2263 008a BB60     		str	r3, [r7, #8]
 851:Drivers/STM32G0xx_HAL_Driver/Src/stm32g0xx_hal_tim_ex.c ****     if ((tmpccer & TIM_CCER_CCxNE_MASK) == (uint32_t)RESET)
 2264              		.loc 1 851 18
 2265 008c BB68     		ldr	r3, [r7, #8]
 2266 008e 2B4A     		ldr	r2, .L146
 2267 0090 1340     		ands	r3, r2
 2268              		.loc 1 851 8
 2269 0092 07D1     		bne	.L137
 852:Drivers/STM32G0xx_HAL_Driver/Src/stm32g0xx_hal_tim_ex.c ****     {
 853:Drivers/STM32G0xx_HAL_Driver/Src/stm32g0xx_hal_tim_ex.c ****       __HAL_TIM_DISABLE_IT(htim, TIM_IT_BREAK);
 2270              		.loc 1 853 7
 2271 0094 7B68     		ldr	r3, [r7, #4]
 2272 0096 1B68     		ldr	r3, [r3]
 2273 0098 DA68     		ldr	r2, [r3, #12]
 2274 009a 7B68     		ldr	r3, [r7, #4]
 2275 009c 1B68     		ldr	r3, [r3]
 2276 009e 8021     		movs	r1, #128
 2277 00a0 8A43     		bics	r2, r1
 2278 00a2 DA60     		str	r2, [r3, #12]
 2279              	.L137:
 854:Drivers/STM32G0xx_HAL_Driver/Src/stm32g0xx_hal_tim_ex.c ****     }
 855:Drivers/STM32G0xx_HAL_Driver/Src/stm32g0xx_hal_tim_ex.c **** 
 856:Drivers/STM32G0xx_HAL_Driver/Src/stm32g0xx_hal_tim_ex.c ****     /* Disable the Main Output */
 857:Drivers/STM32G0xx_HAL_Driver/Src/stm32g0xx_hal_tim_ex.c ****     __HAL_TIM_MOE_DISABLE(htim);
 2280              		.loc 1 857 5
 2281 00a4 7B68     		ldr	r3, [r7, #4]
 2282 00a6 1B68     		ldr	r3, [r3]
 2283 00a8 1B6A     		ldr	r3, [r3, #32]
 2284 00aa 254A     		ldr	r2, .L146+4
 2285 00ac 1340     		ands	r3, r2
 2286 00ae 0DD1     		bne	.L138
 2287              		.loc 1 857 5 is_stmt 0 discriminator 1
 2288 00b0 7B68     		ldr	r3, [r7, #4]
 2289 00b2 1B68     		ldr	r3, [r3]
 2290 00b4 1B6A     		ldr	r3, [r3, #32]
 2291 00b6 214A     		ldr	r2, .L146
 2292 00b8 1340     		ands	r3, r2
 2293 00ba 07D1     		bne	.L138
 2294              		.loc 1 857 5 discriminator 2
ARM GAS  C:\Users\a_hae\AppData\Local\Temp\ccujrzwF.s 			page 56


 2295 00bc 7B68     		ldr	r3, [r7, #4]
 2296 00be 1B68     		ldr	r3, [r3]
 2297 00c0 5A6C     		ldr	r2, [r3, #68]
 2298 00c2 7B68     		ldr	r3, [r7, #4]
 2299 00c4 1B68     		ldr	r3, [r3]
 2300 00c6 1F49     		ldr	r1, .L146+8
 2301 00c8 0A40     		ands	r2, r1
 2302 00ca 5A64     		str	r2, [r3, #68]
 2303              	.L138:
 858:Drivers/STM32G0xx_HAL_Driver/Src/stm32g0xx_hal_tim_ex.c **** 
 859:Drivers/STM32G0xx_HAL_Driver/Src/stm32g0xx_hal_tim_ex.c ****     /* Disable the Peripheral */
 860:Drivers/STM32G0xx_HAL_Driver/Src/stm32g0xx_hal_tim_ex.c ****     __HAL_TIM_DISABLE(htim);
 2304              		.loc 1 860 5 is_stmt 1
 2305 00cc 7B68     		ldr	r3, [r7, #4]
 2306 00ce 1B68     		ldr	r3, [r3]
 2307 00d0 1B6A     		ldr	r3, [r3, #32]
 2308 00d2 1B4A     		ldr	r2, .L146+4
 2309 00d4 1340     		ands	r3, r2
 2310 00d6 0DD1     		bne	.L139
 2311              		.loc 1 860 5 is_stmt 0 discriminator 1
 2312 00d8 7B68     		ldr	r3, [r7, #4]
 2313 00da 1B68     		ldr	r3, [r3]
 2314 00dc 1B6A     		ldr	r3, [r3, #32]
 2315 00de 174A     		ldr	r2, .L146
 2316 00e0 1340     		ands	r3, r2
 2317 00e2 07D1     		bne	.L139
 2318              		.loc 1 860 5 discriminator 2
 2319 00e4 7B68     		ldr	r3, [r7, #4]
 2320 00e6 1B68     		ldr	r3, [r3]
 2321 00e8 1A68     		ldr	r2, [r3]
 2322 00ea 7B68     		ldr	r3, [r7, #4]
 2323 00ec 1B68     		ldr	r3, [r3]
 2324 00ee 0121     		movs	r1, #1
 2325 00f0 8A43     		bics	r2, r1
 2326 00f2 1A60     		str	r2, [r3]
 2327              	.L139:
 861:Drivers/STM32G0xx_HAL_Driver/Src/stm32g0xx_hal_tim_ex.c **** 
 862:Drivers/STM32G0xx_HAL_Driver/Src/stm32g0xx_hal_tim_ex.c ****     /* Set the TIM complementary channel state */
 863:Drivers/STM32G0xx_HAL_Driver/Src/stm32g0xx_hal_tim_ex.c ****     TIM_CHANNEL_N_STATE_SET(htim, Channel, HAL_TIM_CHANNEL_STATE_READY);
 2328              		.loc 1 863 5 is_stmt 1
 2329 00f4 3B68     		ldr	r3, [r7]
 2330 00f6 002B     		cmp	r3, #0
 2331 00f8 04D1     		bne	.L140
 2332              		.loc 1 863 5 is_stmt 0 discriminator 1
 2333 00fa 7B68     		ldr	r3, [r7, #4]
 2334 00fc 4422     		movs	r2, #68
 2335 00fe 0121     		movs	r1, #1
 2336 0100 9954     		strb	r1, [r3, r2]
 2337 0102 13E0     		b	.L136
 2338              	.L140:
 2339              		.loc 1 863 5 discriminator 2
 2340 0104 3B68     		ldr	r3, [r7]
 2341 0106 042B     		cmp	r3, #4
 2342 0108 04D1     		bne	.L141
 2343              		.loc 1 863 5 discriminator 3
 2344 010a 7B68     		ldr	r3, [r7, #4]
 2345 010c 4522     		movs	r2, #69
ARM GAS  C:\Users\a_hae\AppData\Local\Temp\ccujrzwF.s 			page 57


 2346 010e 0121     		movs	r1, #1
 2347 0110 9954     		strb	r1, [r3, r2]
 2348 0112 0BE0     		b	.L136
 2349              	.L141:
 2350              		.loc 1 863 5 discriminator 4
 2351 0114 3B68     		ldr	r3, [r7]
 2352 0116 082B     		cmp	r3, #8
 2353 0118 04D1     		bne	.L143
 2354              		.loc 1 863 5 discriminator 6
 2355 011a 7B68     		ldr	r3, [r7, #4]
 2356 011c 4622     		movs	r2, #70
 2357 011e 0121     		movs	r1, #1
 2358 0120 9954     		strb	r1, [r3, r2]
 2359 0122 03E0     		b	.L136
 2360              	.L143:
 2361              		.loc 1 863 5 discriminator 7
 2362 0124 7B68     		ldr	r3, [r7, #4]
 2363 0126 4722     		movs	r2, #71
 2364 0128 0121     		movs	r1, #1
 2365 012a 9954     		strb	r1, [r3, r2]
 2366              	.L136:
 864:Drivers/STM32G0xx_HAL_Driver/Src/stm32g0xx_hal_tim_ex.c ****   }
 865:Drivers/STM32G0xx_HAL_Driver/Src/stm32g0xx_hal_tim_ex.c **** 
 866:Drivers/STM32G0xx_HAL_Driver/Src/stm32g0xx_hal_tim_ex.c ****   /* Return function status */
 867:Drivers/STM32G0xx_HAL_Driver/Src/stm32g0xx_hal_tim_ex.c ****   return status;
 2367              		.loc 1 867 10 is_stmt 1
 2368 012c 0F23     		movs	r3, #15
 2369 012e FB18     		adds	r3, r7, r3
 2370 0130 1B78     		ldrb	r3, [r3]
 868:Drivers/STM32G0xx_HAL_Driver/Src/stm32g0xx_hal_tim_ex.c **** }
 2371              		.loc 1 868 1
 2372 0132 1800     		movs	r0, r3
 2373 0134 BD46     		mov	sp, r7
 2374 0136 04B0     		add	sp, sp, #16
 2375              		@ sp needed
 2376 0138 80BD     		pop	{r7, pc}
 2377              	.L147:
 2378 013a C046     		.align	2
 2379              	.L146:
 2380 013c 44040000 		.word	1092
 2381 0140 11110000 		.word	4369
 2382 0144 FF7FFFFF 		.word	-32769
 2383              		.cfi_endproc
 2384              	.LFE376:
 2386              		.section	.text.HAL_TIMEx_OCN_Start_DMA,"ax",%progbits
 2387              		.align	1
 2388              		.global	HAL_TIMEx_OCN_Start_DMA
 2389              		.syntax unified
 2390              		.code	16
 2391              		.thumb_func
 2393              	HAL_TIMEx_OCN_Start_DMA:
 2394              	.LFB377:
 869:Drivers/STM32G0xx_HAL_Driver/Src/stm32g0xx_hal_tim_ex.c **** 
 870:Drivers/STM32G0xx_HAL_Driver/Src/stm32g0xx_hal_tim_ex.c **** /**
 871:Drivers/STM32G0xx_HAL_Driver/Src/stm32g0xx_hal_tim_ex.c ****   * @brief  Starts the TIM Output Compare signal generation in DMA mode
 872:Drivers/STM32G0xx_HAL_Driver/Src/stm32g0xx_hal_tim_ex.c ****   *         on the complementary output.
 873:Drivers/STM32G0xx_HAL_Driver/Src/stm32g0xx_hal_tim_ex.c ****   * @param  htim TIM Output Compare handle
ARM GAS  C:\Users\a_hae\AppData\Local\Temp\ccujrzwF.s 			page 58


 874:Drivers/STM32G0xx_HAL_Driver/Src/stm32g0xx_hal_tim_ex.c ****   * @param  Channel TIM Channel to be enabled
 875:Drivers/STM32G0xx_HAL_Driver/Src/stm32g0xx_hal_tim_ex.c ****   *          This parameter can be one of the following values:
 876:Drivers/STM32G0xx_HAL_Driver/Src/stm32g0xx_hal_tim_ex.c ****   *            @arg TIM_CHANNEL_1: TIM Channel 1 selected
 877:Drivers/STM32G0xx_HAL_Driver/Src/stm32g0xx_hal_tim_ex.c ****   *            @arg TIM_CHANNEL_2: TIM Channel 2 selected
 878:Drivers/STM32G0xx_HAL_Driver/Src/stm32g0xx_hal_tim_ex.c ****   *            @arg TIM_CHANNEL_3: TIM Channel 3 selected
 879:Drivers/STM32G0xx_HAL_Driver/Src/stm32g0xx_hal_tim_ex.c ****   * @param  pData The source Buffer address.
 880:Drivers/STM32G0xx_HAL_Driver/Src/stm32g0xx_hal_tim_ex.c ****   * @param  Length The length of data to be transferred from memory to TIM peripheral
 881:Drivers/STM32G0xx_HAL_Driver/Src/stm32g0xx_hal_tim_ex.c ****   * @retval HAL status
 882:Drivers/STM32G0xx_HAL_Driver/Src/stm32g0xx_hal_tim_ex.c ****   */
 883:Drivers/STM32G0xx_HAL_Driver/Src/stm32g0xx_hal_tim_ex.c **** HAL_StatusTypeDef HAL_TIMEx_OCN_Start_DMA(TIM_HandleTypeDef *htim, uint32_t Channel, const uint32_t
 884:Drivers/STM32G0xx_HAL_Driver/Src/stm32g0xx_hal_tim_ex.c ****                                           uint16_t Length)
 885:Drivers/STM32G0xx_HAL_Driver/Src/stm32g0xx_hal_tim_ex.c **** {
 2395              		.loc 1 885 1
 2396              		.cfi_startproc
 2397              		@ args = 0, pretend = 0, frame = 24
 2398              		@ frame_needed = 1, uses_anonymous_args = 0
 2399 0000 80B5     		push	{r7, lr}
 2400              	.LCFI42:
 2401              		.cfi_def_cfa_offset 8
 2402              		.cfi_offset 7, -8
 2403              		.cfi_offset 14, -4
 2404 0002 86B0     		sub	sp, sp, #24
 2405              	.LCFI43:
 2406              		.cfi_def_cfa_offset 32
 2407 0004 00AF     		add	r7, sp, #0
 2408              	.LCFI44:
 2409              		.cfi_def_cfa_register 7
 2410 0006 F860     		str	r0, [r7, #12]
 2411 0008 B960     		str	r1, [r7, #8]
 2412 000a 7A60     		str	r2, [r7, #4]
 2413 000c 1A00     		movs	r2, r3
 2414 000e BB1C     		adds	r3, r7, #2
 2415 0010 1A80     		strh	r2, [r3]
 886:Drivers/STM32G0xx_HAL_Driver/Src/stm32g0xx_hal_tim_ex.c ****   HAL_StatusTypeDef status = HAL_OK;
 2416              		.loc 1 886 21
 2417 0012 1723     		movs	r3, #23
 2418 0014 FB18     		adds	r3, r7, r3
 2419 0016 0022     		movs	r2, #0
 2420 0018 1A70     		strb	r2, [r3]
 887:Drivers/STM32G0xx_HAL_Driver/Src/stm32g0xx_hal_tim_ex.c ****   uint32_t tmpsmcr;
 888:Drivers/STM32G0xx_HAL_Driver/Src/stm32g0xx_hal_tim_ex.c **** 
 889:Drivers/STM32G0xx_HAL_Driver/Src/stm32g0xx_hal_tim_ex.c ****   /* Check the parameters */
 890:Drivers/STM32G0xx_HAL_Driver/Src/stm32g0xx_hal_tim_ex.c ****   assert_param(IS_TIM_CCXN_INSTANCE(htim->Instance, Channel));
 891:Drivers/STM32G0xx_HAL_Driver/Src/stm32g0xx_hal_tim_ex.c **** 
 892:Drivers/STM32G0xx_HAL_Driver/Src/stm32g0xx_hal_tim_ex.c ****   /* Set the TIM complementary channel state */
 893:Drivers/STM32G0xx_HAL_Driver/Src/stm32g0xx_hal_tim_ex.c ****   if (TIM_CHANNEL_N_STATE_GET(htim, Channel) == HAL_TIM_CHANNEL_STATE_BUSY)
 2421              		.loc 1 893 46
 2422 001a BB68     		ldr	r3, [r7, #8]
 2423 001c 002B     		cmp	r3, #0
 2424 001e 08D1     		bne	.L149
 2425              		.loc 1 893 7 discriminator 1
 2426 0020 FB68     		ldr	r3, [r7, #12]
 2427 0022 4422     		movs	r2, #68
 2428 0024 9B5C     		ldrb	r3, [r3, r2]
 2429 0026 DBB2     		uxtb	r3, r3
 2430              		.loc 1 893 46 discriminator 1
 2431 0028 023B     		subs	r3, r3, #2
ARM GAS  C:\Users\a_hae\AppData\Local\Temp\ccujrzwF.s 			page 59


 2432 002a 5A42     		rsbs	r2, r3, #0
 2433 002c 5341     		adcs	r3, r3, r2
 2434 002e DBB2     		uxtb	r3, r3
 2435 0030 1FE0     		b	.L150
 2436              	.L149:
 2437              		.loc 1 893 46 is_stmt 0 discriminator 2
 2438 0032 BB68     		ldr	r3, [r7, #8]
 2439 0034 042B     		cmp	r3, #4
 2440 0036 08D1     		bne	.L151
 2441              		.loc 1 893 7 is_stmt 1 discriminator 4
 2442 0038 FB68     		ldr	r3, [r7, #12]
 2443 003a 4522     		movs	r2, #69
 2444 003c 9B5C     		ldrb	r3, [r3, r2]
 2445 003e DBB2     		uxtb	r3, r3
 2446              		.loc 1 893 46 discriminator 4
 2447 0040 023B     		subs	r3, r3, #2
 2448 0042 5A42     		rsbs	r2, r3, #0
 2449 0044 5341     		adcs	r3, r3, r2
 2450 0046 DBB2     		uxtb	r3, r3
 2451 0048 13E0     		b	.L150
 2452              	.L151:
 2453              		.loc 1 893 46 is_stmt 0 discriminator 5
 2454 004a BB68     		ldr	r3, [r7, #8]
 2455 004c 082B     		cmp	r3, #8
 2456 004e 08D1     		bne	.L153
 2457              		.loc 1 893 7 is_stmt 1 discriminator 7
 2458 0050 FB68     		ldr	r3, [r7, #12]
 2459 0052 4622     		movs	r2, #70
 2460 0054 9B5C     		ldrb	r3, [r3, r2]
 2461 0056 DBB2     		uxtb	r3, r3
 2462              		.loc 1 893 46 discriminator 7
 2463 0058 023B     		subs	r3, r3, #2
 2464 005a 5A42     		rsbs	r2, r3, #0
 2465 005c 5341     		adcs	r3, r3, r2
 2466 005e DBB2     		uxtb	r3, r3
 2467 0060 07E0     		b	.L150
 2468              	.L153:
 2469              		.loc 1 893 7 discriminator 8
 2470 0062 FB68     		ldr	r3, [r7, #12]
 2471 0064 4722     		movs	r2, #71
 2472 0066 9B5C     		ldrb	r3, [r3, r2]
 2473 0068 DBB2     		uxtb	r3, r3
 2474              		.loc 1 893 46 discriminator 8
 2475 006a 023B     		subs	r3, r3, #2
 2476 006c 5A42     		rsbs	r2, r3, #0
 2477 006e 5341     		adcs	r3, r3, r2
 2478 0070 DBB2     		uxtb	r3, r3
 2479              	.L150:
 2480              		.loc 1 893 6 discriminator 12
 2481 0072 002B     		cmp	r3, #0
 2482 0074 01D0     		beq	.L155
 894:Drivers/STM32G0xx_HAL_Driver/Src/stm32g0xx_hal_tim_ex.c ****   {
 895:Drivers/STM32G0xx_HAL_Driver/Src/stm32g0xx_hal_tim_ex.c ****     return HAL_BUSY;
 2483              		.loc 1 895 12
 2484 0076 0223     		movs	r3, #2
 2485 0078 2AE1     		b	.L156
 2486              	.L155:
ARM GAS  C:\Users\a_hae\AppData\Local\Temp\ccujrzwF.s 			page 60


 896:Drivers/STM32G0xx_HAL_Driver/Src/stm32g0xx_hal_tim_ex.c ****   }
 897:Drivers/STM32G0xx_HAL_Driver/Src/stm32g0xx_hal_tim_ex.c ****   else if (TIM_CHANNEL_N_STATE_GET(htim, Channel) == HAL_TIM_CHANNEL_STATE_READY)
 2487              		.loc 1 897 51
 2488 007a BB68     		ldr	r3, [r7, #8]
 2489 007c 002B     		cmp	r3, #0
 2490 007e 08D1     		bne	.L157
 2491              		.loc 1 897 12 discriminator 1
 2492 0080 FB68     		ldr	r3, [r7, #12]
 2493 0082 4422     		movs	r2, #68
 2494 0084 9B5C     		ldrb	r3, [r3, r2]
 2495 0086 DBB2     		uxtb	r3, r3
 2496              		.loc 1 897 51 discriminator 1
 2497 0088 013B     		subs	r3, r3, #1
 2498 008a 5A42     		rsbs	r2, r3, #0
 2499 008c 5341     		adcs	r3, r3, r2
 2500 008e DBB2     		uxtb	r3, r3
 2501 0090 1FE0     		b	.L158
 2502              	.L157:
 2503              		.loc 1 897 51 is_stmt 0 discriminator 2
 2504 0092 BB68     		ldr	r3, [r7, #8]
 2505 0094 042B     		cmp	r3, #4
 2506 0096 08D1     		bne	.L159
 2507              		.loc 1 897 12 is_stmt 1 discriminator 4
 2508 0098 FB68     		ldr	r3, [r7, #12]
 2509 009a 4522     		movs	r2, #69
 2510 009c 9B5C     		ldrb	r3, [r3, r2]
 2511 009e DBB2     		uxtb	r3, r3
 2512              		.loc 1 897 51 discriminator 4
 2513 00a0 013B     		subs	r3, r3, #1
 2514 00a2 5A42     		rsbs	r2, r3, #0
 2515 00a4 5341     		adcs	r3, r3, r2
 2516 00a6 DBB2     		uxtb	r3, r3
 2517 00a8 13E0     		b	.L158
 2518              	.L159:
 2519              		.loc 1 897 51 is_stmt 0 discriminator 5
 2520 00aa BB68     		ldr	r3, [r7, #8]
 2521 00ac 082B     		cmp	r3, #8
 2522 00ae 08D1     		bne	.L161
 2523              		.loc 1 897 12 is_stmt 1 discriminator 7
 2524 00b0 FB68     		ldr	r3, [r7, #12]
 2525 00b2 4622     		movs	r2, #70
 2526 00b4 9B5C     		ldrb	r3, [r3, r2]
 2527 00b6 DBB2     		uxtb	r3, r3
 2528              		.loc 1 897 51 discriminator 7
 2529 00b8 013B     		subs	r3, r3, #1
 2530 00ba 5A42     		rsbs	r2, r3, #0
 2531 00bc 5341     		adcs	r3, r3, r2
 2532 00be DBB2     		uxtb	r3, r3
 2533 00c0 07E0     		b	.L158
 2534              	.L161:
 2535              		.loc 1 897 12 discriminator 8
 2536 00c2 FB68     		ldr	r3, [r7, #12]
 2537 00c4 4722     		movs	r2, #71
 2538 00c6 9B5C     		ldrb	r3, [r3, r2]
 2539 00c8 DBB2     		uxtb	r3, r3
 2540              		.loc 1 897 51 discriminator 8
 2541 00ca 013B     		subs	r3, r3, #1
ARM GAS  C:\Users\a_hae\AppData\Local\Temp\ccujrzwF.s 			page 61


 2542 00cc 5A42     		rsbs	r2, r3, #0
 2543 00ce 5341     		adcs	r3, r3, r2
 2544 00d0 DBB2     		uxtb	r3, r3
 2545              	.L158:
 2546              		.loc 1 897 11 discriminator 12
 2547 00d2 002B     		cmp	r3, #0
 2548 00d4 25D0     		beq	.L163
 898:Drivers/STM32G0xx_HAL_Driver/Src/stm32g0xx_hal_tim_ex.c ****   {
 899:Drivers/STM32G0xx_HAL_Driver/Src/stm32g0xx_hal_tim_ex.c ****     if ((pData == NULL) || (Length == 0U))
 2549              		.loc 1 899 8
 2550 00d6 7B68     		ldr	r3, [r7, #4]
 2551 00d8 002B     		cmp	r3, #0
 2552 00da 03D0     		beq	.L164
 2553              		.loc 1 899 25 discriminator 1
 2554 00dc BB1C     		adds	r3, r7, #2
 2555 00de 1B88     		ldrh	r3, [r3]
 2556 00e0 002B     		cmp	r3, #0
 2557 00e2 01D1     		bne	.L165
 2558              	.L164:
 900:Drivers/STM32G0xx_HAL_Driver/Src/stm32g0xx_hal_tim_ex.c ****     {
 901:Drivers/STM32G0xx_HAL_Driver/Src/stm32g0xx_hal_tim_ex.c ****       return HAL_ERROR;
 2559              		.loc 1 901 14
 2560 00e4 0123     		movs	r3, #1
 2561 00e6 F3E0     		b	.L156
 2562              	.L165:
 902:Drivers/STM32G0xx_HAL_Driver/Src/stm32g0xx_hal_tim_ex.c ****     }
 903:Drivers/STM32G0xx_HAL_Driver/Src/stm32g0xx_hal_tim_ex.c ****     else
 904:Drivers/STM32G0xx_HAL_Driver/Src/stm32g0xx_hal_tim_ex.c ****     {
 905:Drivers/STM32G0xx_HAL_Driver/Src/stm32g0xx_hal_tim_ex.c ****       TIM_CHANNEL_N_STATE_SET(htim, Channel, HAL_TIM_CHANNEL_STATE_BUSY);
 2563              		.loc 1 905 7
 2564 00e8 BB68     		ldr	r3, [r7, #8]
 2565 00ea 002B     		cmp	r3, #0
 2566 00ec 04D1     		bne	.L166
 2567              		.loc 1 905 7 is_stmt 0 discriminator 1
 2568 00ee FB68     		ldr	r3, [r7, #12]
 2569 00f0 4422     		movs	r2, #68
 2570 00f2 0221     		movs	r1, #2
 2571 00f4 9954     		strb	r1, [r3, r2]
 2572 00f6 16E0     		b	.L167
 2573              	.L166:
 2574              		.loc 1 905 7 discriminator 2
 2575 00f8 BB68     		ldr	r3, [r7, #8]
 2576 00fa 042B     		cmp	r3, #4
 2577 00fc 04D1     		bne	.L168
 2578              		.loc 1 905 7 discriminator 3
 2579 00fe FB68     		ldr	r3, [r7, #12]
 2580 0100 4522     		movs	r2, #69
 2581 0102 0221     		movs	r1, #2
 2582 0104 9954     		strb	r1, [r3, r2]
 2583              		.loc 1 905 7 discriminator 10
 2584 0106 0EE0     		b	.L167
 2585              	.L168:
 2586              		.loc 1 905 7 discriminator 4
 2587 0108 BB68     		ldr	r3, [r7, #8]
 2588 010a 082B     		cmp	r3, #8
 2589 010c 04D1     		bne	.L170
 2590              		.loc 1 905 7 discriminator 6
ARM GAS  C:\Users\a_hae\AppData\Local\Temp\ccujrzwF.s 			page 62


 2591 010e FB68     		ldr	r3, [r7, #12]
 2592 0110 4622     		movs	r2, #70
 2593 0112 0221     		movs	r1, #2
 2594 0114 9954     		strb	r1, [r3, r2]
 2595              		.loc 1 905 7 discriminator 10
 2596 0116 06E0     		b	.L167
 2597              	.L170:
 2598              		.loc 1 905 7 discriminator 7
 2599 0118 FB68     		ldr	r3, [r7, #12]
 2600 011a 4722     		movs	r2, #71
 2601 011c 0221     		movs	r1, #2
 2602 011e 9954     		strb	r1, [r3, r2]
 2603 0120 01E0     		b	.L167
 2604              	.L163:
 906:Drivers/STM32G0xx_HAL_Driver/Src/stm32g0xx_hal_tim_ex.c ****     }
 907:Drivers/STM32G0xx_HAL_Driver/Src/stm32g0xx_hal_tim_ex.c ****   }
 908:Drivers/STM32G0xx_HAL_Driver/Src/stm32g0xx_hal_tim_ex.c ****   else
 909:Drivers/STM32G0xx_HAL_Driver/Src/stm32g0xx_hal_tim_ex.c ****   {
 910:Drivers/STM32G0xx_HAL_Driver/Src/stm32g0xx_hal_tim_ex.c ****     return HAL_ERROR;
 2605              		.loc 1 910 12 is_stmt 1
 2606 0122 0123     		movs	r3, #1
 2607 0124 D4E0     		b	.L156
 2608              	.L167:
 911:Drivers/STM32G0xx_HAL_Driver/Src/stm32g0xx_hal_tim_ex.c ****   }
 912:Drivers/STM32G0xx_HAL_Driver/Src/stm32g0xx_hal_tim_ex.c **** 
 913:Drivers/STM32G0xx_HAL_Driver/Src/stm32g0xx_hal_tim_ex.c ****   switch (Channel)
 2609              		.loc 1 913 3
 2610 0126 BB68     		ldr	r3, [r7, #8]
 2611 0128 082B     		cmp	r3, #8
 2612 012a 54D0     		beq	.L172
 2613 012c BB68     		ldr	r3, [r7, #8]
 2614 012e 082B     		cmp	r3, #8
 2615 0130 00D9     		bls	.LCB2296
 2616 0132 75E0     		b	.L173	@long jump
 2617              	.LCB2296:
 2618 0134 BB68     		ldr	r3, [r7, #8]
 2619 0136 002B     		cmp	r3, #0
 2620 0138 03D0     		beq	.L174
 2621 013a BB68     		ldr	r3, [r7, #8]
 2622 013c 042B     		cmp	r3, #4
 2623 013e 25D0     		beq	.L175
 2624 0140 6EE0     		b	.L173
 2625              	.L174:
 914:Drivers/STM32G0xx_HAL_Driver/Src/stm32g0xx_hal_tim_ex.c ****   {
 915:Drivers/STM32G0xx_HAL_Driver/Src/stm32g0xx_hal_tim_ex.c ****     case TIM_CHANNEL_1:
 916:Drivers/STM32G0xx_HAL_Driver/Src/stm32g0xx_hal_tim_ex.c ****     {
 917:Drivers/STM32G0xx_HAL_Driver/Src/stm32g0xx_hal_tim_ex.c ****       /* Set the DMA compare callbacks */
 918:Drivers/STM32G0xx_HAL_Driver/Src/stm32g0xx_hal_tim_ex.c ****       htim->hdma[TIM_DMA_ID_CC1]->XferCpltCallback = TIM_DMADelayPulseNCplt;
 2626              		.loc 1 918 17
 2627 0142 FB68     		ldr	r3, [r7, #12]
 2628 0144 5B6A     		ldr	r3, [r3, #36]
 2629              		.loc 1 918 52
 2630 0146 644A     		ldr	r2, .L185
 2631 0148 DA62     		str	r2, [r3, #44]
 919:Drivers/STM32G0xx_HAL_Driver/Src/stm32g0xx_hal_tim_ex.c ****       htim->hdma[TIM_DMA_ID_CC1]->XferHalfCpltCallback = TIM_DMADelayPulseHalfCplt;
 2632              		.loc 1 919 17
 2633 014a FB68     		ldr	r3, [r7, #12]
ARM GAS  C:\Users\a_hae\AppData\Local\Temp\ccujrzwF.s 			page 63


 2634 014c 5B6A     		ldr	r3, [r3, #36]
 2635              		.loc 1 919 56
 2636 014e 634A     		ldr	r2, .L185+4
 2637 0150 1A63     		str	r2, [r3, #48]
 920:Drivers/STM32G0xx_HAL_Driver/Src/stm32g0xx_hal_tim_ex.c **** 
 921:Drivers/STM32G0xx_HAL_Driver/Src/stm32g0xx_hal_tim_ex.c ****       /* Set the DMA error callback */
 922:Drivers/STM32G0xx_HAL_Driver/Src/stm32g0xx_hal_tim_ex.c ****       htim->hdma[TIM_DMA_ID_CC1]->XferErrorCallback = TIM_DMAErrorCCxN ;
 2638              		.loc 1 922 17
 2639 0152 FB68     		ldr	r3, [r7, #12]
 2640 0154 5B6A     		ldr	r3, [r3, #36]
 2641              		.loc 1 922 53
 2642 0156 624A     		ldr	r2, .L185+8
 2643 0158 5A63     		str	r2, [r3, #52]
 923:Drivers/STM32G0xx_HAL_Driver/Src/stm32g0xx_hal_tim_ex.c **** 
 924:Drivers/STM32G0xx_HAL_Driver/Src/stm32g0xx_hal_tim_ex.c ****       /* Enable the DMA channel */
 925:Drivers/STM32G0xx_HAL_Driver/Src/stm32g0xx_hal_tim_ex.c ****       if (HAL_DMA_Start_IT(htim->hdma[TIM_DMA_ID_CC1], (uint32_t)pData, (uint32_t)&htim->Instance->
 2644              		.loc 1 925 11
 2645 015a FB68     		ldr	r3, [r7, #12]
 2646 015c 586A     		ldr	r0, [r3, #36]
 2647 015e 7968     		ldr	r1, [r7, #4]
 2648              		.loc 1 925 88
 2649 0160 FB68     		ldr	r3, [r7, #12]
 2650 0162 1B68     		ldr	r3, [r3]
 2651              		.loc 1 925 83
 2652 0164 3433     		adds	r3, r3, #52
 2653              		.loc 1 925 11
 2654 0166 1A00     		movs	r2, r3
 2655 0168 BB1C     		adds	r3, r7, #2
 2656 016a 1B88     		ldrh	r3, [r3]
 2657 016c FFF7FEFF 		bl	HAL_DMA_Start_IT
 2658 0170 031E     		subs	r3, r0, #0
 2659              		.loc 1 925 10 discriminator 1
 2660 0172 01D0     		beq	.L176
 926:Drivers/STM32G0xx_HAL_Driver/Src/stm32g0xx_hal_tim_ex.c ****                            Length) != HAL_OK)
 927:Drivers/STM32G0xx_HAL_Driver/Src/stm32g0xx_hal_tim_ex.c ****       {
 928:Drivers/STM32G0xx_HAL_Driver/Src/stm32g0xx_hal_tim_ex.c ****         /* Return error status */
 929:Drivers/STM32G0xx_HAL_Driver/Src/stm32g0xx_hal_tim_ex.c ****         return HAL_ERROR;
 2661              		.loc 1 929 16
 2662 0174 0123     		movs	r3, #1
 2663 0176 ABE0     		b	.L156
 2664              	.L176:
 930:Drivers/STM32G0xx_HAL_Driver/Src/stm32g0xx_hal_tim_ex.c ****       }
 931:Drivers/STM32G0xx_HAL_Driver/Src/stm32g0xx_hal_tim_ex.c ****       /* Enable the TIM Output Compare DMA request */
 932:Drivers/STM32G0xx_HAL_Driver/Src/stm32g0xx_hal_tim_ex.c ****       __HAL_TIM_ENABLE_DMA(htim, TIM_DMA_CC1);
 2665              		.loc 1 932 7
 2666 0178 FB68     		ldr	r3, [r7, #12]
 2667 017a 1B68     		ldr	r3, [r3]
 2668 017c DA68     		ldr	r2, [r3, #12]
 2669 017e FB68     		ldr	r3, [r7, #12]
 2670 0180 1B68     		ldr	r3, [r3]
 2671 0182 8021     		movs	r1, #128
 2672 0184 8900     		lsls	r1, r1, #2
 2673 0186 0A43     		orrs	r2, r1
 2674 0188 DA60     		str	r2, [r3, #12]
 933:Drivers/STM32G0xx_HAL_Driver/Src/stm32g0xx_hal_tim_ex.c ****       break;
 2675              		.loc 1 933 7
 2676 018a 4EE0     		b	.L177
ARM GAS  C:\Users\a_hae\AppData\Local\Temp\ccujrzwF.s 			page 64


 2677              	.L175:
 934:Drivers/STM32G0xx_HAL_Driver/Src/stm32g0xx_hal_tim_ex.c ****     }
 935:Drivers/STM32G0xx_HAL_Driver/Src/stm32g0xx_hal_tim_ex.c **** 
 936:Drivers/STM32G0xx_HAL_Driver/Src/stm32g0xx_hal_tim_ex.c ****     case TIM_CHANNEL_2:
 937:Drivers/STM32G0xx_HAL_Driver/Src/stm32g0xx_hal_tim_ex.c ****     {
 938:Drivers/STM32G0xx_HAL_Driver/Src/stm32g0xx_hal_tim_ex.c ****       /* Set the DMA compare callbacks */
 939:Drivers/STM32G0xx_HAL_Driver/Src/stm32g0xx_hal_tim_ex.c ****       htim->hdma[TIM_DMA_ID_CC2]->XferCpltCallback = TIM_DMADelayPulseNCplt;
 2678              		.loc 1 939 17
 2679 018c FB68     		ldr	r3, [r7, #12]
 2680 018e 9B6A     		ldr	r3, [r3, #40]
 2681              		.loc 1 939 52
 2682 0190 514A     		ldr	r2, .L185
 2683 0192 DA62     		str	r2, [r3, #44]
 940:Drivers/STM32G0xx_HAL_Driver/Src/stm32g0xx_hal_tim_ex.c ****       htim->hdma[TIM_DMA_ID_CC2]->XferHalfCpltCallback = TIM_DMADelayPulseHalfCplt;
 2684              		.loc 1 940 17
 2685 0194 FB68     		ldr	r3, [r7, #12]
 2686 0196 9B6A     		ldr	r3, [r3, #40]
 2687              		.loc 1 940 56
 2688 0198 504A     		ldr	r2, .L185+4
 2689 019a 1A63     		str	r2, [r3, #48]
 941:Drivers/STM32G0xx_HAL_Driver/Src/stm32g0xx_hal_tim_ex.c **** 
 942:Drivers/STM32G0xx_HAL_Driver/Src/stm32g0xx_hal_tim_ex.c ****       /* Set the DMA error callback */
 943:Drivers/STM32G0xx_HAL_Driver/Src/stm32g0xx_hal_tim_ex.c ****       htim->hdma[TIM_DMA_ID_CC2]->XferErrorCallback = TIM_DMAErrorCCxN ;
 2690              		.loc 1 943 17
 2691 019c FB68     		ldr	r3, [r7, #12]
 2692 019e 9B6A     		ldr	r3, [r3, #40]
 2693              		.loc 1 943 53
 2694 01a0 4F4A     		ldr	r2, .L185+8
 2695 01a2 5A63     		str	r2, [r3, #52]
 944:Drivers/STM32G0xx_HAL_Driver/Src/stm32g0xx_hal_tim_ex.c **** 
 945:Drivers/STM32G0xx_HAL_Driver/Src/stm32g0xx_hal_tim_ex.c ****       /* Enable the DMA channel */
 946:Drivers/STM32G0xx_HAL_Driver/Src/stm32g0xx_hal_tim_ex.c ****       if (HAL_DMA_Start_IT(htim->hdma[TIM_DMA_ID_CC2], (uint32_t)pData, (uint32_t)&htim->Instance->
 2696              		.loc 1 946 11
 2697 01a4 FB68     		ldr	r3, [r7, #12]
 2698 01a6 986A     		ldr	r0, [r3, #40]
 2699 01a8 7968     		ldr	r1, [r7, #4]
 2700              		.loc 1 946 88
 2701 01aa FB68     		ldr	r3, [r7, #12]
 2702 01ac 1B68     		ldr	r3, [r3]
 2703              		.loc 1 946 83
 2704 01ae 3833     		adds	r3, r3, #56
 2705              		.loc 1 946 11
 2706 01b0 1A00     		movs	r2, r3
 2707 01b2 BB1C     		adds	r3, r7, #2
 2708 01b4 1B88     		ldrh	r3, [r3]
 2709 01b6 FFF7FEFF 		bl	HAL_DMA_Start_IT
 2710 01ba 031E     		subs	r3, r0, #0
 2711              		.loc 1 946 10 discriminator 1
 2712 01bc 01D0     		beq	.L178
 947:Drivers/STM32G0xx_HAL_Driver/Src/stm32g0xx_hal_tim_ex.c ****                            Length) != HAL_OK)
 948:Drivers/STM32G0xx_HAL_Driver/Src/stm32g0xx_hal_tim_ex.c ****       {
 949:Drivers/STM32G0xx_HAL_Driver/Src/stm32g0xx_hal_tim_ex.c ****         /* Return error status */
 950:Drivers/STM32G0xx_HAL_Driver/Src/stm32g0xx_hal_tim_ex.c ****         return HAL_ERROR;
 2713              		.loc 1 950 16
 2714 01be 0123     		movs	r3, #1
 2715 01c0 86E0     		b	.L156
 2716              	.L178:
ARM GAS  C:\Users\a_hae\AppData\Local\Temp\ccujrzwF.s 			page 65


 951:Drivers/STM32G0xx_HAL_Driver/Src/stm32g0xx_hal_tim_ex.c ****       }
 952:Drivers/STM32G0xx_HAL_Driver/Src/stm32g0xx_hal_tim_ex.c ****       /* Enable the TIM Output Compare DMA request */
 953:Drivers/STM32G0xx_HAL_Driver/Src/stm32g0xx_hal_tim_ex.c ****       __HAL_TIM_ENABLE_DMA(htim, TIM_DMA_CC2);
 2717              		.loc 1 953 7
 2718 01c2 FB68     		ldr	r3, [r7, #12]
 2719 01c4 1B68     		ldr	r3, [r3]
 2720 01c6 DA68     		ldr	r2, [r3, #12]
 2721 01c8 FB68     		ldr	r3, [r7, #12]
 2722 01ca 1B68     		ldr	r3, [r3]
 2723 01cc 8021     		movs	r1, #128
 2724 01ce C900     		lsls	r1, r1, #3
 2725 01d0 0A43     		orrs	r2, r1
 2726 01d2 DA60     		str	r2, [r3, #12]
 954:Drivers/STM32G0xx_HAL_Driver/Src/stm32g0xx_hal_tim_ex.c ****       break;
 2727              		.loc 1 954 7
 2728 01d4 29E0     		b	.L177
 2729              	.L172:
 955:Drivers/STM32G0xx_HAL_Driver/Src/stm32g0xx_hal_tim_ex.c ****     }
 956:Drivers/STM32G0xx_HAL_Driver/Src/stm32g0xx_hal_tim_ex.c **** 
 957:Drivers/STM32G0xx_HAL_Driver/Src/stm32g0xx_hal_tim_ex.c ****     case TIM_CHANNEL_3:
 958:Drivers/STM32G0xx_HAL_Driver/Src/stm32g0xx_hal_tim_ex.c ****     {
 959:Drivers/STM32G0xx_HAL_Driver/Src/stm32g0xx_hal_tim_ex.c ****       /* Set the DMA compare callbacks */
 960:Drivers/STM32G0xx_HAL_Driver/Src/stm32g0xx_hal_tim_ex.c ****       htim->hdma[TIM_DMA_ID_CC3]->XferCpltCallback = TIM_DMADelayPulseNCplt;
 2730              		.loc 1 960 17
 2731 01d6 FB68     		ldr	r3, [r7, #12]
 2732 01d8 DB6A     		ldr	r3, [r3, #44]
 2733              		.loc 1 960 52
 2734 01da 3F4A     		ldr	r2, .L185
 2735 01dc DA62     		str	r2, [r3, #44]
 961:Drivers/STM32G0xx_HAL_Driver/Src/stm32g0xx_hal_tim_ex.c ****       htim->hdma[TIM_DMA_ID_CC3]->XferHalfCpltCallback = TIM_DMADelayPulseHalfCplt;
 2736              		.loc 1 961 17
 2737 01de FB68     		ldr	r3, [r7, #12]
 2738 01e0 DB6A     		ldr	r3, [r3, #44]
 2739              		.loc 1 961 56
 2740 01e2 3E4A     		ldr	r2, .L185+4
 2741 01e4 1A63     		str	r2, [r3, #48]
 962:Drivers/STM32G0xx_HAL_Driver/Src/stm32g0xx_hal_tim_ex.c **** 
 963:Drivers/STM32G0xx_HAL_Driver/Src/stm32g0xx_hal_tim_ex.c ****       /* Set the DMA error callback */
 964:Drivers/STM32G0xx_HAL_Driver/Src/stm32g0xx_hal_tim_ex.c ****       htim->hdma[TIM_DMA_ID_CC3]->XferErrorCallback = TIM_DMAErrorCCxN ;
 2742              		.loc 1 964 17
 2743 01e6 FB68     		ldr	r3, [r7, #12]
 2744 01e8 DB6A     		ldr	r3, [r3, #44]
 2745              		.loc 1 964 53
 2746 01ea 3D4A     		ldr	r2, .L185+8
 2747 01ec 5A63     		str	r2, [r3, #52]
 965:Drivers/STM32G0xx_HAL_Driver/Src/stm32g0xx_hal_tim_ex.c **** 
 966:Drivers/STM32G0xx_HAL_Driver/Src/stm32g0xx_hal_tim_ex.c ****       /* Enable the DMA channel */
 967:Drivers/STM32G0xx_HAL_Driver/Src/stm32g0xx_hal_tim_ex.c ****       if (HAL_DMA_Start_IT(htim->hdma[TIM_DMA_ID_CC3], (uint32_t)pData, (uint32_t)&htim->Instance->
 2748              		.loc 1 967 11
 2749 01ee FB68     		ldr	r3, [r7, #12]
 2750 01f0 D86A     		ldr	r0, [r3, #44]
 2751 01f2 7968     		ldr	r1, [r7, #4]
 2752              		.loc 1 967 88
 2753 01f4 FB68     		ldr	r3, [r7, #12]
 2754 01f6 1B68     		ldr	r3, [r3]
 2755              		.loc 1 967 83
 2756 01f8 3C33     		adds	r3, r3, #60
ARM GAS  C:\Users\a_hae\AppData\Local\Temp\ccujrzwF.s 			page 66


 2757              		.loc 1 967 11
 2758 01fa 1A00     		movs	r2, r3
 2759 01fc BB1C     		adds	r3, r7, #2
 2760 01fe 1B88     		ldrh	r3, [r3]
 2761 0200 FFF7FEFF 		bl	HAL_DMA_Start_IT
 2762 0204 031E     		subs	r3, r0, #0
 2763              		.loc 1 967 10 discriminator 1
 2764 0206 01D0     		beq	.L179
 968:Drivers/STM32G0xx_HAL_Driver/Src/stm32g0xx_hal_tim_ex.c ****                            Length) != HAL_OK)
 969:Drivers/STM32G0xx_HAL_Driver/Src/stm32g0xx_hal_tim_ex.c ****       {
 970:Drivers/STM32G0xx_HAL_Driver/Src/stm32g0xx_hal_tim_ex.c ****         /* Return error status */
 971:Drivers/STM32G0xx_HAL_Driver/Src/stm32g0xx_hal_tim_ex.c ****         return HAL_ERROR;
 2765              		.loc 1 971 16
 2766 0208 0123     		movs	r3, #1
 2767 020a 61E0     		b	.L156
 2768              	.L179:
 972:Drivers/STM32G0xx_HAL_Driver/Src/stm32g0xx_hal_tim_ex.c ****       }
 973:Drivers/STM32G0xx_HAL_Driver/Src/stm32g0xx_hal_tim_ex.c ****       /* Enable the TIM Output Compare DMA request */
 974:Drivers/STM32G0xx_HAL_Driver/Src/stm32g0xx_hal_tim_ex.c ****       __HAL_TIM_ENABLE_DMA(htim, TIM_DMA_CC3);
 2769              		.loc 1 974 7
 2770 020c FB68     		ldr	r3, [r7, #12]
 2771 020e 1B68     		ldr	r3, [r3]
 2772 0210 DA68     		ldr	r2, [r3, #12]
 2773 0212 FB68     		ldr	r3, [r7, #12]
 2774 0214 1B68     		ldr	r3, [r3]
 2775 0216 8021     		movs	r1, #128
 2776 0218 0901     		lsls	r1, r1, #4
 2777 021a 0A43     		orrs	r2, r1
 2778 021c DA60     		str	r2, [r3, #12]
 975:Drivers/STM32G0xx_HAL_Driver/Src/stm32g0xx_hal_tim_ex.c ****       break;
 2779              		.loc 1 975 7
 2780 021e 04E0     		b	.L177
 2781              	.L173:
 976:Drivers/STM32G0xx_HAL_Driver/Src/stm32g0xx_hal_tim_ex.c ****     }
 977:Drivers/STM32G0xx_HAL_Driver/Src/stm32g0xx_hal_tim_ex.c **** 
 978:Drivers/STM32G0xx_HAL_Driver/Src/stm32g0xx_hal_tim_ex.c ****     default:
 979:Drivers/STM32G0xx_HAL_Driver/Src/stm32g0xx_hal_tim_ex.c ****       status = HAL_ERROR;
 2782              		.loc 1 979 14
 2783 0220 1723     		movs	r3, #23
 2784 0222 FB18     		adds	r3, r7, r3
 2785 0224 0122     		movs	r2, #1
 2786 0226 1A70     		strb	r2, [r3]
 980:Drivers/STM32G0xx_HAL_Driver/Src/stm32g0xx_hal_tim_ex.c ****       break;
 2787              		.loc 1 980 7
 2788 0228 C046     		nop
 2789              	.L177:
 981:Drivers/STM32G0xx_HAL_Driver/Src/stm32g0xx_hal_tim_ex.c ****   }
 982:Drivers/STM32G0xx_HAL_Driver/Src/stm32g0xx_hal_tim_ex.c **** 
 983:Drivers/STM32G0xx_HAL_Driver/Src/stm32g0xx_hal_tim_ex.c ****   if (status == HAL_OK)
 2790              		.loc 1 983 6
 2791 022a 1723     		movs	r3, #23
 2792 022c FB18     		adds	r3, r7, r3
 2793 022e 1B78     		ldrb	r3, [r3]
 2794 0230 002B     		cmp	r3, #0
 2795 0232 4AD1     		bne	.L180
 984:Drivers/STM32G0xx_HAL_Driver/Src/stm32g0xx_hal_tim_ex.c ****   {
 985:Drivers/STM32G0xx_HAL_Driver/Src/stm32g0xx_hal_tim_ex.c ****     /* Enable the Capture compare channel N */
ARM GAS  C:\Users\a_hae\AppData\Local\Temp\ccujrzwF.s 			page 67


 986:Drivers/STM32G0xx_HAL_Driver/Src/stm32g0xx_hal_tim_ex.c ****     TIM_CCxNChannelCmd(htim->Instance, Channel, TIM_CCxN_ENABLE);
 2796              		.loc 1 986 5
 2797 0234 FB68     		ldr	r3, [r7, #12]
 2798 0236 1B68     		ldr	r3, [r3]
 2799 0238 B968     		ldr	r1, [r7, #8]
 2800 023a 0422     		movs	r2, #4
 2801 023c 1800     		movs	r0, r3
 2802 023e FFF7FEFF 		bl	TIM_CCxNChannelCmd
 987:Drivers/STM32G0xx_HAL_Driver/Src/stm32g0xx_hal_tim_ex.c **** 
 988:Drivers/STM32G0xx_HAL_Driver/Src/stm32g0xx_hal_tim_ex.c ****     /* Enable the Main Output */
 989:Drivers/STM32G0xx_HAL_Driver/Src/stm32g0xx_hal_tim_ex.c ****     __HAL_TIM_MOE_ENABLE(htim);
 2803              		.loc 1 989 5
 2804 0242 FB68     		ldr	r3, [r7, #12]
 2805 0244 1B68     		ldr	r3, [r3]
 2806 0246 5A6C     		ldr	r2, [r3, #68]
 2807 0248 FB68     		ldr	r3, [r7, #12]
 2808 024a 1B68     		ldr	r3, [r3]
 2809 024c 8021     		movs	r1, #128
 2810 024e 0902     		lsls	r1, r1, #8
 2811 0250 0A43     		orrs	r2, r1
 2812 0252 5A64     		str	r2, [r3, #68]
 990:Drivers/STM32G0xx_HAL_Driver/Src/stm32g0xx_hal_tim_ex.c **** 
 991:Drivers/STM32G0xx_HAL_Driver/Src/stm32g0xx_hal_tim_ex.c ****     /* Enable the Peripheral, except in trigger mode where enable is automatically done with trigge
 992:Drivers/STM32G0xx_HAL_Driver/Src/stm32g0xx_hal_tim_ex.c ****     if (IS_TIM_SLAVE_INSTANCE(htim->Instance))
 2813              		.loc 1 992 9
 2814 0254 FB68     		ldr	r3, [r7, #12]
 2815 0256 1B68     		ldr	r3, [r3]
 2816              		.loc 1 992 8
 2817 0258 224A     		ldr	r2, .L185+12
 2818 025a 9342     		cmp	r3, r2
 2819 025c 14D0     		beq	.L181
 2820              		.loc 1 992 9 discriminator 1
 2821 025e FB68     		ldr	r3, [r7, #12]
 2822 0260 1A68     		ldr	r2, [r3]
 2823 0262 8023     		movs	r3, #128
 2824 0264 DB05     		lsls	r3, r3, #23
 2825 0266 9A42     		cmp	r2, r3
 2826 0268 0ED0     		beq	.L181
 2827              		.loc 1 992 9 is_stmt 0 discriminator 2
 2828 026a FB68     		ldr	r3, [r7, #12]
 2829 026c 1B68     		ldr	r3, [r3]
 2830 026e 1E4A     		ldr	r2, .L185+16
 2831 0270 9342     		cmp	r3, r2
 2832 0272 09D0     		beq	.L181
 2833              		.loc 1 992 9 discriminator 3
 2834 0274 FB68     		ldr	r3, [r7, #12]
 2835 0276 1B68     		ldr	r3, [r3]
 2836 0278 1C4A     		ldr	r2, .L185+20
 2837 027a 9342     		cmp	r3, r2
 2838 027c 04D0     		beq	.L181
 2839              		.loc 1 992 9 discriminator 4
 2840 027e FB68     		ldr	r3, [r7, #12]
 2841 0280 1B68     		ldr	r3, [r3]
 2842 0282 1B4A     		ldr	r2, .L185+24
 2843 0284 9342     		cmp	r3, r2
 2844 0286 16D1     		bne	.L182
 2845              	.L181:
ARM GAS  C:\Users\a_hae\AppData\Local\Temp\ccujrzwF.s 			page 68


 993:Drivers/STM32G0xx_HAL_Driver/Src/stm32g0xx_hal_tim_ex.c ****     {
 994:Drivers/STM32G0xx_HAL_Driver/Src/stm32g0xx_hal_tim_ex.c ****       tmpsmcr = htim->Instance->SMCR & TIM_SMCR_SMS;
 2846              		.loc 1 994 21 is_stmt 1
 2847 0288 FB68     		ldr	r3, [r7, #12]
 2848 028a 1B68     		ldr	r3, [r3]
 2849              		.loc 1 994 31
 2850 028c 9B68     		ldr	r3, [r3, #8]
 2851              		.loc 1 994 15
 2852 028e 194A     		ldr	r2, .L185+28
 2853 0290 1340     		ands	r3, r2
 2854 0292 3B61     		str	r3, [r7, #16]
 995:Drivers/STM32G0xx_HAL_Driver/Src/stm32g0xx_hal_tim_ex.c ****       if (!IS_TIM_SLAVEMODE_TRIGGER_ENABLED(tmpsmcr))
 2855              		.loc 1 995 10
 2856 0294 3B69     		ldr	r3, [r7, #16]
 2857 0296 062B     		cmp	r3, #6
 2858 0298 16D0     		beq	.L184
 2859              		.loc 1 995 11 discriminator 1
 2860 029a 3A69     		ldr	r2, [r7, #16]
 2861 029c 8023     		movs	r3, #128
 2862 029e 5B02     		lsls	r3, r3, #9
 2863 02a0 9A42     		cmp	r2, r3
 2864 02a2 11D0     		beq	.L184
 996:Drivers/STM32G0xx_HAL_Driver/Src/stm32g0xx_hal_tim_ex.c ****       {
 997:Drivers/STM32G0xx_HAL_Driver/Src/stm32g0xx_hal_tim_ex.c ****         __HAL_TIM_ENABLE(htim);
 2865              		.loc 1 997 9
 2866 02a4 FB68     		ldr	r3, [r7, #12]
 2867 02a6 1B68     		ldr	r3, [r3]
 2868 02a8 1A68     		ldr	r2, [r3]
 2869 02aa FB68     		ldr	r3, [r7, #12]
 2870 02ac 1B68     		ldr	r3, [r3]
 2871 02ae 0121     		movs	r1, #1
 2872 02b0 0A43     		orrs	r2, r1
 2873 02b2 1A60     		str	r2, [r3]
 995:Drivers/STM32G0xx_HAL_Driver/Src/stm32g0xx_hal_tim_ex.c ****       if (!IS_TIM_SLAVEMODE_TRIGGER_ENABLED(tmpsmcr))
 2874              		.loc 1 995 10
 2875 02b4 08E0     		b	.L184
 2876              	.L182:
 998:Drivers/STM32G0xx_HAL_Driver/Src/stm32g0xx_hal_tim_ex.c ****       }
 999:Drivers/STM32G0xx_HAL_Driver/Src/stm32g0xx_hal_tim_ex.c ****     }
1000:Drivers/STM32G0xx_HAL_Driver/Src/stm32g0xx_hal_tim_ex.c ****     else
1001:Drivers/STM32G0xx_HAL_Driver/Src/stm32g0xx_hal_tim_ex.c ****     {
1002:Drivers/STM32G0xx_HAL_Driver/Src/stm32g0xx_hal_tim_ex.c ****       __HAL_TIM_ENABLE(htim);
 2877              		.loc 1 1002 7
 2878 02b6 FB68     		ldr	r3, [r7, #12]
 2879 02b8 1B68     		ldr	r3, [r3]
 2880 02ba 1A68     		ldr	r2, [r3]
 2881 02bc FB68     		ldr	r3, [r7, #12]
 2882 02be 1B68     		ldr	r3, [r3]
 2883 02c0 0121     		movs	r1, #1
 2884 02c2 0A43     		orrs	r2, r1
 2885 02c4 1A60     		str	r2, [r3]
 2886 02c6 00E0     		b	.L180
 2887              	.L184:
 995:Drivers/STM32G0xx_HAL_Driver/Src/stm32g0xx_hal_tim_ex.c ****       {
 2888              		.loc 1 995 10
 2889 02c8 C046     		nop
 2890              	.L180:
ARM GAS  C:\Users\a_hae\AppData\Local\Temp\ccujrzwF.s 			page 69


1003:Drivers/STM32G0xx_HAL_Driver/Src/stm32g0xx_hal_tim_ex.c ****     }
1004:Drivers/STM32G0xx_HAL_Driver/Src/stm32g0xx_hal_tim_ex.c ****   }
1005:Drivers/STM32G0xx_HAL_Driver/Src/stm32g0xx_hal_tim_ex.c **** 
1006:Drivers/STM32G0xx_HAL_Driver/Src/stm32g0xx_hal_tim_ex.c ****   /* Return function status */
1007:Drivers/STM32G0xx_HAL_Driver/Src/stm32g0xx_hal_tim_ex.c ****   return status;
 2891              		.loc 1 1007 10
 2892 02ca 1723     		movs	r3, #23
 2893 02cc FB18     		adds	r3, r7, r3
 2894 02ce 1B78     		ldrb	r3, [r3]
 2895              	.L156:
1008:Drivers/STM32G0xx_HAL_Driver/Src/stm32g0xx_hal_tim_ex.c **** }
 2896              		.loc 1 1008 1
 2897 02d0 1800     		movs	r0, r3
 2898 02d2 BD46     		mov	sp, r7
 2899 02d4 06B0     		add	sp, sp, #24
 2900              		@ sp needed
 2901 02d6 80BD     		pop	{r7, pc}
 2902              	.L186:
 2903              		.align	2
 2904              	.L185:
 2905 02d8 00000000 		.word	TIM_DMADelayPulseNCplt
 2906 02dc 00000000 		.word	TIM_DMADelayPulseHalfCplt
 2907 02e0 00000000 		.word	TIM_DMAErrorCCxN
 2908 02e4 002C0140 		.word	1073818624
 2909 02e8 00040040 		.word	1073742848
 2910 02ec 00080040 		.word	1073743872
 2911 02f0 00400140 		.word	1073823744
 2912 02f4 07000100 		.word	65543
 2913              		.cfi_endproc
 2914              	.LFE377:
 2916              		.section	.text.HAL_TIMEx_OCN_Stop_DMA,"ax",%progbits
 2917              		.align	1
 2918              		.global	HAL_TIMEx_OCN_Stop_DMA
 2919              		.syntax unified
 2920              		.code	16
 2921              		.thumb_func
 2923              	HAL_TIMEx_OCN_Stop_DMA:
 2924              	.LFB378:
1009:Drivers/STM32G0xx_HAL_Driver/Src/stm32g0xx_hal_tim_ex.c **** 
1010:Drivers/STM32G0xx_HAL_Driver/Src/stm32g0xx_hal_tim_ex.c **** /**
1011:Drivers/STM32G0xx_HAL_Driver/Src/stm32g0xx_hal_tim_ex.c ****   * @brief  Stops the TIM Output Compare signal generation in DMA mode
1012:Drivers/STM32G0xx_HAL_Driver/Src/stm32g0xx_hal_tim_ex.c ****   *         on the complementary output.
1013:Drivers/STM32G0xx_HAL_Driver/Src/stm32g0xx_hal_tim_ex.c ****   * @param  htim TIM Output Compare handle
1014:Drivers/STM32G0xx_HAL_Driver/Src/stm32g0xx_hal_tim_ex.c ****   * @param  Channel TIM Channel to be disabled
1015:Drivers/STM32G0xx_HAL_Driver/Src/stm32g0xx_hal_tim_ex.c ****   *          This parameter can be one of the following values:
1016:Drivers/STM32G0xx_HAL_Driver/Src/stm32g0xx_hal_tim_ex.c ****   *            @arg TIM_CHANNEL_1: TIM Channel 1 selected
1017:Drivers/STM32G0xx_HAL_Driver/Src/stm32g0xx_hal_tim_ex.c ****   *            @arg TIM_CHANNEL_2: TIM Channel 2 selected
1018:Drivers/STM32G0xx_HAL_Driver/Src/stm32g0xx_hal_tim_ex.c ****   *            @arg TIM_CHANNEL_3: TIM Channel 3 selected
1019:Drivers/STM32G0xx_HAL_Driver/Src/stm32g0xx_hal_tim_ex.c ****   * @retval HAL status
1020:Drivers/STM32G0xx_HAL_Driver/Src/stm32g0xx_hal_tim_ex.c ****   */
1021:Drivers/STM32G0xx_HAL_Driver/Src/stm32g0xx_hal_tim_ex.c **** HAL_StatusTypeDef HAL_TIMEx_OCN_Stop_DMA(TIM_HandleTypeDef *htim, uint32_t Channel)
1022:Drivers/STM32G0xx_HAL_Driver/Src/stm32g0xx_hal_tim_ex.c **** {
 2925              		.loc 1 1022 1
 2926              		.cfi_startproc
 2927              		@ args = 0, pretend = 0, frame = 16
 2928              		@ frame_needed = 1, uses_anonymous_args = 0
 2929 0000 80B5     		push	{r7, lr}
ARM GAS  C:\Users\a_hae\AppData\Local\Temp\ccujrzwF.s 			page 70


 2930              	.LCFI45:
 2931              		.cfi_def_cfa_offset 8
 2932              		.cfi_offset 7, -8
 2933              		.cfi_offset 14, -4
 2934 0002 84B0     		sub	sp, sp, #16
 2935              	.LCFI46:
 2936              		.cfi_def_cfa_offset 24
 2937 0004 00AF     		add	r7, sp, #0
 2938              	.LCFI47:
 2939              		.cfi_def_cfa_register 7
 2940 0006 7860     		str	r0, [r7, #4]
 2941 0008 3960     		str	r1, [r7]
1023:Drivers/STM32G0xx_HAL_Driver/Src/stm32g0xx_hal_tim_ex.c ****   HAL_StatusTypeDef status = HAL_OK;
 2942              		.loc 1 1023 21
 2943 000a 0F23     		movs	r3, #15
 2944 000c FB18     		adds	r3, r7, r3
 2945 000e 0022     		movs	r2, #0
 2946 0010 1A70     		strb	r2, [r3]
1024:Drivers/STM32G0xx_HAL_Driver/Src/stm32g0xx_hal_tim_ex.c **** 
1025:Drivers/STM32G0xx_HAL_Driver/Src/stm32g0xx_hal_tim_ex.c ****   /* Check the parameters */
1026:Drivers/STM32G0xx_HAL_Driver/Src/stm32g0xx_hal_tim_ex.c ****   assert_param(IS_TIM_CCXN_INSTANCE(htim->Instance, Channel));
1027:Drivers/STM32G0xx_HAL_Driver/Src/stm32g0xx_hal_tim_ex.c **** 
1028:Drivers/STM32G0xx_HAL_Driver/Src/stm32g0xx_hal_tim_ex.c ****   switch (Channel)
 2947              		.loc 1 1028 3
 2948 0012 3B68     		ldr	r3, [r7]
 2949 0014 082B     		cmp	r3, #8
 2950 0016 25D0     		beq	.L188
 2951 0018 3B68     		ldr	r3, [r7]
 2952 001a 082B     		cmp	r3, #8
 2953 001c 30D8     		bhi	.L189
 2954 001e 3B68     		ldr	r3, [r7]
 2955 0020 002B     		cmp	r3, #0
 2956 0022 03D0     		beq	.L190
 2957 0024 3B68     		ldr	r3, [r7]
 2958 0026 042B     		cmp	r3, #4
 2959 0028 0ED0     		beq	.L191
 2960 002a 29E0     		b	.L189
 2961              	.L190:
1029:Drivers/STM32G0xx_HAL_Driver/Src/stm32g0xx_hal_tim_ex.c ****   {
1030:Drivers/STM32G0xx_HAL_Driver/Src/stm32g0xx_hal_tim_ex.c ****     case TIM_CHANNEL_1:
1031:Drivers/STM32G0xx_HAL_Driver/Src/stm32g0xx_hal_tim_ex.c ****     {
1032:Drivers/STM32G0xx_HAL_Driver/Src/stm32g0xx_hal_tim_ex.c ****       /* Disable the TIM Output Compare DMA request */
1033:Drivers/STM32G0xx_HAL_Driver/Src/stm32g0xx_hal_tim_ex.c ****       __HAL_TIM_DISABLE_DMA(htim, TIM_DMA_CC1);
 2962              		.loc 1 1033 7
 2963 002c 7B68     		ldr	r3, [r7, #4]
 2964 002e 1B68     		ldr	r3, [r3]
 2965 0030 DA68     		ldr	r2, [r3, #12]
 2966 0032 7B68     		ldr	r3, [r7, #4]
 2967 0034 1B68     		ldr	r3, [r3]
 2968 0036 4049     		ldr	r1, .L202
 2969 0038 0A40     		ands	r2, r1
 2970 003a DA60     		str	r2, [r3, #12]
1034:Drivers/STM32G0xx_HAL_Driver/Src/stm32g0xx_hal_tim_ex.c ****       (void)HAL_DMA_Abort_IT(htim->hdma[TIM_DMA_ID_CC1]);
 2971              		.loc 1 1034 13
 2972 003c 7B68     		ldr	r3, [r7, #4]
 2973 003e 5B6A     		ldr	r3, [r3, #36]
 2974 0040 1800     		movs	r0, r3
ARM GAS  C:\Users\a_hae\AppData\Local\Temp\ccujrzwF.s 			page 71


 2975 0042 FFF7FEFF 		bl	HAL_DMA_Abort_IT
1035:Drivers/STM32G0xx_HAL_Driver/Src/stm32g0xx_hal_tim_ex.c ****       break;
 2976              		.loc 1 1035 7
 2977 0046 20E0     		b	.L192
 2978              	.L191:
1036:Drivers/STM32G0xx_HAL_Driver/Src/stm32g0xx_hal_tim_ex.c ****     }
1037:Drivers/STM32G0xx_HAL_Driver/Src/stm32g0xx_hal_tim_ex.c **** 
1038:Drivers/STM32G0xx_HAL_Driver/Src/stm32g0xx_hal_tim_ex.c ****     case TIM_CHANNEL_2:
1039:Drivers/STM32G0xx_HAL_Driver/Src/stm32g0xx_hal_tim_ex.c ****     {
1040:Drivers/STM32G0xx_HAL_Driver/Src/stm32g0xx_hal_tim_ex.c ****       /* Disable the TIM Output Compare DMA request */
1041:Drivers/STM32G0xx_HAL_Driver/Src/stm32g0xx_hal_tim_ex.c ****       __HAL_TIM_DISABLE_DMA(htim, TIM_DMA_CC2);
 2979              		.loc 1 1041 7
 2980 0048 7B68     		ldr	r3, [r7, #4]
 2981 004a 1B68     		ldr	r3, [r3]
 2982 004c DA68     		ldr	r2, [r3, #12]
 2983 004e 7B68     		ldr	r3, [r7, #4]
 2984 0050 1B68     		ldr	r3, [r3]
 2985 0052 3A49     		ldr	r1, .L202+4
 2986 0054 0A40     		ands	r2, r1
 2987 0056 DA60     		str	r2, [r3, #12]
1042:Drivers/STM32G0xx_HAL_Driver/Src/stm32g0xx_hal_tim_ex.c ****       (void)HAL_DMA_Abort_IT(htim->hdma[TIM_DMA_ID_CC2]);
 2988              		.loc 1 1042 13
 2989 0058 7B68     		ldr	r3, [r7, #4]
 2990 005a 9B6A     		ldr	r3, [r3, #40]
 2991 005c 1800     		movs	r0, r3
 2992 005e FFF7FEFF 		bl	HAL_DMA_Abort_IT
1043:Drivers/STM32G0xx_HAL_Driver/Src/stm32g0xx_hal_tim_ex.c ****       break;
 2993              		.loc 1 1043 7
 2994 0062 12E0     		b	.L192
 2995              	.L188:
1044:Drivers/STM32G0xx_HAL_Driver/Src/stm32g0xx_hal_tim_ex.c ****     }
1045:Drivers/STM32G0xx_HAL_Driver/Src/stm32g0xx_hal_tim_ex.c **** 
1046:Drivers/STM32G0xx_HAL_Driver/Src/stm32g0xx_hal_tim_ex.c ****     case TIM_CHANNEL_3:
1047:Drivers/STM32G0xx_HAL_Driver/Src/stm32g0xx_hal_tim_ex.c ****     {
1048:Drivers/STM32G0xx_HAL_Driver/Src/stm32g0xx_hal_tim_ex.c ****       /* Disable the TIM Output Compare DMA request */
1049:Drivers/STM32G0xx_HAL_Driver/Src/stm32g0xx_hal_tim_ex.c ****       __HAL_TIM_DISABLE_DMA(htim, TIM_DMA_CC3);
 2996              		.loc 1 1049 7
 2997 0064 7B68     		ldr	r3, [r7, #4]
 2998 0066 1B68     		ldr	r3, [r3]
 2999 0068 DA68     		ldr	r2, [r3, #12]
 3000 006a 7B68     		ldr	r3, [r7, #4]
 3001 006c 1B68     		ldr	r3, [r3]
 3002 006e 3449     		ldr	r1, .L202+8
 3003 0070 0A40     		ands	r2, r1
 3004 0072 DA60     		str	r2, [r3, #12]
1050:Drivers/STM32G0xx_HAL_Driver/Src/stm32g0xx_hal_tim_ex.c ****       (void)HAL_DMA_Abort_IT(htim->hdma[TIM_DMA_ID_CC3]);
 3005              		.loc 1 1050 13
 3006 0074 7B68     		ldr	r3, [r7, #4]
 3007 0076 DB6A     		ldr	r3, [r3, #44]
 3008 0078 1800     		movs	r0, r3
 3009 007a FFF7FEFF 		bl	HAL_DMA_Abort_IT
1051:Drivers/STM32G0xx_HAL_Driver/Src/stm32g0xx_hal_tim_ex.c ****       break;
 3010              		.loc 1 1051 7
 3011 007e 04E0     		b	.L192
 3012              	.L189:
1052:Drivers/STM32G0xx_HAL_Driver/Src/stm32g0xx_hal_tim_ex.c ****     }
1053:Drivers/STM32G0xx_HAL_Driver/Src/stm32g0xx_hal_tim_ex.c **** 
ARM GAS  C:\Users\a_hae\AppData\Local\Temp\ccujrzwF.s 			page 72


1054:Drivers/STM32G0xx_HAL_Driver/Src/stm32g0xx_hal_tim_ex.c ****     default:
1055:Drivers/STM32G0xx_HAL_Driver/Src/stm32g0xx_hal_tim_ex.c ****       status = HAL_ERROR;
 3013              		.loc 1 1055 14
 3014 0080 0F23     		movs	r3, #15
 3015 0082 FB18     		adds	r3, r7, r3
 3016 0084 0122     		movs	r2, #1
 3017 0086 1A70     		strb	r2, [r3]
1056:Drivers/STM32G0xx_HAL_Driver/Src/stm32g0xx_hal_tim_ex.c ****       break;
 3018              		.loc 1 1056 7
 3019 0088 C046     		nop
 3020              	.L192:
1057:Drivers/STM32G0xx_HAL_Driver/Src/stm32g0xx_hal_tim_ex.c ****   }
1058:Drivers/STM32G0xx_HAL_Driver/Src/stm32g0xx_hal_tim_ex.c **** 
1059:Drivers/STM32G0xx_HAL_Driver/Src/stm32g0xx_hal_tim_ex.c ****   if (status == HAL_OK)
 3021              		.loc 1 1059 6
 3022 008a 0F23     		movs	r3, #15
 3023 008c FB18     		adds	r3, r7, r3
 3024 008e 1B78     		ldrb	r3, [r3]
 3025 0090 002B     		cmp	r3, #0
 3026 0092 4AD1     		bne	.L193
1060:Drivers/STM32G0xx_HAL_Driver/Src/stm32g0xx_hal_tim_ex.c ****   {
1061:Drivers/STM32G0xx_HAL_Driver/Src/stm32g0xx_hal_tim_ex.c ****     /* Disable the Capture compare channel N */
1062:Drivers/STM32G0xx_HAL_Driver/Src/stm32g0xx_hal_tim_ex.c ****     TIM_CCxNChannelCmd(htim->Instance, Channel, TIM_CCxN_DISABLE);
 3027              		.loc 1 1062 5
 3028 0094 7B68     		ldr	r3, [r7, #4]
 3029 0096 1B68     		ldr	r3, [r3]
 3030 0098 3968     		ldr	r1, [r7]
 3031 009a 0022     		movs	r2, #0
 3032 009c 1800     		movs	r0, r3
 3033 009e FFF7FEFF 		bl	TIM_CCxNChannelCmd
1063:Drivers/STM32G0xx_HAL_Driver/Src/stm32g0xx_hal_tim_ex.c **** 
1064:Drivers/STM32G0xx_HAL_Driver/Src/stm32g0xx_hal_tim_ex.c ****     /* Disable the Main Output */
1065:Drivers/STM32G0xx_HAL_Driver/Src/stm32g0xx_hal_tim_ex.c ****     __HAL_TIM_MOE_DISABLE(htim);
 3034              		.loc 1 1065 5
 3035 00a2 7B68     		ldr	r3, [r7, #4]
 3036 00a4 1B68     		ldr	r3, [r3]
 3037 00a6 1B6A     		ldr	r3, [r3, #32]
 3038 00a8 264A     		ldr	r2, .L202+12
 3039 00aa 1340     		ands	r3, r2
 3040 00ac 0DD1     		bne	.L194
 3041              		.loc 1 1065 5 is_stmt 0 discriminator 1
 3042 00ae 7B68     		ldr	r3, [r7, #4]
 3043 00b0 1B68     		ldr	r3, [r3]
 3044 00b2 1B6A     		ldr	r3, [r3, #32]
 3045 00b4 244A     		ldr	r2, .L202+16
 3046 00b6 1340     		ands	r3, r2
 3047 00b8 07D1     		bne	.L194
 3048              		.loc 1 1065 5 discriminator 2
 3049 00ba 7B68     		ldr	r3, [r7, #4]
 3050 00bc 1B68     		ldr	r3, [r3]
 3051 00be 5A6C     		ldr	r2, [r3, #68]
 3052 00c0 7B68     		ldr	r3, [r7, #4]
 3053 00c2 1B68     		ldr	r3, [r3]
 3054 00c4 2149     		ldr	r1, .L202+20
 3055 00c6 0A40     		ands	r2, r1
 3056 00c8 5A64     		str	r2, [r3, #68]
 3057              	.L194:
ARM GAS  C:\Users\a_hae\AppData\Local\Temp\ccujrzwF.s 			page 73


1066:Drivers/STM32G0xx_HAL_Driver/Src/stm32g0xx_hal_tim_ex.c **** 
1067:Drivers/STM32G0xx_HAL_Driver/Src/stm32g0xx_hal_tim_ex.c ****     /* Disable the Peripheral */
1068:Drivers/STM32G0xx_HAL_Driver/Src/stm32g0xx_hal_tim_ex.c ****     __HAL_TIM_DISABLE(htim);
 3058              		.loc 1 1068 5 is_stmt 1
 3059 00ca 7B68     		ldr	r3, [r7, #4]
 3060 00cc 1B68     		ldr	r3, [r3]
 3061 00ce 1B6A     		ldr	r3, [r3, #32]
 3062 00d0 1C4A     		ldr	r2, .L202+12
 3063 00d2 1340     		ands	r3, r2
 3064 00d4 0DD1     		bne	.L195
 3065              		.loc 1 1068 5 is_stmt 0 discriminator 1
 3066 00d6 7B68     		ldr	r3, [r7, #4]
 3067 00d8 1B68     		ldr	r3, [r3]
 3068 00da 1B6A     		ldr	r3, [r3, #32]
 3069 00dc 1A4A     		ldr	r2, .L202+16
 3070 00de 1340     		ands	r3, r2
 3071 00e0 07D1     		bne	.L195
 3072              		.loc 1 1068 5 discriminator 2
 3073 00e2 7B68     		ldr	r3, [r7, #4]
 3074 00e4 1B68     		ldr	r3, [r3]
 3075 00e6 1A68     		ldr	r2, [r3]
 3076 00e8 7B68     		ldr	r3, [r7, #4]
 3077 00ea 1B68     		ldr	r3, [r3]
 3078 00ec 0121     		movs	r1, #1
 3079 00ee 8A43     		bics	r2, r1
 3080 00f0 1A60     		str	r2, [r3]
 3081              	.L195:
1069:Drivers/STM32G0xx_HAL_Driver/Src/stm32g0xx_hal_tim_ex.c **** 
1070:Drivers/STM32G0xx_HAL_Driver/Src/stm32g0xx_hal_tim_ex.c ****     /* Set the TIM complementary channel state */
1071:Drivers/STM32G0xx_HAL_Driver/Src/stm32g0xx_hal_tim_ex.c ****     TIM_CHANNEL_N_STATE_SET(htim, Channel, HAL_TIM_CHANNEL_STATE_READY);
 3082              		.loc 1 1071 5 is_stmt 1
 3083 00f2 3B68     		ldr	r3, [r7]
 3084 00f4 002B     		cmp	r3, #0
 3085 00f6 04D1     		bne	.L196
 3086              		.loc 1 1071 5 is_stmt 0 discriminator 1
 3087 00f8 7B68     		ldr	r3, [r7, #4]
 3088 00fa 4422     		movs	r2, #68
 3089 00fc 0121     		movs	r1, #1
 3090 00fe 9954     		strb	r1, [r3, r2]
 3091 0100 13E0     		b	.L193
 3092              	.L196:
 3093              		.loc 1 1071 5 discriminator 2
 3094 0102 3B68     		ldr	r3, [r7]
 3095 0104 042B     		cmp	r3, #4
 3096 0106 04D1     		bne	.L197
 3097              		.loc 1 1071 5 discriminator 3
 3098 0108 7B68     		ldr	r3, [r7, #4]
 3099 010a 4522     		movs	r2, #69
 3100 010c 0121     		movs	r1, #1
 3101 010e 9954     		strb	r1, [r3, r2]
 3102 0110 0BE0     		b	.L193
 3103              	.L197:
 3104              		.loc 1 1071 5 discriminator 4
 3105 0112 3B68     		ldr	r3, [r7]
 3106 0114 082B     		cmp	r3, #8
 3107 0116 04D1     		bne	.L199
 3108              		.loc 1 1071 5 discriminator 6
ARM GAS  C:\Users\a_hae\AppData\Local\Temp\ccujrzwF.s 			page 74


 3109 0118 7B68     		ldr	r3, [r7, #4]
 3110 011a 4622     		movs	r2, #70
 3111 011c 0121     		movs	r1, #1
 3112 011e 9954     		strb	r1, [r3, r2]
 3113 0120 03E0     		b	.L193
 3114              	.L199:
 3115              		.loc 1 1071 5 discriminator 7
 3116 0122 7B68     		ldr	r3, [r7, #4]
 3117 0124 4722     		movs	r2, #71
 3118 0126 0121     		movs	r1, #1
 3119 0128 9954     		strb	r1, [r3, r2]
 3120              	.L193:
1072:Drivers/STM32G0xx_HAL_Driver/Src/stm32g0xx_hal_tim_ex.c ****   }
1073:Drivers/STM32G0xx_HAL_Driver/Src/stm32g0xx_hal_tim_ex.c **** 
1074:Drivers/STM32G0xx_HAL_Driver/Src/stm32g0xx_hal_tim_ex.c ****   /* Return function status */
1075:Drivers/STM32G0xx_HAL_Driver/Src/stm32g0xx_hal_tim_ex.c ****   return status;
 3121              		.loc 1 1075 10 is_stmt 1
 3122 012a 0F23     		movs	r3, #15
 3123 012c FB18     		adds	r3, r7, r3
 3124 012e 1B78     		ldrb	r3, [r3]
1076:Drivers/STM32G0xx_HAL_Driver/Src/stm32g0xx_hal_tim_ex.c **** }
 3125              		.loc 1 1076 1
 3126 0130 1800     		movs	r0, r3
 3127 0132 BD46     		mov	sp, r7
 3128 0134 04B0     		add	sp, sp, #16
 3129              		@ sp needed
 3130 0136 80BD     		pop	{r7, pc}
 3131              	.L203:
 3132              		.align	2
 3133              	.L202:
 3134 0138 FFFDFFFF 		.word	-513
 3135 013c FFFBFFFF 		.word	-1025
 3136 0140 FFF7FFFF 		.word	-2049
 3137 0144 11110000 		.word	4369
 3138 0148 44040000 		.word	1092
 3139 014c FF7FFFFF 		.word	-32769
 3140              		.cfi_endproc
 3141              	.LFE378:
 3143              		.section	.text.HAL_TIMEx_PWMN_Start,"ax",%progbits
 3144              		.align	1
 3145              		.global	HAL_TIMEx_PWMN_Start
 3146              		.syntax unified
 3147              		.code	16
 3148              		.thumb_func
 3150              	HAL_TIMEx_PWMN_Start:
 3151              	.LFB379:
1077:Drivers/STM32G0xx_HAL_Driver/Src/stm32g0xx_hal_tim_ex.c **** 
1078:Drivers/STM32G0xx_HAL_Driver/Src/stm32g0xx_hal_tim_ex.c **** /**
1079:Drivers/STM32G0xx_HAL_Driver/Src/stm32g0xx_hal_tim_ex.c ****   * @}
1080:Drivers/STM32G0xx_HAL_Driver/Src/stm32g0xx_hal_tim_ex.c ****   */
1081:Drivers/STM32G0xx_HAL_Driver/Src/stm32g0xx_hal_tim_ex.c **** 
1082:Drivers/STM32G0xx_HAL_Driver/Src/stm32g0xx_hal_tim_ex.c **** /** @defgroup TIMEx_Exported_Functions_Group3 Extended Timer Complementary PWM functions
1083:Drivers/STM32G0xx_HAL_Driver/Src/stm32g0xx_hal_tim_ex.c ****   * @brief    Timer Complementary PWM functions
1084:Drivers/STM32G0xx_HAL_Driver/Src/stm32g0xx_hal_tim_ex.c ****   *
1085:Drivers/STM32G0xx_HAL_Driver/Src/stm32g0xx_hal_tim_ex.c **** @verbatim
1086:Drivers/STM32G0xx_HAL_Driver/Src/stm32g0xx_hal_tim_ex.c ****   ==============================================================================
1087:Drivers/STM32G0xx_HAL_Driver/Src/stm32g0xx_hal_tim_ex.c ****                  ##### Timer Complementary PWM functions #####
ARM GAS  C:\Users\a_hae\AppData\Local\Temp\ccujrzwF.s 			page 75


1088:Drivers/STM32G0xx_HAL_Driver/Src/stm32g0xx_hal_tim_ex.c ****   ==============================================================================
1089:Drivers/STM32G0xx_HAL_Driver/Src/stm32g0xx_hal_tim_ex.c ****   [..]
1090:Drivers/STM32G0xx_HAL_Driver/Src/stm32g0xx_hal_tim_ex.c ****     This section provides functions allowing to:
1091:Drivers/STM32G0xx_HAL_Driver/Src/stm32g0xx_hal_tim_ex.c ****     (+) Start the Complementary PWM.
1092:Drivers/STM32G0xx_HAL_Driver/Src/stm32g0xx_hal_tim_ex.c ****     (+) Stop the Complementary PWM.
1093:Drivers/STM32G0xx_HAL_Driver/Src/stm32g0xx_hal_tim_ex.c ****     (+) Start the Complementary PWM and enable interrupts.
1094:Drivers/STM32G0xx_HAL_Driver/Src/stm32g0xx_hal_tim_ex.c ****     (+) Stop the Complementary PWM and disable interrupts.
1095:Drivers/STM32G0xx_HAL_Driver/Src/stm32g0xx_hal_tim_ex.c ****     (+) Start the Complementary PWM and enable DMA transfers.
1096:Drivers/STM32G0xx_HAL_Driver/Src/stm32g0xx_hal_tim_ex.c ****     (+) Stop the Complementary PWM and disable DMA transfers.
1097:Drivers/STM32G0xx_HAL_Driver/Src/stm32g0xx_hal_tim_ex.c **** @endverbatim
1098:Drivers/STM32G0xx_HAL_Driver/Src/stm32g0xx_hal_tim_ex.c ****   * @{
1099:Drivers/STM32G0xx_HAL_Driver/Src/stm32g0xx_hal_tim_ex.c ****   */
1100:Drivers/STM32G0xx_HAL_Driver/Src/stm32g0xx_hal_tim_ex.c **** 
1101:Drivers/STM32G0xx_HAL_Driver/Src/stm32g0xx_hal_tim_ex.c **** /**
1102:Drivers/STM32G0xx_HAL_Driver/Src/stm32g0xx_hal_tim_ex.c ****   * @brief  Starts the PWM signal generation on the complementary output.
1103:Drivers/STM32G0xx_HAL_Driver/Src/stm32g0xx_hal_tim_ex.c ****   * @param  htim TIM handle
1104:Drivers/STM32G0xx_HAL_Driver/Src/stm32g0xx_hal_tim_ex.c ****   * @param  Channel TIM Channel to be enabled
1105:Drivers/STM32G0xx_HAL_Driver/Src/stm32g0xx_hal_tim_ex.c ****   *          This parameter can be one of the following values:
1106:Drivers/STM32G0xx_HAL_Driver/Src/stm32g0xx_hal_tim_ex.c ****   *            @arg TIM_CHANNEL_1: TIM Channel 1 selected
1107:Drivers/STM32G0xx_HAL_Driver/Src/stm32g0xx_hal_tim_ex.c ****   *            @arg TIM_CHANNEL_2: TIM Channel 2 selected
1108:Drivers/STM32G0xx_HAL_Driver/Src/stm32g0xx_hal_tim_ex.c ****   *            @arg TIM_CHANNEL_3: TIM Channel 3 selected
1109:Drivers/STM32G0xx_HAL_Driver/Src/stm32g0xx_hal_tim_ex.c ****   * @retval HAL status
1110:Drivers/STM32G0xx_HAL_Driver/Src/stm32g0xx_hal_tim_ex.c ****   */
1111:Drivers/STM32G0xx_HAL_Driver/Src/stm32g0xx_hal_tim_ex.c **** HAL_StatusTypeDef HAL_TIMEx_PWMN_Start(TIM_HandleTypeDef *htim, uint32_t Channel)
1112:Drivers/STM32G0xx_HAL_Driver/Src/stm32g0xx_hal_tim_ex.c **** {
 3152              		.loc 1 1112 1
 3153              		.cfi_startproc
 3154              		@ args = 0, pretend = 0, frame = 16
 3155              		@ frame_needed = 1, uses_anonymous_args = 0
 3156 0000 80B5     		push	{r7, lr}
 3157              	.LCFI48:
 3158              		.cfi_def_cfa_offset 8
 3159              		.cfi_offset 7, -8
 3160              		.cfi_offset 14, -4
 3161 0002 84B0     		sub	sp, sp, #16
 3162              	.LCFI49:
 3163              		.cfi_def_cfa_offset 24
 3164 0004 00AF     		add	r7, sp, #0
 3165              	.LCFI50:
 3166              		.cfi_def_cfa_register 7
 3167 0006 7860     		str	r0, [r7, #4]
 3168 0008 3960     		str	r1, [r7]
1113:Drivers/STM32G0xx_HAL_Driver/Src/stm32g0xx_hal_tim_ex.c ****   uint32_t tmpsmcr;
1114:Drivers/STM32G0xx_HAL_Driver/Src/stm32g0xx_hal_tim_ex.c **** 
1115:Drivers/STM32G0xx_HAL_Driver/Src/stm32g0xx_hal_tim_ex.c ****   /* Check the parameters */
1116:Drivers/STM32G0xx_HAL_Driver/Src/stm32g0xx_hal_tim_ex.c ****   assert_param(IS_TIM_CCXN_INSTANCE(htim->Instance, Channel));
1117:Drivers/STM32G0xx_HAL_Driver/Src/stm32g0xx_hal_tim_ex.c **** 
1118:Drivers/STM32G0xx_HAL_Driver/Src/stm32g0xx_hal_tim_ex.c ****   /* Check the TIM complementary channel state */
1119:Drivers/STM32G0xx_HAL_Driver/Src/stm32g0xx_hal_tim_ex.c ****   if (TIM_CHANNEL_N_STATE_GET(htim, Channel) != HAL_TIM_CHANNEL_STATE_READY)
 3169              		.loc 1 1119 46
 3170 000a 3B68     		ldr	r3, [r7]
 3171 000c 002B     		cmp	r3, #0
 3172 000e 08D1     		bne	.L205
 3173              		.loc 1 1119 7 discriminator 1
 3174 0010 7B68     		ldr	r3, [r7, #4]
 3175 0012 4422     		movs	r2, #68
 3176 0014 9B5C     		ldrb	r3, [r3, r2]
ARM GAS  C:\Users\a_hae\AppData\Local\Temp\ccujrzwF.s 			page 76


 3177 0016 DBB2     		uxtb	r3, r3
 3178              		.loc 1 1119 46 discriminator 1
 3179 0018 013B     		subs	r3, r3, #1
 3180 001a 5A1E     		subs	r2, r3, #1
 3181 001c 9341     		sbcs	r3, r3, r2
 3182 001e DBB2     		uxtb	r3, r3
 3183 0020 1FE0     		b	.L206
 3184              	.L205:
 3185              		.loc 1 1119 46 is_stmt 0 discriminator 2
 3186 0022 3B68     		ldr	r3, [r7]
 3187 0024 042B     		cmp	r3, #4
 3188 0026 08D1     		bne	.L207
 3189              		.loc 1 1119 7 is_stmt 1 discriminator 4
 3190 0028 7B68     		ldr	r3, [r7, #4]
 3191 002a 4522     		movs	r2, #69
 3192 002c 9B5C     		ldrb	r3, [r3, r2]
 3193 002e DBB2     		uxtb	r3, r3
 3194              		.loc 1 1119 46 discriminator 4
 3195 0030 013B     		subs	r3, r3, #1
 3196 0032 5A1E     		subs	r2, r3, #1
 3197 0034 9341     		sbcs	r3, r3, r2
 3198 0036 DBB2     		uxtb	r3, r3
 3199 0038 13E0     		b	.L206
 3200              	.L207:
 3201              		.loc 1 1119 46 is_stmt 0 discriminator 5
 3202 003a 3B68     		ldr	r3, [r7]
 3203 003c 082B     		cmp	r3, #8
 3204 003e 08D1     		bne	.L209
 3205              		.loc 1 1119 7 is_stmt 1 discriminator 7
 3206 0040 7B68     		ldr	r3, [r7, #4]
 3207 0042 4622     		movs	r2, #70
 3208 0044 9B5C     		ldrb	r3, [r3, r2]
 3209 0046 DBB2     		uxtb	r3, r3
 3210              		.loc 1 1119 46 discriminator 7
 3211 0048 013B     		subs	r3, r3, #1
 3212 004a 5A1E     		subs	r2, r3, #1
 3213 004c 9341     		sbcs	r3, r3, r2
 3214 004e DBB2     		uxtb	r3, r3
 3215 0050 07E0     		b	.L206
 3216              	.L209:
 3217              		.loc 1 1119 7 discriminator 8
 3218 0052 7B68     		ldr	r3, [r7, #4]
 3219 0054 4722     		movs	r2, #71
 3220 0056 9B5C     		ldrb	r3, [r3, r2]
 3221 0058 DBB2     		uxtb	r3, r3
 3222              		.loc 1 1119 46 discriminator 8
 3223 005a 013B     		subs	r3, r3, #1
 3224 005c 5A1E     		subs	r2, r3, #1
 3225 005e 9341     		sbcs	r3, r3, r2
 3226 0060 DBB2     		uxtb	r3, r3
 3227              	.L206:
 3228              		.loc 1 1119 6 discriminator 12
 3229 0062 002B     		cmp	r3, #0
 3230 0064 01D0     		beq	.L211
1120:Drivers/STM32G0xx_HAL_Driver/Src/stm32g0xx_hal_tim_ex.c ****   {
1121:Drivers/STM32G0xx_HAL_Driver/Src/stm32g0xx_hal_tim_ex.c ****     return HAL_ERROR;
 3231              		.loc 1 1121 12
ARM GAS  C:\Users\a_hae\AppData\Local\Temp\ccujrzwF.s 			page 77


 3232 0066 0123     		movs	r3, #1
 3233 0068 67E0     		b	.L212
 3234              	.L211:
1122:Drivers/STM32G0xx_HAL_Driver/Src/stm32g0xx_hal_tim_ex.c ****   }
1123:Drivers/STM32G0xx_HAL_Driver/Src/stm32g0xx_hal_tim_ex.c **** 
1124:Drivers/STM32G0xx_HAL_Driver/Src/stm32g0xx_hal_tim_ex.c ****   /* Set the TIM complementary channel state */
1125:Drivers/STM32G0xx_HAL_Driver/Src/stm32g0xx_hal_tim_ex.c ****   TIM_CHANNEL_N_STATE_SET(htim, Channel, HAL_TIM_CHANNEL_STATE_BUSY);
 3235              		.loc 1 1125 3
 3236 006a 3B68     		ldr	r3, [r7]
 3237 006c 002B     		cmp	r3, #0
 3238 006e 04D1     		bne	.L213
 3239              		.loc 1 1125 3 is_stmt 0 discriminator 1
 3240 0070 7B68     		ldr	r3, [r7, #4]
 3241 0072 4422     		movs	r2, #68
 3242 0074 0221     		movs	r1, #2
 3243 0076 9954     		strb	r1, [r3, r2]
 3244 0078 13E0     		b	.L214
 3245              	.L213:
 3246              		.loc 1 1125 3 discriminator 2
 3247 007a 3B68     		ldr	r3, [r7]
 3248 007c 042B     		cmp	r3, #4
 3249 007e 04D1     		bne	.L215
 3250              		.loc 1 1125 3 discriminator 3
 3251 0080 7B68     		ldr	r3, [r7, #4]
 3252 0082 4522     		movs	r2, #69
 3253 0084 0221     		movs	r1, #2
 3254 0086 9954     		strb	r1, [r3, r2]
 3255 0088 0BE0     		b	.L214
 3256              	.L215:
 3257              		.loc 1 1125 3 discriminator 4
 3258 008a 3B68     		ldr	r3, [r7]
 3259 008c 082B     		cmp	r3, #8
 3260 008e 04D1     		bne	.L217
 3261              		.loc 1 1125 3 discriminator 6
 3262 0090 7B68     		ldr	r3, [r7, #4]
 3263 0092 4622     		movs	r2, #70
 3264 0094 0221     		movs	r1, #2
 3265 0096 9954     		strb	r1, [r3, r2]
 3266 0098 03E0     		b	.L214
 3267              	.L217:
 3268              		.loc 1 1125 3 discriminator 7
 3269 009a 7B68     		ldr	r3, [r7, #4]
 3270 009c 4722     		movs	r2, #71
 3271 009e 0221     		movs	r1, #2
 3272 00a0 9954     		strb	r1, [r3, r2]
 3273              	.L214:
1126:Drivers/STM32G0xx_HAL_Driver/Src/stm32g0xx_hal_tim_ex.c **** 
1127:Drivers/STM32G0xx_HAL_Driver/Src/stm32g0xx_hal_tim_ex.c ****   /* Enable the complementary PWM output  */
1128:Drivers/STM32G0xx_HAL_Driver/Src/stm32g0xx_hal_tim_ex.c ****   TIM_CCxNChannelCmd(htim->Instance, Channel, TIM_CCxN_ENABLE);
 3274              		.loc 1 1128 3 is_stmt 1
 3275 00a2 7B68     		ldr	r3, [r7, #4]
 3276 00a4 1B68     		ldr	r3, [r3]
 3277 00a6 3968     		ldr	r1, [r7]
 3278 00a8 0422     		movs	r2, #4
 3279 00aa 1800     		movs	r0, r3
 3280 00ac FFF7FEFF 		bl	TIM_CCxNChannelCmd
1129:Drivers/STM32G0xx_HAL_Driver/Src/stm32g0xx_hal_tim_ex.c **** 
ARM GAS  C:\Users\a_hae\AppData\Local\Temp\ccujrzwF.s 			page 78


1130:Drivers/STM32G0xx_HAL_Driver/Src/stm32g0xx_hal_tim_ex.c ****   /* Enable the Main Output */
1131:Drivers/STM32G0xx_HAL_Driver/Src/stm32g0xx_hal_tim_ex.c ****   __HAL_TIM_MOE_ENABLE(htim);
 3281              		.loc 1 1131 3
 3282 00b0 7B68     		ldr	r3, [r7, #4]
 3283 00b2 1B68     		ldr	r3, [r3]
 3284 00b4 5A6C     		ldr	r2, [r3, #68]
 3285 00b6 7B68     		ldr	r3, [r7, #4]
 3286 00b8 1B68     		ldr	r3, [r3]
 3287 00ba 8021     		movs	r1, #128
 3288 00bc 0902     		lsls	r1, r1, #8
 3289 00be 0A43     		orrs	r2, r1
 3290 00c0 5A64     		str	r2, [r3, #68]
1132:Drivers/STM32G0xx_HAL_Driver/Src/stm32g0xx_hal_tim_ex.c **** 
1133:Drivers/STM32G0xx_HAL_Driver/Src/stm32g0xx_hal_tim_ex.c ****   /* Enable the Peripheral, except in trigger mode where enable is automatically done with trigger 
1134:Drivers/STM32G0xx_HAL_Driver/Src/stm32g0xx_hal_tim_ex.c ****   if (IS_TIM_SLAVE_INSTANCE(htim->Instance))
 3291              		.loc 1 1134 7
 3292 00c2 7B68     		ldr	r3, [r7, #4]
 3293 00c4 1B68     		ldr	r3, [r3]
 3294              		.loc 1 1134 6
 3295 00c6 1F4A     		ldr	r2, .L224
 3296 00c8 9342     		cmp	r3, r2
 3297 00ca 14D0     		beq	.L219
 3298              		.loc 1 1134 7 discriminator 1
 3299 00cc 7B68     		ldr	r3, [r7, #4]
 3300 00ce 1A68     		ldr	r2, [r3]
 3301 00d0 8023     		movs	r3, #128
 3302 00d2 DB05     		lsls	r3, r3, #23
 3303 00d4 9A42     		cmp	r2, r3
 3304 00d6 0ED0     		beq	.L219
 3305              		.loc 1 1134 7 is_stmt 0 discriminator 2
 3306 00d8 7B68     		ldr	r3, [r7, #4]
 3307 00da 1B68     		ldr	r3, [r3]
 3308 00dc 1A4A     		ldr	r2, .L224+4
 3309 00de 9342     		cmp	r3, r2
 3310 00e0 09D0     		beq	.L219
 3311              		.loc 1 1134 7 discriminator 3
 3312 00e2 7B68     		ldr	r3, [r7, #4]
 3313 00e4 1B68     		ldr	r3, [r3]
 3314 00e6 194A     		ldr	r2, .L224+8
 3315 00e8 9342     		cmp	r3, r2
 3316 00ea 04D0     		beq	.L219
 3317              		.loc 1 1134 7 discriminator 4
 3318 00ec 7B68     		ldr	r3, [r7, #4]
 3319 00ee 1B68     		ldr	r3, [r3]
 3320 00f0 174A     		ldr	r2, .L224+12
 3321 00f2 9342     		cmp	r3, r2
 3322 00f4 16D1     		bne	.L220
 3323              	.L219:
1135:Drivers/STM32G0xx_HAL_Driver/Src/stm32g0xx_hal_tim_ex.c ****   {
1136:Drivers/STM32G0xx_HAL_Driver/Src/stm32g0xx_hal_tim_ex.c ****     tmpsmcr = htim->Instance->SMCR & TIM_SMCR_SMS;
 3324              		.loc 1 1136 19 is_stmt 1
 3325 00f6 7B68     		ldr	r3, [r7, #4]
 3326 00f8 1B68     		ldr	r3, [r3]
 3327              		.loc 1 1136 29
 3328 00fa 9B68     		ldr	r3, [r3, #8]
 3329              		.loc 1 1136 13
 3330 00fc 154A     		ldr	r2, .L224+16
ARM GAS  C:\Users\a_hae\AppData\Local\Temp\ccujrzwF.s 			page 79


 3331 00fe 1340     		ands	r3, r2
 3332 0100 FB60     		str	r3, [r7, #12]
1137:Drivers/STM32G0xx_HAL_Driver/Src/stm32g0xx_hal_tim_ex.c ****     if (!IS_TIM_SLAVEMODE_TRIGGER_ENABLED(tmpsmcr))
 3333              		.loc 1 1137 8
 3334 0102 FB68     		ldr	r3, [r7, #12]
 3335 0104 062B     		cmp	r3, #6
 3336 0106 16D0     		beq	.L223
 3337              		.loc 1 1137 9 discriminator 1
 3338 0108 FA68     		ldr	r2, [r7, #12]
 3339 010a 8023     		movs	r3, #128
 3340 010c 5B02     		lsls	r3, r3, #9
 3341 010e 9A42     		cmp	r2, r3
 3342 0110 11D0     		beq	.L223
1138:Drivers/STM32G0xx_HAL_Driver/Src/stm32g0xx_hal_tim_ex.c ****     {
1139:Drivers/STM32G0xx_HAL_Driver/Src/stm32g0xx_hal_tim_ex.c ****       __HAL_TIM_ENABLE(htim);
 3343              		.loc 1 1139 7
 3344 0112 7B68     		ldr	r3, [r7, #4]
 3345 0114 1B68     		ldr	r3, [r3]
 3346 0116 1A68     		ldr	r2, [r3]
 3347 0118 7B68     		ldr	r3, [r7, #4]
 3348 011a 1B68     		ldr	r3, [r3]
 3349 011c 0121     		movs	r1, #1
 3350 011e 0A43     		orrs	r2, r1
 3351 0120 1A60     		str	r2, [r3]
1137:Drivers/STM32G0xx_HAL_Driver/Src/stm32g0xx_hal_tim_ex.c ****     if (!IS_TIM_SLAVEMODE_TRIGGER_ENABLED(tmpsmcr))
 3352              		.loc 1 1137 8
 3353 0122 08E0     		b	.L223
 3354              	.L220:
1140:Drivers/STM32G0xx_HAL_Driver/Src/stm32g0xx_hal_tim_ex.c ****     }
1141:Drivers/STM32G0xx_HAL_Driver/Src/stm32g0xx_hal_tim_ex.c ****   }
1142:Drivers/STM32G0xx_HAL_Driver/Src/stm32g0xx_hal_tim_ex.c ****   else
1143:Drivers/STM32G0xx_HAL_Driver/Src/stm32g0xx_hal_tim_ex.c ****   {
1144:Drivers/STM32G0xx_HAL_Driver/Src/stm32g0xx_hal_tim_ex.c ****     __HAL_TIM_ENABLE(htim);
 3355              		.loc 1 1144 5
 3356 0124 7B68     		ldr	r3, [r7, #4]
 3357 0126 1B68     		ldr	r3, [r3]
 3358 0128 1A68     		ldr	r2, [r3]
 3359 012a 7B68     		ldr	r3, [r7, #4]
 3360 012c 1B68     		ldr	r3, [r3]
 3361 012e 0121     		movs	r1, #1
 3362 0130 0A43     		orrs	r2, r1
 3363 0132 1A60     		str	r2, [r3]
 3364 0134 00E0     		b	.L222
 3365              	.L223:
1137:Drivers/STM32G0xx_HAL_Driver/Src/stm32g0xx_hal_tim_ex.c ****     {
 3366              		.loc 1 1137 8
 3367 0136 C046     		nop
 3368              	.L222:
1145:Drivers/STM32G0xx_HAL_Driver/Src/stm32g0xx_hal_tim_ex.c ****   }
1146:Drivers/STM32G0xx_HAL_Driver/Src/stm32g0xx_hal_tim_ex.c **** 
1147:Drivers/STM32G0xx_HAL_Driver/Src/stm32g0xx_hal_tim_ex.c ****   /* Return function status */
1148:Drivers/STM32G0xx_HAL_Driver/Src/stm32g0xx_hal_tim_ex.c ****   return HAL_OK;
 3369              		.loc 1 1148 10
 3370 0138 0023     		movs	r3, #0
 3371              	.L212:
1149:Drivers/STM32G0xx_HAL_Driver/Src/stm32g0xx_hal_tim_ex.c **** }
 3372              		.loc 1 1149 1
ARM GAS  C:\Users\a_hae\AppData\Local\Temp\ccujrzwF.s 			page 80


 3373 013a 1800     		movs	r0, r3
 3374 013c BD46     		mov	sp, r7
 3375 013e 04B0     		add	sp, sp, #16
 3376              		@ sp needed
 3377 0140 80BD     		pop	{r7, pc}
 3378              	.L225:
 3379 0142 C046     		.align	2
 3380              	.L224:
 3381 0144 002C0140 		.word	1073818624
 3382 0148 00040040 		.word	1073742848
 3383 014c 00080040 		.word	1073743872
 3384 0150 00400140 		.word	1073823744
 3385 0154 07000100 		.word	65543
 3386              		.cfi_endproc
 3387              	.LFE379:
 3389              		.section	.text.HAL_TIMEx_PWMN_Stop,"ax",%progbits
 3390              		.align	1
 3391              		.global	HAL_TIMEx_PWMN_Stop
 3392              		.syntax unified
 3393              		.code	16
 3394              		.thumb_func
 3396              	HAL_TIMEx_PWMN_Stop:
 3397              	.LFB380:
1150:Drivers/STM32G0xx_HAL_Driver/Src/stm32g0xx_hal_tim_ex.c **** 
1151:Drivers/STM32G0xx_HAL_Driver/Src/stm32g0xx_hal_tim_ex.c **** /**
1152:Drivers/STM32G0xx_HAL_Driver/Src/stm32g0xx_hal_tim_ex.c ****   * @brief  Stops the PWM signal generation on the complementary output.
1153:Drivers/STM32G0xx_HAL_Driver/Src/stm32g0xx_hal_tim_ex.c ****   * @param  htim TIM handle
1154:Drivers/STM32G0xx_HAL_Driver/Src/stm32g0xx_hal_tim_ex.c ****   * @param  Channel TIM Channel to be disabled
1155:Drivers/STM32G0xx_HAL_Driver/Src/stm32g0xx_hal_tim_ex.c ****   *          This parameter can be one of the following values:
1156:Drivers/STM32G0xx_HAL_Driver/Src/stm32g0xx_hal_tim_ex.c ****   *            @arg TIM_CHANNEL_1: TIM Channel 1 selected
1157:Drivers/STM32G0xx_HAL_Driver/Src/stm32g0xx_hal_tim_ex.c ****   *            @arg TIM_CHANNEL_2: TIM Channel 2 selected
1158:Drivers/STM32G0xx_HAL_Driver/Src/stm32g0xx_hal_tim_ex.c ****   *            @arg TIM_CHANNEL_3: TIM Channel 3 selected
1159:Drivers/STM32G0xx_HAL_Driver/Src/stm32g0xx_hal_tim_ex.c ****   * @retval HAL status
1160:Drivers/STM32G0xx_HAL_Driver/Src/stm32g0xx_hal_tim_ex.c ****   */
1161:Drivers/STM32G0xx_HAL_Driver/Src/stm32g0xx_hal_tim_ex.c **** HAL_StatusTypeDef HAL_TIMEx_PWMN_Stop(TIM_HandleTypeDef *htim, uint32_t Channel)
1162:Drivers/STM32G0xx_HAL_Driver/Src/stm32g0xx_hal_tim_ex.c **** {
 3398              		.loc 1 1162 1
 3399              		.cfi_startproc
 3400              		@ args = 0, pretend = 0, frame = 8
 3401              		@ frame_needed = 1, uses_anonymous_args = 0
 3402 0000 80B5     		push	{r7, lr}
 3403              	.LCFI51:
 3404              		.cfi_def_cfa_offset 8
 3405              		.cfi_offset 7, -8
 3406              		.cfi_offset 14, -4
 3407 0002 82B0     		sub	sp, sp, #8
 3408              	.LCFI52:
 3409              		.cfi_def_cfa_offset 16
 3410 0004 00AF     		add	r7, sp, #0
 3411              	.LCFI53:
 3412              		.cfi_def_cfa_register 7
 3413 0006 7860     		str	r0, [r7, #4]
 3414 0008 3960     		str	r1, [r7]
1163:Drivers/STM32G0xx_HAL_Driver/Src/stm32g0xx_hal_tim_ex.c ****   /* Check the parameters */
1164:Drivers/STM32G0xx_HAL_Driver/Src/stm32g0xx_hal_tim_ex.c ****   assert_param(IS_TIM_CCXN_INSTANCE(htim->Instance, Channel));
1165:Drivers/STM32G0xx_HAL_Driver/Src/stm32g0xx_hal_tim_ex.c **** 
1166:Drivers/STM32G0xx_HAL_Driver/Src/stm32g0xx_hal_tim_ex.c ****   /* Disable the complementary PWM output  */
ARM GAS  C:\Users\a_hae\AppData\Local\Temp\ccujrzwF.s 			page 81


1167:Drivers/STM32G0xx_HAL_Driver/Src/stm32g0xx_hal_tim_ex.c ****   TIM_CCxNChannelCmd(htim->Instance, Channel, TIM_CCxN_DISABLE);
 3415              		.loc 1 1167 3
 3416 000a 7B68     		ldr	r3, [r7, #4]
 3417 000c 1B68     		ldr	r3, [r3]
 3418 000e 3968     		ldr	r1, [r7]
 3419 0010 0022     		movs	r2, #0
 3420 0012 1800     		movs	r0, r3
 3421 0014 FFF7FEFF 		bl	TIM_CCxNChannelCmd
1168:Drivers/STM32G0xx_HAL_Driver/Src/stm32g0xx_hal_tim_ex.c **** 
1169:Drivers/STM32G0xx_HAL_Driver/Src/stm32g0xx_hal_tim_ex.c ****   /* Disable the Main Output */
1170:Drivers/STM32G0xx_HAL_Driver/Src/stm32g0xx_hal_tim_ex.c ****   __HAL_TIM_MOE_DISABLE(htim);
 3422              		.loc 1 1170 3
 3423 0018 7B68     		ldr	r3, [r7, #4]
 3424 001a 1B68     		ldr	r3, [r3]
 3425 001c 1B6A     		ldr	r3, [r3, #32]
 3426 001e 234A     		ldr	r2, .L236
 3427 0020 1340     		ands	r3, r2
 3428 0022 0DD1     		bne	.L227
 3429              		.loc 1 1170 3 is_stmt 0 discriminator 1
 3430 0024 7B68     		ldr	r3, [r7, #4]
 3431 0026 1B68     		ldr	r3, [r3]
 3432 0028 1B6A     		ldr	r3, [r3, #32]
 3433 002a 214A     		ldr	r2, .L236+4
 3434 002c 1340     		ands	r3, r2
 3435 002e 07D1     		bne	.L227
 3436              		.loc 1 1170 3 discriminator 2
 3437 0030 7B68     		ldr	r3, [r7, #4]
 3438 0032 1B68     		ldr	r3, [r3]
 3439 0034 5A6C     		ldr	r2, [r3, #68]
 3440 0036 7B68     		ldr	r3, [r7, #4]
 3441 0038 1B68     		ldr	r3, [r3]
 3442 003a 1E49     		ldr	r1, .L236+8
 3443 003c 0A40     		ands	r2, r1
 3444 003e 5A64     		str	r2, [r3, #68]
 3445              	.L227:
1171:Drivers/STM32G0xx_HAL_Driver/Src/stm32g0xx_hal_tim_ex.c **** 
1172:Drivers/STM32G0xx_HAL_Driver/Src/stm32g0xx_hal_tim_ex.c ****   /* Disable the Peripheral */
1173:Drivers/STM32G0xx_HAL_Driver/Src/stm32g0xx_hal_tim_ex.c ****   __HAL_TIM_DISABLE(htim);
 3446              		.loc 1 1173 3 is_stmt 1
 3447 0040 7B68     		ldr	r3, [r7, #4]
 3448 0042 1B68     		ldr	r3, [r3]
 3449 0044 1B6A     		ldr	r3, [r3, #32]
 3450 0046 194A     		ldr	r2, .L236
 3451 0048 1340     		ands	r3, r2
 3452 004a 0DD1     		bne	.L228
 3453              		.loc 1 1173 3 is_stmt 0 discriminator 1
 3454 004c 7B68     		ldr	r3, [r7, #4]
 3455 004e 1B68     		ldr	r3, [r3]
 3456 0050 1B6A     		ldr	r3, [r3, #32]
 3457 0052 174A     		ldr	r2, .L236+4
 3458 0054 1340     		ands	r3, r2
 3459 0056 07D1     		bne	.L228
 3460              		.loc 1 1173 3 discriminator 2
 3461 0058 7B68     		ldr	r3, [r7, #4]
 3462 005a 1B68     		ldr	r3, [r3]
 3463 005c 1A68     		ldr	r2, [r3]
 3464 005e 7B68     		ldr	r3, [r7, #4]
ARM GAS  C:\Users\a_hae\AppData\Local\Temp\ccujrzwF.s 			page 82


 3465 0060 1B68     		ldr	r3, [r3]
 3466 0062 0121     		movs	r1, #1
 3467 0064 8A43     		bics	r2, r1
 3468 0066 1A60     		str	r2, [r3]
 3469              	.L228:
1174:Drivers/STM32G0xx_HAL_Driver/Src/stm32g0xx_hal_tim_ex.c **** 
1175:Drivers/STM32G0xx_HAL_Driver/Src/stm32g0xx_hal_tim_ex.c ****   /* Set the TIM complementary channel state */
1176:Drivers/STM32G0xx_HAL_Driver/Src/stm32g0xx_hal_tim_ex.c ****   TIM_CHANNEL_N_STATE_SET(htim, Channel, HAL_TIM_CHANNEL_STATE_READY);
 3470              		.loc 1 1176 3 is_stmt 1
 3471 0068 3B68     		ldr	r3, [r7]
 3472 006a 002B     		cmp	r3, #0
 3473 006c 04D1     		bne	.L229
 3474              		.loc 1 1176 3 is_stmt 0 discriminator 1
 3475 006e 7B68     		ldr	r3, [r7, #4]
 3476 0070 4422     		movs	r2, #68
 3477 0072 0121     		movs	r1, #1
 3478 0074 9954     		strb	r1, [r3, r2]
 3479 0076 13E0     		b	.L230
 3480              	.L229:
 3481              		.loc 1 1176 3 discriminator 2
 3482 0078 3B68     		ldr	r3, [r7]
 3483 007a 042B     		cmp	r3, #4
 3484 007c 04D1     		bne	.L231
 3485              		.loc 1 1176 3 discriminator 3
 3486 007e 7B68     		ldr	r3, [r7, #4]
 3487 0080 4522     		movs	r2, #69
 3488 0082 0121     		movs	r1, #1
 3489 0084 9954     		strb	r1, [r3, r2]
 3490 0086 0BE0     		b	.L230
 3491              	.L231:
 3492              		.loc 1 1176 3 discriminator 4
 3493 0088 3B68     		ldr	r3, [r7]
 3494 008a 082B     		cmp	r3, #8
 3495 008c 04D1     		bne	.L233
 3496              		.loc 1 1176 3 discriminator 6
 3497 008e 7B68     		ldr	r3, [r7, #4]
 3498 0090 4622     		movs	r2, #70
 3499 0092 0121     		movs	r1, #1
 3500 0094 9954     		strb	r1, [r3, r2]
 3501 0096 03E0     		b	.L230
 3502              	.L233:
 3503              		.loc 1 1176 3 discriminator 7
 3504 0098 7B68     		ldr	r3, [r7, #4]
 3505 009a 4722     		movs	r2, #71
 3506 009c 0121     		movs	r1, #1
 3507 009e 9954     		strb	r1, [r3, r2]
 3508              	.L230:
1177:Drivers/STM32G0xx_HAL_Driver/Src/stm32g0xx_hal_tim_ex.c **** 
1178:Drivers/STM32G0xx_HAL_Driver/Src/stm32g0xx_hal_tim_ex.c ****   /* Return function status */
1179:Drivers/STM32G0xx_HAL_Driver/Src/stm32g0xx_hal_tim_ex.c ****   return HAL_OK;
 3509              		.loc 1 1179 10 is_stmt 1
 3510 00a0 0023     		movs	r3, #0
1180:Drivers/STM32G0xx_HAL_Driver/Src/stm32g0xx_hal_tim_ex.c **** }
 3511              		.loc 1 1180 1
 3512 00a2 1800     		movs	r0, r3
 3513 00a4 BD46     		mov	sp, r7
 3514 00a6 02B0     		add	sp, sp, #8
ARM GAS  C:\Users\a_hae\AppData\Local\Temp\ccujrzwF.s 			page 83


 3515              		@ sp needed
 3516 00a8 80BD     		pop	{r7, pc}
 3517              	.L237:
 3518 00aa C046     		.align	2
 3519              	.L236:
 3520 00ac 11110000 		.word	4369
 3521 00b0 44040000 		.word	1092
 3522 00b4 FF7FFFFF 		.word	-32769
 3523              		.cfi_endproc
 3524              	.LFE380:
 3526              		.section	.text.HAL_TIMEx_PWMN_Start_IT,"ax",%progbits
 3527              		.align	1
 3528              		.global	HAL_TIMEx_PWMN_Start_IT
 3529              		.syntax unified
 3530              		.code	16
 3531              		.thumb_func
 3533              	HAL_TIMEx_PWMN_Start_IT:
 3534              	.LFB381:
1181:Drivers/STM32G0xx_HAL_Driver/Src/stm32g0xx_hal_tim_ex.c **** 
1182:Drivers/STM32G0xx_HAL_Driver/Src/stm32g0xx_hal_tim_ex.c **** /**
1183:Drivers/STM32G0xx_HAL_Driver/Src/stm32g0xx_hal_tim_ex.c ****   * @brief  Starts the PWM signal generation in interrupt mode on the
1184:Drivers/STM32G0xx_HAL_Driver/Src/stm32g0xx_hal_tim_ex.c ****   *         complementary output.
1185:Drivers/STM32G0xx_HAL_Driver/Src/stm32g0xx_hal_tim_ex.c ****   * @param  htim TIM handle
1186:Drivers/STM32G0xx_HAL_Driver/Src/stm32g0xx_hal_tim_ex.c ****   * @param  Channel TIM Channel to be disabled
1187:Drivers/STM32G0xx_HAL_Driver/Src/stm32g0xx_hal_tim_ex.c ****   *          This parameter can be one of the following values:
1188:Drivers/STM32G0xx_HAL_Driver/Src/stm32g0xx_hal_tim_ex.c ****   *            @arg TIM_CHANNEL_1: TIM Channel 1 selected
1189:Drivers/STM32G0xx_HAL_Driver/Src/stm32g0xx_hal_tim_ex.c ****   *            @arg TIM_CHANNEL_2: TIM Channel 2 selected
1190:Drivers/STM32G0xx_HAL_Driver/Src/stm32g0xx_hal_tim_ex.c ****   *            @arg TIM_CHANNEL_3: TIM Channel 3 selected
1191:Drivers/STM32G0xx_HAL_Driver/Src/stm32g0xx_hal_tim_ex.c ****   * @retval HAL status
1192:Drivers/STM32G0xx_HAL_Driver/Src/stm32g0xx_hal_tim_ex.c ****   */
1193:Drivers/STM32G0xx_HAL_Driver/Src/stm32g0xx_hal_tim_ex.c **** HAL_StatusTypeDef HAL_TIMEx_PWMN_Start_IT(TIM_HandleTypeDef *htim, uint32_t Channel)
1194:Drivers/STM32G0xx_HAL_Driver/Src/stm32g0xx_hal_tim_ex.c **** {
 3535              		.loc 1 1194 1
 3536              		.cfi_startproc
 3537              		@ args = 0, pretend = 0, frame = 16
 3538              		@ frame_needed = 1, uses_anonymous_args = 0
 3539 0000 80B5     		push	{r7, lr}
 3540              	.LCFI54:
 3541              		.cfi_def_cfa_offset 8
 3542              		.cfi_offset 7, -8
 3543              		.cfi_offset 14, -4
 3544 0002 84B0     		sub	sp, sp, #16
 3545              	.LCFI55:
 3546              		.cfi_def_cfa_offset 24
 3547 0004 00AF     		add	r7, sp, #0
 3548              	.LCFI56:
 3549              		.cfi_def_cfa_register 7
 3550 0006 7860     		str	r0, [r7, #4]
 3551 0008 3960     		str	r1, [r7]
1195:Drivers/STM32G0xx_HAL_Driver/Src/stm32g0xx_hal_tim_ex.c ****   HAL_StatusTypeDef status = HAL_OK;
 3552              		.loc 1 1195 21
 3553 000a 0F23     		movs	r3, #15
 3554 000c FB18     		adds	r3, r7, r3
 3555 000e 0022     		movs	r2, #0
 3556 0010 1A70     		strb	r2, [r3]
1196:Drivers/STM32G0xx_HAL_Driver/Src/stm32g0xx_hal_tim_ex.c ****   uint32_t tmpsmcr;
1197:Drivers/STM32G0xx_HAL_Driver/Src/stm32g0xx_hal_tim_ex.c **** 
ARM GAS  C:\Users\a_hae\AppData\Local\Temp\ccujrzwF.s 			page 84


1198:Drivers/STM32G0xx_HAL_Driver/Src/stm32g0xx_hal_tim_ex.c ****   /* Check the parameters */
1199:Drivers/STM32G0xx_HAL_Driver/Src/stm32g0xx_hal_tim_ex.c ****   assert_param(IS_TIM_CCXN_INSTANCE(htim->Instance, Channel));
1200:Drivers/STM32G0xx_HAL_Driver/Src/stm32g0xx_hal_tim_ex.c **** 
1201:Drivers/STM32G0xx_HAL_Driver/Src/stm32g0xx_hal_tim_ex.c ****   /* Check the TIM complementary channel state */
1202:Drivers/STM32G0xx_HAL_Driver/Src/stm32g0xx_hal_tim_ex.c ****   if (TIM_CHANNEL_N_STATE_GET(htim, Channel) != HAL_TIM_CHANNEL_STATE_READY)
 3557              		.loc 1 1202 46
 3558 0012 3B68     		ldr	r3, [r7]
 3559 0014 002B     		cmp	r3, #0
 3560 0016 08D1     		bne	.L239
 3561              		.loc 1 1202 7 discriminator 1
 3562 0018 7B68     		ldr	r3, [r7, #4]
 3563 001a 4422     		movs	r2, #68
 3564 001c 9B5C     		ldrb	r3, [r3, r2]
 3565 001e DBB2     		uxtb	r3, r3
 3566              		.loc 1 1202 46 discriminator 1
 3567 0020 013B     		subs	r3, r3, #1
 3568 0022 5A1E     		subs	r2, r3, #1
 3569 0024 9341     		sbcs	r3, r3, r2
 3570 0026 DBB2     		uxtb	r3, r3
 3571 0028 1FE0     		b	.L240
 3572              	.L239:
 3573              		.loc 1 1202 46 is_stmt 0 discriminator 2
 3574 002a 3B68     		ldr	r3, [r7]
 3575 002c 042B     		cmp	r3, #4
 3576 002e 08D1     		bne	.L241
 3577              		.loc 1 1202 7 is_stmt 1 discriminator 4
 3578 0030 7B68     		ldr	r3, [r7, #4]
 3579 0032 4522     		movs	r2, #69
 3580 0034 9B5C     		ldrb	r3, [r3, r2]
 3581 0036 DBB2     		uxtb	r3, r3
 3582              		.loc 1 1202 46 discriminator 4
 3583 0038 013B     		subs	r3, r3, #1
 3584 003a 5A1E     		subs	r2, r3, #1
 3585 003c 9341     		sbcs	r3, r3, r2
 3586 003e DBB2     		uxtb	r3, r3
 3587 0040 13E0     		b	.L240
 3588              	.L241:
 3589              		.loc 1 1202 46 is_stmt 0 discriminator 5
 3590 0042 3B68     		ldr	r3, [r7]
 3591 0044 082B     		cmp	r3, #8
 3592 0046 08D1     		bne	.L243
 3593              		.loc 1 1202 7 is_stmt 1 discriminator 7
 3594 0048 7B68     		ldr	r3, [r7, #4]
 3595 004a 4622     		movs	r2, #70
 3596 004c 9B5C     		ldrb	r3, [r3, r2]
 3597 004e DBB2     		uxtb	r3, r3
 3598              		.loc 1 1202 46 discriminator 7
 3599 0050 013B     		subs	r3, r3, #1
 3600 0052 5A1E     		subs	r2, r3, #1
 3601 0054 9341     		sbcs	r3, r3, r2
 3602 0056 DBB2     		uxtb	r3, r3
 3603 0058 07E0     		b	.L240
 3604              	.L243:
 3605              		.loc 1 1202 7 discriminator 8
 3606 005a 7B68     		ldr	r3, [r7, #4]
 3607 005c 4722     		movs	r2, #71
 3608 005e 9B5C     		ldrb	r3, [r3, r2]
ARM GAS  C:\Users\a_hae\AppData\Local\Temp\ccujrzwF.s 			page 85


 3609 0060 DBB2     		uxtb	r3, r3
 3610              		.loc 1 1202 46 discriminator 8
 3611 0062 013B     		subs	r3, r3, #1
 3612 0064 5A1E     		subs	r2, r3, #1
 3613 0066 9341     		sbcs	r3, r3, r2
 3614 0068 DBB2     		uxtb	r3, r3
 3615              	.L240:
 3616              		.loc 1 1202 6 discriminator 12
 3617 006a 002B     		cmp	r3, #0
 3618 006c 01D0     		beq	.L245
1203:Drivers/STM32G0xx_HAL_Driver/Src/stm32g0xx_hal_tim_ex.c ****   {
1204:Drivers/STM32G0xx_HAL_Driver/Src/stm32g0xx_hal_tim_ex.c ****     return HAL_ERROR;
 3619              		.loc 1 1204 12
 3620 006e 0123     		movs	r3, #1
 3621 0070 A3E0     		b	.L246
 3622              	.L245:
1205:Drivers/STM32G0xx_HAL_Driver/Src/stm32g0xx_hal_tim_ex.c ****   }
1206:Drivers/STM32G0xx_HAL_Driver/Src/stm32g0xx_hal_tim_ex.c **** 
1207:Drivers/STM32G0xx_HAL_Driver/Src/stm32g0xx_hal_tim_ex.c ****   /* Set the TIM complementary channel state */
1208:Drivers/STM32G0xx_HAL_Driver/Src/stm32g0xx_hal_tim_ex.c ****   TIM_CHANNEL_N_STATE_SET(htim, Channel, HAL_TIM_CHANNEL_STATE_BUSY);
 3623              		.loc 1 1208 3
 3624 0072 3B68     		ldr	r3, [r7]
 3625 0074 002B     		cmp	r3, #0
 3626 0076 04D1     		bne	.L247
 3627              		.loc 1 1208 3 is_stmt 0 discriminator 1
 3628 0078 7B68     		ldr	r3, [r7, #4]
 3629 007a 4422     		movs	r2, #68
 3630 007c 0221     		movs	r1, #2
 3631 007e 9954     		strb	r1, [r3, r2]
 3632 0080 13E0     		b	.L248
 3633              	.L247:
 3634              		.loc 1 1208 3 discriminator 2
 3635 0082 3B68     		ldr	r3, [r7]
 3636 0084 042B     		cmp	r3, #4
 3637 0086 04D1     		bne	.L249
 3638              		.loc 1 1208 3 discriminator 3
 3639 0088 7B68     		ldr	r3, [r7, #4]
 3640 008a 4522     		movs	r2, #69
 3641 008c 0221     		movs	r1, #2
 3642 008e 9954     		strb	r1, [r3, r2]
 3643 0090 0BE0     		b	.L248
 3644              	.L249:
 3645              		.loc 1 1208 3 discriminator 4
 3646 0092 3B68     		ldr	r3, [r7]
 3647 0094 082B     		cmp	r3, #8
 3648 0096 04D1     		bne	.L251
 3649              		.loc 1 1208 3 discriminator 6
 3650 0098 7B68     		ldr	r3, [r7, #4]
 3651 009a 4622     		movs	r2, #70
 3652 009c 0221     		movs	r1, #2
 3653 009e 9954     		strb	r1, [r3, r2]
 3654 00a0 03E0     		b	.L248
 3655              	.L251:
 3656              		.loc 1 1208 3 discriminator 7
 3657 00a2 7B68     		ldr	r3, [r7, #4]
 3658 00a4 4722     		movs	r2, #71
 3659 00a6 0221     		movs	r1, #2
ARM GAS  C:\Users\a_hae\AppData\Local\Temp\ccujrzwF.s 			page 86


 3660 00a8 9954     		strb	r1, [r3, r2]
 3661              	.L248:
1209:Drivers/STM32G0xx_HAL_Driver/Src/stm32g0xx_hal_tim_ex.c **** 
1210:Drivers/STM32G0xx_HAL_Driver/Src/stm32g0xx_hal_tim_ex.c ****   switch (Channel)
 3662              		.loc 1 1210 3 is_stmt 1
 3663 00aa 3B68     		ldr	r3, [r7]
 3664 00ac 082B     		cmp	r3, #8
 3665 00ae 1BD0     		beq	.L253
 3666 00b0 3B68     		ldr	r3, [r7]
 3667 00b2 082B     		cmp	r3, #8
 3668 00b4 21D8     		bhi	.L254
 3669 00b6 3B68     		ldr	r3, [r7]
 3670 00b8 002B     		cmp	r3, #0
 3671 00ba 03D0     		beq	.L255
 3672 00bc 3B68     		ldr	r3, [r7]
 3673 00be 042B     		cmp	r3, #4
 3674 00c0 09D0     		beq	.L256
 3675 00c2 1AE0     		b	.L254
 3676              	.L255:
1211:Drivers/STM32G0xx_HAL_Driver/Src/stm32g0xx_hal_tim_ex.c ****   {
1212:Drivers/STM32G0xx_HAL_Driver/Src/stm32g0xx_hal_tim_ex.c ****     case TIM_CHANNEL_1:
1213:Drivers/STM32G0xx_HAL_Driver/Src/stm32g0xx_hal_tim_ex.c ****     {
1214:Drivers/STM32G0xx_HAL_Driver/Src/stm32g0xx_hal_tim_ex.c ****       /* Enable the TIM Capture/Compare 1 interrupt */
1215:Drivers/STM32G0xx_HAL_Driver/Src/stm32g0xx_hal_tim_ex.c ****       __HAL_TIM_ENABLE_IT(htim, TIM_IT_CC1);
 3677              		.loc 1 1215 7
 3678 00c4 7B68     		ldr	r3, [r7, #4]
 3679 00c6 1B68     		ldr	r3, [r3]
 3680 00c8 DA68     		ldr	r2, [r3, #12]
 3681 00ca 7B68     		ldr	r3, [r7, #4]
 3682 00cc 1B68     		ldr	r3, [r3]
 3683 00ce 0221     		movs	r1, #2
 3684 00d0 0A43     		orrs	r2, r1
 3685 00d2 DA60     		str	r2, [r3, #12]
1216:Drivers/STM32G0xx_HAL_Driver/Src/stm32g0xx_hal_tim_ex.c ****       break;
 3686              		.loc 1 1216 7
 3687 00d4 16E0     		b	.L257
 3688              	.L256:
1217:Drivers/STM32G0xx_HAL_Driver/Src/stm32g0xx_hal_tim_ex.c ****     }
1218:Drivers/STM32G0xx_HAL_Driver/Src/stm32g0xx_hal_tim_ex.c **** 
1219:Drivers/STM32G0xx_HAL_Driver/Src/stm32g0xx_hal_tim_ex.c ****     case TIM_CHANNEL_2:
1220:Drivers/STM32G0xx_HAL_Driver/Src/stm32g0xx_hal_tim_ex.c ****     {
1221:Drivers/STM32G0xx_HAL_Driver/Src/stm32g0xx_hal_tim_ex.c ****       /* Enable the TIM Capture/Compare 2 interrupt */
1222:Drivers/STM32G0xx_HAL_Driver/Src/stm32g0xx_hal_tim_ex.c ****       __HAL_TIM_ENABLE_IT(htim, TIM_IT_CC2);
 3689              		.loc 1 1222 7
 3690 00d6 7B68     		ldr	r3, [r7, #4]
 3691 00d8 1B68     		ldr	r3, [r3]
 3692 00da DA68     		ldr	r2, [r3, #12]
 3693 00dc 7B68     		ldr	r3, [r7, #4]
 3694 00de 1B68     		ldr	r3, [r3]
 3695 00e0 0421     		movs	r1, #4
 3696 00e2 0A43     		orrs	r2, r1
 3697 00e4 DA60     		str	r2, [r3, #12]
1223:Drivers/STM32G0xx_HAL_Driver/Src/stm32g0xx_hal_tim_ex.c ****       break;
 3698              		.loc 1 1223 7
 3699 00e6 0DE0     		b	.L257
 3700              	.L253:
1224:Drivers/STM32G0xx_HAL_Driver/Src/stm32g0xx_hal_tim_ex.c ****     }
ARM GAS  C:\Users\a_hae\AppData\Local\Temp\ccujrzwF.s 			page 87


1225:Drivers/STM32G0xx_HAL_Driver/Src/stm32g0xx_hal_tim_ex.c **** 
1226:Drivers/STM32G0xx_HAL_Driver/Src/stm32g0xx_hal_tim_ex.c ****     case TIM_CHANNEL_3:
1227:Drivers/STM32G0xx_HAL_Driver/Src/stm32g0xx_hal_tim_ex.c ****     {
1228:Drivers/STM32G0xx_HAL_Driver/Src/stm32g0xx_hal_tim_ex.c ****       /* Enable the TIM Capture/Compare 3 interrupt */
1229:Drivers/STM32G0xx_HAL_Driver/Src/stm32g0xx_hal_tim_ex.c ****       __HAL_TIM_ENABLE_IT(htim, TIM_IT_CC3);
 3701              		.loc 1 1229 7
 3702 00e8 7B68     		ldr	r3, [r7, #4]
 3703 00ea 1B68     		ldr	r3, [r3]
 3704 00ec DA68     		ldr	r2, [r3, #12]
 3705 00ee 7B68     		ldr	r3, [r7, #4]
 3706 00f0 1B68     		ldr	r3, [r3]
 3707 00f2 0821     		movs	r1, #8
 3708 00f4 0A43     		orrs	r2, r1
 3709 00f6 DA60     		str	r2, [r3, #12]
1230:Drivers/STM32G0xx_HAL_Driver/Src/stm32g0xx_hal_tim_ex.c ****       break;
 3710              		.loc 1 1230 7
 3711 00f8 04E0     		b	.L257
 3712              	.L254:
1231:Drivers/STM32G0xx_HAL_Driver/Src/stm32g0xx_hal_tim_ex.c ****     }
1232:Drivers/STM32G0xx_HAL_Driver/Src/stm32g0xx_hal_tim_ex.c **** 
1233:Drivers/STM32G0xx_HAL_Driver/Src/stm32g0xx_hal_tim_ex.c ****     default:
1234:Drivers/STM32G0xx_HAL_Driver/Src/stm32g0xx_hal_tim_ex.c ****       status = HAL_ERROR;
 3713              		.loc 1 1234 14
 3714 00fa 0F23     		movs	r3, #15
 3715 00fc FB18     		adds	r3, r7, r3
 3716 00fe 0122     		movs	r2, #1
 3717 0100 1A70     		strb	r2, [r3]
1235:Drivers/STM32G0xx_HAL_Driver/Src/stm32g0xx_hal_tim_ex.c ****       break;
 3718              		.loc 1 1235 7
 3719 0102 C046     		nop
 3720              	.L257:
1236:Drivers/STM32G0xx_HAL_Driver/Src/stm32g0xx_hal_tim_ex.c ****   }
1237:Drivers/STM32G0xx_HAL_Driver/Src/stm32g0xx_hal_tim_ex.c **** 
1238:Drivers/STM32G0xx_HAL_Driver/Src/stm32g0xx_hal_tim_ex.c ****   if (status == HAL_OK)
 3721              		.loc 1 1238 6
 3722 0104 0F23     		movs	r3, #15
 3723 0106 FB18     		adds	r3, r7, r3
 3724 0108 1B78     		ldrb	r3, [r3]
 3725 010a 002B     		cmp	r3, #0
 3726 010c 52D1     		bne	.L258
1239:Drivers/STM32G0xx_HAL_Driver/Src/stm32g0xx_hal_tim_ex.c ****   {
1240:Drivers/STM32G0xx_HAL_Driver/Src/stm32g0xx_hal_tim_ex.c ****     /* Enable the TIM Break interrupt */
1241:Drivers/STM32G0xx_HAL_Driver/Src/stm32g0xx_hal_tim_ex.c ****     __HAL_TIM_ENABLE_IT(htim, TIM_IT_BREAK);
 3727              		.loc 1 1241 5
 3728 010e 7B68     		ldr	r3, [r7, #4]
 3729 0110 1B68     		ldr	r3, [r3]
 3730 0112 DA68     		ldr	r2, [r3, #12]
 3731 0114 7B68     		ldr	r3, [r7, #4]
 3732 0116 1B68     		ldr	r3, [r3]
 3733 0118 8021     		movs	r1, #128
 3734 011a 0A43     		orrs	r2, r1
 3735 011c DA60     		str	r2, [r3, #12]
1242:Drivers/STM32G0xx_HAL_Driver/Src/stm32g0xx_hal_tim_ex.c **** 
1243:Drivers/STM32G0xx_HAL_Driver/Src/stm32g0xx_hal_tim_ex.c ****     /* Enable the complementary PWM output  */
1244:Drivers/STM32G0xx_HAL_Driver/Src/stm32g0xx_hal_tim_ex.c ****     TIM_CCxNChannelCmd(htim->Instance, Channel, TIM_CCxN_ENABLE);
 3736              		.loc 1 1244 5
 3737 011e 7B68     		ldr	r3, [r7, #4]
ARM GAS  C:\Users\a_hae\AppData\Local\Temp\ccujrzwF.s 			page 88


 3738 0120 1B68     		ldr	r3, [r3]
 3739 0122 3968     		ldr	r1, [r7]
 3740 0124 0422     		movs	r2, #4
 3741 0126 1800     		movs	r0, r3
 3742 0128 FFF7FEFF 		bl	TIM_CCxNChannelCmd
1245:Drivers/STM32G0xx_HAL_Driver/Src/stm32g0xx_hal_tim_ex.c **** 
1246:Drivers/STM32G0xx_HAL_Driver/Src/stm32g0xx_hal_tim_ex.c ****     /* Enable the Main Output */
1247:Drivers/STM32G0xx_HAL_Driver/Src/stm32g0xx_hal_tim_ex.c ****     __HAL_TIM_MOE_ENABLE(htim);
 3743              		.loc 1 1247 5
 3744 012c 7B68     		ldr	r3, [r7, #4]
 3745 012e 1B68     		ldr	r3, [r3]
 3746 0130 5A6C     		ldr	r2, [r3, #68]
 3747 0132 7B68     		ldr	r3, [r7, #4]
 3748 0134 1B68     		ldr	r3, [r3]
 3749 0136 8021     		movs	r1, #128
 3750 0138 0902     		lsls	r1, r1, #8
 3751 013a 0A43     		orrs	r2, r1
 3752 013c 5A64     		str	r2, [r3, #68]
1248:Drivers/STM32G0xx_HAL_Driver/Src/stm32g0xx_hal_tim_ex.c **** 
1249:Drivers/STM32G0xx_HAL_Driver/Src/stm32g0xx_hal_tim_ex.c ****     /* Enable the Peripheral, except in trigger mode where enable is automatically done with trigge
1250:Drivers/STM32G0xx_HAL_Driver/Src/stm32g0xx_hal_tim_ex.c ****     if (IS_TIM_SLAVE_INSTANCE(htim->Instance))
 3753              		.loc 1 1250 9
 3754 013e 7B68     		ldr	r3, [r7, #4]
 3755 0140 1B68     		ldr	r3, [r3]
 3756              		.loc 1 1250 8
 3757 0142 204A     		ldr	r2, .L263
 3758 0144 9342     		cmp	r3, r2
 3759 0146 14D0     		beq	.L259
 3760              		.loc 1 1250 9 discriminator 1
 3761 0148 7B68     		ldr	r3, [r7, #4]
 3762 014a 1A68     		ldr	r2, [r3]
 3763 014c 8023     		movs	r3, #128
 3764 014e DB05     		lsls	r3, r3, #23
 3765 0150 9A42     		cmp	r2, r3
 3766 0152 0ED0     		beq	.L259
 3767              		.loc 1 1250 9 is_stmt 0 discriminator 2
 3768 0154 7B68     		ldr	r3, [r7, #4]
 3769 0156 1B68     		ldr	r3, [r3]
 3770 0158 1B4A     		ldr	r2, .L263+4
 3771 015a 9342     		cmp	r3, r2
 3772 015c 09D0     		beq	.L259
 3773              		.loc 1 1250 9 discriminator 3
 3774 015e 7B68     		ldr	r3, [r7, #4]
 3775 0160 1B68     		ldr	r3, [r3]
 3776 0162 1A4A     		ldr	r2, .L263+8
 3777 0164 9342     		cmp	r3, r2
 3778 0166 04D0     		beq	.L259
 3779              		.loc 1 1250 9 discriminator 4
 3780 0168 7B68     		ldr	r3, [r7, #4]
 3781 016a 1B68     		ldr	r3, [r3]
 3782 016c 184A     		ldr	r2, .L263+12
 3783 016e 9342     		cmp	r3, r2
 3784 0170 16D1     		bne	.L260
 3785              	.L259:
1251:Drivers/STM32G0xx_HAL_Driver/Src/stm32g0xx_hal_tim_ex.c ****     {
1252:Drivers/STM32G0xx_HAL_Driver/Src/stm32g0xx_hal_tim_ex.c ****       tmpsmcr = htim->Instance->SMCR & TIM_SMCR_SMS;
 3786              		.loc 1 1252 21 is_stmt 1
ARM GAS  C:\Users\a_hae\AppData\Local\Temp\ccujrzwF.s 			page 89


 3787 0172 7B68     		ldr	r3, [r7, #4]
 3788 0174 1B68     		ldr	r3, [r3]
 3789              		.loc 1 1252 31
 3790 0176 9B68     		ldr	r3, [r3, #8]
 3791              		.loc 1 1252 15
 3792 0178 164A     		ldr	r2, .L263+16
 3793 017a 1340     		ands	r3, r2
 3794 017c BB60     		str	r3, [r7, #8]
1253:Drivers/STM32G0xx_HAL_Driver/Src/stm32g0xx_hal_tim_ex.c ****       if (!IS_TIM_SLAVEMODE_TRIGGER_ENABLED(tmpsmcr))
 3795              		.loc 1 1253 10
 3796 017e BB68     		ldr	r3, [r7, #8]
 3797 0180 062B     		cmp	r3, #6
 3798 0182 16D0     		beq	.L262
 3799              		.loc 1 1253 11 discriminator 1
 3800 0184 BA68     		ldr	r2, [r7, #8]
 3801 0186 8023     		movs	r3, #128
 3802 0188 5B02     		lsls	r3, r3, #9
 3803 018a 9A42     		cmp	r2, r3
 3804 018c 11D0     		beq	.L262
1254:Drivers/STM32G0xx_HAL_Driver/Src/stm32g0xx_hal_tim_ex.c ****       {
1255:Drivers/STM32G0xx_HAL_Driver/Src/stm32g0xx_hal_tim_ex.c ****         __HAL_TIM_ENABLE(htim);
 3805              		.loc 1 1255 9
 3806 018e 7B68     		ldr	r3, [r7, #4]
 3807 0190 1B68     		ldr	r3, [r3]
 3808 0192 1A68     		ldr	r2, [r3]
 3809 0194 7B68     		ldr	r3, [r7, #4]
 3810 0196 1B68     		ldr	r3, [r3]
 3811 0198 0121     		movs	r1, #1
 3812 019a 0A43     		orrs	r2, r1
 3813 019c 1A60     		str	r2, [r3]
1253:Drivers/STM32G0xx_HAL_Driver/Src/stm32g0xx_hal_tim_ex.c ****       if (!IS_TIM_SLAVEMODE_TRIGGER_ENABLED(tmpsmcr))
 3814              		.loc 1 1253 10
 3815 019e 08E0     		b	.L262
 3816              	.L260:
1256:Drivers/STM32G0xx_HAL_Driver/Src/stm32g0xx_hal_tim_ex.c ****       }
1257:Drivers/STM32G0xx_HAL_Driver/Src/stm32g0xx_hal_tim_ex.c ****     }
1258:Drivers/STM32G0xx_HAL_Driver/Src/stm32g0xx_hal_tim_ex.c ****     else
1259:Drivers/STM32G0xx_HAL_Driver/Src/stm32g0xx_hal_tim_ex.c ****     {
1260:Drivers/STM32G0xx_HAL_Driver/Src/stm32g0xx_hal_tim_ex.c ****       __HAL_TIM_ENABLE(htim);
 3817              		.loc 1 1260 7
 3818 01a0 7B68     		ldr	r3, [r7, #4]
 3819 01a2 1B68     		ldr	r3, [r3]
 3820 01a4 1A68     		ldr	r2, [r3]
 3821 01a6 7B68     		ldr	r3, [r7, #4]
 3822 01a8 1B68     		ldr	r3, [r3]
 3823 01aa 0121     		movs	r1, #1
 3824 01ac 0A43     		orrs	r2, r1
 3825 01ae 1A60     		str	r2, [r3]
 3826 01b0 00E0     		b	.L258
 3827              	.L262:
1253:Drivers/STM32G0xx_HAL_Driver/Src/stm32g0xx_hal_tim_ex.c ****       {
 3828              		.loc 1 1253 10
 3829 01b2 C046     		nop
 3830              	.L258:
1261:Drivers/STM32G0xx_HAL_Driver/Src/stm32g0xx_hal_tim_ex.c ****     }
1262:Drivers/STM32G0xx_HAL_Driver/Src/stm32g0xx_hal_tim_ex.c ****   }
1263:Drivers/STM32G0xx_HAL_Driver/Src/stm32g0xx_hal_tim_ex.c **** 
ARM GAS  C:\Users\a_hae\AppData\Local\Temp\ccujrzwF.s 			page 90


1264:Drivers/STM32G0xx_HAL_Driver/Src/stm32g0xx_hal_tim_ex.c ****   /* Return function status */
1265:Drivers/STM32G0xx_HAL_Driver/Src/stm32g0xx_hal_tim_ex.c ****   return status;
 3831              		.loc 1 1265 10
 3832 01b4 0F23     		movs	r3, #15
 3833 01b6 FB18     		adds	r3, r7, r3
 3834 01b8 1B78     		ldrb	r3, [r3]
 3835              	.L246:
1266:Drivers/STM32G0xx_HAL_Driver/Src/stm32g0xx_hal_tim_ex.c **** }
 3836              		.loc 1 1266 1
 3837 01ba 1800     		movs	r0, r3
 3838 01bc BD46     		mov	sp, r7
 3839 01be 04B0     		add	sp, sp, #16
 3840              		@ sp needed
 3841 01c0 80BD     		pop	{r7, pc}
 3842              	.L264:
 3843 01c2 C046     		.align	2
 3844              	.L263:
 3845 01c4 002C0140 		.word	1073818624
 3846 01c8 00040040 		.word	1073742848
 3847 01cc 00080040 		.word	1073743872
 3848 01d0 00400140 		.word	1073823744
 3849 01d4 07000100 		.word	65543
 3850              		.cfi_endproc
 3851              	.LFE381:
 3853              		.section	.text.HAL_TIMEx_PWMN_Stop_IT,"ax",%progbits
 3854              		.align	1
 3855              		.global	HAL_TIMEx_PWMN_Stop_IT
 3856              		.syntax unified
 3857              		.code	16
 3858              		.thumb_func
 3860              	HAL_TIMEx_PWMN_Stop_IT:
 3861              	.LFB382:
1267:Drivers/STM32G0xx_HAL_Driver/Src/stm32g0xx_hal_tim_ex.c **** 
1268:Drivers/STM32G0xx_HAL_Driver/Src/stm32g0xx_hal_tim_ex.c **** /**
1269:Drivers/STM32G0xx_HAL_Driver/Src/stm32g0xx_hal_tim_ex.c ****   * @brief  Stops the PWM signal generation in interrupt mode on the
1270:Drivers/STM32G0xx_HAL_Driver/Src/stm32g0xx_hal_tim_ex.c ****   *         complementary output.
1271:Drivers/STM32G0xx_HAL_Driver/Src/stm32g0xx_hal_tim_ex.c ****   * @param  htim TIM handle
1272:Drivers/STM32G0xx_HAL_Driver/Src/stm32g0xx_hal_tim_ex.c ****   * @param  Channel TIM Channel to be disabled
1273:Drivers/STM32G0xx_HAL_Driver/Src/stm32g0xx_hal_tim_ex.c ****   *          This parameter can be one of the following values:
1274:Drivers/STM32G0xx_HAL_Driver/Src/stm32g0xx_hal_tim_ex.c ****   *            @arg TIM_CHANNEL_1: TIM Channel 1 selected
1275:Drivers/STM32G0xx_HAL_Driver/Src/stm32g0xx_hal_tim_ex.c ****   *            @arg TIM_CHANNEL_2: TIM Channel 2 selected
1276:Drivers/STM32G0xx_HAL_Driver/Src/stm32g0xx_hal_tim_ex.c ****   *            @arg TIM_CHANNEL_3: TIM Channel 3 selected
1277:Drivers/STM32G0xx_HAL_Driver/Src/stm32g0xx_hal_tim_ex.c ****   * @retval HAL status
1278:Drivers/STM32G0xx_HAL_Driver/Src/stm32g0xx_hal_tim_ex.c ****   */
1279:Drivers/STM32G0xx_HAL_Driver/Src/stm32g0xx_hal_tim_ex.c **** HAL_StatusTypeDef HAL_TIMEx_PWMN_Stop_IT(TIM_HandleTypeDef *htim, uint32_t Channel)
1280:Drivers/STM32G0xx_HAL_Driver/Src/stm32g0xx_hal_tim_ex.c **** {
 3862              		.loc 1 1280 1
 3863              		.cfi_startproc
 3864              		@ args = 0, pretend = 0, frame = 16
 3865              		@ frame_needed = 1, uses_anonymous_args = 0
 3866 0000 80B5     		push	{r7, lr}
 3867              	.LCFI57:
 3868              		.cfi_def_cfa_offset 8
 3869              		.cfi_offset 7, -8
 3870              		.cfi_offset 14, -4
 3871 0002 84B0     		sub	sp, sp, #16
 3872              	.LCFI58:
ARM GAS  C:\Users\a_hae\AppData\Local\Temp\ccujrzwF.s 			page 91


 3873              		.cfi_def_cfa_offset 24
 3874 0004 00AF     		add	r7, sp, #0
 3875              	.LCFI59:
 3876              		.cfi_def_cfa_register 7
 3877 0006 7860     		str	r0, [r7, #4]
 3878 0008 3960     		str	r1, [r7]
1281:Drivers/STM32G0xx_HAL_Driver/Src/stm32g0xx_hal_tim_ex.c ****   HAL_StatusTypeDef status = HAL_OK;
 3879              		.loc 1 1281 21
 3880 000a 0F23     		movs	r3, #15
 3881 000c FB18     		adds	r3, r7, r3
 3882 000e 0022     		movs	r2, #0
 3883 0010 1A70     		strb	r2, [r3]
1282:Drivers/STM32G0xx_HAL_Driver/Src/stm32g0xx_hal_tim_ex.c ****   uint32_t tmpccer;
1283:Drivers/STM32G0xx_HAL_Driver/Src/stm32g0xx_hal_tim_ex.c **** 
1284:Drivers/STM32G0xx_HAL_Driver/Src/stm32g0xx_hal_tim_ex.c ****   /* Check the parameters */
1285:Drivers/STM32G0xx_HAL_Driver/Src/stm32g0xx_hal_tim_ex.c ****   assert_param(IS_TIM_CCXN_INSTANCE(htim->Instance, Channel));
1286:Drivers/STM32G0xx_HAL_Driver/Src/stm32g0xx_hal_tim_ex.c **** 
1287:Drivers/STM32G0xx_HAL_Driver/Src/stm32g0xx_hal_tim_ex.c ****   switch (Channel)
 3884              		.loc 1 1287 3
 3885 0012 3B68     		ldr	r3, [r7]
 3886 0014 082B     		cmp	r3, #8
 3887 0016 1BD0     		beq	.L266
 3888 0018 3B68     		ldr	r3, [r7]
 3889 001a 082B     		cmp	r3, #8
 3890 001c 21D8     		bhi	.L267
 3891 001e 3B68     		ldr	r3, [r7]
 3892 0020 002B     		cmp	r3, #0
 3893 0022 03D0     		beq	.L268
 3894 0024 3B68     		ldr	r3, [r7]
 3895 0026 042B     		cmp	r3, #4
 3896 0028 09D0     		beq	.L269
 3897 002a 1AE0     		b	.L267
 3898              	.L268:
1288:Drivers/STM32G0xx_HAL_Driver/Src/stm32g0xx_hal_tim_ex.c ****   {
1289:Drivers/STM32G0xx_HAL_Driver/Src/stm32g0xx_hal_tim_ex.c ****     case TIM_CHANNEL_1:
1290:Drivers/STM32G0xx_HAL_Driver/Src/stm32g0xx_hal_tim_ex.c ****     {
1291:Drivers/STM32G0xx_HAL_Driver/Src/stm32g0xx_hal_tim_ex.c ****       /* Disable the TIM Capture/Compare 1 interrupt */
1292:Drivers/STM32G0xx_HAL_Driver/Src/stm32g0xx_hal_tim_ex.c ****       __HAL_TIM_DISABLE_IT(htim, TIM_IT_CC1);
 3899              		.loc 1 1292 7
 3900 002c 7B68     		ldr	r3, [r7, #4]
 3901 002e 1B68     		ldr	r3, [r3]
 3902 0030 DA68     		ldr	r2, [r3, #12]
 3903 0032 7B68     		ldr	r3, [r7, #4]
 3904 0034 1B68     		ldr	r3, [r3]
 3905 0036 0221     		movs	r1, #2
 3906 0038 8A43     		bics	r2, r1
 3907 003a DA60     		str	r2, [r3, #12]
1293:Drivers/STM32G0xx_HAL_Driver/Src/stm32g0xx_hal_tim_ex.c ****       break;
 3908              		.loc 1 1293 7
 3909 003c 16E0     		b	.L270
 3910              	.L269:
1294:Drivers/STM32G0xx_HAL_Driver/Src/stm32g0xx_hal_tim_ex.c ****     }
1295:Drivers/STM32G0xx_HAL_Driver/Src/stm32g0xx_hal_tim_ex.c **** 
1296:Drivers/STM32G0xx_HAL_Driver/Src/stm32g0xx_hal_tim_ex.c ****     case TIM_CHANNEL_2:
1297:Drivers/STM32G0xx_HAL_Driver/Src/stm32g0xx_hal_tim_ex.c ****     {
1298:Drivers/STM32G0xx_HAL_Driver/Src/stm32g0xx_hal_tim_ex.c ****       /* Disable the TIM Capture/Compare 2 interrupt */
1299:Drivers/STM32G0xx_HAL_Driver/Src/stm32g0xx_hal_tim_ex.c ****       __HAL_TIM_DISABLE_IT(htim, TIM_IT_CC2);
ARM GAS  C:\Users\a_hae\AppData\Local\Temp\ccujrzwF.s 			page 92


 3911              		.loc 1 1299 7
 3912 003e 7B68     		ldr	r3, [r7, #4]
 3913 0040 1B68     		ldr	r3, [r3]
 3914 0042 DA68     		ldr	r2, [r3, #12]
 3915 0044 7B68     		ldr	r3, [r7, #4]
 3916 0046 1B68     		ldr	r3, [r3]
 3917 0048 0421     		movs	r1, #4
 3918 004a 8A43     		bics	r2, r1
 3919 004c DA60     		str	r2, [r3, #12]
1300:Drivers/STM32G0xx_HAL_Driver/Src/stm32g0xx_hal_tim_ex.c ****       break;
 3920              		.loc 1 1300 7
 3921 004e 0DE0     		b	.L270
 3922              	.L266:
1301:Drivers/STM32G0xx_HAL_Driver/Src/stm32g0xx_hal_tim_ex.c ****     }
1302:Drivers/STM32G0xx_HAL_Driver/Src/stm32g0xx_hal_tim_ex.c **** 
1303:Drivers/STM32G0xx_HAL_Driver/Src/stm32g0xx_hal_tim_ex.c ****     case TIM_CHANNEL_3:
1304:Drivers/STM32G0xx_HAL_Driver/Src/stm32g0xx_hal_tim_ex.c ****     {
1305:Drivers/STM32G0xx_HAL_Driver/Src/stm32g0xx_hal_tim_ex.c ****       /* Disable the TIM Capture/Compare 3 interrupt */
1306:Drivers/STM32G0xx_HAL_Driver/Src/stm32g0xx_hal_tim_ex.c ****       __HAL_TIM_DISABLE_IT(htim, TIM_IT_CC3);
 3923              		.loc 1 1306 7
 3924 0050 7B68     		ldr	r3, [r7, #4]
 3925 0052 1B68     		ldr	r3, [r3]
 3926 0054 DA68     		ldr	r2, [r3, #12]
 3927 0056 7B68     		ldr	r3, [r7, #4]
 3928 0058 1B68     		ldr	r3, [r3]
 3929 005a 0821     		movs	r1, #8
 3930 005c 8A43     		bics	r2, r1
 3931 005e DA60     		str	r2, [r3, #12]
1307:Drivers/STM32G0xx_HAL_Driver/Src/stm32g0xx_hal_tim_ex.c ****       break;
 3932              		.loc 1 1307 7
 3933 0060 04E0     		b	.L270
 3934              	.L267:
1308:Drivers/STM32G0xx_HAL_Driver/Src/stm32g0xx_hal_tim_ex.c ****     }
1309:Drivers/STM32G0xx_HAL_Driver/Src/stm32g0xx_hal_tim_ex.c **** 
1310:Drivers/STM32G0xx_HAL_Driver/Src/stm32g0xx_hal_tim_ex.c ****     default:
1311:Drivers/STM32G0xx_HAL_Driver/Src/stm32g0xx_hal_tim_ex.c ****       status = HAL_ERROR;
 3935              		.loc 1 1311 14
 3936 0062 0F23     		movs	r3, #15
 3937 0064 FB18     		adds	r3, r7, r3
 3938 0066 0122     		movs	r2, #1
 3939 0068 1A70     		strb	r2, [r3]
1312:Drivers/STM32G0xx_HAL_Driver/Src/stm32g0xx_hal_tim_ex.c ****       break;
 3940              		.loc 1 1312 7
 3941 006a C046     		nop
 3942              	.L270:
1313:Drivers/STM32G0xx_HAL_Driver/Src/stm32g0xx_hal_tim_ex.c ****   }
1314:Drivers/STM32G0xx_HAL_Driver/Src/stm32g0xx_hal_tim_ex.c **** 
1315:Drivers/STM32G0xx_HAL_Driver/Src/stm32g0xx_hal_tim_ex.c ****   if (status == HAL_OK)
 3943              		.loc 1 1315 6
 3944 006c 0F23     		movs	r3, #15
 3945 006e FB18     		adds	r3, r7, r3
 3946 0070 1B78     		ldrb	r3, [r3]
 3947 0072 002B     		cmp	r3, #0
 3948 0074 5AD1     		bne	.L271
1316:Drivers/STM32G0xx_HAL_Driver/Src/stm32g0xx_hal_tim_ex.c ****   {
1317:Drivers/STM32G0xx_HAL_Driver/Src/stm32g0xx_hal_tim_ex.c ****     /* Disable the complementary PWM output  */
1318:Drivers/STM32G0xx_HAL_Driver/Src/stm32g0xx_hal_tim_ex.c ****     TIM_CCxNChannelCmd(htim->Instance, Channel, TIM_CCxN_DISABLE);
ARM GAS  C:\Users\a_hae\AppData\Local\Temp\ccujrzwF.s 			page 93


 3949              		.loc 1 1318 5
 3950 0076 7B68     		ldr	r3, [r7, #4]
 3951 0078 1B68     		ldr	r3, [r3]
 3952 007a 3968     		ldr	r1, [r7]
 3953 007c 0022     		movs	r2, #0
 3954 007e 1800     		movs	r0, r3
 3955 0080 FFF7FEFF 		bl	TIM_CCxNChannelCmd
1319:Drivers/STM32G0xx_HAL_Driver/Src/stm32g0xx_hal_tim_ex.c **** 
1320:Drivers/STM32G0xx_HAL_Driver/Src/stm32g0xx_hal_tim_ex.c ****     /* Disable the TIM Break interrupt (only if no more channel is active) */
1321:Drivers/STM32G0xx_HAL_Driver/Src/stm32g0xx_hal_tim_ex.c ****     tmpccer = htim->Instance->CCER;
 3956              		.loc 1 1321 19
 3957 0084 7B68     		ldr	r3, [r7, #4]
 3958 0086 1B68     		ldr	r3, [r3]
 3959              		.loc 1 1321 13
 3960 0088 1B6A     		ldr	r3, [r3, #32]
 3961 008a BB60     		str	r3, [r7, #8]
1322:Drivers/STM32G0xx_HAL_Driver/Src/stm32g0xx_hal_tim_ex.c ****     if ((tmpccer & TIM_CCER_CCxNE_MASK) == (uint32_t)RESET)
 3962              		.loc 1 1322 18
 3963 008c BB68     		ldr	r3, [r7, #8]
 3964 008e 2B4A     		ldr	r2, .L281
 3965 0090 1340     		ands	r3, r2
 3966              		.loc 1 1322 8
 3967 0092 07D1     		bne	.L272
1323:Drivers/STM32G0xx_HAL_Driver/Src/stm32g0xx_hal_tim_ex.c ****     {
1324:Drivers/STM32G0xx_HAL_Driver/Src/stm32g0xx_hal_tim_ex.c ****       __HAL_TIM_DISABLE_IT(htim, TIM_IT_BREAK);
 3968              		.loc 1 1324 7
 3969 0094 7B68     		ldr	r3, [r7, #4]
 3970 0096 1B68     		ldr	r3, [r3]
 3971 0098 DA68     		ldr	r2, [r3, #12]
 3972 009a 7B68     		ldr	r3, [r7, #4]
 3973 009c 1B68     		ldr	r3, [r3]
 3974 009e 8021     		movs	r1, #128
 3975 00a0 8A43     		bics	r2, r1
 3976 00a2 DA60     		str	r2, [r3, #12]
 3977              	.L272:
1325:Drivers/STM32G0xx_HAL_Driver/Src/stm32g0xx_hal_tim_ex.c ****     }
1326:Drivers/STM32G0xx_HAL_Driver/Src/stm32g0xx_hal_tim_ex.c **** 
1327:Drivers/STM32G0xx_HAL_Driver/Src/stm32g0xx_hal_tim_ex.c ****     /* Disable the Main Output */
1328:Drivers/STM32G0xx_HAL_Driver/Src/stm32g0xx_hal_tim_ex.c ****     __HAL_TIM_MOE_DISABLE(htim);
 3978              		.loc 1 1328 5
 3979 00a4 7B68     		ldr	r3, [r7, #4]
 3980 00a6 1B68     		ldr	r3, [r3]
 3981 00a8 1B6A     		ldr	r3, [r3, #32]
 3982 00aa 254A     		ldr	r2, .L281+4
 3983 00ac 1340     		ands	r3, r2
 3984 00ae 0DD1     		bne	.L273
 3985              		.loc 1 1328 5 is_stmt 0 discriminator 1
 3986 00b0 7B68     		ldr	r3, [r7, #4]
 3987 00b2 1B68     		ldr	r3, [r3]
 3988 00b4 1B6A     		ldr	r3, [r3, #32]
 3989 00b6 214A     		ldr	r2, .L281
 3990 00b8 1340     		ands	r3, r2
 3991 00ba 07D1     		bne	.L273
 3992              		.loc 1 1328 5 discriminator 2
 3993 00bc 7B68     		ldr	r3, [r7, #4]
 3994 00be 1B68     		ldr	r3, [r3]
 3995 00c0 5A6C     		ldr	r2, [r3, #68]
ARM GAS  C:\Users\a_hae\AppData\Local\Temp\ccujrzwF.s 			page 94


 3996 00c2 7B68     		ldr	r3, [r7, #4]
 3997 00c4 1B68     		ldr	r3, [r3]
 3998 00c6 1F49     		ldr	r1, .L281+8
 3999 00c8 0A40     		ands	r2, r1
 4000 00ca 5A64     		str	r2, [r3, #68]
 4001              	.L273:
1329:Drivers/STM32G0xx_HAL_Driver/Src/stm32g0xx_hal_tim_ex.c **** 
1330:Drivers/STM32G0xx_HAL_Driver/Src/stm32g0xx_hal_tim_ex.c ****     /* Disable the Peripheral */
1331:Drivers/STM32G0xx_HAL_Driver/Src/stm32g0xx_hal_tim_ex.c ****     __HAL_TIM_DISABLE(htim);
 4002              		.loc 1 1331 5 is_stmt 1
 4003 00cc 7B68     		ldr	r3, [r7, #4]
 4004 00ce 1B68     		ldr	r3, [r3]
 4005 00d0 1B6A     		ldr	r3, [r3, #32]
 4006 00d2 1B4A     		ldr	r2, .L281+4
 4007 00d4 1340     		ands	r3, r2
 4008 00d6 0DD1     		bne	.L274
 4009              		.loc 1 1331 5 is_stmt 0 discriminator 1
 4010 00d8 7B68     		ldr	r3, [r7, #4]
 4011 00da 1B68     		ldr	r3, [r3]
 4012 00dc 1B6A     		ldr	r3, [r3, #32]
 4013 00de 174A     		ldr	r2, .L281
 4014 00e0 1340     		ands	r3, r2
 4015 00e2 07D1     		bne	.L274
 4016              		.loc 1 1331 5 discriminator 2
 4017 00e4 7B68     		ldr	r3, [r7, #4]
 4018 00e6 1B68     		ldr	r3, [r3]
 4019 00e8 1A68     		ldr	r2, [r3]
 4020 00ea 7B68     		ldr	r3, [r7, #4]
 4021 00ec 1B68     		ldr	r3, [r3]
 4022 00ee 0121     		movs	r1, #1
 4023 00f0 8A43     		bics	r2, r1
 4024 00f2 1A60     		str	r2, [r3]
 4025              	.L274:
1332:Drivers/STM32G0xx_HAL_Driver/Src/stm32g0xx_hal_tim_ex.c **** 
1333:Drivers/STM32G0xx_HAL_Driver/Src/stm32g0xx_hal_tim_ex.c ****     /* Set the TIM complementary channel state */
1334:Drivers/STM32G0xx_HAL_Driver/Src/stm32g0xx_hal_tim_ex.c ****     TIM_CHANNEL_N_STATE_SET(htim, Channel, HAL_TIM_CHANNEL_STATE_READY);
 4026              		.loc 1 1334 5 is_stmt 1
 4027 00f4 3B68     		ldr	r3, [r7]
 4028 00f6 002B     		cmp	r3, #0
 4029 00f8 04D1     		bne	.L275
 4030              		.loc 1 1334 5 is_stmt 0 discriminator 1
 4031 00fa 7B68     		ldr	r3, [r7, #4]
 4032 00fc 4422     		movs	r2, #68
 4033 00fe 0121     		movs	r1, #1
 4034 0100 9954     		strb	r1, [r3, r2]
 4035 0102 13E0     		b	.L271
 4036              	.L275:
 4037              		.loc 1 1334 5 discriminator 2
 4038 0104 3B68     		ldr	r3, [r7]
 4039 0106 042B     		cmp	r3, #4
 4040 0108 04D1     		bne	.L276
 4041              		.loc 1 1334 5 discriminator 3
 4042 010a 7B68     		ldr	r3, [r7, #4]
 4043 010c 4522     		movs	r2, #69
 4044 010e 0121     		movs	r1, #1
 4045 0110 9954     		strb	r1, [r3, r2]
 4046 0112 0BE0     		b	.L271
ARM GAS  C:\Users\a_hae\AppData\Local\Temp\ccujrzwF.s 			page 95


 4047              	.L276:
 4048              		.loc 1 1334 5 discriminator 4
 4049 0114 3B68     		ldr	r3, [r7]
 4050 0116 082B     		cmp	r3, #8
 4051 0118 04D1     		bne	.L278
 4052              		.loc 1 1334 5 discriminator 6
 4053 011a 7B68     		ldr	r3, [r7, #4]
 4054 011c 4622     		movs	r2, #70
 4055 011e 0121     		movs	r1, #1
 4056 0120 9954     		strb	r1, [r3, r2]
 4057 0122 03E0     		b	.L271
 4058              	.L278:
 4059              		.loc 1 1334 5 discriminator 7
 4060 0124 7B68     		ldr	r3, [r7, #4]
 4061 0126 4722     		movs	r2, #71
 4062 0128 0121     		movs	r1, #1
 4063 012a 9954     		strb	r1, [r3, r2]
 4064              	.L271:
1335:Drivers/STM32G0xx_HAL_Driver/Src/stm32g0xx_hal_tim_ex.c ****   }
1336:Drivers/STM32G0xx_HAL_Driver/Src/stm32g0xx_hal_tim_ex.c **** 
1337:Drivers/STM32G0xx_HAL_Driver/Src/stm32g0xx_hal_tim_ex.c ****   /* Return function status */
1338:Drivers/STM32G0xx_HAL_Driver/Src/stm32g0xx_hal_tim_ex.c ****   return status;
 4065              		.loc 1 1338 10 is_stmt 1
 4066 012c 0F23     		movs	r3, #15
 4067 012e FB18     		adds	r3, r7, r3
 4068 0130 1B78     		ldrb	r3, [r3]
1339:Drivers/STM32G0xx_HAL_Driver/Src/stm32g0xx_hal_tim_ex.c **** }
 4069              		.loc 1 1339 1
 4070 0132 1800     		movs	r0, r3
 4071 0134 BD46     		mov	sp, r7
 4072 0136 04B0     		add	sp, sp, #16
 4073              		@ sp needed
 4074 0138 80BD     		pop	{r7, pc}
 4075              	.L282:
 4076 013a C046     		.align	2
 4077              	.L281:
 4078 013c 44040000 		.word	1092
 4079 0140 11110000 		.word	4369
 4080 0144 FF7FFFFF 		.word	-32769
 4081              		.cfi_endproc
 4082              	.LFE382:
 4084              		.section	.text.HAL_TIMEx_PWMN_Start_DMA,"ax",%progbits
 4085              		.align	1
 4086              		.global	HAL_TIMEx_PWMN_Start_DMA
 4087              		.syntax unified
 4088              		.code	16
 4089              		.thumb_func
 4091              	HAL_TIMEx_PWMN_Start_DMA:
 4092              	.LFB383:
1340:Drivers/STM32G0xx_HAL_Driver/Src/stm32g0xx_hal_tim_ex.c **** 
1341:Drivers/STM32G0xx_HAL_Driver/Src/stm32g0xx_hal_tim_ex.c **** /**
1342:Drivers/STM32G0xx_HAL_Driver/Src/stm32g0xx_hal_tim_ex.c ****   * @brief  Starts the TIM PWM signal generation in DMA mode on the
1343:Drivers/STM32G0xx_HAL_Driver/Src/stm32g0xx_hal_tim_ex.c ****   *         complementary output
1344:Drivers/STM32G0xx_HAL_Driver/Src/stm32g0xx_hal_tim_ex.c ****   * @param  htim TIM handle
1345:Drivers/STM32G0xx_HAL_Driver/Src/stm32g0xx_hal_tim_ex.c ****   * @param  Channel TIM Channel to be enabled
1346:Drivers/STM32G0xx_HAL_Driver/Src/stm32g0xx_hal_tim_ex.c ****   *          This parameter can be one of the following values:
1347:Drivers/STM32G0xx_HAL_Driver/Src/stm32g0xx_hal_tim_ex.c ****   *            @arg TIM_CHANNEL_1: TIM Channel 1 selected
ARM GAS  C:\Users\a_hae\AppData\Local\Temp\ccujrzwF.s 			page 96


1348:Drivers/STM32G0xx_HAL_Driver/Src/stm32g0xx_hal_tim_ex.c ****   *            @arg TIM_CHANNEL_2: TIM Channel 2 selected
1349:Drivers/STM32G0xx_HAL_Driver/Src/stm32g0xx_hal_tim_ex.c ****   *            @arg TIM_CHANNEL_3: TIM Channel 3 selected
1350:Drivers/STM32G0xx_HAL_Driver/Src/stm32g0xx_hal_tim_ex.c ****   * @param  pData The source Buffer address.
1351:Drivers/STM32G0xx_HAL_Driver/Src/stm32g0xx_hal_tim_ex.c ****   * @param  Length The length of data to be transferred from memory to TIM peripheral
1352:Drivers/STM32G0xx_HAL_Driver/Src/stm32g0xx_hal_tim_ex.c ****   * @retval HAL status
1353:Drivers/STM32G0xx_HAL_Driver/Src/stm32g0xx_hal_tim_ex.c ****   */
1354:Drivers/STM32G0xx_HAL_Driver/Src/stm32g0xx_hal_tim_ex.c **** HAL_StatusTypeDef HAL_TIMEx_PWMN_Start_DMA(TIM_HandleTypeDef *htim, uint32_t Channel, const uint32_
1355:Drivers/STM32G0xx_HAL_Driver/Src/stm32g0xx_hal_tim_ex.c ****                                            uint16_t Length)
1356:Drivers/STM32G0xx_HAL_Driver/Src/stm32g0xx_hal_tim_ex.c **** {
 4093              		.loc 1 1356 1
 4094              		.cfi_startproc
 4095              		@ args = 0, pretend = 0, frame = 24
 4096              		@ frame_needed = 1, uses_anonymous_args = 0
 4097 0000 80B5     		push	{r7, lr}
 4098              	.LCFI60:
 4099              		.cfi_def_cfa_offset 8
 4100              		.cfi_offset 7, -8
 4101              		.cfi_offset 14, -4
 4102 0002 86B0     		sub	sp, sp, #24
 4103              	.LCFI61:
 4104              		.cfi_def_cfa_offset 32
 4105 0004 00AF     		add	r7, sp, #0
 4106              	.LCFI62:
 4107              		.cfi_def_cfa_register 7
 4108 0006 F860     		str	r0, [r7, #12]
 4109 0008 B960     		str	r1, [r7, #8]
 4110 000a 7A60     		str	r2, [r7, #4]
 4111 000c 1A00     		movs	r2, r3
 4112 000e BB1C     		adds	r3, r7, #2
 4113 0010 1A80     		strh	r2, [r3]
1357:Drivers/STM32G0xx_HAL_Driver/Src/stm32g0xx_hal_tim_ex.c ****   HAL_StatusTypeDef status = HAL_OK;
 4114              		.loc 1 1357 21
 4115 0012 1723     		movs	r3, #23
 4116 0014 FB18     		adds	r3, r7, r3
 4117 0016 0022     		movs	r2, #0
 4118 0018 1A70     		strb	r2, [r3]
1358:Drivers/STM32G0xx_HAL_Driver/Src/stm32g0xx_hal_tim_ex.c ****   uint32_t tmpsmcr;
1359:Drivers/STM32G0xx_HAL_Driver/Src/stm32g0xx_hal_tim_ex.c **** 
1360:Drivers/STM32G0xx_HAL_Driver/Src/stm32g0xx_hal_tim_ex.c ****   /* Check the parameters */
1361:Drivers/STM32G0xx_HAL_Driver/Src/stm32g0xx_hal_tim_ex.c ****   assert_param(IS_TIM_CCXN_INSTANCE(htim->Instance, Channel));
1362:Drivers/STM32G0xx_HAL_Driver/Src/stm32g0xx_hal_tim_ex.c **** 
1363:Drivers/STM32G0xx_HAL_Driver/Src/stm32g0xx_hal_tim_ex.c ****   /* Set the TIM complementary channel state */
1364:Drivers/STM32G0xx_HAL_Driver/Src/stm32g0xx_hal_tim_ex.c ****   if (TIM_CHANNEL_N_STATE_GET(htim, Channel) == HAL_TIM_CHANNEL_STATE_BUSY)
 4119              		.loc 1 1364 46
 4120 001a BB68     		ldr	r3, [r7, #8]
 4121 001c 002B     		cmp	r3, #0
 4122 001e 08D1     		bne	.L284
 4123              		.loc 1 1364 7 discriminator 1
 4124 0020 FB68     		ldr	r3, [r7, #12]
 4125 0022 4422     		movs	r2, #68
 4126 0024 9B5C     		ldrb	r3, [r3, r2]
 4127 0026 DBB2     		uxtb	r3, r3
 4128              		.loc 1 1364 46 discriminator 1
 4129 0028 023B     		subs	r3, r3, #2
 4130 002a 5A42     		rsbs	r2, r3, #0
 4131 002c 5341     		adcs	r3, r3, r2
 4132 002e DBB2     		uxtb	r3, r3
ARM GAS  C:\Users\a_hae\AppData\Local\Temp\ccujrzwF.s 			page 97


 4133 0030 1FE0     		b	.L285
 4134              	.L284:
 4135              		.loc 1 1364 46 is_stmt 0 discriminator 2
 4136 0032 BB68     		ldr	r3, [r7, #8]
 4137 0034 042B     		cmp	r3, #4
 4138 0036 08D1     		bne	.L286
 4139              		.loc 1 1364 7 is_stmt 1 discriminator 4
 4140 0038 FB68     		ldr	r3, [r7, #12]
 4141 003a 4522     		movs	r2, #69
 4142 003c 9B5C     		ldrb	r3, [r3, r2]
 4143 003e DBB2     		uxtb	r3, r3
 4144              		.loc 1 1364 46 discriminator 4
 4145 0040 023B     		subs	r3, r3, #2
 4146 0042 5A42     		rsbs	r2, r3, #0
 4147 0044 5341     		adcs	r3, r3, r2
 4148 0046 DBB2     		uxtb	r3, r3
 4149 0048 13E0     		b	.L285
 4150              	.L286:
 4151              		.loc 1 1364 46 is_stmt 0 discriminator 5
 4152 004a BB68     		ldr	r3, [r7, #8]
 4153 004c 082B     		cmp	r3, #8
 4154 004e 08D1     		bne	.L288
 4155              		.loc 1 1364 7 is_stmt 1 discriminator 7
 4156 0050 FB68     		ldr	r3, [r7, #12]
 4157 0052 4622     		movs	r2, #70
 4158 0054 9B5C     		ldrb	r3, [r3, r2]
 4159 0056 DBB2     		uxtb	r3, r3
 4160              		.loc 1 1364 46 discriminator 7
 4161 0058 023B     		subs	r3, r3, #2
 4162 005a 5A42     		rsbs	r2, r3, #0
 4163 005c 5341     		adcs	r3, r3, r2
 4164 005e DBB2     		uxtb	r3, r3
 4165 0060 07E0     		b	.L285
 4166              	.L288:
 4167              		.loc 1 1364 7 discriminator 8
 4168 0062 FB68     		ldr	r3, [r7, #12]
 4169 0064 4722     		movs	r2, #71
 4170 0066 9B5C     		ldrb	r3, [r3, r2]
 4171 0068 DBB2     		uxtb	r3, r3
 4172              		.loc 1 1364 46 discriminator 8
 4173 006a 023B     		subs	r3, r3, #2
 4174 006c 5A42     		rsbs	r2, r3, #0
 4175 006e 5341     		adcs	r3, r3, r2
 4176 0070 DBB2     		uxtb	r3, r3
 4177              	.L285:
 4178              		.loc 1 1364 6 discriminator 12
 4179 0072 002B     		cmp	r3, #0
 4180 0074 01D0     		beq	.L290
1365:Drivers/STM32G0xx_HAL_Driver/Src/stm32g0xx_hal_tim_ex.c ****   {
1366:Drivers/STM32G0xx_HAL_Driver/Src/stm32g0xx_hal_tim_ex.c ****     return HAL_BUSY;
 4181              		.loc 1 1366 12
 4182 0076 0223     		movs	r3, #2
 4183 0078 2AE1     		b	.L291
 4184              	.L290:
1367:Drivers/STM32G0xx_HAL_Driver/Src/stm32g0xx_hal_tim_ex.c ****   }
1368:Drivers/STM32G0xx_HAL_Driver/Src/stm32g0xx_hal_tim_ex.c ****   else if (TIM_CHANNEL_N_STATE_GET(htim, Channel) == HAL_TIM_CHANNEL_STATE_READY)
 4185              		.loc 1 1368 51
ARM GAS  C:\Users\a_hae\AppData\Local\Temp\ccujrzwF.s 			page 98


 4186 007a BB68     		ldr	r3, [r7, #8]
 4187 007c 002B     		cmp	r3, #0
 4188 007e 08D1     		bne	.L292
 4189              		.loc 1 1368 12 discriminator 1
 4190 0080 FB68     		ldr	r3, [r7, #12]
 4191 0082 4422     		movs	r2, #68
 4192 0084 9B5C     		ldrb	r3, [r3, r2]
 4193 0086 DBB2     		uxtb	r3, r3
 4194              		.loc 1 1368 51 discriminator 1
 4195 0088 013B     		subs	r3, r3, #1
 4196 008a 5A42     		rsbs	r2, r3, #0
 4197 008c 5341     		adcs	r3, r3, r2
 4198 008e DBB2     		uxtb	r3, r3
 4199 0090 1FE0     		b	.L293
 4200              	.L292:
 4201              		.loc 1 1368 51 is_stmt 0 discriminator 2
 4202 0092 BB68     		ldr	r3, [r7, #8]
 4203 0094 042B     		cmp	r3, #4
 4204 0096 08D1     		bne	.L294
 4205              		.loc 1 1368 12 is_stmt 1 discriminator 4
 4206 0098 FB68     		ldr	r3, [r7, #12]
 4207 009a 4522     		movs	r2, #69
 4208 009c 9B5C     		ldrb	r3, [r3, r2]
 4209 009e DBB2     		uxtb	r3, r3
 4210              		.loc 1 1368 51 discriminator 4
 4211 00a0 013B     		subs	r3, r3, #1
 4212 00a2 5A42     		rsbs	r2, r3, #0
 4213 00a4 5341     		adcs	r3, r3, r2
 4214 00a6 DBB2     		uxtb	r3, r3
 4215 00a8 13E0     		b	.L293
 4216              	.L294:
 4217              		.loc 1 1368 51 is_stmt 0 discriminator 5
 4218 00aa BB68     		ldr	r3, [r7, #8]
 4219 00ac 082B     		cmp	r3, #8
 4220 00ae 08D1     		bne	.L296
 4221              		.loc 1 1368 12 is_stmt 1 discriminator 7
 4222 00b0 FB68     		ldr	r3, [r7, #12]
 4223 00b2 4622     		movs	r2, #70
 4224 00b4 9B5C     		ldrb	r3, [r3, r2]
 4225 00b6 DBB2     		uxtb	r3, r3
 4226              		.loc 1 1368 51 discriminator 7
 4227 00b8 013B     		subs	r3, r3, #1
 4228 00ba 5A42     		rsbs	r2, r3, #0
 4229 00bc 5341     		adcs	r3, r3, r2
 4230 00be DBB2     		uxtb	r3, r3
 4231 00c0 07E0     		b	.L293
 4232              	.L296:
 4233              		.loc 1 1368 12 discriminator 8
 4234 00c2 FB68     		ldr	r3, [r7, #12]
 4235 00c4 4722     		movs	r2, #71
 4236 00c6 9B5C     		ldrb	r3, [r3, r2]
 4237 00c8 DBB2     		uxtb	r3, r3
 4238              		.loc 1 1368 51 discriminator 8
 4239 00ca 013B     		subs	r3, r3, #1
 4240 00cc 5A42     		rsbs	r2, r3, #0
 4241 00ce 5341     		adcs	r3, r3, r2
 4242 00d0 DBB2     		uxtb	r3, r3
ARM GAS  C:\Users\a_hae\AppData\Local\Temp\ccujrzwF.s 			page 99


 4243              	.L293:
 4244              		.loc 1 1368 11 discriminator 12
 4245 00d2 002B     		cmp	r3, #0
 4246 00d4 25D0     		beq	.L298
1369:Drivers/STM32G0xx_HAL_Driver/Src/stm32g0xx_hal_tim_ex.c ****   {
1370:Drivers/STM32G0xx_HAL_Driver/Src/stm32g0xx_hal_tim_ex.c ****     if ((pData == NULL) || (Length == 0U))
 4247              		.loc 1 1370 8
 4248 00d6 7B68     		ldr	r3, [r7, #4]
 4249 00d8 002B     		cmp	r3, #0
 4250 00da 03D0     		beq	.L299
 4251              		.loc 1 1370 25 discriminator 1
 4252 00dc BB1C     		adds	r3, r7, #2
 4253 00de 1B88     		ldrh	r3, [r3]
 4254 00e0 002B     		cmp	r3, #0
 4255 00e2 01D1     		bne	.L300
 4256              	.L299:
1371:Drivers/STM32G0xx_HAL_Driver/Src/stm32g0xx_hal_tim_ex.c ****     {
1372:Drivers/STM32G0xx_HAL_Driver/Src/stm32g0xx_hal_tim_ex.c ****       return HAL_ERROR;
 4257              		.loc 1 1372 14
 4258 00e4 0123     		movs	r3, #1
 4259 00e6 F3E0     		b	.L291
 4260              	.L300:
1373:Drivers/STM32G0xx_HAL_Driver/Src/stm32g0xx_hal_tim_ex.c ****     }
1374:Drivers/STM32G0xx_HAL_Driver/Src/stm32g0xx_hal_tim_ex.c ****     else
1375:Drivers/STM32G0xx_HAL_Driver/Src/stm32g0xx_hal_tim_ex.c ****     {
1376:Drivers/STM32G0xx_HAL_Driver/Src/stm32g0xx_hal_tim_ex.c ****       TIM_CHANNEL_N_STATE_SET(htim, Channel, HAL_TIM_CHANNEL_STATE_BUSY);
 4261              		.loc 1 1376 7
 4262 00e8 BB68     		ldr	r3, [r7, #8]
 4263 00ea 002B     		cmp	r3, #0
 4264 00ec 04D1     		bne	.L301
 4265              		.loc 1 1376 7 is_stmt 0 discriminator 1
 4266 00ee FB68     		ldr	r3, [r7, #12]
 4267 00f0 4422     		movs	r2, #68
 4268 00f2 0221     		movs	r1, #2
 4269 00f4 9954     		strb	r1, [r3, r2]
 4270 00f6 16E0     		b	.L302
 4271              	.L301:
 4272              		.loc 1 1376 7 discriminator 2
 4273 00f8 BB68     		ldr	r3, [r7, #8]
 4274 00fa 042B     		cmp	r3, #4
 4275 00fc 04D1     		bne	.L303
 4276              		.loc 1 1376 7 discriminator 3
 4277 00fe FB68     		ldr	r3, [r7, #12]
 4278 0100 4522     		movs	r2, #69
 4279 0102 0221     		movs	r1, #2
 4280 0104 9954     		strb	r1, [r3, r2]
 4281              		.loc 1 1376 7 discriminator 10
 4282 0106 0EE0     		b	.L302
 4283              	.L303:
 4284              		.loc 1 1376 7 discriminator 4
 4285 0108 BB68     		ldr	r3, [r7, #8]
 4286 010a 082B     		cmp	r3, #8
 4287 010c 04D1     		bne	.L305
 4288              		.loc 1 1376 7 discriminator 6
 4289 010e FB68     		ldr	r3, [r7, #12]
 4290 0110 4622     		movs	r2, #70
 4291 0112 0221     		movs	r1, #2
ARM GAS  C:\Users\a_hae\AppData\Local\Temp\ccujrzwF.s 			page 100


 4292 0114 9954     		strb	r1, [r3, r2]
 4293              		.loc 1 1376 7 discriminator 10
 4294 0116 06E0     		b	.L302
 4295              	.L305:
 4296              		.loc 1 1376 7 discriminator 7
 4297 0118 FB68     		ldr	r3, [r7, #12]
 4298 011a 4722     		movs	r2, #71
 4299 011c 0221     		movs	r1, #2
 4300 011e 9954     		strb	r1, [r3, r2]
 4301 0120 01E0     		b	.L302
 4302              	.L298:
1377:Drivers/STM32G0xx_HAL_Driver/Src/stm32g0xx_hal_tim_ex.c ****     }
1378:Drivers/STM32G0xx_HAL_Driver/Src/stm32g0xx_hal_tim_ex.c ****   }
1379:Drivers/STM32G0xx_HAL_Driver/Src/stm32g0xx_hal_tim_ex.c ****   else
1380:Drivers/STM32G0xx_HAL_Driver/Src/stm32g0xx_hal_tim_ex.c ****   {
1381:Drivers/STM32G0xx_HAL_Driver/Src/stm32g0xx_hal_tim_ex.c ****     return HAL_ERROR;
 4303              		.loc 1 1381 12 is_stmt 1
 4304 0122 0123     		movs	r3, #1
 4305 0124 D4E0     		b	.L291
 4306              	.L302:
1382:Drivers/STM32G0xx_HAL_Driver/Src/stm32g0xx_hal_tim_ex.c ****   }
1383:Drivers/STM32G0xx_HAL_Driver/Src/stm32g0xx_hal_tim_ex.c **** 
1384:Drivers/STM32G0xx_HAL_Driver/Src/stm32g0xx_hal_tim_ex.c ****   switch (Channel)
 4307              		.loc 1 1384 3
 4308 0126 BB68     		ldr	r3, [r7, #8]
 4309 0128 082B     		cmp	r3, #8
 4310 012a 54D0     		beq	.L307
 4311 012c BB68     		ldr	r3, [r7, #8]
 4312 012e 082B     		cmp	r3, #8
 4313 0130 00D9     		bls	.LCB3844
 4314 0132 75E0     		b	.L308	@long jump
 4315              	.LCB3844:
 4316 0134 BB68     		ldr	r3, [r7, #8]
 4317 0136 002B     		cmp	r3, #0
 4318 0138 03D0     		beq	.L309
 4319 013a BB68     		ldr	r3, [r7, #8]
 4320 013c 042B     		cmp	r3, #4
 4321 013e 25D0     		beq	.L310
 4322 0140 6EE0     		b	.L308
 4323              	.L309:
1385:Drivers/STM32G0xx_HAL_Driver/Src/stm32g0xx_hal_tim_ex.c ****   {
1386:Drivers/STM32G0xx_HAL_Driver/Src/stm32g0xx_hal_tim_ex.c ****     case TIM_CHANNEL_1:
1387:Drivers/STM32G0xx_HAL_Driver/Src/stm32g0xx_hal_tim_ex.c ****     {
1388:Drivers/STM32G0xx_HAL_Driver/Src/stm32g0xx_hal_tim_ex.c ****       /* Set the DMA compare callbacks */
1389:Drivers/STM32G0xx_HAL_Driver/Src/stm32g0xx_hal_tim_ex.c ****       htim->hdma[TIM_DMA_ID_CC1]->XferCpltCallback = TIM_DMADelayPulseNCplt;
 4324              		.loc 1 1389 17
 4325 0142 FB68     		ldr	r3, [r7, #12]
 4326 0144 5B6A     		ldr	r3, [r3, #36]
 4327              		.loc 1 1389 52
 4328 0146 644A     		ldr	r2, .L320
 4329 0148 DA62     		str	r2, [r3, #44]
1390:Drivers/STM32G0xx_HAL_Driver/Src/stm32g0xx_hal_tim_ex.c ****       htim->hdma[TIM_DMA_ID_CC1]->XferHalfCpltCallback = TIM_DMADelayPulseHalfCplt;
 4330              		.loc 1 1390 17
 4331 014a FB68     		ldr	r3, [r7, #12]
 4332 014c 5B6A     		ldr	r3, [r3, #36]
 4333              		.loc 1 1390 56
 4334 014e 634A     		ldr	r2, .L320+4
ARM GAS  C:\Users\a_hae\AppData\Local\Temp\ccujrzwF.s 			page 101


 4335 0150 1A63     		str	r2, [r3, #48]
1391:Drivers/STM32G0xx_HAL_Driver/Src/stm32g0xx_hal_tim_ex.c **** 
1392:Drivers/STM32G0xx_HAL_Driver/Src/stm32g0xx_hal_tim_ex.c ****       /* Set the DMA error callback */
1393:Drivers/STM32G0xx_HAL_Driver/Src/stm32g0xx_hal_tim_ex.c ****       htim->hdma[TIM_DMA_ID_CC1]->XferErrorCallback = TIM_DMAErrorCCxN ;
 4336              		.loc 1 1393 17
 4337 0152 FB68     		ldr	r3, [r7, #12]
 4338 0154 5B6A     		ldr	r3, [r3, #36]
 4339              		.loc 1 1393 53
 4340 0156 624A     		ldr	r2, .L320+8
 4341 0158 5A63     		str	r2, [r3, #52]
1394:Drivers/STM32G0xx_HAL_Driver/Src/stm32g0xx_hal_tim_ex.c **** 
1395:Drivers/STM32G0xx_HAL_Driver/Src/stm32g0xx_hal_tim_ex.c ****       /* Enable the DMA channel */
1396:Drivers/STM32G0xx_HAL_Driver/Src/stm32g0xx_hal_tim_ex.c ****       if (HAL_DMA_Start_IT(htim->hdma[TIM_DMA_ID_CC1], (uint32_t)pData, (uint32_t)&htim->Instance->
 4342              		.loc 1 1396 11
 4343 015a FB68     		ldr	r3, [r7, #12]
 4344 015c 586A     		ldr	r0, [r3, #36]
 4345 015e 7968     		ldr	r1, [r7, #4]
 4346              		.loc 1 1396 88
 4347 0160 FB68     		ldr	r3, [r7, #12]
 4348 0162 1B68     		ldr	r3, [r3]
 4349              		.loc 1 1396 83
 4350 0164 3433     		adds	r3, r3, #52
 4351              		.loc 1 1396 11
 4352 0166 1A00     		movs	r2, r3
 4353 0168 BB1C     		adds	r3, r7, #2
 4354 016a 1B88     		ldrh	r3, [r3]
 4355 016c FFF7FEFF 		bl	HAL_DMA_Start_IT
 4356 0170 031E     		subs	r3, r0, #0
 4357              		.loc 1 1396 10 discriminator 1
 4358 0172 01D0     		beq	.L311
1397:Drivers/STM32G0xx_HAL_Driver/Src/stm32g0xx_hal_tim_ex.c ****                            Length) != HAL_OK)
1398:Drivers/STM32G0xx_HAL_Driver/Src/stm32g0xx_hal_tim_ex.c ****       {
1399:Drivers/STM32G0xx_HAL_Driver/Src/stm32g0xx_hal_tim_ex.c ****         /* Return error status */
1400:Drivers/STM32G0xx_HAL_Driver/Src/stm32g0xx_hal_tim_ex.c ****         return HAL_ERROR;
 4359              		.loc 1 1400 16
 4360 0174 0123     		movs	r3, #1
 4361 0176 ABE0     		b	.L291
 4362              	.L311:
1401:Drivers/STM32G0xx_HAL_Driver/Src/stm32g0xx_hal_tim_ex.c ****       }
1402:Drivers/STM32G0xx_HAL_Driver/Src/stm32g0xx_hal_tim_ex.c ****       /* Enable the TIM Capture/Compare 1 DMA request */
1403:Drivers/STM32G0xx_HAL_Driver/Src/stm32g0xx_hal_tim_ex.c ****       __HAL_TIM_ENABLE_DMA(htim, TIM_DMA_CC1);
 4363              		.loc 1 1403 7
 4364 0178 FB68     		ldr	r3, [r7, #12]
 4365 017a 1B68     		ldr	r3, [r3]
 4366 017c DA68     		ldr	r2, [r3, #12]
 4367 017e FB68     		ldr	r3, [r7, #12]
 4368 0180 1B68     		ldr	r3, [r3]
 4369 0182 8021     		movs	r1, #128
 4370 0184 8900     		lsls	r1, r1, #2
 4371 0186 0A43     		orrs	r2, r1
 4372 0188 DA60     		str	r2, [r3, #12]
1404:Drivers/STM32G0xx_HAL_Driver/Src/stm32g0xx_hal_tim_ex.c ****       break;
 4373              		.loc 1 1404 7
 4374 018a 4EE0     		b	.L312
 4375              	.L310:
1405:Drivers/STM32G0xx_HAL_Driver/Src/stm32g0xx_hal_tim_ex.c ****     }
1406:Drivers/STM32G0xx_HAL_Driver/Src/stm32g0xx_hal_tim_ex.c **** 
ARM GAS  C:\Users\a_hae\AppData\Local\Temp\ccujrzwF.s 			page 102


1407:Drivers/STM32G0xx_HAL_Driver/Src/stm32g0xx_hal_tim_ex.c ****     case TIM_CHANNEL_2:
1408:Drivers/STM32G0xx_HAL_Driver/Src/stm32g0xx_hal_tim_ex.c ****     {
1409:Drivers/STM32G0xx_HAL_Driver/Src/stm32g0xx_hal_tim_ex.c ****       /* Set the DMA compare callbacks */
1410:Drivers/STM32G0xx_HAL_Driver/Src/stm32g0xx_hal_tim_ex.c ****       htim->hdma[TIM_DMA_ID_CC2]->XferCpltCallback = TIM_DMADelayPulseNCplt;
 4376              		.loc 1 1410 17
 4377 018c FB68     		ldr	r3, [r7, #12]
 4378 018e 9B6A     		ldr	r3, [r3, #40]
 4379              		.loc 1 1410 52
 4380 0190 514A     		ldr	r2, .L320
 4381 0192 DA62     		str	r2, [r3, #44]
1411:Drivers/STM32G0xx_HAL_Driver/Src/stm32g0xx_hal_tim_ex.c ****       htim->hdma[TIM_DMA_ID_CC2]->XferHalfCpltCallback = TIM_DMADelayPulseHalfCplt;
 4382              		.loc 1 1411 17
 4383 0194 FB68     		ldr	r3, [r7, #12]
 4384 0196 9B6A     		ldr	r3, [r3, #40]
 4385              		.loc 1 1411 56
 4386 0198 504A     		ldr	r2, .L320+4
 4387 019a 1A63     		str	r2, [r3, #48]
1412:Drivers/STM32G0xx_HAL_Driver/Src/stm32g0xx_hal_tim_ex.c **** 
1413:Drivers/STM32G0xx_HAL_Driver/Src/stm32g0xx_hal_tim_ex.c ****       /* Set the DMA error callback */
1414:Drivers/STM32G0xx_HAL_Driver/Src/stm32g0xx_hal_tim_ex.c ****       htim->hdma[TIM_DMA_ID_CC2]->XferErrorCallback = TIM_DMAErrorCCxN ;
 4388              		.loc 1 1414 17
 4389 019c FB68     		ldr	r3, [r7, #12]
 4390 019e 9B6A     		ldr	r3, [r3, #40]
 4391              		.loc 1 1414 53
 4392 01a0 4F4A     		ldr	r2, .L320+8
 4393 01a2 5A63     		str	r2, [r3, #52]
1415:Drivers/STM32G0xx_HAL_Driver/Src/stm32g0xx_hal_tim_ex.c **** 
1416:Drivers/STM32G0xx_HAL_Driver/Src/stm32g0xx_hal_tim_ex.c ****       /* Enable the DMA channel */
1417:Drivers/STM32G0xx_HAL_Driver/Src/stm32g0xx_hal_tim_ex.c ****       if (HAL_DMA_Start_IT(htim->hdma[TIM_DMA_ID_CC2], (uint32_t)pData, (uint32_t)&htim->Instance->
 4394              		.loc 1 1417 11
 4395 01a4 FB68     		ldr	r3, [r7, #12]
 4396 01a6 986A     		ldr	r0, [r3, #40]
 4397 01a8 7968     		ldr	r1, [r7, #4]
 4398              		.loc 1 1417 88
 4399 01aa FB68     		ldr	r3, [r7, #12]
 4400 01ac 1B68     		ldr	r3, [r3]
 4401              		.loc 1 1417 83
 4402 01ae 3833     		adds	r3, r3, #56
 4403              		.loc 1 1417 11
 4404 01b0 1A00     		movs	r2, r3
 4405 01b2 BB1C     		adds	r3, r7, #2
 4406 01b4 1B88     		ldrh	r3, [r3]
 4407 01b6 FFF7FEFF 		bl	HAL_DMA_Start_IT
 4408 01ba 031E     		subs	r3, r0, #0
 4409              		.loc 1 1417 10 discriminator 1
 4410 01bc 01D0     		beq	.L313
1418:Drivers/STM32G0xx_HAL_Driver/Src/stm32g0xx_hal_tim_ex.c ****                            Length) != HAL_OK)
1419:Drivers/STM32G0xx_HAL_Driver/Src/stm32g0xx_hal_tim_ex.c ****       {
1420:Drivers/STM32G0xx_HAL_Driver/Src/stm32g0xx_hal_tim_ex.c ****         /* Return error status */
1421:Drivers/STM32G0xx_HAL_Driver/Src/stm32g0xx_hal_tim_ex.c ****         return HAL_ERROR;
 4411              		.loc 1 1421 16
 4412 01be 0123     		movs	r3, #1
 4413 01c0 86E0     		b	.L291
 4414              	.L313:
1422:Drivers/STM32G0xx_HAL_Driver/Src/stm32g0xx_hal_tim_ex.c ****       }
1423:Drivers/STM32G0xx_HAL_Driver/Src/stm32g0xx_hal_tim_ex.c ****       /* Enable the TIM Capture/Compare 2 DMA request */
1424:Drivers/STM32G0xx_HAL_Driver/Src/stm32g0xx_hal_tim_ex.c ****       __HAL_TIM_ENABLE_DMA(htim, TIM_DMA_CC2);
ARM GAS  C:\Users\a_hae\AppData\Local\Temp\ccujrzwF.s 			page 103


 4415              		.loc 1 1424 7
 4416 01c2 FB68     		ldr	r3, [r7, #12]
 4417 01c4 1B68     		ldr	r3, [r3]
 4418 01c6 DA68     		ldr	r2, [r3, #12]
 4419 01c8 FB68     		ldr	r3, [r7, #12]
 4420 01ca 1B68     		ldr	r3, [r3]
 4421 01cc 8021     		movs	r1, #128
 4422 01ce C900     		lsls	r1, r1, #3
 4423 01d0 0A43     		orrs	r2, r1
 4424 01d2 DA60     		str	r2, [r3, #12]
1425:Drivers/STM32G0xx_HAL_Driver/Src/stm32g0xx_hal_tim_ex.c ****       break;
 4425              		.loc 1 1425 7
 4426 01d4 29E0     		b	.L312
 4427              	.L307:
1426:Drivers/STM32G0xx_HAL_Driver/Src/stm32g0xx_hal_tim_ex.c ****     }
1427:Drivers/STM32G0xx_HAL_Driver/Src/stm32g0xx_hal_tim_ex.c **** 
1428:Drivers/STM32G0xx_HAL_Driver/Src/stm32g0xx_hal_tim_ex.c ****     case TIM_CHANNEL_3:
1429:Drivers/STM32G0xx_HAL_Driver/Src/stm32g0xx_hal_tim_ex.c ****     {
1430:Drivers/STM32G0xx_HAL_Driver/Src/stm32g0xx_hal_tim_ex.c ****       /* Set the DMA compare callbacks */
1431:Drivers/STM32G0xx_HAL_Driver/Src/stm32g0xx_hal_tim_ex.c ****       htim->hdma[TIM_DMA_ID_CC3]->XferCpltCallback = TIM_DMADelayPulseNCplt;
 4428              		.loc 1 1431 17
 4429 01d6 FB68     		ldr	r3, [r7, #12]
 4430 01d8 DB6A     		ldr	r3, [r3, #44]
 4431              		.loc 1 1431 52
 4432 01da 3F4A     		ldr	r2, .L320
 4433 01dc DA62     		str	r2, [r3, #44]
1432:Drivers/STM32G0xx_HAL_Driver/Src/stm32g0xx_hal_tim_ex.c ****       htim->hdma[TIM_DMA_ID_CC3]->XferHalfCpltCallback = TIM_DMADelayPulseHalfCplt;
 4434              		.loc 1 1432 17
 4435 01de FB68     		ldr	r3, [r7, #12]
 4436 01e0 DB6A     		ldr	r3, [r3, #44]
 4437              		.loc 1 1432 56
 4438 01e2 3E4A     		ldr	r2, .L320+4
 4439 01e4 1A63     		str	r2, [r3, #48]
1433:Drivers/STM32G0xx_HAL_Driver/Src/stm32g0xx_hal_tim_ex.c **** 
1434:Drivers/STM32G0xx_HAL_Driver/Src/stm32g0xx_hal_tim_ex.c ****       /* Set the DMA error callback */
1435:Drivers/STM32G0xx_HAL_Driver/Src/stm32g0xx_hal_tim_ex.c ****       htim->hdma[TIM_DMA_ID_CC3]->XferErrorCallback = TIM_DMAErrorCCxN ;
 4440              		.loc 1 1435 17
 4441 01e6 FB68     		ldr	r3, [r7, #12]
 4442 01e8 DB6A     		ldr	r3, [r3, #44]
 4443              		.loc 1 1435 53
 4444 01ea 3D4A     		ldr	r2, .L320+8
 4445 01ec 5A63     		str	r2, [r3, #52]
1436:Drivers/STM32G0xx_HAL_Driver/Src/stm32g0xx_hal_tim_ex.c **** 
1437:Drivers/STM32G0xx_HAL_Driver/Src/stm32g0xx_hal_tim_ex.c ****       /* Enable the DMA channel */
1438:Drivers/STM32G0xx_HAL_Driver/Src/stm32g0xx_hal_tim_ex.c ****       if (HAL_DMA_Start_IT(htim->hdma[TIM_DMA_ID_CC3], (uint32_t)pData, (uint32_t)&htim->Instance->
 4446              		.loc 1 1438 11
 4447 01ee FB68     		ldr	r3, [r7, #12]
 4448 01f0 D86A     		ldr	r0, [r3, #44]
 4449 01f2 7968     		ldr	r1, [r7, #4]
 4450              		.loc 1 1438 88
 4451 01f4 FB68     		ldr	r3, [r7, #12]
 4452 01f6 1B68     		ldr	r3, [r3]
 4453              		.loc 1 1438 83
 4454 01f8 3C33     		adds	r3, r3, #60
 4455              		.loc 1 1438 11
 4456 01fa 1A00     		movs	r2, r3
 4457 01fc BB1C     		adds	r3, r7, #2
ARM GAS  C:\Users\a_hae\AppData\Local\Temp\ccujrzwF.s 			page 104


 4458 01fe 1B88     		ldrh	r3, [r3]
 4459 0200 FFF7FEFF 		bl	HAL_DMA_Start_IT
 4460 0204 031E     		subs	r3, r0, #0
 4461              		.loc 1 1438 10 discriminator 1
 4462 0206 01D0     		beq	.L314
1439:Drivers/STM32G0xx_HAL_Driver/Src/stm32g0xx_hal_tim_ex.c ****                            Length) != HAL_OK)
1440:Drivers/STM32G0xx_HAL_Driver/Src/stm32g0xx_hal_tim_ex.c ****       {
1441:Drivers/STM32G0xx_HAL_Driver/Src/stm32g0xx_hal_tim_ex.c ****         /* Return error status */
1442:Drivers/STM32G0xx_HAL_Driver/Src/stm32g0xx_hal_tim_ex.c ****         return HAL_ERROR;
 4463              		.loc 1 1442 16
 4464 0208 0123     		movs	r3, #1
 4465 020a 61E0     		b	.L291
 4466              	.L314:
1443:Drivers/STM32G0xx_HAL_Driver/Src/stm32g0xx_hal_tim_ex.c ****       }
1444:Drivers/STM32G0xx_HAL_Driver/Src/stm32g0xx_hal_tim_ex.c ****       /* Enable the TIM Capture/Compare 3 DMA request */
1445:Drivers/STM32G0xx_HAL_Driver/Src/stm32g0xx_hal_tim_ex.c ****       __HAL_TIM_ENABLE_DMA(htim, TIM_DMA_CC3);
 4467              		.loc 1 1445 7
 4468 020c FB68     		ldr	r3, [r7, #12]
 4469 020e 1B68     		ldr	r3, [r3]
 4470 0210 DA68     		ldr	r2, [r3, #12]
 4471 0212 FB68     		ldr	r3, [r7, #12]
 4472 0214 1B68     		ldr	r3, [r3]
 4473 0216 8021     		movs	r1, #128
 4474 0218 0901     		lsls	r1, r1, #4
 4475 021a 0A43     		orrs	r2, r1
 4476 021c DA60     		str	r2, [r3, #12]
1446:Drivers/STM32G0xx_HAL_Driver/Src/stm32g0xx_hal_tim_ex.c ****       break;
 4477              		.loc 1 1446 7
 4478 021e 04E0     		b	.L312
 4479              	.L308:
1447:Drivers/STM32G0xx_HAL_Driver/Src/stm32g0xx_hal_tim_ex.c ****     }
1448:Drivers/STM32G0xx_HAL_Driver/Src/stm32g0xx_hal_tim_ex.c **** 
1449:Drivers/STM32G0xx_HAL_Driver/Src/stm32g0xx_hal_tim_ex.c ****     default:
1450:Drivers/STM32G0xx_HAL_Driver/Src/stm32g0xx_hal_tim_ex.c ****       status = HAL_ERROR;
 4480              		.loc 1 1450 14
 4481 0220 1723     		movs	r3, #23
 4482 0222 FB18     		adds	r3, r7, r3
 4483 0224 0122     		movs	r2, #1
 4484 0226 1A70     		strb	r2, [r3]
1451:Drivers/STM32G0xx_HAL_Driver/Src/stm32g0xx_hal_tim_ex.c ****       break;
 4485              		.loc 1 1451 7
 4486 0228 C046     		nop
 4487              	.L312:
1452:Drivers/STM32G0xx_HAL_Driver/Src/stm32g0xx_hal_tim_ex.c ****   }
1453:Drivers/STM32G0xx_HAL_Driver/Src/stm32g0xx_hal_tim_ex.c **** 
1454:Drivers/STM32G0xx_HAL_Driver/Src/stm32g0xx_hal_tim_ex.c ****   if (status == HAL_OK)
 4488              		.loc 1 1454 6
 4489 022a 1723     		movs	r3, #23
 4490 022c FB18     		adds	r3, r7, r3
 4491 022e 1B78     		ldrb	r3, [r3]
 4492 0230 002B     		cmp	r3, #0
 4493 0232 4AD1     		bne	.L315
1455:Drivers/STM32G0xx_HAL_Driver/Src/stm32g0xx_hal_tim_ex.c ****   {
1456:Drivers/STM32G0xx_HAL_Driver/Src/stm32g0xx_hal_tim_ex.c ****     /* Enable the complementary PWM output  */
1457:Drivers/STM32G0xx_HAL_Driver/Src/stm32g0xx_hal_tim_ex.c ****     TIM_CCxNChannelCmd(htim->Instance, Channel, TIM_CCxN_ENABLE);
 4494              		.loc 1 1457 5
 4495 0234 FB68     		ldr	r3, [r7, #12]
ARM GAS  C:\Users\a_hae\AppData\Local\Temp\ccujrzwF.s 			page 105


 4496 0236 1B68     		ldr	r3, [r3]
 4497 0238 B968     		ldr	r1, [r7, #8]
 4498 023a 0422     		movs	r2, #4
 4499 023c 1800     		movs	r0, r3
 4500 023e FFF7FEFF 		bl	TIM_CCxNChannelCmd
1458:Drivers/STM32G0xx_HAL_Driver/Src/stm32g0xx_hal_tim_ex.c **** 
1459:Drivers/STM32G0xx_HAL_Driver/Src/stm32g0xx_hal_tim_ex.c ****     /* Enable the Main Output */
1460:Drivers/STM32G0xx_HAL_Driver/Src/stm32g0xx_hal_tim_ex.c ****     __HAL_TIM_MOE_ENABLE(htim);
 4501              		.loc 1 1460 5
 4502 0242 FB68     		ldr	r3, [r7, #12]
 4503 0244 1B68     		ldr	r3, [r3]
 4504 0246 5A6C     		ldr	r2, [r3, #68]
 4505 0248 FB68     		ldr	r3, [r7, #12]
 4506 024a 1B68     		ldr	r3, [r3]
 4507 024c 8021     		movs	r1, #128
 4508 024e 0902     		lsls	r1, r1, #8
 4509 0250 0A43     		orrs	r2, r1
 4510 0252 5A64     		str	r2, [r3, #68]
1461:Drivers/STM32G0xx_HAL_Driver/Src/stm32g0xx_hal_tim_ex.c **** 
1462:Drivers/STM32G0xx_HAL_Driver/Src/stm32g0xx_hal_tim_ex.c ****     /* Enable the Peripheral, except in trigger mode where enable is automatically done with trigge
1463:Drivers/STM32G0xx_HAL_Driver/Src/stm32g0xx_hal_tim_ex.c ****     if (IS_TIM_SLAVE_INSTANCE(htim->Instance))
 4511              		.loc 1 1463 9
 4512 0254 FB68     		ldr	r3, [r7, #12]
 4513 0256 1B68     		ldr	r3, [r3]
 4514              		.loc 1 1463 8
 4515 0258 224A     		ldr	r2, .L320+12
 4516 025a 9342     		cmp	r3, r2
 4517 025c 14D0     		beq	.L316
 4518              		.loc 1 1463 9 discriminator 1
 4519 025e FB68     		ldr	r3, [r7, #12]
 4520 0260 1A68     		ldr	r2, [r3]
 4521 0262 8023     		movs	r3, #128
 4522 0264 DB05     		lsls	r3, r3, #23
 4523 0266 9A42     		cmp	r2, r3
 4524 0268 0ED0     		beq	.L316
 4525              		.loc 1 1463 9 is_stmt 0 discriminator 2
 4526 026a FB68     		ldr	r3, [r7, #12]
 4527 026c 1B68     		ldr	r3, [r3]
 4528 026e 1E4A     		ldr	r2, .L320+16
 4529 0270 9342     		cmp	r3, r2
 4530 0272 09D0     		beq	.L316
 4531              		.loc 1 1463 9 discriminator 3
 4532 0274 FB68     		ldr	r3, [r7, #12]
 4533 0276 1B68     		ldr	r3, [r3]
 4534 0278 1C4A     		ldr	r2, .L320+20
 4535 027a 9342     		cmp	r3, r2
 4536 027c 04D0     		beq	.L316
 4537              		.loc 1 1463 9 discriminator 4
 4538 027e FB68     		ldr	r3, [r7, #12]
 4539 0280 1B68     		ldr	r3, [r3]
 4540 0282 1B4A     		ldr	r2, .L320+24
 4541 0284 9342     		cmp	r3, r2
 4542 0286 16D1     		bne	.L317
 4543              	.L316:
1464:Drivers/STM32G0xx_HAL_Driver/Src/stm32g0xx_hal_tim_ex.c ****     {
1465:Drivers/STM32G0xx_HAL_Driver/Src/stm32g0xx_hal_tim_ex.c ****       tmpsmcr = htim->Instance->SMCR & TIM_SMCR_SMS;
 4544              		.loc 1 1465 21 is_stmt 1
ARM GAS  C:\Users\a_hae\AppData\Local\Temp\ccujrzwF.s 			page 106


 4545 0288 FB68     		ldr	r3, [r7, #12]
 4546 028a 1B68     		ldr	r3, [r3]
 4547              		.loc 1 1465 31
 4548 028c 9B68     		ldr	r3, [r3, #8]
 4549              		.loc 1 1465 15
 4550 028e 194A     		ldr	r2, .L320+28
 4551 0290 1340     		ands	r3, r2
 4552 0292 3B61     		str	r3, [r7, #16]
1466:Drivers/STM32G0xx_HAL_Driver/Src/stm32g0xx_hal_tim_ex.c ****       if (!IS_TIM_SLAVEMODE_TRIGGER_ENABLED(tmpsmcr))
 4553              		.loc 1 1466 10
 4554 0294 3B69     		ldr	r3, [r7, #16]
 4555 0296 062B     		cmp	r3, #6
 4556 0298 16D0     		beq	.L319
 4557              		.loc 1 1466 11 discriminator 1
 4558 029a 3A69     		ldr	r2, [r7, #16]
 4559 029c 8023     		movs	r3, #128
 4560 029e 5B02     		lsls	r3, r3, #9
 4561 02a0 9A42     		cmp	r2, r3
 4562 02a2 11D0     		beq	.L319
1467:Drivers/STM32G0xx_HAL_Driver/Src/stm32g0xx_hal_tim_ex.c ****       {
1468:Drivers/STM32G0xx_HAL_Driver/Src/stm32g0xx_hal_tim_ex.c ****         __HAL_TIM_ENABLE(htim);
 4563              		.loc 1 1468 9
 4564 02a4 FB68     		ldr	r3, [r7, #12]
 4565 02a6 1B68     		ldr	r3, [r3]
 4566 02a8 1A68     		ldr	r2, [r3]
 4567 02aa FB68     		ldr	r3, [r7, #12]
 4568 02ac 1B68     		ldr	r3, [r3]
 4569 02ae 0121     		movs	r1, #1
 4570 02b0 0A43     		orrs	r2, r1
 4571 02b2 1A60     		str	r2, [r3]
1466:Drivers/STM32G0xx_HAL_Driver/Src/stm32g0xx_hal_tim_ex.c ****       if (!IS_TIM_SLAVEMODE_TRIGGER_ENABLED(tmpsmcr))
 4572              		.loc 1 1466 10
 4573 02b4 08E0     		b	.L319
 4574              	.L317:
1469:Drivers/STM32G0xx_HAL_Driver/Src/stm32g0xx_hal_tim_ex.c ****       }
1470:Drivers/STM32G0xx_HAL_Driver/Src/stm32g0xx_hal_tim_ex.c ****     }
1471:Drivers/STM32G0xx_HAL_Driver/Src/stm32g0xx_hal_tim_ex.c ****     else
1472:Drivers/STM32G0xx_HAL_Driver/Src/stm32g0xx_hal_tim_ex.c ****     {
1473:Drivers/STM32G0xx_HAL_Driver/Src/stm32g0xx_hal_tim_ex.c ****       __HAL_TIM_ENABLE(htim);
 4575              		.loc 1 1473 7
 4576 02b6 FB68     		ldr	r3, [r7, #12]
 4577 02b8 1B68     		ldr	r3, [r3]
 4578 02ba 1A68     		ldr	r2, [r3]
 4579 02bc FB68     		ldr	r3, [r7, #12]
 4580 02be 1B68     		ldr	r3, [r3]
 4581 02c0 0121     		movs	r1, #1
 4582 02c2 0A43     		orrs	r2, r1
 4583 02c4 1A60     		str	r2, [r3]
 4584 02c6 00E0     		b	.L315
 4585              	.L319:
1466:Drivers/STM32G0xx_HAL_Driver/Src/stm32g0xx_hal_tim_ex.c ****       {
 4586              		.loc 1 1466 10
 4587 02c8 C046     		nop
 4588              	.L315:
1474:Drivers/STM32G0xx_HAL_Driver/Src/stm32g0xx_hal_tim_ex.c ****     }
1475:Drivers/STM32G0xx_HAL_Driver/Src/stm32g0xx_hal_tim_ex.c ****   }
1476:Drivers/STM32G0xx_HAL_Driver/Src/stm32g0xx_hal_tim_ex.c **** 
ARM GAS  C:\Users\a_hae\AppData\Local\Temp\ccujrzwF.s 			page 107


1477:Drivers/STM32G0xx_HAL_Driver/Src/stm32g0xx_hal_tim_ex.c ****   /* Return function status */
1478:Drivers/STM32G0xx_HAL_Driver/Src/stm32g0xx_hal_tim_ex.c ****   return status;
 4589              		.loc 1 1478 10
 4590 02ca 1723     		movs	r3, #23
 4591 02cc FB18     		adds	r3, r7, r3
 4592 02ce 1B78     		ldrb	r3, [r3]
 4593              	.L291:
1479:Drivers/STM32G0xx_HAL_Driver/Src/stm32g0xx_hal_tim_ex.c **** }
 4594              		.loc 1 1479 1
 4595 02d0 1800     		movs	r0, r3
 4596 02d2 BD46     		mov	sp, r7
 4597 02d4 06B0     		add	sp, sp, #24
 4598              		@ sp needed
 4599 02d6 80BD     		pop	{r7, pc}
 4600              	.L321:
 4601              		.align	2
 4602              	.L320:
 4603 02d8 00000000 		.word	TIM_DMADelayPulseNCplt
 4604 02dc 00000000 		.word	TIM_DMADelayPulseHalfCplt
 4605 02e0 00000000 		.word	TIM_DMAErrorCCxN
 4606 02e4 002C0140 		.word	1073818624
 4607 02e8 00040040 		.word	1073742848
 4608 02ec 00080040 		.word	1073743872
 4609 02f0 00400140 		.word	1073823744
 4610 02f4 07000100 		.word	65543
 4611              		.cfi_endproc
 4612              	.LFE383:
 4614              		.section	.text.HAL_TIMEx_PWMN_Stop_DMA,"ax",%progbits
 4615              		.align	1
 4616              		.global	HAL_TIMEx_PWMN_Stop_DMA
 4617              		.syntax unified
 4618              		.code	16
 4619              		.thumb_func
 4621              	HAL_TIMEx_PWMN_Stop_DMA:
 4622              	.LFB384:
1480:Drivers/STM32G0xx_HAL_Driver/Src/stm32g0xx_hal_tim_ex.c **** 
1481:Drivers/STM32G0xx_HAL_Driver/Src/stm32g0xx_hal_tim_ex.c **** /**
1482:Drivers/STM32G0xx_HAL_Driver/Src/stm32g0xx_hal_tim_ex.c ****   * @brief  Stops the TIM PWM signal generation in DMA mode on the complementary
1483:Drivers/STM32G0xx_HAL_Driver/Src/stm32g0xx_hal_tim_ex.c ****   *         output
1484:Drivers/STM32G0xx_HAL_Driver/Src/stm32g0xx_hal_tim_ex.c ****   * @param  htim TIM handle
1485:Drivers/STM32G0xx_HAL_Driver/Src/stm32g0xx_hal_tim_ex.c ****   * @param  Channel TIM Channel to be disabled
1486:Drivers/STM32G0xx_HAL_Driver/Src/stm32g0xx_hal_tim_ex.c ****   *          This parameter can be one of the following values:
1487:Drivers/STM32G0xx_HAL_Driver/Src/stm32g0xx_hal_tim_ex.c ****   *            @arg TIM_CHANNEL_1: TIM Channel 1 selected
1488:Drivers/STM32G0xx_HAL_Driver/Src/stm32g0xx_hal_tim_ex.c ****   *            @arg TIM_CHANNEL_2: TIM Channel 2 selected
1489:Drivers/STM32G0xx_HAL_Driver/Src/stm32g0xx_hal_tim_ex.c ****   *            @arg TIM_CHANNEL_3: TIM Channel 3 selected
1490:Drivers/STM32G0xx_HAL_Driver/Src/stm32g0xx_hal_tim_ex.c ****   * @retval HAL status
1491:Drivers/STM32G0xx_HAL_Driver/Src/stm32g0xx_hal_tim_ex.c ****   */
1492:Drivers/STM32G0xx_HAL_Driver/Src/stm32g0xx_hal_tim_ex.c **** HAL_StatusTypeDef HAL_TIMEx_PWMN_Stop_DMA(TIM_HandleTypeDef *htim, uint32_t Channel)
1493:Drivers/STM32G0xx_HAL_Driver/Src/stm32g0xx_hal_tim_ex.c **** {
 4623              		.loc 1 1493 1
 4624              		.cfi_startproc
 4625              		@ args = 0, pretend = 0, frame = 16
 4626              		@ frame_needed = 1, uses_anonymous_args = 0
 4627 0000 80B5     		push	{r7, lr}
 4628              	.LCFI63:
 4629              		.cfi_def_cfa_offset 8
 4630              		.cfi_offset 7, -8
ARM GAS  C:\Users\a_hae\AppData\Local\Temp\ccujrzwF.s 			page 108


 4631              		.cfi_offset 14, -4
 4632 0002 84B0     		sub	sp, sp, #16
 4633              	.LCFI64:
 4634              		.cfi_def_cfa_offset 24
 4635 0004 00AF     		add	r7, sp, #0
 4636              	.LCFI65:
 4637              		.cfi_def_cfa_register 7
 4638 0006 7860     		str	r0, [r7, #4]
 4639 0008 3960     		str	r1, [r7]
1494:Drivers/STM32G0xx_HAL_Driver/Src/stm32g0xx_hal_tim_ex.c ****   HAL_StatusTypeDef status = HAL_OK;
 4640              		.loc 1 1494 21
 4641 000a 0F23     		movs	r3, #15
 4642 000c FB18     		adds	r3, r7, r3
 4643 000e 0022     		movs	r2, #0
 4644 0010 1A70     		strb	r2, [r3]
1495:Drivers/STM32G0xx_HAL_Driver/Src/stm32g0xx_hal_tim_ex.c **** 
1496:Drivers/STM32G0xx_HAL_Driver/Src/stm32g0xx_hal_tim_ex.c ****   /* Check the parameters */
1497:Drivers/STM32G0xx_HAL_Driver/Src/stm32g0xx_hal_tim_ex.c ****   assert_param(IS_TIM_CCXN_INSTANCE(htim->Instance, Channel));
1498:Drivers/STM32G0xx_HAL_Driver/Src/stm32g0xx_hal_tim_ex.c **** 
1499:Drivers/STM32G0xx_HAL_Driver/Src/stm32g0xx_hal_tim_ex.c ****   switch (Channel)
 4645              		.loc 1 1499 3
 4646 0012 3B68     		ldr	r3, [r7]
 4647 0014 082B     		cmp	r3, #8
 4648 0016 25D0     		beq	.L323
 4649 0018 3B68     		ldr	r3, [r7]
 4650 001a 082B     		cmp	r3, #8
 4651 001c 30D8     		bhi	.L324
 4652 001e 3B68     		ldr	r3, [r7]
 4653 0020 002B     		cmp	r3, #0
 4654 0022 03D0     		beq	.L325
 4655 0024 3B68     		ldr	r3, [r7]
 4656 0026 042B     		cmp	r3, #4
 4657 0028 0ED0     		beq	.L326
 4658 002a 29E0     		b	.L324
 4659              	.L325:
1500:Drivers/STM32G0xx_HAL_Driver/Src/stm32g0xx_hal_tim_ex.c ****   {
1501:Drivers/STM32G0xx_HAL_Driver/Src/stm32g0xx_hal_tim_ex.c ****     case TIM_CHANNEL_1:
1502:Drivers/STM32G0xx_HAL_Driver/Src/stm32g0xx_hal_tim_ex.c ****     {
1503:Drivers/STM32G0xx_HAL_Driver/Src/stm32g0xx_hal_tim_ex.c ****       /* Disable the TIM Capture/Compare 1 DMA request */
1504:Drivers/STM32G0xx_HAL_Driver/Src/stm32g0xx_hal_tim_ex.c ****       __HAL_TIM_DISABLE_DMA(htim, TIM_DMA_CC1);
 4660              		.loc 1 1504 7
 4661 002c 7B68     		ldr	r3, [r7, #4]
 4662 002e 1B68     		ldr	r3, [r3]
 4663 0030 DA68     		ldr	r2, [r3, #12]
 4664 0032 7B68     		ldr	r3, [r7, #4]
 4665 0034 1B68     		ldr	r3, [r3]
 4666 0036 4049     		ldr	r1, .L337
 4667 0038 0A40     		ands	r2, r1
 4668 003a DA60     		str	r2, [r3, #12]
1505:Drivers/STM32G0xx_HAL_Driver/Src/stm32g0xx_hal_tim_ex.c ****       (void)HAL_DMA_Abort_IT(htim->hdma[TIM_DMA_ID_CC1]);
 4669              		.loc 1 1505 13
 4670 003c 7B68     		ldr	r3, [r7, #4]
 4671 003e 5B6A     		ldr	r3, [r3, #36]
 4672 0040 1800     		movs	r0, r3
 4673 0042 FFF7FEFF 		bl	HAL_DMA_Abort_IT
1506:Drivers/STM32G0xx_HAL_Driver/Src/stm32g0xx_hal_tim_ex.c ****       break;
 4674              		.loc 1 1506 7
ARM GAS  C:\Users\a_hae\AppData\Local\Temp\ccujrzwF.s 			page 109


 4675 0046 20E0     		b	.L327
 4676              	.L326:
1507:Drivers/STM32G0xx_HAL_Driver/Src/stm32g0xx_hal_tim_ex.c ****     }
1508:Drivers/STM32G0xx_HAL_Driver/Src/stm32g0xx_hal_tim_ex.c **** 
1509:Drivers/STM32G0xx_HAL_Driver/Src/stm32g0xx_hal_tim_ex.c ****     case TIM_CHANNEL_2:
1510:Drivers/STM32G0xx_HAL_Driver/Src/stm32g0xx_hal_tim_ex.c ****     {
1511:Drivers/STM32G0xx_HAL_Driver/Src/stm32g0xx_hal_tim_ex.c ****       /* Disable the TIM Capture/Compare 2 DMA request */
1512:Drivers/STM32G0xx_HAL_Driver/Src/stm32g0xx_hal_tim_ex.c ****       __HAL_TIM_DISABLE_DMA(htim, TIM_DMA_CC2);
 4677              		.loc 1 1512 7
 4678 0048 7B68     		ldr	r3, [r7, #4]
 4679 004a 1B68     		ldr	r3, [r3]
 4680 004c DA68     		ldr	r2, [r3, #12]
 4681 004e 7B68     		ldr	r3, [r7, #4]
 4682 0050 1B68     		ldr	r3, [r3]
 4683 0052 3A49     		ldr	r1, .L337+4
 4684 0054 0A40     		ands	r2, r1
 4685 0056 DA60     		str	r2, [r3, #12]
1513:Drivers/STM32G0xx_HAL_Driver/Src/stm32g0xx_hal_tim_ex.c ****       (void)HAL_DMA_Abort_IT(htim->hdma[TIM_DMA_ID_CC2]);
 4686              		.loc 1 1513 13
 4687 0058 7B68     		ldr	r3, [r7, #4]
 4688 005a 9B6A     		ldr	r3, [r3, #40]
 4689 005c 1800     		movs	r0, r3
 4690 005e FFF7FEFF 		bl	HAL_DMA_Abort_IT
1514:Drivers/STM32G0xx_HAL_Driver/Src/stm32g0xx_hal_tim_ex.c ****       break;
 4691              		.loc 1 1514 7
 4692 0062 12E0     		b	.L327
 4693              	.L323:
1515:Drivers/STM32G0xx_HAL_Driver/Src/stm32g0xx_hal_tim_ex.c ****     }
1516:Drivers/STM32G0xx_HAL_Driver/Src/stm32g0xx_hal_tim_ex.c **** 
1517:Drivers/STM32G0xx_HAL_Driver/Src/stm32g0xx_hal_tim_ex.c ****     case TIM_CHANNEL_3:
1518:Drivers/STM32G0xx_HAL_Driver/Src/stm32g0xx_hal_tim_ex.c ****     {
1519:Drivers/STM32G0xx_HAL_Driver/Src/stm32g0xx_hal_tim_ex.c ****       /* Disable the TIM Capture/Compare 3 DMA request */
1520:Drivers/STM32G0xx_HAL_Driver/Src/stm32g0xx_hal_tim_ex.c ****       __HAL_TIM_DISABLE_DMA(htim, TIM_DMA_CC3);
 4694              		.loc 1 1520 7
 4695 0064 7B68     		ldr	r3, [r7, #4]
 4696 0066 1B68     		ldr	r3, [r3]
 4697 0068 DA68     		ldr	r2, [r3, #12]
 4698 006a 7B68     		ldr	r3, [r7, #4]
 4699 006c 1B68     		ldr	r3, [r3]
 4700 006e 3449     		ldr	r1, .L337+8
 4701 0070 0A40     		ands	r2, r1
 4702 0072 DA60     		str	r2, [r3, #12]
1521:Drivers/STM32G0xx_HAL_Driver/Src/stm32g0xx_hal_tim_ex.c ****       (void)HAL_DMA_Abort_IT(htim->hdma[TIM_DMA_ID_CC3]);
 4703              		.loc 1 1521 13
 4704 0074 7B68     		ldr	r3, [r7, #4]
 4705 0076 DB6A     		ldr	r3, [r3, #44]
 4706 0078 1800     		movs	r0, r3
 4707 007a FFF7FEFF 		bl	HAL_DMA_Abort_IT
1522:Drivers/STM32G0xx_HAL_Driver/Src/stm32g0xx_hal_tim_ex.c ****       break;
 4708              		.loc 1 1522 7
 4709 007e 04E0     		b	.L327
 4710              	.L324:
1523:Drivers/STM32G0xx_HAL_Driver/Src/stm32g0xx_hal_tim_ex.c ****     }
1524:Drivers/STM32G0xx_HAL_Driver/Src/stm32g0xx_hal_tim_ex.c **** 
1525:Drivers/STM32G0xx_HAL_Driver/Src/stm32g0xx_hal_tim_ex.c ****     default:
1526:Drivers/STM32G0xx_HAL_Driver/Src/stm32g0xx_hal_tim_ex.c ****       status = HAL_ERROR;
 4711              		.loc 1 1526 14
ARM GAS  C:\Users\a_hae\AppData\Local\Temp\ccujrzwF.s 			page 110


 4712 0080 0F23     		movs	r3, #15
 4713 0082 FB18     		adds	r3, r7, r3
 4714 0084 0122     		movs	r2, #1
 4715 0086 1A70     		strb	r2, [r3]
1527:Drivers/STM32G0xx_HAL_Driver/Src/stm32g0xx_hal_tim_ex.c ****       break;
 4716              		.loc 1 1527 7
 4717 0088 C046     		nop
 4718              	.L327:
1528:Drivers/STM32G0xx_HAL_Driver/Src/stm32g0xx_hal_tim_ex.c ****   }
1529:Drivers/STM32G0xx_HAL_Driver/Src/stm32g0xx_hal_tim_ex.c **** 
1530:Drivers/STM32G0xx_HAL_Driver/Src/stm32g0xx_hal_tim_ex.c ****   if (status == HAL_OK)
 4719              		.loc 1 1530 6
 4720 008a 0F23     		movs	r3, #15
 4721 008c FB18     		adds	r3, r7, r3
 4722 008e 1B78     		ldrb	r3, [r3]
 4723 0090 002B     		cmp	r3, #0
 4724 0092 4AD1     		bne	.L328
1531:Drivers/STM32G0xx_HAL_Driver/Src/stm32g0xx_hal_tim_ex.c ****   {
1532:Drivers/STM32G0xx_HAL_Driver/Src/stm32g0xx_hal_tim_ex.c ****     /* Disable the complementary PWM output */
1533:Drivers/STM32G0xx_HAL_Driver/Src/stm32g0xx_hal_tim_ex.c ****     TIM_CCxNChannelCmd(htim->Instance, Channel, TIM_CCxN_DISABLE);
 4725              		.loc 1 1533 5
 4726 0094 7B68     		ldr	r3, [r7, #4]
 4727 0096 1B68     		ldr	r3, [r3]
 4728 0098 3968     		ldr	r1, [r7]
 4729 009a 0022     		movs	r2, #0
 4730 009c 1800     		movs	r0, r3
 4731 009e FFF7FEFF 		bl	TIM_CCxNChannelCmd
1534:Drivers/STM32G0xx_HAL_Driver/Src/stm32g0xx_hal_tim_ex.c **** 
1535:Drivers/STM32G0xx_HAL_Driver/Src/stm32g0xx_hal_tim_ex.c ****     /* Disable the Main Output */
1536:Drivers/STM32G0xx_HAL_Driver/Src/stm32g0xx_hal_tim_ex.c ****     __HAL_TIM_MOE_DISABLE(htim);
 4732              		.loc 1 1536 5
 4733 00a2 7B68     		ldr	r3, [r7, #4]
 4734 00a4 1B68     		ldr	r3, [r3]
 4735 00a6 1B6A     		ldr	r3, [r3, #32]
 4736 00a8 264A     		ldr	r2, .L337+12
 4737 00aa 1340     		ands	r3, r2
 4738 00ac 0DD1     		bne	.L329
 4739              		.loc 1 1536 5 is_stmt 0 discriminator 1
 4740 00ae 7B68     		ldr	r3, [r7, #4]
 4741 00b0 1B68     		ldr	r3, [r3]
 4742 00b2 1B6A     		ldr	r3, [r3, #32]
 4743 00b4 244A     		ldr	r2, .L337+16
 4744 00b6 1340     		ands	r3, r2
 4745 00b8 07D1     		bne	.L329
 4746              		.loc 1 1536 5 discriminator 2
 4747 00ba 7B68     		ldr	r3, [r7, #4]
 4748 00bc 1B68     		ldr	r3, [r3]
 4749 00be 5A6C     		ldr	r2, [r3, #68]
 4750 00c0 7B68     		ldr	r3, [r7, #4]
 4751 00c2 1B68     		ldr	r3, [r3]
 4752 00c4 2149     		ldr	r1, .L337+20
 4753 00c6 0A40     		ands	r2, r1
 4754 00c8 5A64     		str	r2, [r3, #68]
 4755              	.L329:
1537:Drivers/STM32G0xx_HAL_Driver/Src/stm32g0xx_hal_tim_ex.c **** 
1538:Drivers/STM32G0xx_HAL_Driver/Src/stm32g0xx_hal_tim_ex.c ****     /* Disable the Peripheral */
1539:Drivers/STM32G0xx_HAL_Driver/Src/stm32g0xx_hal_tim_ex.c ****     __HAL_TIM_DISABLE(htim);
ARM GAS  C:\Users\a_hae\AppData\Local\Temp\ccujrzwF.s 			page 111


 4756              		.loc 1 1539 5 is_stmt 1
 4757 00ca 7B68     		ldr	r3, [r7, #4]
 4758 00cc 1B68     		ldr	r3, [r3]
 4759 00ce 1B6A     		ldr	r3, [r3, #32]
 4760 00d0 1C4A     		ldr	r2, .L337+12
 4761 00d2 1340     		ands	r3, r2
 4762 00d4 0DD1     		bne	.L330
 4763              		.loc 1 1539 5 is_stmt 0 discriminator 1
 4764 00d6 7B68     		ldr	r3, [r7, #4]
 4765 00d8 1B68     		ldr	r3, [r3]
 4766 00da 1B6A     		ldr	r3, [r3, #32]
 4767 00dc 1A4A     		ldr	r2, .L337+16
 4768 00de 1340     		ands	r3, r2
 4769 00e0 07D1     		bne	.L330
 4770              		.loc 1 1539 5 discriminator 2
 4771 00e2 7B68     		ldr	r3, [r7, #4]
 4772 00e4 1B68     		ldr	r3, [r3]
 4773 00e6 1A68     		ldr	r2, [r3]
 4774 00e8 7B68     		ldr	r3, [r7, #4]
 4775 00ea 1B68     		ldr	r3, [r3]
 4776 00ec 0121     		movs	r1, #1
 4777 00ee 8A43     		bics	r2, r1
 4778 00f0 1A60     		str	r2, [r3]
 4779              	.L330:
1540:Drivers/STM32G0xx_HAL_Driver/Src/stm32g0xx_hal_tim_ex.c **** 
1541:Drivers/STM32G0xx_HAL_Driver/Src/stm32g0xx_hal_tim_ex.c ****     /* Set the TIM complementary channel state */
1542:Drivers/STM32G0xx_HAL_Driver/Src/stm32g0xx_hal_tim_ex.c ****     TIM_CHANNEL_N_STATE_SET(htim, Channel, HAL_TIM_CHANNEL_STATE_READY);
 4780              		.loc 1 1542 5 is_stmt 1
 4781 00f2 3B68     		ldr	r3, [r7]
 4782 00f4 002B     		cmp	r3, #0
 4783 00f6 04D1     		bne	.L331
 4784              		.loc 1 1542 5 is_stmt 0 discriminator 1
 4785 00f8 7B68     		ldr	r3, [r7, #4]
 4786 00fa 4422     		movs	r2, #68
 4787 00fc 0121     		movs	r1, #1
 4788 00fe 9954     		strb	r1, [r3, r2]
 4789 0100 13E0     		b	.L328
 4790              	.L331:
 4791              		.loc 1 1542 5 discriminator 2
 4792 0102 3B68     		ldr	r3, [r7]
 4793 0104 042B     		cmp	r3, #4
 4794 0106 04D1     		bne	.L332
 4795              		.loc 1 1542 5 discriminator 3
 4796 0108 7B68     		ldr	r3, [r7, #4]
 4797 010a 4522     		movs	r2, #69
 4798 010c 0121     		movs	r1, #1
 4799 010e 9954     		strb	r1, [r3, r2]
 4800 0110 0BE0     		b	.L328
 4801              	.L332:
 4802              		.loc 1 1542 5 discriminator 4
 4803 0112 3B68     		ldr	r3, [r7]
 4804 0114 082B     		cmp	r3, #8
 4805 0116 04D1     		bne	.L334
 4806              		.loc 1 1542 5 discriminator 6
 4807 0118 7B68     		ldr	r3, [r7, #4]
 4808 011a 4622     		movs	r2, #70
 4809 011c 0121     		movs	r1, #1
ARM GAS  C:\Users\a_hae\AppData\Local\Temp\ccujrzwF.s 			page 112


 4810 011e 9954     		strb	r1, [r3, r2]
 4811 0120 03E0     		b	.L328
 4812              	.L334:
 4813              		.loc 1 1542 5 discriminator 7
 4814 0122 7B68     		ldr	r3, [r7, #4]
 4815 0124 4722     		movs	r2, #71
 4816 0126 0121     		movs	r1, #1
 4817 0128 9954     		strb	r1, [r3, r2]
 4818              	.L328:
1543:Drivers/STM32G0xx_HAL_Driver/Src/stm32g0xx_hal_tim_ex.c ****   }
1544:Drivers/STM32G0xx_HAL_Driver/Src/stm32g0xx_hal_tim_ex.c **** 
1545:Drivers/STM32G0xx_HAL_Driver/Src/stm32g0xx_hal_tim_ex.c ****   /* Return function status */
1546:Drivers/STM32G0xx_HAL_Driver/Src/stm32g0xx_hal_tim_ex.c ****   return status;
 4819              		.loc 1 1546 10 is_stmt 1
 4820 012a 0F23     		movs	r3, #15
 4821 012c FB18     		adds	r3, r7, r3
 4822 012e 1B78     		ldrb	r3, [r3]
1547:Drivers/STM32G0xx_HAL_Driver/Src/stm32g0xx_hal_tim_ex.c **** }
 4823              		.loc 1 1547 1
 4824 0130 1800     		movs	r0, r3
 4825 0132 BD46     		mov	sp, r7
 4826 0134 04B0     		add	sp, sp, #16
 4827              		@ sp needed
 4828 0136 80BD     		pop	{r7, pc}
 4829              	.L338:
 4830              		.align	2
 4831              	.L337:
 4832 0138 FFFDFFFF 		.word	-513
 4833 013c FFFBFFFF 		.word	-1025
 4834 0140 FFF7FFFF 		.word	-2049
 4835 0144 11110000 		.word	4369
 4836 0148 44040000 		.word	1092
 4837 014c FF7FFFFF 		.word	-32769
 4838              		.cfi_endproc
 4839              	.LFE384:
 4841              		.section	.text.HAL_TIMEx_OnePulseN_Start,"ax",%progbits
 4842              		.align	1
 4843              		.global	HAL_TIMEx_OnePulseN_Start
 4844              		.syntax unified
 4845              		.code	16
 4846              		.thumb_func
 4848              	HAL_TIMEx_OnePulseN_Start:
 4849              	.LFB385:
1548:Drivers/STM32G0xx_HAL_Driver/Src/stm32g0xx_hal_tim_ex.c **** 
1549:Drivers/STM32G0xx_HAL_Driver/Src/stm32g0xx_hal_tim_ex.c **** /**
1550:Drivers/STM32G0xx_HAL_Driver/Src/stm32g0xx_hal_tim_ex.c ****   * @}
1551:Drivers/STM32G0xx_HAL_Driver/Src/stm32g0xx_hal_tim_ex.c ****   */
1552:Drivers/STM32G0xx_HAL_Driver/Src/stm32g0xx_hal_tim_ex.c **** 
1553:Drivers/STM32G0xx_HAL_Driver/Src/stm32g0xx_hal_tim_ex.c **** /** @defgroup TIMEx_Exported_Functions_Group4 Extended Timer Complementary One Pulse functions
1554:Drivers/STM32G0xx_HAL_Driver/Src/stm32g0xx_hal_tim_ex.c ****   * @brief    Timer Complementary One Pulse functions
1555:Drivers/STM32G0xx_HAL_Driver/Src/stm32g0xx_hal_tim_ex.c ****   *
1556:Drivers/STM32G0xx_HAL_Driver/Src/stm32g0xx_hal_tim_ex.c **** @verbatim
1557:Drivers/STM32G0xx_HAL_Driver/Src/stm32g0xx_hal_tim_ex.c ****   ==============================================================================
1558:Drivers/STM32G0xx_HAL_Driver/Src/stm32g0xx_hal_tim_ex.c ****                 ##### Timer Complementary One Pulse functions #####
1559:Drivers/STM32G0xx_HAL_Driver/Src/stm32g0xx_hal_tim_ex.c ****   ==============================================================================
1560:Drivers/STM32G0xx_HAL_Driver/Src/stm32g0xx_hal_tim_ex.c ****   [..]
1561:Drivers/STM32G0xx_HAL_Driver/Src/stm32g0xx_hal_tim_ex.c ****     This section provides functions allowing to:
ARM GAS  C:\Users\a_hae\AppData\Local\Temp\ccujrzwF.s 			page 113


1562:Drivers/STM32G0xx_HAL_Driver/Src/stm32g0xx_hal_tim_ex.c ****     (+) Start the Complementary One Pulse generation.
1563:Drivers/STM32G0xx_HAL_Driver/Src/stm32g0xx_hal_tim_ex.c ****     (+) Stop the Complementary One Pulse.
1564:Drivers/STM32G0xx_HAL_Driver/Src/stm32g0xx_hal_tim_ex.c ****     (+) Start the Complementary One Pulse and enable interrupts.
1565:Drivers/STM32G0xx_HAL_Driver/Src/stm32g0xx_hal_tim_ex.c ****     (+) Stop the Complementary One Pulse and disable interrupts.
1566:Drivers/STM32G0xx_HAL_Driver/Src/stm32g0xx_hal_tim_ex.c **** 
1567:Drivers/STM32G0xx_HAL_Driver/Src/stm32g0xx_hal_tim_ex.c **** @endverbatim
1568:Drivers/STM32G0xx_HAL_Driver/Src/stm32g0xx_hal_tim_ex.c ****   * @{
1569:Drivers/STM32G0xx_HAL_Driver/Src/stm32g0xx_hal_tim_ex.c ****   */
1570:Drivers/STM32G0xx_HAL_Driver/Src/stm32g0xx_hal_tim_ex.c **** 
1571:Drivers/STM32G0xx_HAL_Driver/Src/stm32g0xx_hal_tim_ex.c **** /**
1572:Drivers/STM32G0xx_HAL_Driver/Src/stm32g0xx_hal_tim_ex.c ****   * @brief  Starts the TIM One Pulse signal generation on the complementary
1573:Drivers/STM32G0xx_HAL_Driver/Src/stm32g0xx_hal_tim_ex.c ****   *         output.
1574:Drivers/STM32G0xx_HAL_Driver/Src/stm32g0xx_hal_tim_ex.c ****   * @note OutputChannel must match the pulse output channel chosen when calling
1575:Drivers/STM32G0xx_HAL_Driver/Src/stm32g0xx_hal_tim_ex.c ****   *       @ref HAL_TIM_OnePulse_ConfigChannel().
1576:Drivers/STM32G0xx_HAL_Driver/Src/stm32g0xx_hal_tim_ex.c ****   * @param  htim TIM One Pulse handle
1577:Drivers/STM32G0xx_HAL_Driver/Src/stm32g0xx_hal_tim_ex.c ****   * @param  OutputChannel pulse output channel to enable
1578:Drivers/STM32G0xx_HAL_Driver/Src/stm32g0xx_hal_tim_ex.c ****   *          This parameter can be one of the following values:
1579:Drivers/STM32G0xx_HAL_Driver/Src/stm32g0xx_hal_tim_ex.c ****   *            @arg TIM_CHANNEL_1: TIM Channel 1 selected
1580:Drivers/STM32G0xx_HAL_Driver/Src/stm32g0xx_hal_tim_ex.c ****   *            @arg TIM_CHANNEL_2: TIM Channel 2 selected
1581:Drivers/STM32G0xx_HAL_Driver/Src/stm32g0xx_hal_tim_ex.c ****   * @retval HAL status
1582:Drivers/STM32G0xx_HAL_Driver/Src/stm32g0xx_hal_tim_ex.c ****   */
1583:Drivers/STM32G0xx_HAL_Driver/Src/stm32g0xx_hal_tim_ex.c **** HAL_StatusTypeDef HAL_TIMEx_OnePulseN_Start(TIM_HandleTypeDef *htim, uint32_t OutputChannel)
1584:Drivers/STM32G0xx_HAL_Driver/Src/stm32g0xx_hal_tim_ex.c **** {
 4850              		.loc 1 1584 1
 4851              		.cfi_startproc
 4852              		@ args = 0, pretend = 0, frame = 16
 4853              		@ frame_needed = 1, uses_anonymous_args = 0
 4854 0000 F0B5     		push	{r4, r5, r6, r7, lr}
 4855              	.LCFI66:
 4856              		.cfi_def_cfa_offset 20
 4857              		.cfi_offset 4, -20
 4858              		.cfi_offset 5, -16
 4859              		.cfi_offset 6, -12
 4860              		.cfi_offset 7, -8
 4861              		.cfi_offset 14, -4
 4862 0002 85B0     		sub	sp, sp, #20
 4863              	.LCFI67:
 4864              		.cfi_def_cfa_offset 40
 4865 0004 00AF     		add	r7, sp, #0
 4866              	.LCFI68:
 4867              		.cfi_def_cfa_register 7
 4868 0006 7860     		str	r0, [r7, #4]
 4869 0008 3960     		str	r1, [r7]
1585:Drivers/STM32G0xx_HAL_Driver/Src/stm32g0xx_hal_tim_ex.c ****   uint32_t input_channel = (OutputChannel == TIM_CHANNEL_1) ? TIM_CHANNEL_2 : TIM_CHANNEL_1;
 4870              		.loc 1 1585 77
 4871 000a 3B68     		ldr	r3, [r7]
 4872 000c 002B     		cmp	r3, #0
 4873 000e 01D1     		bne	.L340
 4874              		.loc 1 1585 77 is_stmt 0 discriminator 1
 4875 0010 0423     		movs	r3, #4
 4876 0012 00E0     		b	.L341
 4877              	.L340:
 4878              		.loc 1 1585 77 discriminator 2
 4879 0014 0023     		movs	r3, #0
 4880              	.L341:
 4881              		.loc 1 1585 12 is_stmt 1 discriminator 4
 4882 0016 FB60     		str	r3, [r7, #12]
ARM GAS  C:\Users\a_hae\AppData\Local\Temp\ccujrzwF.s 			page 114


1586:Drivers/STM32G0xx_HAL_Driver/Src/stm32g0xx_hal_tim_ex.c ****   HAL_TIM_ChannelStateTypeDef channel_1_state = TIM_CHANNEL_STATE_GET(htim, TIM_CHANNEL_1);
 4883              		.loc 1 1586 31
 4884 0018 0B20     		movs	r0, #11
 4885 001a 3B18     		adds	r3, r7, r0
 4886 001c 7A68     		ldr	r2, [r7, #4]
 4887 001e 3E21     		movs	r1, #62
 4888 0020 525C     		ldrb	r2, [r2, r1]
 4889 0022 1A70     		strb	r2, [r3]
1587:Drivers/STM32G0xx_HAL_Driver/Src/stm32g0xx_hal_tim_ex.c ****   HAL_TIM_ChannelStateTypeDef channel_2_state = TIM_CHANNEL_STATE_GET(htim, TIM_CHANNEL_2);
 4890              		.loc 1 1587 31
 4891 0024 0A24     		movs	r4, #10
 4892 0026 3B19     		adds	r3, r7, r4
 4893 0028 7A68     		ldr	r2, [r7, #4]
 4894 002a 3F21     		movs	r1, #63
 4895 002c 525C     		ldrb	r2, [r2, r1]
 4896 002e 1A70     		strb	r2, [r3]
1588:Drivers/STM32G0xx_HAL_Driver/Src/stm32g0xx_hal_tim_ex.c ****   HAL_TIM_ChannelStateTypeDef complementary_channel_1_state = TIM_CHANNEL_N_STATE_GET(htim, TIM_CHA
 4897              		.loc 1 1588 31
 4898 0030 0925     		movs	r5, #9
 4899 0032 7B19     		adds	r3, r7, r5
 4900 0034 7A68     		ldr	r2, [r7, #4]
 4901 0036 4421     		movs	r1, #68
 4902 0038 525C     		ldrb	r2, [r2, r1]
 4903 003a 1A70     		strb	r2, [r3]
1589:Drivers/STM32G0xx_HAL_Driver/Src/stm32g0xx_hal_tim_ex.c ****   HAL_TIM_ChannelStateTypeDef complementary_channel_2_state = TIM_CHANNEL_N_STATE_GET(htim, TIM_CHA
 4904              		.loc 1 1589 31
 4905 003c 0826     		movs	r6, #8
 4906 003e BB19     		adds	r3, r7, r6
 4907 0040 7A68     		ldr	r2, [r7, #4]
 4908 0042 4521     		movs	r1, #69
 4909 0044 525C     		ldrb	r2, [r2, r1]
 4910 0046 1A70     		strb	r2, [r3]
1590:Drivers/STM32G0xx_HAL_Driver/Src/stm32g0xx_hal_tim_ex.c **** 
1591:Drivers/STM32G0xx_HAL_Driver/Src/stm32g0xx_hal_tim_ex.c ****   /* Check the parameters */
1592:Drivers/STM32G0xx_HAL_Driver/Src/stm32g0xx_hal_tim_ex.c ****   assert_param(IS_TIM_CCXN_INSTANCE(htim->Instance, OutputChannel));
1593:Drivers/STM32G0xx_HAL_Driver/Src/stm32g0xx_hal_tim_ex.c **** 
1594:Drivers/STM32G0xx_HAL_Driver/Src/stm32g0xx_hal_tim_ex.c ****   /* Check the TIM channels state */
1595:Drivers/STM32G0xx_HAL_Driver/Src/stm32g0xx_hal_tim_ex.c ****   if ((channel_1_state != HAL_TIM_CHANNEL_STATE_READY)
 4911              		.loc 1 1595 6
 4912 0048 3B18     		adds	r3, r7, r0
 4913 004a 1B78     		ldrb	r3, [r3]
 4914 004c 012B     		cmp	r3, #1
 4915 004e 0BD1     		bne	.L342
1596:Drivers/STM32G0xx_HAL_Driver/Src/stm32g0xx_hal_tim_ex.c ****       || (channel_2_state != HAL_TIM_CHANNEL_STATE_READY)
 4916              		.loc 1 1596 7
 4917 0050 3B19     		adds	r3, r7, r4
 4918 0052 1B78     		ldrb	r3, [r3]
 4919 0054 012B     		cmp	r3, #1
 4920 0056 07D1     		bne	.L342
1597:Drivers/STM32G0xx_HAL_Driver/Src/stm32g0xx_hal_tim_ex.c ****       || (complementary_channel_1_state != HAL_TIM_CHANNEL_STATE_READY)
 4921              		.loc 1 1597 7
 4922 0058 7B19     		adds	r3, r7, r5
 4923 005a 1B78     		ldrb	r3, [r3]
 4924 005c 012B     		cmp	r3, #1
 4925 005e 03D1     		bne	.L342
1598:Drivers/STM32G0xx_HAL_Driver/Src/stm32g0xx_hal_tim_ex.c ****       || (complementary_channel_2_state != HAL_TIM_CHANNEL_STATE_READY))
 4926              		.loc 1 1598 7
ARM GAS  C:\Users\a_hae\AppData\Local\Temp\ccujrzwF.s 			page 115


 4927 0060 BB19     		adds	r3, r7, r6
 4928 0062 1B78     		ldrb	r3, [r3]
 4929 0064 012B     		cmp	r3, #1
 4930 0066 01D0     		beq	.L343
 4931              	.L342:
1599:Drivers/STM32G0xx_HAL_Driver/Src/stm32g0xx_hal_tim_ex.c ****   {
1600:Drivers/STM32G0xx_HAL_Driver/Src/stm32g0xx_hal_tim_ex.c ****     return HAL_ERROR;
 4932              		.loc 1 1600 12
 4933 0068 0123     		movs	r3, #1
 4934 006a 27E0     		b	.L344
 4935              	.L343:
1601:Drivers/STM32G0xx_HAL_Driver/Src/stm32g0xx_hal_tim_ex.c ****   }
1602:Drivers/STM32G0xx_HAL_Driver/Src/stm32g0xx_hal_tim_ex.c **** 
1603:Drivers/STM32G0xx_HAL_Driver/Src/stm32g0xx_hal_tim_ex.c ****   /* Set the TIM channels state */
1604:Drivers/STM32G0xx_HAL_Driver/Src/stm32g0xx_hal_tim_ex.c ****   TIM_CHANNEL_STATE_SET(htim, TIM_CHANNEL_1, HAL_TIM_CHANNEL_STATE_BUSY);
 4936              		.loc 1 1604 3
 4937 006c 7B68     		ldr	r3, [r7, #4]
 4938 006e 3E22     		movs	r2, #62
 4939 0070 0221     		movs	r1, #2
 4940 0072 9954     		strb	r1, [r3, r2]
1605:Drivers/STM32G0xx_HAL_Driver/Src/stm32g0xx_hal_tim_ex.c ****   TIM_CHANNEL_STATE_SET(htim, TIM_CHANNEL_2, HAL_TIM_CHANNEL_STATE_BUSY);
 4941              		.loc 1 1605 3
 4942 0074 7B68     		ldr	r3, [r7, #4]
 4943 0076 3F22     		movs	r2, #63
 4944 0078 0221     		movs	r1, #2
 4945 007a 9954     		strb	r1, [r3, r2]
1606:Drivers/STM32G0xx_HAL_Driver/Src/stm32g0xx_hal_tim_ex.c ****   TIM_CHANNEL_N_STATE_SET(htim, TIM_CHANNEL_1, HAL_TIM_CHANNEL_STATE_BUSY);
 4946              		.loc 1 1606 3
 4947 007c 7B68     		ldr	r3, [r7, #4]
 4948 007e 4422     		movs	r2, #68
 4949 0080 0221     		movs	r1, #2
 4950 0082 9954     		strb	r1, [r3, r2]
1607:Drivers/STM32G0xx_HAL_Driver/Src/stm32g0xx_hal_tim_ex.c ****   TIM_CHANNEL_N_STATE_SET(htim, TIM_CHANNEL_2, HAL_TIM_CHANNEL_STATE_BUSY);
 4951              		.loc 1 1607 3
 4952 0084 7B68     		ldr	r3, [r7, #4]
 4953 0086 4522     		movs	r2, #69
 4954 0088 0221     		movs	r1, #2
 4955 008a 9954     		strb	r1, [r3, r2]
1608:Drivers/STM32G0xx_HAL_Driver/Src/stm32g0xx_hal_tim_ex.c **** 
1609:Drivers/STM32G0xx_HAL_Driver/Src/stm32g0xx_hal_tim_ex.c ****   /* Enable the complementary One Pulse output channel and the Input Capture channel */
1610:Drivers/STM32G0xx_HAL_Driver/Src/stm32g0xx_hal_tim_ex.c ****   TIM_CCxNChannelCmd(htim->Instance, OutputChannel, TIM_CCxN_ENABLE);
 4956              		.loc 1 1610 3
 4957 008c 7B68     		ldr	r3, [r7, #4]
 4958 008e 1B68     		ldr	r3, [r3]
 4959 0090 3968     		ldr	r1, [r7]
 4960 0092 0422     		movs	r2, #4
 4961 0094 1800     		movs	r0, r3
 4962 0096 FFF7FEFF 		bl	TIM_CCxNChannelCmd
1611:Drivers/STM32G0xx_HAL_Driver/Src/stm32g0xx_hal_tim_ex.c ****   TIM_CCxChannelCmd(htim->Instance, input_channel, TIM_CCx_ENABLE);
 4963              		.loc 1 1611 3
 4964 009a 7B68     		ldr	r3, [r7, #4]
 4965 009c 1B68     		ldr	r3, [r3]
 4966 009e F968     		ldr	r1, [r7, #12]
 4967 00a0 0122     		movs	r2, #1
 4968 00a2 1800     		movs	r0, r3
 4969 00a4 FFF7FEFF 		bl	TIM_CCxChannelCmd
1612:Drivers/STM32G0xx_HAL_Driver/Src/stm32g0xx_hal_tim_ex.c **** 
ARM GAS  C:\Users\a_hae\AppData\Local\Temp\ccujrzwF.s 			page 116


1613:Drivers/STM32G0xx_HAL_Driver/Src/stm32g0xx_hal_tim_ex.c ****   /* Enable the Main Output */
1614:Drivers/STM32G0xx_HAL_Driver/Src/stm32g0xx_hal_tim_ex.c ****   __HAL_TIM_MOE_ENABLE(htim);
 4970              		.loc 1 1614 3
 4971 00a8 7B68     		ldr	r3, [r7, #4]
 4972 00aa 1B68     		ldr	r3, [r3]
 4973 00ac 5A6C     		ldr	r2, [r3, #68]
 4974 00ae 7B68     		ldr	r3, [r7, #4]
 4975 00b0 1B68     		ldr	r3, [r3]
 4976 00b2 8021     		movs	r1, #128
 4977 00b4 0902     		lsls	r1, r1, #8
 4978 00b6 0A43     		orrs	r2, r1
 4979 00b8 5A64     		str	r2, [r3, #68]
1615:Drivers/STM32G0xx_HAL_Driver/Src/stm32g0xx_hal_tim_ex.c **** 
1616:Drivers/STM32G0xx_HAL_Driver/Src/stm32g0xx_hal_tim_ex.c ****   /* Return function status */
1617:Drivers/STM32G0xx_HAL_Driver/Src/stm32g0xx_hal_tim_ex.c ****   return HAL_OK;
 4980              		.loc 1 1617 10
 4981 00ba 0023     		movs	r3, #0
 4982              	.L344:
1618:Drivers/STM32G0xx_HAL_Driver/Src/stm32g0xx_hal_tim_ex.c **** }
 4983              		.loc 1 1618 1
 4984 00bc 1800     		movs	r0, r3
 4985 00be BD46     		mov	sp, r7
 4986 00c0 05B0     		add	sp, sp, #20
 4987              		@ sp needed
 4988 00c2 F0BD     		pop	{r4, r5, r6, r7, pc}
 4989              		.cfi_endproc
 4990              	.LFE385:
 4992              		.section	.text.HAL_TIMEx_OnePulseN_Stop,"ax",%progbits
 4993              		.align	1
 4994              		.global	HAL_TIMEx_OnePulseN_Stop
 4995              		.syntax unified
 4996              		.code	16
 4997              		.thumb_func
 4999              	HAL_TIMEx_OnePulseN_Stop:
 5000              	.LFB386:
1619:Drivers/STM32G0xx_HAL_Driver/Src/stm32g0xx_hal_tim_ex.c **** 
1620:Drivers/STM32G0xx_HAL_Driver/Src/stm32g0xx_hal_tim_ex.c **** /**
1621:Drivers/STM32G0xx_HAL_Driver/Src/stm32g0xx_hal_tim_ex.c ****   * @brief  Stops the TIM One Pulse signal generation on the complementary
1622:Drivers/STM32G0xx_HAL_Driver/Src/stm32g0xx_hal_tim_ex.c ****   *         output.
1623:Drivers/STM32G0xx_HAL_Driver/Src/stm32g0xx_hal_tim_ex.c ****   * @note OutputChannel must match the pulse output channel chosen when calling
1624:Drivers/STM32G0xx_HAL_Driver/Src/stm32g0xx_hal_tim_ex.c ****   *       @ref HAL_TIM_OnePulse_ConfigChannel().
1625:Drivers/STM32G0xx_HAL_Driver/Src/stm32g0xx_hal_tim_ex.c ****   * @param  htim TIM One Pulse handle
1626:Drivers/STM32G0xx_HAL_Driver/Src/stm32g0xx_hal_tim_ex.c ****   * @param  OutputChannel pulse output channel to disable
1627:Drivers/STM32G0xx_HAL_Driver/Src/stm32g0xx_hal_tim_ex.c ****   *          This parameter can be one of the following values:
1628:Drivers/STM32G0xx_HAL_Driver/Src/stm32g0xx_hal_tim_ex.c ****   *            @arg TIM_CHANNEL_1: TIM Channel 1 selected
1629:Drivers/STM32G0xx_HAL_Driver/Src/stm32g0xx_hal_tim_ex.c ****   *            @arg TIM_CHANNEL_2: TIM Channel 2 selected
1630:Drivers/STM32G0xx_HAL_Driver/Src/stm32g0xx_hal_tim_ex.c ****   * @retval HAL status
1631:Drivers/STM32G0xx_HAL_Driver/Src/stm32g0xx_hal_tim_ex.c ****   */
1632:Drivers/STM32G0xx_HAL_Driver/Src/stm32g0xx_hal_tim_ex.c **** HAL_StatusTypeDef HAL_TIMEx_OnePulseN_Stop(TIM_HandleTypeDef *htim, uint32_t OutputChannel)
1633:Drivers/STM32G0xx_HAL_Driver/Src/stm32g0xx_hal_tim_ex.c **** {
 5001              		.loc 1 1633 1
 5002              		.cfi_startproc
 5003              		@ args = 0, pretend = 0, frame = 16
 5004              		@ frame_needed = 1, uses_anonymous_args = 0
 5005 0000 80B5     		push	{r7, lr}
 5006              	.LCFI69:
 5007              		.cfi_def_cfa_offset 8
ARM GAS  C:\Users\a_hae\AppData\Local\Temp\ccujrzwF.s 			page 117


 5008              		.cfi_offset 7, -8
 5009              		.cfi_offset 14, -4
 5010 0002 84B0     		sub	sp, sp, #16
 5011              	.LCFI70:
 5012              		.cfi_def_cfa_offset 24
 5013 0004 00AF     		add	r7, sp, #0
 5014              	.LCFI71:
 5015              		.cfi_def_cfa_register 7
 5016 0006 7860     		str	r0, [r7, #4]
 5017 0008 3960     		str	r1, [r7]
1634:Drivers/STM32G0xx_HAL_Driver/Src/stm32g0xx_hal_tim_ex.c ****   uint32_t input_channel = (OutputChannel == TIM_CHANNEL_1) ? TIM_CHANNEL_2 : TIM_CHANNEL_1;
 5018              		.loc 1 1634 77
 5019 000a 3B68     		ldr	r3, [r7]
 5020 000c 002B     		cmp	r3, #0
 5021 000e 01D1     		bne	.L346
 5022              		.loc 1 1634 77 is_stmt 0 discriminator 1
 5023 0010 0423     		movs	r3, #4
 5024 0012 00E0     		b	.L347
 5025              	.L346:
 5026              		.loc 1 1634 77 discriminator 2
 5027 0014 0023     		movs	r3, #0
 5028              	.L347:
 5029              		.loc 1 1634 12 is_stmt 1 discriminator 4
 5030 0016 FB60     		str	r3, [r7, #12]
1635:Drivers/STM32G0xx_HAL_Driver/Src/stm32g0xx_hal_tim_ex.c **** 
1636:Drivers/STM32G0xx_HAL_Driver/Src/stm32g0xx_hal_tim_ex.c ****   /* Check the parameters */
1637:Drivers/STM32G0xx_HAL_Driver/Src/stm32g0xx_hal_tim_ex.c ****   assert_param(IS_TIM_CCXN_INSTANCE(htim->Instance, OutputChannel));
1638:Drivers/STM32G0xx_HAL_Driver/Src/stm32g0xx_hal_tim_ex.c **** 
1639:Drivers/STM32G0xx_HAL_Driver/Src/stm32g0xx_hal_tim_ex.c ****   /* Disable the complementary One Pulse output channel and the Input Capture channel */
1640:Drivers/STM32G0xx_HAL_Driver/Src/stm32g0xx_hal_tim_ex.c ****   TIM_CCxNChannelCmd(htim->Instance, OutputChannel, TIM_CCxN_DISABLE);
 5031              		.loc 1 1640 3
 5032 0018 7B68     		ldr	r3, [r7, #4]
 5033 001a 1B68     		ldr	r3, [r3]
 5034 001c 3968     		ldr	r1, [r7]
 5035 001e 0022     		movs	r2, #0
 5036 0020 1800     		movs	r0, r3
 5037 0022 FFF7FEFF 		bl	TIM_CCxNChannelCmd
1641:Drivers/STM32G0xx_HAL_Driver/Src/stm32g0xx_hal_tim_ex.c ****   TIM_CCxChannelCmd(htim->Instance, input_channel, TIM_CCx_DISABLE);
 5038              		.loc 1 1641 3
 5039 0026 7B68     		ldr	r3, [r7, #4]
 5040 0028 1B68     		ldr	r3, [r3]
 5041 002a F968     		ldr	r1, [r7, #12]
 5042 002c 0022     		movs	r2, #0
 5043 002e 1800     		movs	r0, r3
 5044 0030 FFF7FEFF 		bl	TIM_CCxChannelCmd
1642:Drivers/STM32G0xx_HAL_Driver/Src/stm32g0xx_hal_tim_ex.c **** 
1643:Drivers/STM32G0xx_HAL_Driver/Src/stm32g0xx_hal_tim_ex.c ****   /* Disable the Main Output */
1644:Drivers/STM32G0xx_HAL_Driver/Src/stm32g0xx_hal_tim_ex.c ****   __HAL_TIM_MOE_DISABLE(htim);
 5045              		.loc 1 1644 3
 5046 0034 7B68     		ldr	r3, [r7, #4]
 5047 0036 1B68     		ldr	r3, [r3]
 5048 0038 1B6A     		ldr	r3, [r3, #32]
 5049 003a 1D4A     		ldr	r2, .L351
 5050 003c 1340     		ands	r3, r2
 5051 003e 0DD1     		bne	.L348
 5052              		.loc 1 1644 3 is_stmt 0 discriminator 1
 5053 0040 7B68     		ldr	r3, [r7, #4]
ARM GAS  C:\Users\a_hae\AppData\Local\Temp\ccujrzwF.s 			page 118


 5054 0042 1B68     		ldr	r3, [r3]
 5055 0044 1B6A     		ldr	r3, [r3, #32]
 5056 0046 1B4A     		ldr	r2, .L351+4
 5057 0048 1340     		ands	r3, r2
 5058 004a 07D1     		bne	.L348
 5059              		.loc 1 1644 3 discriminator 2
 5060 004c 7B68     		ldr	r3, [r7, #4]
 5061 004e 1B68     		ldr	r3, [r3]
 5062 0050 5A6C     		ldr	r2, [r3, #68]
 5063 0052 7B68     		ldr	r3, [r7, #4]
 5064 0054 1B68     		ldr	r3, [r3]
 5065 0056 1849     		ldr	r1, .L351+8
 5066 0058 0A40     		ands	r2, r1
 5067 005a 5A64     		str	r2, [r3, #68]
 5068              	.L348:
1645:Drivers/STM32G0xx_HAL_Driver/Src/stm32g0xx_hal_tim_ex.c **** 
1646:Drivers/STM32G0xx_HAL_Driver/Src/stm32g0xx_hal_tim_ex.c ****   /* Disable the Peripheral */
1647:Drivers/STM32G0xx_HAL_Driver/Src/stm32g0xx_hal_tim_ex.c ****   __HAL_TIM_DISABLE(htim);
 5069              		.loc 1 1647 3 is_stmt 1
 5070 005c 7B68     		ldr	r3, [r7, #4]
 5071 005e 1B68     		ldr	r3, [r3]
 5072 0060 1B6A     		ldr	r3, [r3, #32]
 5073 0062 134A     		ldr	r2, .L351
 5074 0064 1340     		ands	r3, r2
 5075 0066 0DD1     		bne	.L349
 5076              		.loc 1 1647 3 is_stmt 0 discriminator 1
 5077 0068 7B68     		ldr	r3, [r7, #4]
 5078 006a 1B68     		ldr	r3, [r3]
 5079 006c 1B6A     		ldr	r3, [r3, #32]
 5080 006e 114A     		ldr	r2, .L351+4
 5081 0070 1340     		ands	r3, r2
 5082 0072 07D1     		bne	.L349
 5083              		.loc 1 1647 3 discriminator 2
 5084 0074 7B68     		ldr	r3, [r7, #4]
 5085 0076 1B68     		ldr	r3, [r3]
 5086 0078 1A68     		ldr	r2, [r3]
 5087 007a 7B68     		ldr	r3, [r7, #4]
 5088 007c 1B68     		ldr	r3, [r3]
 5089 007e 0121     		movs	r1, #1
 5090 0080 8A43     		bics	r2, r1
 5091 0082 1A60     		str	r2, [r3]
 5092              	.L349:
1648:Drivers/STM32G0xx_HAL_Driver/Src/stm32g0xx_hal_tim_ex.c **** 
1649:Drivers/STM32G0xx_HAL_Driver/Src/stm32g0xx_hal_tim_ex.c ****   /* Set the TIM  channels state */
1650:Drivers/STM32G0xx_HAL_Driver/Src/stm32g0xx_hal_tim_ex.c ****   TIM_CHANNEL_STATE_SET(htim, TIM_CHANNEL_1, HAL_TIM_CHANNEL_STATE_READY);
 5093              		.loc 1 1650 3 is_stmt 1
 5094 0084 7B68     		ldr	r3, [r7, #4]
 5095 0086 3E22     		movs	r2, #62
 5096 0088 0121     		movs	r1, #1
 5097 008a 9954     		strb	r1, [r3, r2]
1651:Drivers/STM32G0xx_HAL_Driver/Src/stm32g0xx_hal_tim_ex.c ****   TIM_CHANNEL_STATE_SET(htim, TIM_CHANNEL_2, HAL_TIM_CHANNEL_STATE_READY);
 5098              		.loc 1 1651 3
 5099 008c 7B68     		ldr	r3, [r7, #4]
 5100 008e 3F22     		movs	r2, #63
 5101 0090 0121     		movs	r1, #1
 5102 0092 9954     		strb	r1, [r3, r2]
1652:Drivers/STM32G0xx_HAL_Driver/Src/stm32g0xx_hal_tim_ex.c ****   TIM_CHANNEL_N_STATE_SET(htim, TIM_CHANNEL_1, HAL_TIM_CHANNEL_STATE_READY);
ARM GAS  C:\Users\a_hae\AppData\Local\Temp\ccujrzwF.s 			page 119


 5103              		.loc 1 1652 3
 5104 0094 7B68     		ldr	r3, [r7, #4]
 5105 0096 4422     		movs	r2, #68
 5106 0098 0121     		movs	r1, #1
 5107 009a 9954     		strb	r1, [r3, r2]
1653:Drivers/STM32G0xx_HAL_Driver/Src/stm32g0xx_hal_tim_ex.c ****   TIM_CHANNEL_N_STATE_SET(htim, TIM_CHANNEL_2, HAL_TIM_CHANNEL_STATE_READY);
 5108              		.loc 1 1653 3
 5109 009c 7B68     		ldr	r3, [r7, #4]
 5110 009e 4522     		movs	r2, #69
 5111 00a0 0121     		movs	r1, #1
 5112 00a2 9954     		strb	r1, [r3, r2]
1654:Drivers/STM32G0xx_HAL_Driver/Src/stm32g0xx_hal_tim_ex.c **** 
1655:Drivers/STM32G0xx_HAL_Driver/Src/stm32g0xx_hal_tim_ex.c ****   /* Return function status */
1656:Drivers/STM32G0xx_HAL_Driver/Src/stm32g0xx_hal_tim_ex.c ****   return HAL_OK;
 5113              		.loc 1 1656 10
 5114 00a4 0023     		movs	r3, #0
1657:Drivers/STM32G0xx_HAL_Driver/Src/stm32g0xx_hal_tim_ex.c **** }
 5115              		.loc 1 1657 1
 5116 00a6 1800     		movs	r0, r3
 5117 00a8 BD46     		mov	sp, r7
 5118 00aa 04B0     		add	sp, sp, #16
 5119              		@ sp needed
 5120 00ac 80BD     		pop	{r7, pc}
 5121              	.L352:
 5122 00ae C046     		.align	2
 5123              	.L351:
 5124 00b0 11110000 		.word	4369
 5125 00b4 44040000 		.word	1092
 5126 00b8 FF7FFFFF 		.word	-32769
 5127              		.cfi_endproc
 5128              	.LFE386:
 5130              		.section	.text.HAL_TIMEx_OnePulseN_Start_IT,"ax",%progbits
 5131              		.align	1
 5132              		.global	HAL_TIMEx_OnePulseN_Start_IT
 5133              		.syntax unified
 5134              		.code	16
 5135              		.thumb_func
 5137              	HAL_TIMEx_OnePulseN_Start_IT:
 5138              	.LFB387:
1658:Drivers/STM32G0xx_HAL_Driver/Src/stm32g0xx_hal_tim_ex.c **** 
1659:Drivers/STM32G0xx_HAL_Driver/Src/stm32g0xx_hal_tim_ex.c **** /**
1660:Drivers/STM32G0xx_HAL_Driver/Src/stm32g0xx_hal_tim_ex.c ****   * @brief  Starts the TIM One Pulse signal generation in interrupt mode on the
1661:Drivers/STM32G0xx_HAL_Driver/Src/stm32g0xx_hal_tim_ex.c ****   *         complementary channel.
1662:Drivers/STM32G0xx_HAL_Driver/Src/stm32g0xx_hal_tim_ex.c ****   * @note OutputChannel must match the pulse output channel chosen when calling
1663:Drivers/STM32G0xx_HAL_Driver/Src/stm32g0xx_hal_tim_ex.c ****   *       @ref HAL_TIM_OnePulse_ConfigChannel().
1664:Drivers/STM32G0xx_HAL_Driver/Src/stm32g0xx_hal_tim_ex.c ****   * @param  htim TIM One Pulse handle
1665:Drivers/STM32G0xx_HAL_Driver/Src/stm32g0xx_hal_tim_ex.c ****   * @param  OutputChannel pulse output channel to enable
1666:Drivers/STM32G0xx_HAL_Driver/Src/stm32g0xx_hal_tim_ex.c ****   *          This parameter can be one of the following values:
1667:Drivers/STM32G0xx_HAL_Driver/Src/stm32g0xx_hal_tim_ex.c ****   *            @arg TIM_CHANNEL_1: TIM Channel 1 selected
1668:Drivers/STM32G0xx_HAL_Driver/Src/stm32g0xx_hal_tim_ex.c ****   *            @arg TIM_CHANNEL_2: TIM Channel 2 selected
1669:Drivers/STM32G0xx_HAL_Driver/Src/stm32g0xx_hal_tim_ex.c ****   * @retval HAL status
1670:Drivers/STM32G0xx_HAL_Driver/Src/stm32g0xx_hal_tim_ex.c ****   */
1671:Drivers/STM32G0xx_HAL_Driver/Src/stm32g0xx_hal_tim_ex.c **** HAL_StatusTypeDef HAL_TIMEx_OnePulseN_Start_IT(TIM_HandleTypeDef *htim, uint32_t OutputChannel)
1672:Drivers/STM32G0xx_HAL_Driver/Src/stm32g0xx_hal_tim_ex.c **** {
 5139              		.loc 1 1672 1
 5140              		.cfi_startproc
 5141              		@ args = 0, pretend = 0, frame = 16
ARM GAS  C:\Users\a_hae\AppData\Local\Temp\ccujrzwF.s 			page 120


 5142              		@ frame_needed = 1, uses_anonymous_args = 0
 5143 0000 F0B5     		push	{r4, r5, r6, r7, lr}
 5144              	.LCFI72:
 5145              		.cfi_def_cfa_offset 20
 5146              		.cfi_offset 4, -20
 5147              		.cfi_offset 5, -16
 5148              		.cfi_offset 6, -12
 5149              		.cfi_offset 7, -8
 5150              		.cfi_offset 14, -4
 5151 0002 85B0     		sub	sp, sp, #20
 5152              	.LCFI73:
 5153              		.cfi_def_cfa_offset 40
 5154 0004 00AF     		add	r7, sp, #0
 5155              	.LCFI74:
 5156              		.cfi_def_cfa_register 7
 5157 0006 7860     		str	r0, [r7, #4]
 5158 0008 3960     		str	r1, [r7]
1673:Drivers/STM32G0xx_HAL_Driver/Src/stm32g0xx_hal_tim_ex.c ****   uint32_t input_channel = (OutputChannel == TIM_CHANNEL_1) ? TIM_CHANNEL_2 : TIM_CHANNEL_1;
 5159              		.loc 1 1673 77
 5160 000a 3B68     		ldr	r3, [r7]
 5161 000c 002B     		cmp	r3, #0
 5162 000e 01D1     		bne	.L354
 5163              		.loc 1 1673 77 is_stmt 0 discriminator 1
 5164 0010 0423     		movs	r3, #4
 5165 0012 00E0     		b	.L355
 5166              	.L354:
 5167              		.loc 1 1673 77 discriminator 2
 5168 0014 0023     		movs	r3, #0
 5169              	.L355:
 5170              		.loc 1 1673 12 is_stmt 1 discriminator 4
 5171 0016 FB60     		str	r3, [r7, #12]
1674:Drivers/STM32G0xx_HAL_Driver/Src/stm32g0xx_hal_tim_ex.c ****   HAL_TIM_ChannelStateTypeDef channel_1_state = TIM_CHANNEL_STATE_GET(htim, TIM_CHANNEL_1);
 5172              		.loc 1 1674 31
 5173 0018 0B20     		movs	r0, #11
 5174 001a 3B18     		adds	r3, r7, r0
 5175 001c 7A68     		ldr	r2, [r7, #4]
 5176 001e 3E21     		movs	r1, #62
 5177 0020 525C     		ldrb	r2, [r2, r1]
 5178 0022 1A70     		strb	r2, [r3]
1675:Drivers/STM32G0xx_HAL_Driver/Src/stm32g0xx_hal_tim_ex.c ****   HAL_TIM_ChannelStateTypeDef channel_2_state = TIM_CHANNEL_STATE_GET(htim, TIM_CHANNEL_2);
 5179              		.loc 1 1675 31
 5180 0024 0A24     		movs	r4, #10
 5181 0026 3B19     		adds	r3, r7, r4
 5182 0028 7A68     		ldr	r2, [r7, #4]
 5183 002a 3F21     		movs	r1, #63
 5184 002c 525C     		ldrb	r2, [r2, r1]
 5185 002e 1A70     		strb	r2, [r3]
1676:Drivers/STM32G0xx_HAL_Driver/Src/stm32g0xx_hal_tim_ex.c ****   HAL_TIM_ChannelStateTypeDef complementary_channel_1_state = TIM_CHANNEL_N_STATE_GET(htim, TIM_CHA
 5186              		.loc 1 1676 31
 5187 0030 0925     		movs	r5, #9
 5188 0032 7B19     		adds	r3, r7, r5
 5189 0034 7A68     		ldr	r2, [r7, #4]
 5190 0036 4421     		movs	r1, #68
 5191 0038 525C     		ldrb	r2, [r2, r1]
 5192 003a 1A70     		strb	r2, [r3]
1677:Drivers/STM32G0xx_HAL_Driver/Src/stm32g0xx_hal_tim_ex.c ****   HAL_TIM_ChannelStateTypeDef complementary_channel_2_state = TIM_CHANNEL_N_STATE_GET(htim, TIM_CHA
 5193              		.loc 1 1677 31
ARM GAS  C:\Users\a_hae\AppData\Local\Temp\ccujrzwF.s 			page 121


 5194 003c 0826     		movs	r6, #8
 5195 003e BB19     		adds	r3, r7, r6
 5196 0040 7A68     		ldr	r2, [r7, #4]
 5197 0042 4521     		movs	r1, #69
 5198 0044 525C     		ldrb	r2, [r2, r1]
 5199 0046 1A70     		strb	r2, [r3]
1678:Drivers/STM32G0xx_HAL_Driver/Src/stm32g0xx_hal_tim_ex.c **** 
1679:Drivers/STM32G0xx_HAL_Driver/Src/stm32g0xx_hal_tim_ex.c ****   /* Check the parameters */
1680:Drivers/STM32G0xx_HAL_Driver/Src/stm32g0xx_hal_tim_ex.c ****   assert_param(IS_TIM_CCXN_INSTANCE(htim->Instance, OutputChannel));
1681:Drivers/STM32G0xx_HAL_Driver/Src/stm32g0xx_hal_tim_ex.c **** 
1682:Drivers/STM32G0xx_HAL_Driver/Src/stm32g0xx_hal_tim_ex.c ****   /* Check the TIM channels state */
1683:Drivers/STM32G0xx_HAL_Driver/Src/stm32g0xx_hal_tim_ex.c ****   if ((channel_1_state != HAL_TIM_CHANNEL_STATE_READY)
 5200              		.loc 1 1683 6
 5201 0048 3B18     		adds	r3, r7, r0
 5202 004a 1B78     		ldrb	r3, [r3]
 5203 004c 012B     		cmp	r3, #1
 5204 004e 0BD1     		bne	.L356
1684:Drivers/STM32G0xx_HAL_Driver/Src/stm32g0xx_hal_tim_ex.c ****       || (channel_2_state != HAL_TIM_CHANNEL_STATE_READY)
 5205              		.loc 1 1684 7
 5206 0050 3B19     		adds	r3, r7, r4
 5207 0052 1B78     		ldrb	r3, [r3]
 5208 0054 012B     		cmp	r3, #1
 5209 0056 07D1     		bne	.L356
1685:Drivers/STM32G0xx_HAL_Driver/Src/stm32g0xx_hal_tim_ex.c ****       || (complementary_channel_1_state != HAL_TIM_CHANNEL_STATE_READY)
 5210              		.loc 1 1685 7
 5211 0058 7B19     		adds	r3, r7, r5
 5212 005a 1B78     		ldrb	r3, [r3]
 5213 005c 012B     		cmp	r3, #1
 5214 005e 03D1     		bne	.L356
1686:Drivers/STM32G0xx_HAL_Driver/Src/stm32g0xx_hal_tim_ex.c ****       || (complementary_channel_2_state != HAL_TIM_CHANNEL_STATE_READY))
 5215              		.loc 1 1686 7
 5216 0060 BB19     		adds	r3, r7, r6
 5217 0062 1B78     		ldrb	r3, [r3]
 5218 0064 012B     		cmp	r3, #1
 5219 0066 01D0     		beq	.L357
 5220              	.L356:
1687:Drivers/STM32G0xx_HAL_Driver/Src/stm32g0xx_hal_tim_ex.c ****   {
1688:Drivers/STM32G0xx_HAL_Driver/Src/stm32g0xx_hal_tim_ex.c ****     return HAL_ERROR;
 5221              		.loc 1 1688 12
 5222 0068 0123     		movs	r3, #1
 5223 006a 37E0     		b	.L358
 5224              	.L357:
1689:Drivers/STM32G0xx_HAL_Driver/Src/stm32g0xx_hal_tim_ex.c ****   }
1690:Drivers/STM32G0xx_HAL_Driver/Src/stm32g0xx_hal_tim_ex.c **** 
1691:Drivers/STM32G0xx_HAL_Driver/Src/stm32g0xx_hal_tim_ex.c ****   /* Set the TIM channels state */
1692:Drivers/STM32G0xx_HAL_Driver/Src/stm32g0xx_hal_tim_ex.c ****   TIM_CHANNEL_STATE_SET(htim, TIM_CHANNEL_1, HAL_TIM_CHANNEL_STATE_BUSY);
 5225              		.loc 1 1692 3
 5226 006c 7B68     		ldr	r3, [r7, #4]
 5227 006e 3E22     		movs	r2, #62
 5228 0070 0221     		movs	r1, #2
 5229 0072 9954     		strb	r1, [r3, r2]
1693:Drivers/STM32G0xx_HAL_Driver/Src/stm32g0xx_hal_tim_ex.c ****   TIM_CHANNEL_STATE_SET(htim, TIM_CHANNEL_2, HAL_TIM_CHANNEL_STATE_BUSY);
 5230              		.loc 1 1693 3
 5231 0074 7B68     		ldr	r3, [r7, #4]
 5232 0076 3F22     		movs	r2, #63
 5233 0078 0221     		movs	r1, #2
 5234 007a 9954     		strb	r1, [r3, r2]
ARM GAS  C:\Users\a_hae\AppData\Local\Temp\ccujrzwF.s 			page 122


1694:Drivers/STM32G0xx_HAL_Driver/Src/stm32g0xx_hal_tim_ex.c ****   TIM_CHANNEL_N_STATE_SET(htim, TIM_CHANNEL_1, HAL_TIM_CHANNEL_STATE_BUSY);
 5235              		.loc 1 1694 3
 5236 007c 7B68     		ldr	r3, [r7, #4]
 5237 007e 4422     		movs	r2, #68
 5238 0080 0221     		movs	r1, #2
 5239 0082 9954     		strb	r1, [r3, r2]
1695:Drivers/STM32G0xx_HAL_Driver/Src/stm32g0xx_hal_tim_ex.c ****   TIM_CHANNEL_N_STATE_SET(htim, TIM_CHANNEL_2, HAL_TIM_CHANNEL_STATE_BUSY);
 5240              		.loc 1 1695 3
 5241 0084 7B68     		ldr	r3, [r7, #4]
 5242 0086 4522     		movs	r2, #69
 5243 0088 0221     		movs	r1, #2
 5244 008a 9954     		strb	r1, [r3, r2]
1696:Drivers/STM32G0xx_HAL_Driver/Src/stm32g0xx_hal_tim_ex.c **** 
1697:Drivers/STM32G0xx_HAL_Driver/Src/stm32g0xx_hal_tim_ex.c ****   /* Enable the TIM Capture/Compare 1 interrupt */
1698:Drivers/STM32G0xx_HAL_Driver/Src/stm32g0xx_hal_tim_ex.c ****   __HAL_TIM_ENABLE_IT(htim, TIM_IT_CC1);
 5245              		.loc 1 1698 3
 5246 008c 7B68     		ldr	r3, [r7, #4]
 5247 008e 1B68     		ldr	r3, [r3]
 5248 0090 DA68     		ldr	r2, [r3, #12]
 5249 0092 7B68     		ldr	r3, [r7, #4]
 5250 0094 1B68     		ldr	r3, [r3]
 5251 0096 0221     		movs	r1, #2
 5252 0098 0A43     		orrs	r2, r1
 5253 009a DA60     		str	r2, [r3, #12]
1699:Drivers/STM32G0xx_HAL_Driver/Src/stm32g0xx_hal_tim_ex.c **** 
1700:Drivers/STM32G0xx_HAL_Driver/Src/stm32g0xx_hal_tim_ex.c ****   /* Enable the TIM Capture/Compare 2 interrupt */
1701:Drivers/STM32G0xx_HAL_Driver/Src/stm32g0xx_hal_tim_ex.c ****   __HAL_TIM_ENABLE_IT(htim, TIM_IT_CC2);
 5254              		.loc 1 1701 3
 5255 009c 7B68     		ldr	r3, [r7, #4]
 5256 009e 1B68     		ldr	r3, [r3]
 5257 00a0 DA68     		ldr	r2, [r3, #12]
 5258 00a2 7B68     		ldr	r3, [r7, #4]
 5259 00a4 1B68     		ldr	r3, [r3]
 5260 00a6 0421     		movs	r1, #4
 5261 00a8 0A43     		orrs	r2, r1
 5262 00aa DA60     		str	r2, [r3, #12]
1702:Drivers/STM32G0xx_HAL_Driver/Src/stm32g0xx_hal_tim_ex.c **** 
1703:Drivers/STM32G0xx_HAL_Driver/Src/stm32g0xx_hal_tim_ex.c ****   /* Enable the complementary One Pulse output channel and the Input Capture channel */
1704:Drivers/STM32G0xx_HAL_Driver/Src/stm32g0xx_hal_tim_ex.c ****   TIM_CCxNChannelCmd(htim->Instance, OutputChannel, TIM_CCxN_ENABLE);
 5263              		.loc 1 1704 3
 5264 00ac 7B68     		ldr	r3, [r7, #4]
 5265 00ae 1B68     		ldr	r3, [r3]
 5266 00b0 3968     		ldr	r1, [r7]
 5267 00b2 0422     		movs	r2, #4
 5268 00b4 1800     		movs	r0, r3
 5269 00b6 FFF7FEFF 		bl	TIM_CCxNChannelCmd
1705:Drivers/STM32G0xx_HAL_Driver/Src/stm32g0xx_hal_tim_ex.c ****   TIM_CCxChannelCmd(htim->Instance, input_channel, TIM_CCx_ENABLE);
 5270              		.loc 1 1705 3
 5271 00ba 7B68     		ldr	r3, [r7, #4]
 5272 00bc 1B68     		ldr	r3, [r3]
 5273 00be F968     		ldr	r1, [r7, #12]
 5274 00c0 0122     		movs	r2, #1
 5275 00c2 1800     		movs	r0, r3
 5276 00c4 FFF7FEFF 		bl	TIM_CCxChannelCmd
1706:Drivers/STM32G0xx_HAL_Driver/Src/stm32g0xx_hal_tim_ex.c **** 
1707:Drivers/STM32G0xx_HAL_Driver/Src/stm32g0xx_hal_tim_ex.c ****   /* Enable the Main Output */
1708:Drivers/STM32G0xx_HAL_Driver/Src/stm32g0xx_hal_tim_ex.c ****   __HAL_TIM_MOE_ENABLE(htim);
ARM GAS  C:\Users\a_hae\AppData\Local\Temp\ccujrzwF.s 			page 123


 5277              		.loc 1 1708 3
 5278 00c8 7B68     		ldr	r3, [r7, #4]
 5279 00ca 1B68     		ldr	r3, [r3]
 5280 00cc 5A6C     		ldr	r2, [r3, #68]
 5281 00ce 7B68     		ldr	r3, [r7, #4]
 5282 00d0 1B68     		ldr	r3, [r3]
 5283 00d2 8021     		movs	r1, #128
 5284 00d4 0902     		lsls	r1, r1, #8
 5285 00d6 0A43     		orrs	r2, r1
 5286 00d8 5A64     		str	r2, [r3, #68]
1709:Drivers/STM32G0xx_HAL_Driver/Src/stm32g0xx_hal_tim_ex.c **** 
1710:Drivers/STM32G0xx_HAL_Driver/Src/stm32g0xx_hal_tim_ex.c ****   /* Return function status */
1711:Drivers/STM32G0xx_HAL_Driver/Src/stm32g0xx_hal_tim_ex.c ****   return HAL_OK;
 5287              		.loc 1 1711 10
 5288 00da 0023     		movs	r3, #0
 5289              	.L358:
1712:Drivers/STM32G0xx_HAL_Driver/Src/stm32g0xx_hal_tim_ex.c **** }
 5290              		.loc 1 1712 1
 5291 00dc 1800     		movs	r0, r3
 5292 00de BD46     		mov	sp, r7
 5293 00e0 05B0     		add	sp, sp, #20
 5294              		@ sp needed
 5295 00e2 F0BD     		pop	{r4, r5, r6, r7, pc}
 5296              		.cfi_endproc
 5297              	.LFE387:
 5299              		.section	.text.HAL_TIMEx_OnePulseN_Stop_IT,"ax",%progbits
 5300              		.align	1
 5301              		.global	HAL_TIMEx_OnePulseN_Stop_IT
 5302              		.syntax unified
 5303              		.code	16
 5304              		.thumb_func
 5306              	HAL_TIMEx_OnePulseN_Stop_IT:
 5307              	.LFB388:
1713:Drivers/STM32G0xx_HAL_Driver/Src/stm32g0xx_hal_tim_ex.c **** 
1714:Drivers/STM32G0xx_HAL_Driver/Src/stm32g0xx_hal_tim_ex.c **** /**
1715:Drivers/STM32G0xx_HAL_Driver/Src/stm32g0xx_hal_tim_ex.c ****   * @brief  Stops the TIM One Pulse signal generation in interrupt mode on the
1716:Drivers/STM32G0xx_HAL_Driver/Src/stm32g0xx_hal_tim_ex.c ****   *         complementary channel.
1717:Drivers/STM32G0xx_HAL_Driver/Src/stm32g0xx_hal_tim_ex.c ****   * @note OutputChannel must match the pulse output channel chosen when calling
1718:Drivers/STM32G0xx_HAL_Driver/Src/stm32g0xx_hal_tim_ex.c ****   *       @ref HAL_TIM_OnePulse_ConfigChannel().
1719:Drivers/STM32G0xx_HAL_Driver/Src/stm32g0xx_hal_tim_ex.c ****   * @param  htim TIM One Pulse handle
1720:Drivers/STM32G0xx_HAL_Driver/Src/stm32g0xx_hal_tim_ex.c ****   * @param  OutputChannel pulse output channel to disable
1721:Drivers/STM32G0xx_HAL_Driver/Src/stm32g0xx_hal_tim_ex.c ****   *          This parameter can be one of the following values:
1722:Drivers/STM32G0xx_HAL_Driver/Src/stm32g0xx_hal_tim_ex.c ****   *            @arg TIM_CHANNEL_1: TIM Channel 1 selected
1723:Drivers/STM32G0xx_HAL_Driver/Src/stm32g0xx_hal_tim_ex.c ****   *            @arg TIM_CHANNEL_2: TIM Channel 2 selected
1724:Drivers/STM32G0xx_HAL_Driver/Src/stm32g0xx_hal_tim_ex.c ****   * @retval HAL status
1725:Drivers/STM32G0xx_HAL_Driver/Src/stm32g0xx_hal_tim_ex.c ****   */
1726:Drivers/STM32G0xx_HAL_Driver/Src/stm32g0xx_hal_tim_ex.c **** HAL_StatusTypeDef HAL_TIMEx_OnePulseN_Stop_IT(TIM_HandleTypeDef *htim, uint32_t OutputChannel)
1727:Drivers/STM32G0xx_HAL_Driver/Src/stm32g0xx_hal_tim_ex.c **** {
 5308              		.loc 1 1727 1
 5309              		.cfi_startproc
 5310              		@ args = 0, pretend = 0, frame = 16
 5311              		@ frame_needed = 1, uses_anonymous_args = 0
 5312 0000 80B5     		push	{r7, lr}
 5313              	.LCFI75:
 5314              		.cfi_def_cfa_offset 8
 5315              		.cfi_offset 7, -8
 5316              		.cfi_offset 14, -4
ARM GAS  C:\Users\a_hae\AppData\Local\Temp\ccujrzwF.s 			page 124


 5317 0002 84B0     		sub	sp, sp, #16
 5318              	.LCFI76:
 5319              		.cfi_def_cfa_offset 24
 5320 0004 00AF     		add	r7, sp, #0
 5321              	.LCFI77:
 5322              		.cfi_def_cfa_register 7
 5323 0006 7860     		str	r0, [r7, #4]
 5324 0008 3960     		str	r1, [r7]
1728:Drivers/STM32G0xx_HAL_Driver/Src/stm32g0xx_hal_tim_ex.c ****   uint32_t input_channel = (OutputChannel == TIM_CHANNEL_1) ? TIM_CHANNEL_2 : TIM_CHANNEL_1;
 5325              		.loc 1 1728 77
 5326 000a 3B68     		ldr	r3, [r7]
 5327 000c 002B     		cmp	r3, #0
 5328 000e 01D1     		bne	.L360
 5329              		.loc 1 1728 77 is_stmt 0 discriminator 1
 5330 0010 0423     		movs	r3, #4
 5331 0012 00E0     		b	.L361
 5332              	.L360:
 5333              		.loc 1 1728 77 discriminator 2
 5334 0014 0023     		movs	r3, #0
 5335              	.L361:
 5336              		.loc 1 1728 12 is_stmt 1 discriminator 4
 5337 0016 FB60     		str	r3, [r7, #12]
1729:Drivers/STM32G0xx_HAL_Driver/Src/stm32g0xx_hal_tim_ex.c **** 
1730:Drivers/STM32G0xx_HAL_Driver/Src/stm32g0xx_hal_tim_ex.c ****   /* Check the parameters */
1731:Drivers/STM32G0xx_HAL_Driver/Src/stm32g0xx_hal_tim_ex.c ****   assert_param(IS_TIM_CCXN_INSTANCE(htim->Instance, OutputChannel));
1732:Drivers/STM32G0xx_HAL_Driver/Src/stm32g0xx_hal_tim_ex.c **** 
1733:Drivers/STM32G0xx_HAL_Driver/Src/stm32g0xx_hal_tim_ex.c ****   /* Disable the TIM Capture/Compare 1 interrupt */
1734:Drivers/STM32G0xx_HAL_Driver/Src/stm32g0xx_hal_tim_ex.c ****   __HAL_TIM_DISABLE_IT(htim, TIM_IT_CC1);
 5338              		.loc 1 1734 3
 5339 0018 7B68     		ldr	r3, [r7, #4]
 5340 001a 1B68     		ldr	r3, [r3]
 5341 001c DA68     		ldr	r2, [r3, #12]
 5342 001e 7B68     		ldr	r3, [r7, #4]
 5343 0020 1B68     		ldr	r3, [r3]
 5344 0022 0221     		movs	r1, #2
 5345 0024 8A43     		bics	r2, r1
 5346 0026 DA60     		str	r2, [r3, #12]
1735:Drivers/STM32G0xx_HAL_Driver/Src/stm32g0xx_hal_tim_ex.c **** 
1736:Drivers/STM32G0xx_HAL_Driver/Src/stm32g0xx_hal_tim_ex.c ****   /* Disable the TIM Capture/Compare 2 interrupt */
1737:Drivers/STM32G0xx_HAL_Driver/Src/stm32g0xx_hal_tim_ex.c ****   __HAL_TIM_DISABLE_IT(htim, TIM_IT_CC2);
 5347              		.loc 1 1737 3
 5348 0028 7B68     		ldr	r3, [r7, #4]
 5349 002a 1B68     		ldr	r3, [r3]
 5350 002c DA68     		ldr	r2, [r3, #12]
 5351 002e 7B68     		ldr	r3, [r7, #4]
 5352 0030 1B68     		ldr	r3, [r3]
 5353 0032 0421     		movs	r1, #4
 5354 0034 8A43     		bics	r2, r1
 5355 0036 DA60     		str	r2, [r3, #12]
1738:Drivers/STM32G0xx_HAL_Driver/Src/stm32g0xx_hal_tim_ex.c **** 
1739:Drivers/STM32G0xx_HAL_Driver/Src/stm32g0xx_hal_tim_ex.c ****   /* Disable the complementary One Pulse output channel and the Input Capture channel */
1740:Drivers/STM32G0xx_HAL_Driver/Src/stm32g0xx_hal_tim_ex.c ****   TIM_CCxNChannelCmd(htim->Instance, OutputChannel, TIM_CCxN_DISABLE);
 5356              		.loc 1 1740 3
 5357 0038 7B68     		ldr	r3, [r7, #4]
 5358 003a 1B68     		ldr	r3, [r3]
 5359 003c 3968     		ldr	r1, [r7]
 5360 003e 0022     		movs	r2, #0
ARM GAS  C:\Users\a_hae\AppData\Local\Temp\ccujrzwF.s 			page 125


 5361 0040 1800     		movs	r0, r3
 5362 0042 FFF7FEFF 		bl	TIM_CCxNChannelCmd
1741:Drivers/STM32G0xx_HAL_Driver/Src/stm32g0xx_hal_tim_ex.c ****   TIM_CCxChannelCmd(htim->Instance, input_channel, TIM_CCx_DISABLE);
 5363              		.loc 1 1741 3
 5364 0046 7B68     		ldr	r3, [r7, #4]
 5365 0048 1B68     		ldr	r3, [r3]
 5366 004a F968     		ldr	r1, [r7, #12]
 5367 004c 0022     		movs	r2, #0
 5368 004e 1800     		movs	r0, r3
 5369 0050 FFF7FEFF 		bl	TIM_CCxChannelCmd
1742:Drivers/STM32G0xx_HAL_Driver/Src/stm32g0xx_hal_tim_ex.c **** 
1743:Drivers/STM32G0xx_HAL_Driver/Src/stm32g0xx_hal_tim_ex.c ****   /* Disable the Main Output */
1744:Drivers/STM32G0xx_HAL_Driver/Src/stm32g0xx_hal_tim_ex.c ****   __HAL_TIM_MOE_DISABLE(htim);
 5370              		.loc 1 1744 3
 5371 0054 7B68     		ldr	r3, [r7, #4]
 5372 0056 1B68     		ldr	r3, [r3]
 5373 0058 1B6A     		ldr	r3, [r3, #32]
 5374 005a 1D4A     		ldr	r2, .L365
 5375 005c 1340     		ands	r3, r2
 5376 005e 0DD1     		bne	.L362
 5377              		.loc 1 1744 3 is_stmt 0 discriminator 1
 5378 0060 7B68     		ldr	r3, [r7, #4]
 5379 0062 1B68     		ldr	r3, [r3]
 5380 0064 1B6A     		ldr	r3, [r3, #32]
 5381 0066 1B4A     		ldr	r2, .L365+4
 5382 0068 1340     		ands	r3, r2
 5383 006a 07D1     		bne	.L362
 5384              		.loc 1 1744 3 discriminator 2
 5385 006c 7B68     		ldr	r3, [r7, #4]
 5386 006e 1B68     		ldr	r3, [r3]
 5387 0070 5A6C     		ldr	r2, [r3, #68]
 5388 0072 7B68     		ldr	r3, [r7, #4]
 5389 0074 1B68     		ldr	r3, [r3]
 5390 0076 1849     		ldr	r1, .L365+8
 5391 0078 0A40     		ands	r2, r1
 5392 007a 5A64     		str	r2, [r3, #68]
 5393              	.L362:
1745:Drivers/STM32G0xx_HAL_Driver/Src/stm32g0xx_hal_tim_ex.c **** 
1746:Drivers/STM32G0xx_HAL_Driver/Src/stm32g0xx_hal_tim_ex.c ****   /* Disable the Peripheral */
1747:Drivers/STM32G0xx_HAL_Driver/Src/stm32g0xx_hal_tim_ex.c ****   __HAL_TIM_DISABLE(htim);
 5394              		.loc 1 1747 3 is_stmt 1
 5395 007c 7B68     		ldr	r3, [r7, #4]
 5396 007e 1B68     		ldr	r3, [r3]
 5397 0080 1B6A     		ldr	r3, [r3, #32]
 5398 0082 134A     		ldr	r2, .L365
 5399 0084 1340     		ands	r3, r2
 5400 0086 0DD1     		bne	.L363
 5401              		.loc 1 1747 3 is_stmt 0 discriminator 1
 5402 0088 7B68     		ldr	r3, [r7, #4]
 5403 008a 1B68     		ldr	r3, [r3]
 5404 008c 1B6A     		ldr	r3, [r3, #32]
 5405 008e 114A     		ldr	r2, .L365+4
 5406 0090 1340     		ands	r3, r2
 5407 0092 07D1     		bne	.L363
 5408              		.loc 1 1747 3 discriminator 2
 5409 0094 7B68     		ldr	r3, [r7, #4]
 5410 0096 1B68     		ldr	r3, [r3]
ARM GAS  C:\Users\a_hae\AppData\Local\Temp\ccujrzwF.s 			page 126


 5411 0098 1A68     		ldr	r2, [r3]
 5412 009a 7B68     		ldr	r3, [r7, #4]
 5413 009c 1B68     		ldr	r3, [r3]
 5414 009e 0121     		movs	r1, #1
 5415 00a0 8A43     		bics	r2, r1
 5416 00a2 1A60     		str	r2, [r3]
 5417              	.L363:
1748:Drivers/STM32G0xx_HAL_Driver/Src/stm32g0xx_hal_tim_ex.c **** 
1749:Drivers/STM32G0xx_HAL_Driver/Src/stm32g0xx_hal_tim_ex.c ****   /* Set the TIM  channels state */
1750:Drivers/STM32G0xx_HAL_Driver/Src/stm32g0xx_hal_tim_ex.c ****   TIM_CHANNEL_STATE_SET(htim, TIM_CHANNEL_1, HAL_TIM_CHANNEL_STATE_READY);
 5418              		.loc 1 1750 3 is_stmt 1
 5419 00a4 7B68     		ldr	r3, [r7, #4]
 5420 00a6 3E22     		movs	r2, #62
 5421 00a8 0121     		movs	r1, #1
 5422 00aa 9954     		strb	r1, [r3, r2]
1751:Drivers/STM32G0xx_HAL_Driver/Src/stm32g0xx_hal_tim_ex.c ****   TIM_CHANNEL_STATE_SET(htim, TIM_CHANNEL_2, HAL_TIM_CHANNEL_STATE_READY);
 5423              		.loc 1 1751 3
 5424 00ac 7B68     		ldr	r3, [r7, #4]
 5425 00ae 3F22     		movs	r2, #63
 5426 00b0 0121     		movs	r1, #1
 5427 00b2 9954     		strb	r1, [r3, r2]
1752:Drivers/STM32G0xx_HAL_Driver/Src/stm32g0xx_hal_tim_ex.c ****   TIM_CHANNEL_N_STATE_SET(htim, TIM_CHANNEL_1, HAL_TIM_CHANNEL_STATE_READY);
 5428              		.loc 1 1752 3
 5429 00b4 7B68     		ldr	r3, [r7, #4]
 5430 00b6 4422     		movs	r2, #68
 5431 00b8 0121     		movs	r1, #1
 5432 00ba 9954     		strb	r1, [r3, r2]
1753:Drivers/STM32G0xx_HAL_Driver/Src/stm32g0xx_hal_tim_ex.c ****   TIM_CHANNEL_N_STATE_SET(htim, TIM_CHANNEL_2, HAL_TIM_CHANNEL_STATE_READY);
 5433              		.loc 1 1753 3
 5434 00bc 7B68     		ldr	r3, [r7, #4]
 5435 00be 4522     		movs	r2, #69
 5436 00c0 0121     		movs	r1, #1
 5437 00c2 9954     		strb	r1, [r3, r2]
1754:Drivers/STM32G0xx_HAL_Driver/Src/stm32g0xx_hal_tim_ex.c **** 
1755:Drivers/STM32G0xx_HAL_Driver/Src/stm32g0xx_hal_tim_ex.c ****   /* Return function status */
1756:Drivers/STM32G0xx_HAL_Driver/Src/stm32g0xx_hal_tim_ex.c ****   return HAL_OK;
 5438              		.loc 1 1756 10
 5439 00c4 0023     		movs	r3, #0
1757:Drivers/STM32G0xx_HAL_Driver/Src/stm32g0xx_hal_tim_ex.c **** }
 5440              		.loc 1 1757 1
 5441 00c6 1800     		movs	r0, r3
 5442 00c8 BD46     		mov	sp, r7
 5443 00ca 04B0     		add	sp, sp, #16
 5444              		@ sp needed
 5445 00cc 80BD     		pop	{r7, pc}
 5446              	.L366:
 5447 00ce C046     		.align	2
 5448              	.L365:
 5449 00d0 11110000 		.word	4369
 5450 00d4 44040000 		.word	1092
 5451 00d8 FF7FFFFF 		.word	-32769
 5452              		.cfi_endproc
 5453              	.LFE388:
 5455              		.section	.text.HAL_TIMEx_ConfigCommutEvent,"ax",%progbits
 5456              		.align	1
 5457              		.global	HAL_TIMEx_ConfigCommutEvent
 5458              		.syntax unified
ARM GAS  C:\Users\a_hae\AppData\Local\Temp\ccujrzwF.s 			page 127


 5459              		.code	16
 5460              		.thumb_func
 5462              	HAL_TIMEx_ConfigCommutEvent:
 5463              	.LFB389:
1758:Drivers/STM32G0xx_HAL_Driver/Src/stm32g0xx_hal_tim_ex.c **** 
1759:Drivers/STM32G0xx_HAL_Driver/Src/stm32g0xx_hal_tim_ex.c **** /**
1760:Drivers/STM32G0xx_HAL_Driver/Src/stm32g0xx_hal_tim_ex.c ****   * @}
1761:Drivers/STM32G0xx_HAL_Driver/Src/stm32g0xx_hal_tim_ex.c ****   */
1762:Drivers/STM32G0xx_HAL_Driver/Src/stm32g0xx_hal_tim_ex.c **** 
1763:Drivers/STM32G0xx_HAL_Driver/Src/stm32g0xx_hal_tim_ex.c **** /** @defgroup TIMEx_Exported_Functions_Group5 Extended Peripheral Control functions
1764:Drivers/STM32G0xx_HAL_Driver/Src/stm32g0xx_hal_tim_ex.c ****   * @brief    Peripheral Control functions
1765:Drivers/STM32G0xx_HAL_Driver/Src/stm32g0xx_hal_tim_ex.c ****   *
1766:Drivers/STM32G0xx_HAL_Driver/Src/stm32g0xx_hal_tim_ex.c **** @verbatim
1767:Drivers/STM32G0xx_HAL_Driver/Src/stm32g0xx_hal_tim_ex.c ****   ==============================================================================
1768:Drivers/STM32G0xx_HAL_Driver/Src/stm32g0xx_hal_tim_ex.c ****                     ##### Peripheral Control functions #####
1769:Drivers/STM32G0xx_HAL_Driver/Src/stm32g0xx_hal_tim_ex.c ****   ==============================================================================
1770:Drivers/STM32G0xx_HAL_Driver/Src/stm32g0xx_hal_tim_ex.c ****   [..]
1771:Drivers/STM32G0xx_HAL_Driver/Src/stm32g0xx_hal_tim_ex.c ****     This section provides functions allowing to:
1772:Drivers/STM32G0xx_HAL_Driver/Src/stm32g0xx_hal_tim_ex.c ****       (+) Configure the commutation event in case of use of the Hall sensor interface.
1773:Drivers/STM32G0xx_HAL_Driver/Src/stm32g0xx_hal_tim_ex.c ****       (+) Configure Output channels for OC and PWM mode.
1774:Drivers/STM32G0xx_HAL_Driver/Src/stm32g0xx_hal_tim_ex.c **** 
1775:Drivers/STM32G0xx_HAL_Driver/Src/stm32g0xx_hal_tim_ex.c ****       (+) Configure Complementary channels, break features and dead time.
1776:Drivers/STM32G0xx_HAL_Driver/Src/stm32g0xx_hal_tim_ex.c ****       (+) Configure Master synchronization.
1777:Drivers/STM32G0xx_HAL_Driver/Src/stm32g0xx_hal_tim_ex.c ****       (+) Configure timer remapping capabilities.
1778:Drivers/STM32G0xx_HAL_Driver/Src/stm32g0xx_hal_tim_ex.c ****       (+) Select timer input source.
1779:Drivers/STM32G0xx_HAL_Driver/Src/stm32g0xx_hal_tim_ex.c ****       (+) Enable or disable channel grouping.
1780:Drivers/STM32G0xx_HAL_Driver/Src/stm32g0xx_hal_tim_ex.c **** 
1781:Drivers/STM32G0xx_HAL_Driver/Src/stm32g0xx_hal_tim_ex.c **** @endverbatim
1782:Drivers/STM32G0xx_HAL_Driver/Src/stm32g0xx_hal_tim_ex.c ****   * @{
1783:Drivers/STM32G0xx_HAL_Driver/Src/stm32g0xx_hal_tim_ex.c ****   */
1784:Drivers/STM32G0xx_HAL_Driver/Src/stm32g0xx_hal_tim_ex.c **** 
1785:Drivers/STM32G0xx_HAL_Driver/Src/stm32g0xx_hal_tim_ex.c **** /**
1786:Drivers/STM32G0xx_HAL_Driver/Src/stm32g0xx_hal_tim_ex.c ****   * @brief  Configure the TIM commutation event sequence.
1787:Drivers/STM32G0xx_HAL_Driver/Src/stm32g0xx_hal_tim_ex.c ****   * @note  This function is mandatory to use the commutation event in order to
1788:Drivers/STM32G0xx_HAL_Driver/Src/stm32g0xx_hal_tim_ex.c ****   *        update the configuration at each commutation detection on the TRGI input of the Timer,
1789:Drivers/STM32G0xx_HAL_Driver/Src/stm32g0xx_hal_tim_ex.c ****   *        the typical use of this feature is with the use of another Timer(interface Timer)
1790:Drivers/STM32G0xx_HAL_Driver/Src/stm32g0xx_hal_tim_ex.c ****   *        configured in Hall sensor interface, this interface Timer will generate the
1791:Drivers/STM32G0xx_HAL_Driver/Src/stm32g0xx_hal_tim_ex.c ****   *        commutation at its TRGO output (connected to Timer used in this function) each time
1792:Drivers/STM32G0xx_HAL_Driver/Src/stm32g0xx_hal_tim_ex.c ****   *        the TI1 of the Interface Timer detect a commutation at its input TI1.
1793:Drivers/STM32G0xx_HAL_Driver/Src/stm32g0xx_hal_tim_ex.c ****   * @param  htim TIM handle
1794:Drivers/STM32G0xx_HAL_Driver/Src/stm32g0xx_hal_tim_ex.c ****   * @param  InputTrigger the Internal trigger corresponding to the Timer Interfacing with the Hall 
1795:Drivers/STM32G0xx_HAL_Driver/Src/stm32g0xx_hal_tim_ex.c ****   *          This parameter can be one of the following values:
1796:Drivers/STM32G0xx_HAL_Driver/Src/stm32g0xx_hal_tim_ex.c ****   *            @arg TIM_TS_ITR0: Internal trigger 0 selected
1797:Drivers/STM32G0xx_HAL_Driver/Src/stm32g0xx_hal_tim_ex.c ****   *            @arg TIM_TS_ITR1: Internal trigger 1 selected
1798:Drivers/STM32G0xx_HAL_Driver/Src/stm32g0xx_hal_tim_ex.c ****   *            @arg TIM_TS_ITR2: Internal trigger 2 selected
1799:Drivers/STM32G0xx_HAL_Driver/Src/stm32g0xx_hal_tim_ex.c ****   *            @arg TIM_TS_ITR3: Internal trigger 3 selected
1800:Drivers/STM32G0xx_HAL_Driver/Src/stm32g0xx_hal_tim_ex.c ****   *            @arg TIM_TS_NONE: No trigger is needed
1801:Drivers/STM32G0xx_HAL_Driver/Src/stm32g0xx_hal_tim_ex.c ****   * @param  CommutationSource the Commutation Event source
1802:Drivers/STM32G0xx_HAL_Driver/Src/stm32g0xx_hal_tim_ex.c ****   *          This parameter can be one of the following values:
1803:Drivers/STM32G0xx_HAL_Driver/Src/stm32g0xx_hal_tim_ex.c ****   *            @arg TIM_COMMUTATION_TRGI: Commutation source is the TRGI of the Interface Timer
1804:Drivers/STM32G0xx_HAL_Driver/Src/stm32g0xx_hal_tim_ex.c ****   *            @arg TIM_COMMUTATION_SOFTWARE:  Commutation source is set by software using the COMG
1805:Drivers/STM32G0xx_HAL_Driver/Src/stm32g0xx_hal_tim_ex.c ****   * @retval HAL status
1806:Drivers/STM32G0xx_HAL_Driver/Src/stm32g0xx_hal_tim_ex.c ****   */
1807:Drivers/STM32G0xx_HAL_Driver/Src/stm32g0xx_hal_tim_ex.c **** HAL_StatusTypeDef HAL_TIMEx_ConfigCommutEvent(TIM_HandleTypeDef *htim, uint32_t  InputTrigger,
1808:Drivers/STM32G0xx_HAL_Driver/Src/stm32g0xx_hal_tim_ex.c ****                                               uint32_t  CommutationSource)
1809:Drivers/STM32G0xx_HAL_Driver/Src/stm32g0xx_hal_tim_ex.c **** {
 5464              		.loc 1 1809 1
ARM GAS  C:\Users\a_hae\AppData\Local\Temp\ccujrzwF.s 			page 128


 5465              		.cfi_startproc
 5466              		@ args = 0, pretend = 0, frame = 16
 5467              		@ frame_needed = 1, uses_anonymous_args = 0
 5468 0000 80B5     		push	{r7, lr}
 5469              	.LCFI78:
 5470              		.cfi_def_cfa_offset 8
 5471              		.cfi_offset 7, -8
 5472              		.cfi_offset 14, -4
 5473 0002 84B0     		sub	sp, sp, #16
 5474              	.LCFI79:
 5475              		.cfi_def_cfa_offset 24
 5476 0004 00AF     		add	r7, sp, #0
 5477              	.LCFI80:
 5478              		.cfi_def_cfa_register 7
 5479 0006 F860     		str	r0, [r7, #12]
 5480 0008 B960     		str	r1, [r7, #8]
 5481 000a 7A60     		str	r2, [r7, #4]
1810:Drivers/STM32G0xx_HAL_Driver/Src/stm32g0xx_hal_tim_ex.c ****   /* Check the parameters */
1811:Drivers/STM32G0xx_HAL_Driver/Src/stm32g0xx_hal_tim_ex.c ****   assert_param(IS_TIM_COMMUTATION_EVENT_INSTANCE(htim->Instance));
1812:Drivers/STM32G0xx_HAL_Driver/Src/stm32g0xx_hal_tim_ex.c ****   assert_param(IS_TIM_INTERNAL_TRIGGEREVENT_SELECTION(InputTrigger));
1813:Drivers/STM32G0xx_HAL_Driver/Src/stm32g0xx_hal_tim_ex.c **** 
1814:Drivers/STM32G0xx_HAL_Driver/Src/stm32g0xx_hal_tim_ex.c ****   __HAL_LOCK(htim);
 5482              		.loc 1 1814 3
 5483 000c FB68     		ldr	r3, [r7, #12]
 5484 000e 3C22     		movs	r2, #60
 5485 0010 9B5C     		ldrb	r3, [r3, r2]
 5486 0012 012B     		cmp	r3, #1
 5487 0014 01D1     		bne	.L368
 5488              		.loc 1 1814 3 is_stmt 0 discriminator 1
 5489 0016 0223     		movs	r3, #2
 5490              		.loc 1 1814 3
 5491 0018 4CE0     		b	.L369
 5492              	.L368:
 5493              		.loc 1 1814 3 discriminator 2
 5494 001a FB68     		ldr	r3, [r7, #12]
 5495 001c 3C22     		movs	r2, #60
 5496 001e 0121     		movs	r1, #1
 5497 0020 9954     		strb	r1, [r3, r2]
1815:Drivers/STM32G0xx_HAL_Driver/Src/stm32g0xx_hal_tim_ex.c **** 
1816:Drivers/STM32G0xx_HAL_Driver/Src/stm32g0xx_hal_tim_ex.c ****   if ((InputTrigger == TIM_TS_ITR0) || (InputTrigger == TIM_TS_ITR1) ||
 5498              		.loc 1 1816 6 is_stmt 1
 5499 0022 BB68     		ldr	r3, [r7, #8]
 5500 0024 002B     		cmp	r3, #0
 5501 0026 08D0     		beq	.L370
 5502              		.loc 1 1816 37 discriminator 1
 5503 0028 BB68     		ldr	r3, [r7, #8]
 5504 002a 102B     		cmp	r3, #16
 5505 002c 05D0     		beq	.L370
 5506              		.loc 1 1816 70 discriminator 2
 5507 002e BB68     		ldr	r3, [r7, #8]
 5508 0030 202B     		cmp	r3, #32
 5509 0032 02D0     		beq	.L370
1817:Drivers/STM32G0xx_HAL_Driver/Src/stm32g0xx_hal_tim_ex.c ****       (InputTrigger == TIM_TS_ITR2) || (InputTrigger == TIM_TS_ITR3))
 5510              		.loc 1 1817 37
 5511 0034 BB68     		ldr	r3, [r7, #8]
 5512 0036 302B     		cmp	r3, #48
 5513 0038 0FD1     		bne	.L371
ARM GAS  C:\Users\a_hae\AppData\Local\Temp\ccujrzwF.s 			page 129


 5514              	.L370:
1818:Drivers/STM32G0xx_HAL_Driver/Src/stm32g0xx_hal_tim_ex.c ****   {
1819:Drivers/STM32G0xx_HAL_Driver/Src/stm32g0xx_hal_tim_ex.c ****     /* Select the Input trigger */
1820:Drivers/STM32G0xx_HAL_Driver/Src/stm32g0xx_hal_tim_ex.c ****     htim->Instance->SMCR &= ~TIM_SMCR_TS;
 5515              		.loc 1 1820 9
 5516 003a FB68     		ldr	r3, [r7, #12]
 5517 003c 1B68     		ldr	r3, [r3]
 5518              		.loc 1 1820 19
 5519 003e 9A68     		ldr	r2, [r3, #8]
 5520              		.loc 1 1820 9
 5521 0040 FB68     		ldr	r3, [r7, #12]
 5522 0042 1B68     		ldr	r3, [r3]
 5523              		.loc 1 1820 26
 5524 0044 1D49     		ldr	r1, .L372
 5525 0046 0A40     		ands	r2, r1
 5526 0048 9A60     		str	r2, [r3, #8]
1821:Drivers/STM32G0xx_HAL_Driver/Src/stm32g0xx_hal_tim_ex.c ****     htim->Instance->SMCR |= InputTrigger;
 5527              		.loc 1 1821 9
 5528 004a FB68     		ldr	r3, [r7, #12]
 5529 004c 1B68     		ldr	r3, [r3]
 5530              		.loc 1 1821 19
 5531 004e 9968     		ldr	r1, [r3, #8]
 5532              		.loc 1 1821 9
 5533 0050 FB68     		ldr	r3, [r7, #12]
 5534 0052 1B68     		ldr	r3, [r3]
 5535              		.loc 1 1821 26
 5536 0054 BA68     		ldr	r2, [r7, #8]
 5537 0056 0A43     		orrs	r2, r1
 5538 0058 9A60     		str	r2, [r3, #8]
 5539              	.L371:
1822:Drivers/STM32G0xx_HAL_Driver/Src/stm32g0xx_hal_tim_ex.c ****   }
1823:Drivers/STM32G0xx_HAL_Driver/Src/stm32g0xx_hal_tim_ex.c **** 
1824:Drivers/STM32G0xx_HAL_Driver/Src/stm32g0xx_hal_tim_ex.c ****   /* Select the Capture Compare preload feature */
1825:Drivers/STM32G0xx_HAL_Driver/Src/stm32g0xx_hal_tim_ex.c ****   htim->Instance->CR2 |= TIM_CR2_CCPC;
 5540              		.loc 1 1825 7
 5541 005a FB68     		ldr	r3, [r7, #12]
 5542 005c 1B68     		ldr	r3, [r3]
 5543              		.loc 1 1825 17
 5544 005e 5A68     		ldr	r2, [r3, #4]
 5545              		.loc 1 1825 7
 5546 0060 FB68     		ldr	r3, [r7, #12]
 5547 0062 1B68     		ldr	r3, [r3]
 5548              		.loc 1 1825 23
 5549 0064 0121     		movs	r1, #1
 5550 0066 0A43     		orrs	r2, r1
 5551 0068 5A60     		str	r2, [r3, #4]
1826:Drivers/STM32G0xx_HAL_Driver/Src/stm32g0xx_hal_tim_ex.c ****   /* Select the Commutation event source */
1827:Drivers/STM32G0xx_HAL_Driver/Src/stm32g0xx_hal_tim_ex.c ****   htim->Instance->CR2 &= ~TIM_CR2_CCUS;
 5552              		.loc 1 1827 7
 5553 006a FB68     		ldr	r3, [r7, #12]
 5554 006c 1B68     		ldr	r3, [r3]
 5555              		.loc 1 1827 17
 5556 006e 5A68     		ldr	r2, [r3, #4]
 5557              		.loc 1 1827 7
 5558 0070 FB68     		ldr	r3, [r7, #12]
 5559 0072 1B68     		ldr	r3, [r3]
 5560              		.loc 1 1827 23
ARM GAS  C:\Users\a_hae\AppData\Local\Temp\ccujrzwF.s 			page 130


 5561 0074 0421     		movs	r1, #4
 5562 0076 8A43     		bics	r2, r1
 5563 0078 5A60     		str	r2, [r3, #4]
1828:Drivers/STM32G0xx_HAL_Driver/Src/stm32g0xx_hal_tim_ex.c ****   htim->Instance->CR2 |= CommutationSource;
 5564              		.loc 1 1828 7
 5565 007a FB68     		ldr	r3, [r7, #12]
 5566 007c 1B68     		ldr	r3, [r3]
 5567              		.loc 1 1828 17
 5568 007e 5968     		ldr	r1, [r3, #4]
 5569              		.loc 1 1828 7
 5570 0080 FB68     		ldr	r3, [r7, #12]
 5571 0082 1B68     		ldr	r3, [r3]
 5572              		.loc 1 1828 23
 5573 0084 7A68     		ldr	r2, [r7, #4]
 5574 0086 0A43     		orrs	r2, r1
 5575 0088 5A60     		str	r2, [r3, #4]
1829:Drivers/STM32G0xx_HAL_Driver/Src/stm32g0xx_hal_tim_ex.c **** 
1830:Drivers/STM32G0xx_HAL_Driver/Src/stm32g0xx_hal_tim_ex.c ****   /* Disable Commutation Interrupt */
1831:Drivers/STM32G0xx_HAL_Driver/Src/stm32g0xx_hal_tim_ex.c ****   __HAL_TIM_DISABLE_IT(htim, TIM_IT_COM);
 5576              		.loc 1 1831 3
 5577 008a FB68     		ldr	r3, [r7, #12]
 5578 008c 1B68     		ldr	r3, [r3]
 5579 008e DA68     		ldr	r2, [r3, #12]
 5580 0090 FB68     		ldr	r3, [r7, #12]
 5581 0092 1B68     		ldr	r3, [r3]
 5582 0094 2021     		movs	r1, #32
 5583 0096 8A43     		bics	r2, r1
 5584 0098 DA60     		str	r2, [r3, #12]
1832:Drivers/STM32G0xx_HAL_Driver/Src/stm32g0xx_hal_tim_ex.c **** 
1833:Drivers/STM32G0xx_HAL_Driver/Src/stm32g0xx_hal_tim_ex.c ****   /* Disable Commutation DMA request */
1834:Drivers/STM32G0xx_HAL_Driver/Src/stm32g0xx_hal_tim_ex.c ****   __HAL_TIM_DISABLE_DMA(htim, TIM_DMA_COM);
 5585              		.loc 1 1834 3
 5586 009a FB68     		ldr	r3, [r7, #12]
 5587 009c 1B68     		ldr	r3, [r3]
 5588 009e DA68     		ldr	r2, [r3, #12]
 5589 00a0 FB68     		ldr	r3, [r7, #12]
 5590 00a2 1B68     		ldr	r3, [r3]
 5591 00a4 0649     		ldr	r1, .L372+4
 5592 00a6 0A40     		ands	r2, r1
 5593 00a8 DA60     		str	r2, [r3, #12]
1835:Drivers/STM32G0xx_HAL_Driver/Src/stm32g0xx_hal_tim_ex.c **** 
1836:Drivers/STM32G0xx_HAL_Driver/Src/stm32g0xx_hal_tim_ex.c ****   __HAL_UNLOCK(htim);
 5594              		.loc 1 1836 3
 5595 00aa FB68     		ldr	r3, [r7, #12]
 5596 00ac 3C22     		movs	r2, #60
 5597 00ae 0021     		movs	r1, #0
 5598 00b0 9954     		strb	r1, [r3, r2]
1837:Drivers/STM32G0xx_HAL_Driver/Src/stm32g0xx_hal_tim_ex.c **** 
1838:Drivers/STM32G0xx_HAL_Driver/Src/stm32g0xx_hal_tim_ex.c ****   return HAL_OK;
 5599              		.loc 1 1838 10
 5600 00b2 0023     		movs	r3, #0
 5601              	.L369:
1839:Drivers/STM32G0xx_HAL_Driver/Src/stm32g0xx_hal_tim_ex.c **** }
 5602              		.loc 1 1839 1
 5603 00b4 1800     		movs	r0, r3
 5604 00b6 BD46     		mov	sp, r7
 5605 00b8 04B0     		add	sp, sp, #16
ARM GAS  C:\Users\a_hae\AppData\Local\Temp\ccujrzwF.s 			page 131


 5606              		@ sp needed
 5607 00ba 80BD     		pop	{r7, pc}
 5608              	.L373:
 5609              		.align	2
 5610              	.L372:
 5611 00bc 8FFFCFFF 		.word	-3145841
 5612 00c0 FFDFFFFF 		.word	-8193
 5613              		.cfi_endproc
 5614              	.LFE389:
 5616              		.section	.text.HAL_TIMEx_ConfigCommutEvent_IT,"ax",%progbits
 5617              		.align	1
 5618              		.global	HAL_TIMEx_ConfigCommutEvent_IT
 5619              		.syntax unified
 5620              		.code	16
 5621              		.thumb_func
 5623              	HAL_TIMEx_ConfigCommutEvent_IT:
 5624              	.LFB390:
1840:Drivers/STM32G0xx_HAL_Driver/Src/stm32g0xx_hal_tim_ex.c **** 
1841:Drivers/STM32G0xx_HAL_Driver/Src/stm32g0xx_hal_tim_ex.c **** /**
1842:Drivers/STM32G0xx_HAL_Driver/Src/stm32g0xx_hal_tim_ex.c ****   * @brief  Configure the TIM commutation event sequence with interrupt.
1843:Drivers/STM32G0xx_HAL_Driver/Src/stm32g0xx_hal_tim_ex.c ****   * @note  This function is mandatory to use the commutation event in order to
1844:Drivers/STM32G0xx_HAL_Driver/Src/stm32g0xx_hal_tim_ex.c ****   *        update the configuration at each commutation detection on the TRGI input of the Timer,
1845:Drivers/STM32G0xx_HAL_Driver/Src/stm32g0xx_hal_tim_ex.c ****   *        the typical use of this feature is with the use of another Timer(interface Timer)
1846:Drivers/STM32G0xx_HAL_Driver/Src/stm32g0xx_hal_tim_ex.c ****   *        configured in Hall sensor interface, this interface Timer will generate the
1847:Drivers/STM32G0xx_HAL_Driver/Src/stm32g0xx_hal_tim_ex.c ****   *        commutation at its TRGO output (connected to Timer used in this function) each time
1848:Drivers/STM32G0xx_HAL_Driver/Src/stm32g0xx_hal_tim_ex.c ****   *        the TI1 of the Interface Timer detect a commutation at its input TI1.
1849:Drivers/STM32G0xx_HAL_Driver/Src/stm32g0xx_hal_tim_ex.c ****   * @param  htim TIM handle
1850:Drivers/STM32G0xx_HAL_Driver/Src/stm32g0xx_hal_tim_ex.c ****   * @param  InputTrigger the Internal trigger corresponding to the Timer Interfacing with the Hall 
1851:Drivers/STM32G0xx_HAL_Driver/Src/stm32g0xx_hal_tim_ex.c ****   *          This parameter can be one of the following values:
1852:Drivers/STM32G0xx_HAL_Driver/Src/stm32g0xx_hal_tim_ex.c ****   *            @arg TIM_TS_ITR0: Internal trigger 0 selected
1853:Drivers/STM32G0xx_HAL_Driver/Src/stm32g0xx_hal_tim_ex.c ****   *            @arg TIM_TS_ITR1: Internal trigger 1 selected
1854:Drivers/STM32G0xx_HAL_Driver/Src/stm32g0xx_hal_tim_ex.c ****   *            @arg TIM_TS_ITR2: Internal trigger 2 selected
1855:Drivers/STM32G0xx_HAL_Driver/Src/stm32g0xx_hal_tim_ex.c ****   *            @arg TIM_TS_ITR3: Internal trigger 3 selected
1856:Drivers/STM32G0xx_HAL_Driver/Src/stm32g0xx_hal_tim_ex.c ****   *            @arg TIM_TS_NONE: No trigger is needed
1857:Drivers/STM32G0xx_HAL_Driver/Src/stm32g0xx_hal_tim_ex.c ****   * @param  CommutationSource the Commutation Event source
1858:Drivers/STM32G0xx_HAL_Driver/Src/stm32g0xx_hal_tim_ex.c ****   *          This parameter can be one of the following values:
1859:Drivers/STM32G0xx_HAL_Driver/Src/stm32g0xx_hal_tim_ex.c ****   *            @arg TIM_COMMUTATION_TRGI: Commutation source is the TRGI of the Interface Timer
1860:Drivers/STM32G0xx_HAL_Driver/Src/stm32g0xx_hal_tim_ex.c ****   *            @arg TIM_COMMUTATION_SOFTWARE:  Commutation source is set by software using the COMG
1861:Drivers/STM32G0xx_HAL_Driver/Src/stm32g0xx_hal_tim_ex.c ****   * @retval HAL status
1862:Drivers/STM32G0xx_HAL_Driver/Src/stm32g0xx_hal_tim_ex.c ****   */
1863:Drivers/STM32G0xx_HAL_Driver/Src/stm32g0xx_hal_tim_ex.c **** HAL_StatusTypeDef HAL_TIMEx_ConfigCommutEvent_IT(TIM_HandleTypeDef *htim, uint32_t  InputTrigger,
1864:Drivers/STM32G0xx_HAL_Driver/Src/stm32g0xx_hal_tim_ex.c ****                                                  uint32_t  CommutationSource)
1865:Drivers/STM32G0xx_HAL_Driver/Src/stm32g0xx_hal_tim_ex.c **** {
 5625              		.loc 1 1865 1
 5626              		.cfi_startproc
 5627              		@ args = 0, pretend = 0, frame = 16
 5628              		@ frame_needed = 1, uses_anonymous_args = 0
 5629 0000 80B5     		push	{r7, lr}
 5630              	.LCFI81:
 5631              		.cfi_def_cfa_offset 8
 5632              		.cfi_offset 7, -8
 5633              		.cfi_offset 14, -4
 5634 0002 84B0     		sub	sp, sp, #16
 5635              	.LCFI82:
 5636              		.cfi_def_cfa_offset 24
 5637 0004 00AF     		add	r7, sp, #0
 5638              	.LCFI83:
ARM GAS  C:\Users\a_hae\AppData\Local\Temp\ccujrzwF.s 			page 132


 5639              		.cfi_def_cfa_register 7
 5640 0006 F860     		str	r0, [r7, #12]
 5641 0008 B960     		str	r1, [r7, #8]
 5642 000a 7A60     		str	r2, [r7, #4]
1866:Drivers/STM32G0xx_HAL_Driver/Src/stm32g0xx_hal_tim_ex.c ****   /* Check the parameters */
1867:Drivers/STM32G0xx_HAL_Driver/Src/stm32g0xx_hal_tim_ex.c ****   assert_param(IS_TIM_COMMUTATION_EVENT_INSTANCE(htim->Instance));
1868:Drivers/STM32G0xx_HAL_Driver/Src/stm32g0xx_hal_tim_ex.c ****   assert_param(IS_TIM_INTERNAL_TRIGGEREVENT_SELECTION(InputTrigger));
1869:Drivers/STM32G0xx_HAL_Driver/Src/stm32g0xx_hal_tim_ex.c **** 
1870:Drivers/STM32G0xx_HAL_Driver/Src/stm32g0xx_hal_tim_ex.c ****   __HAL_LOCK(htim);
 5643              		.loc 1 1870 3
 5644 000c FB68     		ldr	r3, [r7, #12]
 5645 000e 3C22     		movs	r2, #60
 5646 0010 9B5C     		ldrb	r3, [r3, r2]
 5647 0012 012B     		cmp	r3, #1
 5648 0014 01D1     		bne	.L375
 5649              		.loc 1 1870 3 is_stmt 0 discriminator 1
 5650 0016 0223     		movs	r3, #2
 5651              		.loc 1 1870 3
 5652 0018 4CE0     		b	.L376
 5653              	.L375:
 5654              		.loc 1 1870 3 discriminator 2
 5655 001a FB68     		ldr	r3, [r7, #12]
 5656 001c 3C22     		movs	r2, #60
 5657 001e 0121     		movs	r1, #1
 5658 0020 9954     		strb	r1, [r3, r2]
1871:Drivers/STM32G0xx_HAL_Driver/Src/stm32g0xx_hal_tim_ex.c **** 
1872:Drivers/STM32G0xx_HAL_Driver/Src/stm32g0xx_hal_tim_ex.c ****   if ((InputTrigger == TIM_TS_ITR0) || (InputTrigger == TIM_TS_ITR1) ||
 5659              		.loc 1 1872 6 is_stmt 1
 5660 0022 BB68     		ldr	r3, [r7, #8]
 5661 0024 002B     		cmp	r3, #0
 5662 0026 08D0     		beq	.L377
 5663              		.loc 1 1872 37 discriminator 1
 5664 0028 BB68     		ldr	r3, [r7, #8]
 5665 002a 102B     		cmp	r3, #16
 5666 002c 05D0     		beq	.L377
 5667              		.loc 1 1872 70 discriminator 2
 5668 002e BB68     		ldr	r3, [r7, #8]
 5669 0030 202B     		cmp	r3, #32
 5670 0032 02D0     		beq	.L377
1873:Drivers/STM32G0xx_HAL_Driver/Src/stm32g0xx_hal_tim_ex.c ****       (InputTrigger == TIM_TS_ITR2) || (InputTrigger == TIM_TS_ITR3))
 5671              		.loc 1 1873 37
 5672 0034 BB68     		ldr	r3, [r7, #8]
 5673 0036 302B     		cmp	r3, #48
 5674 0038 0FD1     		bne	.L378
 5675              	.L377:
1874:Drivers/STM32G0xx_HAL_Driver/Src/stm32g0xx_hal_tim_ex.c ****   {
1875:Drivers/STM32G0xx_HAL_Driver/Src/stm32g0xx_hal_tim_ex.c ****     /* Select the Input trigger */
1876:Drivers/STM32G0xx_HAL_Driver/Src/stm32g0xx_hal_tim_ex.c ****     htim->Instance->SMCR &= ~TIM_SMCR_TS;
 5676              		.loc 1 1876 9
 5677 003a FB68     		ldr	r3, [r7, #12]
 5678 003c 1B68     		ldr	r3, [r3]
 5679              		.loc 1 1876 19
 5680 003e 9A68     		ldr	r2, [r3, #8]
 5681              		.loc 1 1876 9
 5682 0040 FB68     		ldr	r3, [r7, #12]
 5683 0042 1B68     		ldr	r3, [r3]
 5684              		.loc 1 1876 26
ARM GAS  C:\Users\a_hae\AppData\Local\Temp\ccujrzwF.s 			page 133


 5685 0044 1D49     		ldr	r1, .L379
 5686 0046 0A40     		ands	r2, r1
 5687 0048 9A60     		str	r2, [r3, #8]
1877:Drivers/STM32G0xx_HAL_Driver/Src/stm32g0xx_hal_tim_ex.c ****     htim->Instance->SMCR |= InputTrigger;
 5688              		.loc 1 1877 9
 5689 004a FB68     		ldr	r3, [r7, #12]
 5690 004c 1B68     		ldr	r3, [r3]
 5691              		.loc 1 1877 19
 5692 004e 9968     		ldr	r1, [r3, #8]
 5693              		.loc 1 1877 9
 5694 0050 FB68     		ldr	r3, [r7, #12]
 5695 0052 1B68     		ldr	r3, [r3]
 5696              		.loc 1 1877 26
 5697 0054 BA68     		ldr	r2, [r7, #8]
 5698 0056 0A43     		orrs	r2, r1
 5699 0058 9A60     		str	r2, [r3, #8]
 5700              	.L378:
1878:Drivers/STM32G0xx_HAL_Driver/Src/stm32g0xx_hal_tim_ex.c ****   }
1879:Drivers/STM32G0xx_HAL_Driver/Src/stm32g0xx_hal_tim_ex.c **** 
1880:Drivers/STM32G0xx_HAL_Driver/Src/stm32g0xx_hal_tim_ex.c ****   /* Select the Capture Compare preload feature */
1881:Drivers/STM32G0xx_HAL_Driver/Src/stm32g0xx_hal_tim_ex.c ****   htim->Instance->CR2 |= TIM_CR2_CCPC;
 5701              		.loc 1 1881 7
 5702 005a FB68     		ldr	r3, [r7, #12]
 5703 005c 1B68     		ldr	r3, [r3]
 5704              		.loc 1 1881 17
 5705 005e 5A68     		ldr	r2, [r3, #4]
 5706              		.loc 1 1881 7
 5707 0060 FB68     		ldr	r3, [r7, #12]
 5708 0062 1B68     		ldr	r3, [r3]
 5709              		.loc 1 1881 23
 5710 0064 0121     		movs	r1, #1
 5711 0066 0A43     		orrs	r2, r1
 5712 0068 5A60     		str	r2, [r3, #4]
1882:Drivers/STM32G0xx_HAL_Driver/Src/stm32g0xx_hal_tim_ex.c ****   /* Select the Commutation event source */
1883:Drivers/STM32G0xx_HAL_Driver/Src/stm32g0xx_hal_tim_ex.c ****   htim->Instance->CR2 &= ~TIM_CR2_CCUS;
 5713              		.loc 1 1883 7
 5714 006a FB68     		ldr	r3, [r7, #12]
 5715 006c 1B68     		ldr	r3, [r3]
 5716              		.loc 1 1883 17
 5717 006e 5A68     		ldr	r2, [r3, #4]
 5718              		.loc 1 1883 7
 5719 0070 FB68     		ldr	r3, [r7, #12]
 5720 0072 1B68     		ldr	r3, [r3]
 5721              		.loc 1 1883 23
 5722 0074 0421     		movs	r1, #4
 5723 0076 8A43     		bics	r2, r1
 5724 0078 5A60     		str	r2, [r3, #4]
1884:Drivers/STM32G0xx_HAL_Driver/Src/stm32g0xx_hal_tim_ex.c ****   htim->Instance->CR2 |= CommutationSource;
 5725              		.loc 1 1884 7
 5726 007a FB68     		ldr	r3, [r7, #12]
 5727 007c 1B68     		ldr	r3, [r3]
 5728              		.loc 1 1884 17
 5729 007e 5968     		ldr	r1, [r3, #4]
 5730              		.loc 1 1884 7
 5731 0080 FB68     		ldr	r3, [r7, #12]
 5732 0082 1B68     		ldr	r3, [r3]
 5733              		.loc 1 1884 23
ARM GAS  C:\Users\a_hae\AppData\Local\Temp\ccujrzwF.s 			page 134


 5734 0084 7A68     		ldr	r2, [r7, #4]
 5735 0086 0A43     		orrs	r2, r1
 5736 0088 5A60     		str	r2, [r3, #4]
1885:Drivers/STM32G0xx_HAL_Driver/Src/stm32g0xx_hal_tim_ex.c **** 
1886:Drivers/STM32G0xx_HAL_Driver/Src/stm32g0xx_hal_tim_ex.c ****   /* Disable Commutation DMA request */
1887:Drivers/STM32G0xx_HAL_Driver/Src/stm32g0xx_hal_tim_ex.c ****   __HAL_TIM_DISABLE_DMA(htim, TIM_DMA_COM);
 5737              		.loc 1 1887 3
 5738 008a FB68     		ldr	r3, [r7, #12]
 5739 008c 1B68     		ldr	r3, [r3]
 5740 008e DA68     		ldr	r2, [r3, #12]
 5741 0090 FB68     		ldr	r3, [r7, #12]
 5742 0092 1B68     		ldr	r3, [r3]
 5743 0094 0A49     		ldr	r1, .L379+4
 5744 0096 0A40     		ands	r2, r1
 5745 0098 DA60     		str	r2, [r3, #12]
1888:Drivers/STM32G0xx_HAL_Driver/Src/stm32g0xx_hal_tim_ex.c **** 
1889:Drivers/STM32G0xx_HAL_Driver/Src/stm32g0xx_hal_tim_ex.c ****   /* Enable the Commutation Interrupt */
1890:Drivers/STM32G0xx_HAL_Driver/Src/stm32g0xx_hal_tim_ex.c ****   __HAL_TIM_ENABLE_IT(htim, TIM_IT_COM);
 5746              		.loc 1 1890 3
 5747 009a FB68     		ldr	r3, [r7, #12]
 5748 009c 1B68     		ldr	r3, [r3]
 5749 009e DA68     		ldr	r2, [r3, #12]
 5750 00a0 FB68     		ldr	r3, [r7, #12]
 5751 00a2 1B68     		ldr	r3, [r3]
 5752 00a4 2021     		movs	r1, #32
 5753 00a6 0A43     		orrs	r2, r1
 5754 00a8 DA60     		str	r2, [r3, #12]
1891:Drivers/STM32G0xx_HAL_Driver/Src/stm32g0xx_hal_tim_ex.c **** 
1892:Drivers/STM32G0xx_HAL_Driver/Src/stm32g0xx_hal_tim_ex.c ****   __HAL_UNLOCK(htim);
 5755              		.loc 1 1892 3
 5756 00aa FB68     		ldr	r3, [r7, #12]
 5757 00ac 3C22     		movs	r2, #60
 5758 00ae 0021     		movs	r1, #0
 5759 00b0 9954     		strb	r1, [r3, r2]
1893:Drivers/STM32G0xx_HAL_Driver/Src/stm32g0xx_hal_tim_ex.c **** 
1894:Drivers/STM32G0xx_HAL_Driver/Src/stm32g0xx_hal_tim_ex.c ****   return HAL_OK;
 5760              		.loc 1 1894 10
 5761 00b2 0023     		movs	r3, #0
 5762              	.L376:
1895:Drivers/STM32G0xx_HAL_Driver/Src/stm32g0xx_hal_tim_ex.c **** }
 5763              		.loc 1 1895 1
 5764 00b4 1800     		movs	r0, r3
 5765 00b6 BD46     		mov	sp, r7
 5766 00b8 04B0     		add	sp, sp, #16
 5767              		@ sp needed
 5768 00ba 80BD     		pop	{r7, pc}
 5769              	.L380:
 5770              		.align	2
 5771              	.L379:
 5772 00bc 8FFFCFFF 		.word	-3145841
 5773 00c0 FFDFFFFF 		.word	-8193
 5774              		.cfi_endproc
 5775              	.LFE390:
 5777              		.section	.text.HAL_TIMEx_ConfigCommutEvent_DMA,"ax",%progbits
 5778              		.align	1
 5779              		.global	HAL_TIMEx_ConfigCommutEvent_DMA
 5780              		.syntax unified
ARM GAS  C:\Users\a_hae\AppData\Local\Temp\ccujrzwF.s 			page 135


 5781              		.code	16
 5782              		.thumb_func
 5784              	HAL_TIMEx_ConfigCommutEvent_DMA:
 5785              	.LFB391:
1896:Drivers/STM32G0xx_HAL_Driver/Src/stm32g0xx_hal_tim_ex.c **** 
1897:Drivers/STM32G0xx_HAL_Driver/Src/stm32g0xx_hal_tim_ex.c **** /**
1898:Drivers/STM32G0xx_HAL_Driver/Src/stm32g0xx_hal_tim_ex.c ****   * @brief  Configure the TIM commutation event sequence with DMA.
1899:Drivers/STM32G0xx_HAL_Driver/Src/stm32g0xx_hal_tim_ex.c ****   * @note  This function is mandatory to use the commutation event in order to
1900:Drivers/STM32G0xx_HAL_Driver/Src/stm32g0xx_hal_tim_ex.c ****   *        update the configuration at each commutation detection on the TRGI input of the Timer,
1901:Drivers/STM32G0xx_HAL_Driver/Src/stm32g0xx_hal_tim_ex.c ****   *        the typical use of this feature is with the use of another Timer(interface Timer)
1902:Drivers/STM32G0xx_HAL_Driver/Src/stm32g0xx_hal_tim_ex.c ****   *        configured in Hall sensor interface, this interface Timer will generate the
1903:Drivers/STM32G0xx_HAL_Driver/Src/stm32g0xx_hal_tim_ex.c ****   *        commutation at its TRGO output (connected to Timer used in this function) each time
1904:Drivers/STM32G0xx_HAL_Driver/Src/stm32g0xx_hal_tim_ex.c ****   *        the TI1 of the Interface Timer detect a commutation at its input TI1.
1905:Drivers/STM32G0xx_HAL_Driver/Src/stm32g0xx_hal_tim_ex.c ****   * @note  The user should configure the DMA in his own software, in This function only the COMDE b
1906:Drivers/STM32G0xx_HAL_Driver/Src/stm32g0xx_hal_tim_ex.c ****   * @param  htim TIM handle
1907:Drivers/STM32G0xx_HAL_Driver/Src/stm32g0xx_hal_tim_ex.c ****   * @param  InputTrigger the Internal trigger corresponding to the Timer Interfacing with the Hall 
1908:Drivers/STM32G0xx_HAL_Driver/Src/stm32g0xx_hal_tim_ex.c ****   *          This parameter can be one of the following values:
1909:Drivers/STM32G0xx_HAL_Driver/Src/stm32g0xx_hal_tim_ex.c ****   *            @arg TIM_TS_ITR0: Internal trigger 0 selected
1910:Drivers/STM32G0xx_HAL_Driver/Src/stm32g0xx_hal_tim_ex.c ****   *            @arg TIM_TS_ITR1: Internal trigger 1 selected
1911:Drivers/STM32G0xx_HAL_Driver/Src/stm32g0xx_hal_tim_ex.c ****   *            @arg TIM_TS_ITR2: Internal trigger 2 selected
1912:Drivers/STM32G0xx_HAL_Driver/Src/stm32g0xx_hal_tim_ex.c ****   *            @arg TIM_TS_ITR3: Internal trigger 3 selected
1913:Drivers/STM32G0xx_HAL_Driver/Src/stm32g0xx_hal_tim_ex.c ****   *            @arg TIM_TS_NONE: No trigger is needed
1914:Drivers/STM32G0xx_HAL_Driver/Src/stm32g0xx_hal_tim_ex.c ****   * @param  CommutationSource the Commutation Event source
1915:Drivers/STM32G0xx_HAL_Driver/Src/stm32g0xx_hal_tim_ex.c ****   *          This parameter can be one of the following values:
1916:Drivers/STM32G0xx_HAL_Driver/Src/stm32g0xx_hal_tim_ex.c ****   *            @arg TIM_COMMUTATION_TRGI: Commutation source is the TRGI of the Interface Timer
1917:Drivers/STM32G0xx_HAL_Driver/Src/stm32g0xx_hal_tim_ex.c ****   *            @arg TIM_COMMUTATION_SOFTWARE:  Commutation source is set by software using the COMG
1918:Drivers/STM32G0xx_HAL_Driver/Src/stm32g0xx_hal_tim_ex.c ****   * @retval HAL status
1919:Drivers/STM32G0xx_HAL_Driver/Src/stm32g0xx_hal_tim_ex.c ****   */
1920:Drivers/STM32G0xx_HAL_Driver/Src/stm32g0xx_hal_tim_ex.c **** HAL_StatusTypeDef HAL_TIMEx_ConfigCommutEvent_DMA(TIM_HandleTypeDef *htim, uint32_t  InputTrigger,
1921:Drivers/STM32G0xx_HAL_Driver/Src/stm32g0xx_hal_tim_ex.c ****                                                   uint32_t  CommutationSource)
1922:Drivers/STM32G0xx_HAL_Driver/Src/stm32g0xx_hal_tim_ex.c **** {
 5786              		.loc 1 1922 1
 5787              		.cfi_startproc
 5788              		@ args = 0, pretend = 0, frame = 16
 5789              		@ frame_needed = 1, uses_anonymous_args = 0
 5790 0000 80B5     		push	{r7, lr}
 5791              	.LCFI84:
 5792              		.cfi_def_cfa_offset 8
 5793              		.cfi_offset 7, -8
 5794              		.cfi_offset 14, -4
 5795 0002 84B0     		sub	sp, sp, #16
 5796              	.LCFI85:
 5797              		.cfi_def_cfa_offset 24
 5798 0004 00AF     		add	r7, sp, #0
 5799              	.LCFI86:
 5800              		.cfi_def_cfa_register 7
 5801 0006 F860     		str	r0, [r7, #12]
 5802 0008 B960     		str	r1, [r7, #8]
 5803 000a 7A60     		str	r2, [r7, #4]
1923:Drivers/STM32G0xx_HAL_Driver/Src/stm32g0xx_hal_tim_ex.c ****   /* Check the parameters */
1924:Drivers/STM32G0xx_HAL_Driver/Src/stm32g0xx_hal_tim_ex.c ****   assert_param(IS_TIM_COMMUTATION_EVENT_INSTANCE(htim->Instance));
1925:Drivers/STM32G0xx_HAL_Driver/Src/stm32g0xx_hal_tim_ex.c ****   assert_param(IS_TIM_INTERNAL_TRIGGEREVENT_SELECTION(InputTrigger));
1926:Drivers/STM32G0xx_HAL_Driver/Src/stm32g0xx_hal_tim_ex.c **** 
1927:Drivers/STM32G0xx_HAL_Driver/Src/stm32g0xx_hal_tim_ex.c ****   __HAL_LOCK(htim);
 5804              		.loc 1 1927 3
 5805 000c FB68     		ldr	r3, [r7, #12]
 5806 000e 3C22     		movs	r2, #60
ARM GAS  C:\Users\a_hae\AppData\Local\Temp\ccujrzwF.s 			page 136


 5807 0010 9B5C     		ldrb	r3, [r3, r2]
 5808 0012 012B     		cmp	r3, #1
 5809 0014 01D1     		bne	.L382
 5810              		.loc 1 1927 3 is_stmt 0 discriminator 1
 5811 0016 0223     		movs	r3, #2
 5812              		.loc 1 1927 3
 5813 0018 59E0     		b	.L383
 5814              	.L382:
 5815              		.loc 1 1927 3 discriminator 2
 5816 001a FB68     		ldr	r3, [r7, #12]
 5817 001c 3C22     		movs	r2, #60
 5818 001e 0121     		movs	r1, #1
 5819 0020 9954     		strb	r1, [r3, r2]
1928:Drivers/STM32G0xx_HAL_Driver/Src/stm32g0xx_hal_tim_ex.c **** 
1929:Drivers/STM32G0xx_HAL_Driver/Src/stm32g0xx_hal_tim_ex.c ****   if ((InputTrigger == TIM_TS_ITR0) || (InputTrigger == TIM_TS_ITR1) ||
 5820              		.loc 1 1929 6 is_stmt 1
 5821 0022 BB68     		ldr	r3, [r7, #8]
 5822 0024 002B     		cmp	r3, #0
 5823 0026 08D0     		beq	.L384
 5824              		.loc 1 1929 37 discriminator 1
 5825 0028 BB68     		ldr	r3, [r7, #8]
 5826 002a 102B     		cmp	r3, #16
 5827 002c 05D0     		beq	.L384
 5828              		.loc 1 1929 70 discriminator 2
 5829 002e BB68     		ldr	r3, [r7, #8]
 5830 0030 202B     		cmp	r3, #32
 5831 0032 02D0     		beq	.L384
1930:Drivers/STM32G0xx_HAL_Driver/Src/stm32g0xx_hal_tim_ex.c ****       (InputTrigger == TIM_TS_ITR2) || (InputTrigger == TIM_TS_ITR3))
 5832              		.loc 1 1930 37
 5833 0034 BB68     		ldr	r3, [r7, #8]
 5834 0036 302B     		cmp	r3, #48
 5835 0038 0FD1     		bne	.L385
 5836              	.L384:
1931:Drivers/STM32G0xx_HAL_Driver/Src/stm32g0xx_hal_tim_ex.c ****   {
1932:Drivers/STM32G0xx_HAL_Driver/Src/stm32g0xx_hal_tim_ex.c ****     /* Select the Input trigger */
1933:Drivers/STM32G0xx_HAL_Driver/Src/stm32g0xx_hal_tim_ex.c ****     htim->Instance->SMCR &= ~TIM_SMCR_TS;
 5837              		.loc 1 1933 9
 5838 003a FB68     		ldr	r3, [r7, #12]
 5839 003c 1B68     		ldr	r3, [r3]
 5840              		.loc 1 1933 19
 5841 003e 9A68     		ldr	r2, [r3, #8]
 5842              		.loc 1 1933 9
 5843 0040 FB68     		ldr	r3, [r7, #12]
 5844 0042 1B68     		ldr	r3, [r3]
 5845              		.loc 1 1933 26
 5846 0044 2449     		ldr	r1, .L386
 5847 0046 0A40     		ands	r2, r1
 5848 0048 9A60     		str	r2, [r3, #8]
1934:Drivers/STM32G0xx_HAL_Driver/Src/stm32g0xx_hal_tim_ex.c ****     htim->Instance->SMCR |= InputTrigger;
 5849              		.loc 1 1934 9
 5850 004a FB68     		ldr	r3, [r7, #12]
 5851 004c 1B68     		ldr	r3, [r3]
 5852              		.loc 1 1934 19
 5853 004e 9968     		ldr	r1, [r3, #8]
 5854              		.loc 1 1934 9
 5855 0050 FB68     		ldr	r3, [r7, #12]
 5856 0052 1B68     		ldr	r3, [r3]
ARM GAS  C:\Users\a_hae\AppData\Local\Temp\ccujrzwF.s 			page 137


 5857              		.loc 1 1934 26
 5858 0054 BA68     		ldr	r2, [r7, #8]
 5859 0056 0A43     		orrs	r2, r1
 5860 0058 9A60     		str	r2, [r3, #8]
 5861              	.L385:
1935:Drivers/STM32G0xx_HAL_Driver/Src/stm32g0xx_hal_tim_ex.c ****   }
1936:Drivers/STM32G0xx_HAL_Driver/Src/stm32g0xx_hal_tim_ex.c **** 
1937:Drivers/STM32G0xx_HAL_Driver/Src/stm32g0xx_hal_tim_ex.c ****   /* Select the Capture Compare preload feature */
1938:Drivers/STM32G0xx_HAL_Driver/Src/stm32g0xx_hal_tim_ex.c ****   htim->Instance->CR2 |= TIM_CR2_CCPC;
 5862              		.loc 1 1938 7
 5863 005a FB68     		ldr	r3, [r7, #12]
 5864 005c 1B68     		ldr	r3, [r3]
 5865              		.loc 1 1938 17
 5866 005e 5A68     		ldr	r2, [r3, #4]
 5867              		.loc 1 1938 7
 5868 0060 FB68     		ldr	r3, [r7, #12]
 5869 0062 1B68     		ldr	r3, [r3]
 5870              		.loc 1 1938 23
 5871 0064 0121     		movs	r1, #1
 5872 0066 0A43     		orrs	r2, r1
 5873 0068 5A60     		str	r2, [r3, #4]
1939:Drivers/STM32G0xx_HAL_Driver/Src/stm32g0xx_hal_tim_ex.c ****   /* Select the Commutation event source */
1940:Drivers/STM32G0xx_HAL_Driver/Src/stm32g0xx_hal_tim_ex.c ****   htim->Instance->CR2 &= ~TIM_CR2_CCUS;
 5874              		.loc 1 1940 7
 5875 006a FB68     		ldr	r3, [r7, #12]
 5876 006c 1B68     		ldr	r3, [r3]
 5877              		.loc 1 1940 17
 5878 006e 5A68     		ldr	r2, [r3, #4]
 5879              		.loc 1 1940 7
 5880 0070 FB68     		ldr	r3, [r7, #12]
 5881 0072 1B68     		ldr	r3, [r3]
 5882              		.loc 1 1940 23
 5883 0074 0421     		movs	r1, #4
 5884 0076 8A43     		bics	r2, r1
 5885 0078 5A60     		str	r2, [r3, #4]
1941:Drivers/STM32G0xx_HAL_Driver/Src/stm32g0xx_hal_tim_ex.c ****   htim->Instance->CR2 |= CommutationSource;
 5886              		.loc 1 1941 7
 5887 007a FB68     		ldr	r3, [r7, #12]
 5888 007c 1B68     		ldr	r3, [r3]
 5889              		.loc 1 1941 17
 5890 007e 5968     		ldr	r1, [r3, #4]
 5891              		.loc 1 1941 7
 5892 0080 FB68     		ldr	r3, [r7, #12]
 5893 0082 1B68     		ldr	r3, [r3]
 5894              		.loc 1 1941 23
 5895 0084 7A68     		ldr	r2, [r7, #4]
 5896 0086 0A43     		orrs	r2, r1
 5897 0088 5A60     		str	r2, [r3, #4]
1942:Drivers/STM32G0xx_HAL_Driver/Src/stm32g0xx_hal_tim_ex.c **** 
1943:Drivers/STM32G0xx_HAL_Driver/Src/stm32g0xx_hal_tim_ex.c ****   /* Enable the Commutation DMA Request */
1944:Drivers/STM32G0xx_HAL_Driver/Src/stm32g0xx_hal_tim_ex.c ****   /* Set the DMA Commutation Callback */
1945:Drivers/STM32G0xx_HAL_Driver/Src/stm32g0xx_hal_tim_ex.c ****   htim->hdma[TIM_DMA_ID_COMMUTATION]->XferCpltCallback = TIMEx_DMACommutationCplt;
 5898              		.loc 1 1945 13
 5899 008a FB68     		ldr	r3, [r7, #12]
 5900 008c 5B6B     		ldr	r3, [r3, #52]
 5901              		.loc 1 1945 56
 5902 008e 134A     		ldr	r2, .L386+4
ARM GAS  C:\Users\a_hae\AppData\Local\Temp\ccujrzwF.s 			page 138


 5903 0090 DA62     		str	r2, [r3, #44]
1946:Drivers/STM32G0xx_HAL_Driver/Src/stm32g0xx_hal_tim_ex.c ****   htim->hdma[TIM_DMA_ID_COMMUTATION]->XferHalfCpltCallback = TIMEx_DMACommutationHalfCplt;
 5904              		.loc 1 1946 13
 5905 0092 FB68     		ldr	r3, [r7, #12]
 5906 0094 5B6B     		ldr	r3, [r3, #52]
 5907              		.loc 1 1946 60
 5908 0096 124A     		ldr	r2, .L386+8
 5909 0098 1A63     		str	r2, [r3, #48]
1947:Drivers/STM32G0xx_HAL_Driver/Src/stm32g0xx_hal_tim_ex.c ****   /* Set the DMA error callback */
1948:Drivers/STM32G0xx_HAL_Driver/Src/stm32g0xx_hal_tim_ex.c ****   htim->hdma[TIM_DMA_ID_COMMUTATION]->XferErrorCallback = TIM_DMAError;
 5910              		.loc 1 1948 13
 5911 009a FB68     		ldr	r3, [r7, #12]
 5912 009c 5B6B     		ldr	r3, [r3, #52]
 5913              		.loc 1 1948 57
 5914 009e 114A     		ldr	r2, .L386+12
 5915 00a0 5A63     		str	r2, [r3, #52]
1949:Drivers/STM32G0xx_HAL_Driver/Src/stm32g0xx_hal_tim_ex.c **** 
1950:Drivers/STM32G0xx_HAL_Driver/Src/stm32g0xx_hal_tim_ex.c ****   /* Disable Commutation Interrupt */
1951:Drivers/STM32G0xx_HAL_Driver/Src/stm32g0xx_hal_tim_ex.c ****   __HAL_TIM_DISABLE_IT(htim, TIM_IT_COM);
 5916              		.loc 1 1951 3
 5917 00a2 FB68     		ldr	r3, [r7, #12]
 5918 00a4 1B68     		ldr	r3, [r3]
 5919 00a6 DA68     		ldr	r2, [r3, #12]
 5920 00a8 FB68     		ldr	r3, [r7, #12]
 5921 00aa 1B68     		ldr	r3, [r3]
 5922 00ac 2021     		movs	r1, #32
 5923 00ae 8A43     		bics	r2, r1
 5924 00b0 DA60     		str	r2, [r3, #12]
1952:Drivers/STM32G0xx_HAL_Driver/Src/stm32g0xx_hal_tim_ex.c **** 
1953:Drivers/STM32G0xx_HAL_Driver/Src/stm32g0xx_hal_tim_ex.c ****   /* Enable the Commutation DMA Request */
1954:Drivers/STM32G0xx_HAL_Driver/Src/stm32g0xx_hal_tim_ex.c ****   __HAL_TIM_ENABLE_DMA(htim, TIM_DMA_COM);
 5925              		.loc 1 1954 3
 5926 00b2 FB68     		ldr	r3, [r7, #12]
 5927 00b4 1B68     		ldr	r3, [r3]
 5928 00b6 DA68     		ldr	r2, [r3, #12]
 5929 00b8 FB68     		ldr	r3, [r7, #12]
 5930 00ba 1B68     		ldr	r3, [r3]
 5931 00bc 8021     		movs	r1, #128
 5932 00be 8901     		lsls	r1, r1, #6
 5933 00c0 0A43     		orrs	r2, r1
 5934 00c2 DA60     		str	r2, [r3, #12]
1955:Drivers/STM32G0xx_HAL_Driver/Src/stm32g0xx_hal_tim_ex.c **** 
1956:Drivers/STM32G0xx_HAL_Driver/Src/stm32g0xx_hal_tim_ex.c ****   __HAL_UNLOCK(htim);
 5935              		.loc 1 1956 3
 5936 00c4 FB68     		ldr	r3, [r7, #12]
 5937 00c6 3C22     		movs	r2, #60
 5938 00c8 0021     		movs	r1, #0
 5939 00ca 9954     		strb	r1, [r3, r2]
1957:Drivers/STM32G0xx_HAL_Driver/Src/stm32g0xx_hal_tim_ex.c **** 
1958:Drivers/STM32G0xx_HAL_Driver/Src/stm32g0xx_hal_tim_ex.c ****   return HAL_OK;
 5940              		.loc 1 1958 10
 5941 00cc 0023     		movs	r3, #0
 5942              	.L383:
1959:Drivers/STM32G0xx_HAL_Driver/Src/stm32g0xx_hal_tim_ex.c **** }
 5943              		.loc 1 1959 1
 5944 00ce 1800     		movs	r0, r3
 5945 00d0 BD46     		mov	sp, r7
ARM GAS  C:\Users\a_hae\AppData\Local\Temp\ccujrzwF.s 			page 139


 5946 00d2 04B0     		add	sp, sp, #16
 5947              		@ sp needed
 5948 00d4 80BD     		pop	{r7, pc}
 5949              	.L387:
 5950 00d6 C046     		.align	2
 5951              	.L386:
 5952 00d8 8FFFCFFF 		.word	-3145841
 5953 00dc 00000000 		.word	TIMEx_DMACommutationCplt
 5954 00e0 00000000 		.word	TIMEx_DMACommutationHalfCplt
 5955 00e4 00000000 		.word	TIM_DMAError
 5956              		.cfi_endproc
 5957              	.LFE391:
 5959              		.section	.text.HAL_TIMEx_MasterConfigSynchronization,"ax",%progbits
 5960              		.align	1
 5961              		.global	HAL_TIMEx_MasterConfigSynchronization
 5962              		.syntax unified
 5963              		.code	16
 5964              		.thumb_func
 5966              	HAL_TIMEx_MasterConfigSynchronization:
 5967              	.LFB392:
1960:Drivers/STM32G0xx_HAL_Driver/Src/stm32g0xx_hal_tim_ex.c **** 
1961:Drivers/STM32G0xx_HAL_Driver/Src/stm32g0xx_hal_tim_ex.c **** /**
1962:Drivers/STM32G0xx_HAL_Driver/Src/stm32g0xx_hal_tim_ex.c ****   * @brief  Configures the TIM in master mode.
1963:Drivers/STM32G0xx_HAL_Driver/Src/stm32g0xx_hal_tim_ex.c ****   * @param  htim TIM handle.
1964:Drivers/STM32G0xx_HAL_Driver/Src/stm32g0xx_hal_tim_ex.c ****   * @param  sMasterConfig pointer to a TIM_MasterConfigTypeDef structure that
1965:Drivers/STM32G0xx_HAL_Driver/Src/stm32g0xx_hal_tim_ex.c ****   *         contains the selected trigger output (TRGO) and the Master/Slave
1966:Drivers/STM32G0xx_HAL_Driver/Src/stm32g0xx_hal_tim_ex.c ****   *         mode.
1967:Drivers/STM32G0xx_HAL_Driver/Src/stm32g0xx_hal_tim_ex.c ****   * @retval HAL status
1968:Drivers/STM32G0xx_HAL_Driver/Src/stm32g0xx_hal_tim_ex.c ****   */
1969:Drivers/STM32G0xx_HAL_Driver/Src/stm32g0xx_hal_tim_ex.c **** HAL_StatusTypeDef HAL_TIMEx_MasterConfigSynchronization(TIM_HandleTypeDef *htim,
1970:Drivers/STM32G0xx_HAL_Driver/Src/stm32g0xx_hal_tim_ex.c ****                                                         const TIM_MasterConfigTypeDef *sMasterConfi
1971:Drivers/STM32G0xx_HAL_Driver/Src/stm32g0xx_hal_tim_ex.c **** {
 5968              		.loc 1 1971 1
 5969              		.cfi_startproc
 5970              		@ args = 0, pretend = 0, frame = 16
 5971              		@ frame_needed = 1, uses_anonymous_args = 0
 5972 0000 80B5     		push	{r7, lr}
 5973              	.LCFI87:
 5974              		.cfi_def_cfa_offset 8
 5975              		.cfi_offset 7, -8
 5976              		.cfi_offset 14, -4
 5977 0002 84B0     		sub	sp, sp, #16
 5978              	.LCFI88:
 5979              		.cfi_def_cfa_offset 24
 5980 0004 00AF     		add	r7, sp, #0
 5981              	.LCFI89:
 5982              		.cfi_def_cfa_register 7
 5983 0006 7860     		str	r0, [r7, #4]
 5984 0008 3960     		str	r1, [r7]
1972:Drivers/STM32G0xx_HAL_Driver/Src/stm32g0xx_hal_tim_ex.c ****   uint32_t tmpcr2;
1973:Drivers/STM32G0xx_HAL_Driver/Src/stm32g0xx_hal_tim_ex.c ****   uint32_t tmpsmcr;
1974:Drivers/STM32G0xx_HAL_Driver/Src/stm32g0xx_hal_tim_ex.c **** 
1975:Drivers/STM32G0xx_HAL_Driver/Src/stm32g0xx_hal_tim_ex.c ****   /* Check the parameters */
1976:Drivers/STM32G0xx_HAL_Driver/Src/stm32g0xx_hal_tim_ex.c ****   assert_param(IS_TIM_MASTER_INSTANCE(htim->Instance));
1977:Drivers/STM32G0xx_HAL_Driver/Src/stm32g0xx_hal_tim_ex.c ****   assert_param(IS_TIM_TRGO_SOURCE(sMasterConfig->MasterOutputTrigger));
1978:Drivers/STM32G0xx_HAL_Driver/Src/stm32g0xx_hal_tim_ex.c ****   assert_param(IS_TIM_MSM_STATE(sMasterConfig->MasterSlaveMode));
1979:Drivers/STM32G0xx_HAL_Driver/Src/stm32g0xx_hal_tim_ex.c **** 
ARM GAS  C:\Users\a_hae\AppData\Local\Temp\ccujrzwF.s 			page 140


1980:Drivers/STM32G0xx_HAL_Driver/Src/stm32g0xx_hal_tim_ex.c ****   /* Check input state */
1981:Drivers/STM32G0xx_HAL_Driver/Src/stm32g0xx_hal_tim_ex.c ****   __HAL_LOCK(htim);
 5985              		.loc 1 1981 3
 5986 000a 7B68     		ldr	r3, [r7, #4]
 5987 000c 3C22     		movs	r2, #60
 5988 000e 9B5C     		ldrb	r3, [r3, r2]
 5989 0010 012B     		cmp	r3, #1
 5990 0012 01D1     		bne	.L389
 5991              		.loc 1 1981 3 is_stmt 0 discriminator 1
 5992 0014 0223     		movs	r3, #2
 5993              		.loc 1 1981 3
 5994 0016 5AE0     		b	.L390
 5995              	.L389:
 5996              		.loc 1 1981 3 discriminator 2
 5997 0018 7B68     		ldr	r3, [r7, #4]
 5998 001a 3C22     		movs	r2, #60
 5999 001c 0121     		movs	r1, #1
 6000 001e 9954     		strb	r1, [r3, r2]
1982:Drivers/STM32G0xx_HAL_Driver/Src/stm32g0xx_hal_tim_ex.c **** 
1983:Drivers/STM32G0xx_HAL_Driver/Src/stm32g0xx_hal_tim_ex.c ****   /* Change the handler state */
1984:Drivers/STM32G0xx_HAL_Driver/Src/stm32g0xx_hal_tim_ex.c ****   htim->State = HAL_TIM_STATE_BUSY;
 6001              		.loc 1 1984 15 is_stmt 1
 6002 0020 7B68     		ldr	r3, [r7, #4]
 6003 0022 3D22     		movs	r2, #61
 6004 0024 0221     		movs	r1, #2
 6005 0026 9954     		strb	r1, [r3, r2]
1985:Drivers/STM32G0xx_HAL_Driver/Src/stm32g0xx_hal_tim_ex.c **** 
1986:Drivers/STM32G0xx_HAL_Driver/Src/stm32g0xx_hal_tim_ex.c ****   /* Get the TIMx CR2 register value */
1987:Drivers/STM32G0xx_HAL_Driver/Src/stm32g0xx_hal_tim_ex.c ****   tmpcr2 = htim->Instance->CR2;
 6006              		.loc 1 1987 16
 6007 0028 7B68     		ldr	r3, [r7, #4]
 6008 002a 1B68     		ldr	r3, [r3]
 6009              		.loc 1 1987 10
 6010 002c 5B68     		ldr	r3, [r3, #4]
 6011 002e FB60     		str	r3, [r7, #12]
1988:Drivers/STM32G0xx_HAL_Driver/Src/stm32g0xx_hal_tim_ex.c **** 
1989:Drivers/STM32G0xx_HAL_Driver/Src/stm32g0xx_hal_tim_ex.c ****   /* Get the TIMx SMCR register value */
1990:Drivers/STM32G0xx_HAL_Driver/Src/stm32g0xx_hal_tim_ex.c ****   tmpsmcr = htim->Instance->SMCR;
 6012              		.loc 1 1990 17
 6013 0030 7B68     		ldr	r3, [r7, #4]
 6014 0032 1B68     		ldr	r3, [r3]
 6015              		.loc 1 1990 11
 6016 0034 9B68     		ldr	r3, [r3, #8]
 6017 0036 BB60     		str	r3, [r7, #8]
1991:Drivers/STM32G0xx_HAL_Driver/Src/stm32g0xx_hal_tim_ex.c **** 
1992:Drivers/STM32G0xx_HAL_Driver/Src/stm32g0xx_hal_tim_ex.c ****   /* If the timer supports ADC synchronization through TRGO2, set the master mode selection 2 */
1993:Drivers/STM32G0xx_HAL_Driver/Src/stm32g0xx_hal_tim_ex.c ****   if (IS_TIM_TRGO2_INSTANCE(htim->Instance))
 6018              		.loc 1 1993 7
 6019 0038 7B68     		ldr	r3, [r7, #4]
 6020 003a 1B68     		ldr	r3, [r3]
 6021              		.loc 1 1993 6
 6022 003c 264A     		ldr	r2, .L394
 6023 003e 9342     		cmp	r3, r2
 6024 0040 08D1     		bne	.L391
1994:Drivers/STM32G0xx_HAL_Driver/Src/stm32g0xx_hal_tim_ex.c ****   {
1995:Drivers/STM32G0xx_HAL_Driver/Src/stm32g0xx_hal_tim_ex.c ****     /* Check the parameters */
1996:Drivers/STM32G0xx_HAL_Driver/Src/stm32g0xx_hal_tim_ex.c ****     assert_param(IS_TIM_TRGO2_SOURCE(sMasterConfig->MasterOutputTrigger2));
ARM GAS  C:\Users\a_hae\AppData\Local\Temp\ccujrzwF.s 			page 141


1997:Drivers/STM32G0xx_HAL_Driver/Src/stm32g0xx_hal_tim_ex.c **** 
1998:Drivers/STM32G0xx_HAL_Driver/Src/stm32g0xx_hal_tim_ex.c ****     /* Clear the MMS2 bits */
1999:Drivers/STM32G0xx_HAL_Driver/Src/stm32g0xx_hal_tim_ex.c ****     tmpcr2 &= ~TIM_CR2_MMS2;
 6025              		.loc 1 1999 12
 6026 0042 FB68     		ldr	r3, [r7, #12]
 6027 0044 254A     		ldr	r2, .L394+4
 6028 0046 1340     		ands	r3, r2
 6029 0048 FB60     		str	r3, [r7, #12]
2000:Drivers/STM32G0xx_HAL_Driver/Src/stm32g0xx_hal_tim_ex.c ****     /* Select the TRGO2 source*/
2001:Drivers/STM32G0xx_HAL_Driver/Src/stm32g0xx_hal_tim_ex.c ****     tmpcr2 |= sMasterConfig->MasterOutputTrigger2;
 6030              		.loc 1 2001 28
 6031 004a 3B68     		ldr	r3, [r7]
 6032 004c 5B68     		ldr	r3, [r3, #4]
 6033              		.loc 1 2001 12
 6034 004e FA68     		ldr	r2, [r7, #12]
 6035 0050 1343     		orrs	r3, r2
 6036 0052 FB60     		str	r3, [r7, #12]
 6037              	.L391:
2002:Drivers/STM32G0xx_HAL_Driver/Src/stm32g0xx_hal_tim_ex.c ****   }
2003:Drivers/STM32G0xx_HAL_Driver/Src/stm32g0xx_hal_tim_ex.c **** 
2004:Drivers/STM32G0xx_HAL_Driver/Src/stm32g0xx_hal_tim_ex.c ****   /* Reset the MMS Bits */
2005:Drivers/STM32G0xx_HAL_Driver/Src/stm32g0xx_hal_tim_ex.c ****   tmpcr2 &= ~TIM_CR2_MMS;
 6038              		.loc 1 2005 10
 6039 0054 FB68     		ldr	r3, [r7, #12]
 6040 0056 7022     		movs	r2, #112
 6041 0058 9343     		bics	r3, r2
 6042 005a FB60     		str	r3, [r7, #12]
2006:Drivers/STM32G0xx_HAL_Driver/Src/stm32g0xx_hal_tim_ex.c ****   /* Select the TRGO source */
2007:Drivers/STM32G0xx_HAL_Driver/Src/stm32g0xx_hal_tim_ex.c ****   tmpcr2 |=  sMasterConfig->MasterOutputTrigger;
 6043              		.loc 1 2007 27
 6044 005c 3B68     		ldr	r3, [r7]
 6045 005e 1B68     		ldr	r3, [r3]
 6046              		.loc 1 2007 10
 6047 0060 FA68     		ldr	r2, [r7, #12]
 6048 0062 1343     		orrs	r3, r2
 6049 0064 FB60     		str	r3, [r7, #12]
2008:Drivers/STM32G0xx_HAL_Driver/Src/stm32g0xx_hal_tim_ex.c **** 
2009:Drivers/STM32G0xx_HAL_Driver/Src/stm32g0xx_hal_tim_ex.c ****   /* Update TIMx CR2 */
2010:Drivers/STM32G0xx_HAL_Driver/Src/stm32g0xx_hal_tim_ex.c ****   htim->Instance->CR2 = tmpcr2;
 6050              		.loc 1 2010 7
 6051 0066 7B68     		ldr	r3, [r7, #4]
 6052 0068 1B68     		ldr	r3, [r3]
 6053              		.loc 1 2010 23
 6054 006a FA68     		ldr	r2, [r7, #12]
 6055 006c 5A60     		str	r2, [r3, #4]
2011:Drivers/STM32G0xx_HAL_Driver/Src/stm32g0xx_hal_tim_ex.c **** 
2012:Drivers/STM32G0xx_HAL_Driver/Src/stm32g0xx_hal_tim_ex.c ****   if (IS_TIM_SLAVE_INSTANCE(htim->Instance))
 6056              		.loc 1 2012 7
 6057 006e 7B68     		ldr	r3, [r7, #4]
 6058 0070 1B68     		ldr	r3, [r3]
 6059              		.loc 1 2012 6
 6060 0072 194A     		ldr	r2, .L394
 6061 0074 9342     		cmp	r3, r2
 6062 0076 14D0     		beq	.L392
 6063              		.loc 1 2012 7 discriminator 1
 6064 0078 7B68     		ldr	r3, [r7, #4]
 6065 007a 1A68     		ldr	r2, [r3]
ARM GAS  C:\Users\a_hae\AppData\Local\Temp\ccujrzwF.s 			page 142


 6066 007c 8023     		movs	r3, #128
 6067 007e DB05     		lsls	r3, r3, #23
 6068 0080 9A42     		cmp	r2, r3
 6069 0082 0ED0     		beq	.L392
 6070              		.loc 1 2012 7 is_stmt 0 discriminator 2
 6071 0084 7B68     		ldr	r3, [r7, #4]
 6072 0086 1B68     		ldr	r3, [r3]
 6073 0088 154A     		ldr	r2, .L394+8
 6074 008a 9342     		cmp	r3, r2
 6075 008c 09D0     		beq	.L392
 6076              		.loc 1 2012 7 discriminator 3
 6077 008e 7B68     		ldr	r3, [r7, #4]
 6078 0090 1B68     		ldr	r3, [r3]
 6079 0092 144A     		ldr	r2, .L394+12
 6080 0094 9342     		cmp	r3, r2
 6081 0096 04D0     		beq	.L392
 6082              		.loc 1 2012 7 discriminator 4
 6083 0098 7B68     		ldr	r3, [r7, #4]
 6084 009a 1B68     		ldr	r3, [r3]
 6085 009c 124A     		ldr	r2, .L394+16
 6086 009e 9342     		cmp	r3, r2
 6087 00a0 0CD1     		bne	.L393
 6088              	.L392:
2013:Drivers/STM32G0xx_HAL_Driver/Src/stm32g0xx_hal_tim_ex.c ****   {
2014:Drivers/STM32G0xx_HAL_Driver/Src/stm32g0xx_hal_tim_ex.c ****     /* Reset the MSM Bit */
2015:Drivers/STM32G0xx_HAL_Driver/Src/stm32g0xx_hal_tim_ex.c ****     tmpsmcr &= ~TIM_SMCR_MSM;
 6089              		.loc 1 2015 13 is_stmt 1
 6090 00a2 BB68     		ldr	r3, [r7, #8]
 6091 00a4 8022     		movs	r2, #128
 6092 00a6 9343     		bics	r3, r2
 6093 00a8 BB60     		str	r3, [r7, #8]
2016:Drivers/STM32G0xx_HAL_Driver/Src/stm32g0xx_hal_tim_ex.c ****     /* Set master mode */
2017:Drivers/STM32G0xx_HAL_Driver/Src/stm32g0xx_hal_tim_ex.c ****     tmpsmcr |= sMasterConfig->MasterSlaveMode;
 6094              		.loc 1 2017 29
 6095 00aa 3B68     		ldr	r3, [r7]
 6096 00ac 9B68     		ldr	r3, [r3, #8]
 6097              		.loc 1 2017 13
 6098 00ae BA68     		ldr	r2, [r7, #8]
 6099 00b0 1343     		orrs	r3, r2
 6100 00b2 BB60     		str	r3, [r7, #8]
2018:Drivers/STM32G0xx_HAL_Driver/Src/stm32g0xx_hal_tim_ex.c **** 
2019:Drivers/STM32G0xx_HAL_Driver/Src/stm32g0xx_hal_tim_ex.c ****     /* Update TIMx SMCR */
2020:Drivers/STM32G0xx_HAL_Driver/Src/stm32g0xx_hal_tim_ex.c ****     htim->Instance->SMCR = tmpsmcr;
 6101              		.loc 1 2020 9
 6102 00b4 7B68     		ldr	r3, [r7, #4]
 6103 00b6 1B68     		ldr	r3, [r3]
 6104              		.loc 1 2020 26
 6105 00b8 BA68     		ldr	r2, [r7, #8]
 6106 00ba 9A60     		str	r2, [r3, #8]
 6107              	.L393:
2021:Drivers/STM32G0xx_HAL_Driver/Src/stm32g0xx_hal_tim_ex.c ****   }
2022:Drivers/STM32G0xx_HAL_Driver/Src/stm32g0xx_hal_tim_ex.c **** 
2023:Drivers/STM32G0xx_HAL_Driver/Src/stm32g0xx_hal_tim_ex.c ****   /* Change the htim state */
2024:Drivers/STM32G0xx_HAL_Driver/Src/stm32g0xx_hal_tim_ex.c ****   htim->State = HAL_TIM_STATE_READY;
 6108              		.loc 1 2024 15
 6109 00bc 7B68     		ldr	r3, [r7, #4]
 6110 00be 3D22     		movs	r2, #61
ARM GAS  C:\Users\a_hae\AppData\Local\Temp\ccujrzwF.s 			page 143


 6111 00c0 0121     		movs	r1, #1
 6112 00c2 9954     		strb	r1, [r3, r2]
2025:Drivers/STM32G0xx_HAL_Driver/Src/stm32g0xx_hal_tim_ex.c **** 
2026:Drivers/STM32G0xx_HAL_Driver/Src/stm32g0xx_hal_tim_ex.c ****   __HAL_UNLOCK(htim);
 6113              		.loc 1 2026 3
 6114 00c4 7B68     		ldr	r3, [r7, #4]
 6115 00c6 3C22     		movs	r2, #60
 6116 00c8 0021     		movs	r1, #0
 6117 00ca 9954     		strb	r1, [r3, r2]
2027:Drivers/STM32G0xx_HAL_Driver/Src/stm32g0xx_hal_tim_ex.c **** 
2028:Drivers/STM32G0xx_HAL_Driver/Src/stm32g0xx_hal_tim_ex.c ****   return HAL_OK;
 6118              		.loc 1 2028 10
 6119 00cc 0023     		movs	r3, #0
 6120              	.L390:
2029:Drivers/STM32G0xx_HAL_Driver/Src/stm32g0xx_hal_tim_ex.c **** }
 6121              		.loc 1 2029 1
 6122 00ce 1800     		movs	r0, r3
 6123 00d0 BD46     		mov	sp, r7
 6124 00d2 04B0     		add	sp, sp, #16
 6125              		@ sp needed
 6126 00d4 80BD     		pop	{r7, pc}
 6127              	.L395:
 6128 00d6 C046     		.align	2
 6129              	.L394:
 6130 00d8 002C0140 		.word	1073818624
 6131 00dc FFFF0FFF 		.word	-15728641
 6132 00e0 00040040 		.word	1073742848
 6133 00e4 00080040 		.word	1073743872
 6134 00e8 00400140 		.word	1073823744
 6135              		.cfi_endproc
 6136              	.LFE392:
 6138              		.section	.text.HAL_TIMEx_ConfigBreakDeadTime,"ax",%progbits
 6139              		.align	1
 6140              		.global	HAL_TIMEx_ConfigBreakDeadTime
 6141              		.syntax unified
 6142              		.code	16
 6143              		.thumb_func
 6145              	HAL_TIMEx_ConfigBreakDeadTime:
 6146              	.LFB393:
2030:Drivers/STM32G0xx_HAL_Driver/Src/stm32g0xx_hal_tim_ex.c **** 
2031:Drivers/STM32G0xx_HAL_Driver/Src/stm32g0xx_hal_tim_ex.c **** /**
2032:Drivers/STM32G0xx_HAL_Driver/Src/stm32g0xx_hal_tim_ex.c ****   * @brief  Configures the Break feature, dead time, Lock level, OSSI/OSSR State
2033:Drivers/STM32G0xx_HAL_Driver/Src/stm32g0xx_hal_tim_ex.c ****   *         and the AOE(automatic output enable).
2034:Drivers/STM32G0xx_HAL_Driver/Src/stm32g0xx_hal_tim_ex.c ****   * @param  htim TIM handle
2035:Drivers/STM32G0xx_HAL_Driver/Src/stm32g0xx_hal_tim_ex.c ****   * @param  sBreakDeadTimeConfig pointer to a TIM_ConfigBreakDeadConfigTypeDef structure that
2036:Drivers/STM32G0xx_HAL_Driver/Src/stm32g0xx_hal_tim_ex.c ****   *         contains the BDTR Register configuration  information for the TIM peripheral.
2037:Drivers/STM32G0xx_HAL_Driver/Src/stm32g0xx_hal_tim_ex.c ****   * @note   Interrupts can be generated when an active level is detected on the
2038:Drivers/STM32G0xx_HAL_Driver/Src/stm32g0xx_hal_tim_ex.c ****   *         break input, the break 2 input or the system break input. Break
2039:Drivers/STM32G0xx_HAL_Driver/Src/stm32g0xx_hal_tim_ex.c ****   *         interrupt can be enabled by calling the @ref __HAL_TIM_ENABLE_IT macro.
2040:Drivers/STM32G0xx_HAL_Driver/Src/stm32g0xx_hal_tim_ex.c ****   * @retval HAL status
2041:Drivers/STM32G0xx_HAL_Driver/Src/stm32g0xx_hal_tim_ex.c ****   */
2042:Drivers/STM32G0xx_HAL_Driver/Src/stm32g0xx_hal_tim_ex.c **** HAL_StatusTypeDef HAL_TIMEx_ConfigBreakDeadTime(TIM_HandleTypeDef *htim,
2043:Drivers/STM32G0xx_HAL_Driver/Src/stm32g0xx_hal_tim_ex.c ****                                                 const TIM_BreakDeadTimeConfigTypeDef *sBreakDeadTim
2044:Drivers/STM32G0xx_HAL_Driver/Src/stm32g0xx_hal_tim_ex.c **** {
 6147              		.loc 1 2044 1
 6148              		.cfi_startproc
 6149              		@ args = 0, pretend = 0, frame = 16
ARM GAS  C:\Users\a_hae\AppData\Local\Temp\ccujrzwF.s 			page 144


 6150              		@ frame_needed = 1, uses_anonymous_args = 0
 6151 0000 80B5     		push	{r7, lr}
 6152              	.LCFI90:
 6153              		.cfi_def_cfa_offset 8
 6154              		.cfi_offset 7, -8
 6155              		.cfi_offset 14, -4
 6156 0002 84B0     		sub	sp, sp, #16
 6157              	.LCFI91:
 6158              		.cfi_def_cfa_offset 24
 6159 0004 00AF     		add	r7, sp, #0
 6160              	.LCFI92:
 6161              		.cfi_def_cfa_register 7
 6162 0006 7860     		str	r0, [r7, #4]
 6163 0008 3960     		str	r1, [r7]
2045:Drivers/STM32G0xx_HAL_Driver/Src/stm32g0xx_hal_tim_ex.c ****   /* Keep this variable initialized to 0 as it is used to configure BDTR register */
2046:Drivers/STM32G0xx_HAL_Driver/Src/stm32g0xx_hal_tim_ex.c ****   uint32_t tmpbdtr = 0U;
 6164              		.loc 1 2046 12
 6165 000a 0023     		movs	r3, #0
 6166 000c FB60     		str	r3, [r7, #12]
2047:Drivers/STM32G0xx_HAL_Driver/Src/stm32g0xx_hal_tim_ex.c **** 
2048:Drivers/STM32G0xx_HAL_Driver/Src/stm32g0xx_hal_tim_ex.c ****   /* Check the parameters */
2049:Drivers/STM32G0xx_HAL_Driver/Src/stm32g0xx_hal_tim_ex.c ****   assert_param(IS_TIM_BREAK_INSTANCE(htim->Instance));
2050:Drivers/STM32G0xx_HAL_Driver/Src/stm32g0xx_hal_tim_ex.c ****   assert_param(IS_TIM_OSSR_STATE(sBreakDeadTimeConfig->OffStateRunMode));
2051:Drivers/STM32G0xx_HAL_Driver/Src/stm32g0xx_hal_tim_ex.c ****   assert_param(IS_TIM_OSSI_STATE(sBreakDeadTimeConfig->OffStateIDLEMode));
2052:Drivers/STM32G0xx_HAL_Driver/Src/stm32g0xx_hal_tim_ex.c ****   assert_param(IS_TIM_LOCK_LEVEL(sBreakDeadTimeConfig->LockLevel));
2053:Drivers/STM32G0xx_HAL_Driver/Src/stm32g0xx_hal_tim_ex.c ****   assert_param(IS_TIM_DEADTIME(sBreakDeadTimeConfig->DeadTime));
2054:Drivers/STM32G0xx_HAL_Driver/Src/stm32g0xx_hal_tim_ex.c ****   assert_param(IS_TIM_BREAK_STATE(sBreakDeadTimeConfig->BreakState));
2055:Drivers/STM32G0xx_HAL_Driver/Src/stm32g0xx_hal_tim_ex.c ****   assert_param(IS_TIM_BREAK_POLARITY(sBreakDeadTimeConfig->BreakPolarity));
2056:Drivers/STM32G0xx_HAL_Driver/Src/stm32g0xx_hal_tim_ex.c ****   assert_param(IS_TIM_BREAK_FILTER(sBreakDeadTimeConfig->BreakFilter));
2057:Drivers/STM32G0xx_HAL_Driver/Src/stm32g0xx_hal_tim_ex.c ****   assert_param(IS_TIM_AUTOMATIC_OUTPUT_STATE(sBreakDeadTimeConfig->AutomaticOutput));
2058:Drivers/STM32G0xx_HAL_Driver/Src/stm32g0xx_hal_tim_ex.c ****   assert_param(IS_TIM_BREAK_AFMODE(sBreakDeadTimeConfig->BreakAFMode));
2059:Drivers/STM32G0xx_HAL_Driver/Src/stm32g0xx_hal_tim_ex.c **** 
2060:Drivers/STM32G0xx_HAL_Driver/Src/stm32g0xx_hal_tim_ex.c ****   /* Check input state */
2061:Drivers/STM32G0xx_HAL_Driver/Src/stm32g0xx_hal_tim_ex.c ****   __HAL_LOCK(htim);
 6167              		.loc 1 2061 3
 6168 000e 7B68     		ldr	r3, [r7, #4]
 6169 0010 3C22     		movs	r2, #60
 6170 0012 9B5C     		ldrb	r3, [r3, r2]
 6171 0014 012B     		cmp	r3, #1
 6172 0016 01D1     		bne	.L397
 6173              		.loc 1 2061 3 is_stmt 0 discriminator 1
 6174 0018 0223     		movs	r3, #2
 6175              		.loc 1 2061 3
 6176 001a 6FE0     		b	.L398
 6177              	.L397:
 6178              		.loc 1 2061 3 discriminator 2
 6179 001c 7B68     		ldr	r3, [r7, #4]
 6180 001e 3C22     		movs	r2, #60
 6181 0020 0121     		movs	r1, #1
 6182 0022 9954     		strb	r1, [r3, r2]
2062:Drivers/STM32G0xx_HAL_Driver/Src/stm32g0xx_hal_tim_ex.c **** 
2063:Drivers/STM32G0xx_HAL_Driver/Src/stm32g0xx_hal_tim_ex.c ****   /* Set the Lock level, the Break enable Bit and the Polarity, the OSSR State,
2064:Drivers/STM32G0xx_HAL_Driver/Src/stm32g0xx_hal_tim_ex.c ****      the OSSI State, the dead time value and the Automatic Output Enable Bit */
2065:Drivers/STM32G0xx_HAL_Driver/Src/stm32g0xx_hal_tim_ex.c **** 
2066:Drivers/STM32G0xx_HAL_Driver/Src/stm32g0xx_hal_tim_ex.c ****   /* Set the BDTR bits */
2067:Drivers/STM32G0xx_HAL_Driver/Src/stm32g0xx_hal_tim_ex.c ****   MODIFY_REG(tmpbdtr, TIM_BDTR_DTG, sBreakDeadTimeConfig->DeadTime);
 6183              		.loc 1 2067 3 is_stmt 1
ARM GAS  C:\Users\a_hae\AppData\Local\Temp\ccujrzwF.s 			page 145


 6184 0024 FB68     		ldr	r3, [r7, #12]
 6185 0026 FF22     		movs	r2, #255
 6186 0028 9343     		bics	r3, r2
 6187 002a 1A00     		movs	r2, r3
 6188 002c 3B68     		ldr	r3, [r7]
 6189 002e DB68     		ldr	r3, [r3, #12]
 6190 0030 1343     		orrs	r3, r2
 6191 0032 FB60     		str	r3, [r7, #12]
2068:Drivers/STM32G0xx_HAL_Driver/Src/stm32g0xx_hal_tim_ex.c ****   MODIFY_REG(tmpbdtr, TIM_BDTR_LOCK, sBreakDeadTimeConfig->LockLevel);
 6192              		.loc 1 2068 3
 6193 0034 FB68     		ldr	r3, [r7, #12]
 6194 0036 334A     		ldr	r2, .L400
 6195 0038 1A40     		ands	r2, r3
 6196 003a 3B68     		ldr	r3, [r7]
 6197 003c 9B68     		ldr	r3, [r3, #8]
 6198 003e 1343     		orrs	r3, r2
 6199 0040 FB60     		str	r3, [r7, #12]
2069:Drivers/STM32G0xx_HAL_Driver/Src/stm32g0xx_hal_tim_ex.c ****   MODIFY_REG(tmpbdtr, TIM_BDTR_OSSI, sBreakDeadTimeConfig->OffStateIDLEMode);
 6200              		.loc 1 2069 3
 6201 0042 FB68     		ldr	r3, [r7, #12]
 6202 0044 304A     		ldr	r2, .L400+4
 6203 0046 1A40     		ands	r2, r3
 6204 0048 3B68     		ldr	r3, [r7]
 6205 004a 5B68     		ldr	r3, [r3, #4]
 6206 004c 1343     		orrs	r3, r2
 6207 004e FB60     		str	r3, [r7, #12]
2070:Drivers/STM32G0xx_HAL_Driver/Src/stm32g0xx_hal_tim_ex.c ****   MODIFY_REG(tmpbdtr, TIM_BDTR_OSSR, sBreakDeadTimeConfig->OffStateRunMode);
 6208              		.loc 1 2070 3
 6209 0050 FB68     		ldr	r3, [r7, #12]
 6210 0052 2E4A     		ldr	r2, .L400+8
 6211 0054 1A40     		ands	r2, r3
 6212 0056 3B68     		ldr	r3, [r7]
 6213 0058 1B68     		ldr	r3, [r3]
 6214 005a 1343     		orrs	r3, r2
 6215 005c FB60     		str	r3, [r7, #12]
2071:Drivers/STM32G0xx_HAL_Driver/Src/stm32g0xx_hal_tim_ex.c ****   MODIFY_REG(tmpbdtr, TIM_BDTR_BKE, sBreakDeadTimeConfig->BreakState);
 6216              		.loc 1 2071 3
 6217 005e FB68     		ldr	r3, [r7, #12]
 6218 0060 2B4A     		ldr	r2, .L400+12
 6219 0062 1A40     		ands	r2, r3
 6220 0064 3B68     		ldr	r3, [r7]
 6221 0066 1B69     		ldr	r3, [r3, #16]
 6222 0068 1343     		orrs	r3, r2
 6223 006a FB60     		str	r3, [r7, #12]
2072:Drivers/STM32G0xx_HAL_Driver/Src/stm32g0xx_hal_tim_ex.c ****   MODIFY_REG(tmpbdtr, TIM_BDTR_BKP, sBreakDeadTimeConfig->BreakPolarity);
 6224              		.loc 1 2072 3
 6225 006c FB68     		ldr	r3, [r7, #12]
 6226 006e 294A     		ldr	r2, .L400+16
 6227 0070 1A40     		ands	r2, r3
 6228 0072 3B68     		ldr	r3, [r7]
 6229 0074 5B69     		ldr	r3, [r3, #20]
 6230 0076 1343     		orrs	r3, r2
 6231 0078 FB60     		str	r3, [r7, #12]
2073:Drivers/STM32G0xx_HAL_Driver/Src/stm32g0xx_hal_tim_ex.c ****   MODIFY_REG(tmpbdtr, TIM_BDTR_AOE, sBreakDeadTimeConfig->AutomaticOutput);
 6232              		.loc 1 2073 3
 6233 007a FB68     		ldr	r3, [r7, #12]
 6234 007c 264A     		ldr	r2, .L400+20
ARM GAS  C:\Users\a_hae\AppData\Local\Temp\ccujrzwF.s 			page 146


 6235 007e 1A40     		ands	r2, r3
 6236 0080 3B68     		ldr	r3, [r7]
 6237 0082 1B6B     		ldr	r3, [r3, #48]
 6238 0084 1343     		orrs	r3, r2
 6239 0086 FB60     		str	r3, [r7, #12]
2074:Drivers/STM32G0xx_HAL_Driver/Src/stm32g0xx_hal_tim_ex.c ****   MODIFY_REG(tmpbdtr, TIM_BDTR_BKF, (sBreakDeadTimeConfig->BreakFilter << TIM_BDTR_BKF_Pos));
 6240              		.loc 1 2074 3
 6241 0088 FB68     		ldr	r3, [r7, #12]
 6242 008a 244A     		ldr	r2, .L400+24
 6243 008c 1A40     		ands	r2, r3
 6244 008e 3B68     		ldr	r3, [r7]
 6245 0090 9B69     		ldr	r3, [r3, #24]
 6246 0092 1B04     		lsls	r3, r3, #16
 6247 0094 1343     		orrs	r3, r2
 6248 0096 FB60     		str	r3, [r7, #12]
2075:Drivers/STM32G0xx_HAL_Driver/Src/stm32g0xx_hal_tim_ex.c ****   MODIFY_REG(tmpbdtr, TIM_BDTR_BKBID, sBreakDeadTimeConfig->BreakAFMode);
 6249              		.loc 1 2075 3
 6250 0098 FB68     		ldr	r3, [r7, #12]
 6251 009a 214A     		ldr	r2, .L400+28
 6252 009c 1A40     		ands	r2, r3
 6253 009e 3B68     		ldr	r3, [r7]
 6254 00a0 DB69     		ldr	r3, [r3, #28]
 6255 00a2 1343     		orrs	r3, r2
 6256 00a4 FB60     		str	r3, [r7, #12]
2076:Drivers/STM32G0xx_HAL_Driver/Src/stm32g0xx_hal_tim_ex.c **** 
2077:Drivers/STM32G0xx_HAL_Driver/Src/stm32g0xx_hal_tim_ex.c ****   if (IS_TIM_BKIN2_INSTANCE(htim->Instance))
 6257              		.loc 1 2077 7
 6258 00a6 7B68     		ldr	r3, [r7, #4]
 6259 00a8 1B68     		ldr	r3, [r3]
 6260              		.loc 1 2077 6
 6261 00aa 1E4A     		ldr	r2, .L400+32
 6262 00ac 9342     		cmp	r3, r2
 6263 00ae 1CD1     		bne	.L399
2078:Drivers/STM32G0xx_HAL_Driver/Src/stm32g0xx_hal_tim_ex.c ****   {
2079:Drivers/STM32G0xx_HAL_Driver/Src/stm32g0xx_hal_tim_ex.c ****     /* Check the parameters */
2080:Drivers/STM32G0xx_HAL_Driver/Src/stm32g0xx_hal_tim_ex.c ****     assert_param(IS_TIM_BREAK2_STATE(sBreakDeadTimeConfig->Break2State));
2081:Drivers/STM32G0xx_HAL_Driver/Src/stm32g0xx_hal_tim_ex.c ****     assert_param(IS_TIM_BREAK2_POLARITY(sBreakDeadTimeConfig->Break2Polarity));
2082:Drivers/STM32G0xx_HAL_Driver/Src/stm32g0xx_hal_tim_ex.c ****     assert_param(IS_TIM_BREAK_FILTER(sBreakDeadTimeConfig->Break2Filter));
2083:Drivers/STM32G0xx_HAL_Driver/Src/stm32g0xx_hal_tim_ex.c ****     assert_param(IS_TIM_BREAK2_AFMODE(sBreakDeadTimeConfig->Break2AFMode));
2084:Drivers/STM32G0xx_HAL_Driver/Src/stm32g0xx_hal_tim_ex.c **** 
2085:Drivers/STM32G0xx_HAL_Driver/Src/stm32g0xx_hal_tim_ex.c ****     /* Set the BREAK2 input related BDTR bits */
2086:Drivers/STM32G0xx_HAL_Driver/Src/stm32g0xx_hal_tim_ex.c ****     MODIFY_REG(tmpbdtr, TIM_BDTR_BK2F, (sBreakDeadTimeConfig->Break2Filter << TIM_BDTR_BK2F_Pos));
 6264              		.loc 1 2086 5
 6265 00b0 FB68     		ldr	r3, [r7, #12]
 6266 00b2 1D4A     		ldr	r2, .L400+36
 6267 00b4 1A40     		ands	r2, r3
 6268 00b6 3B68     		ldr	r3, [r7]
 6269 00b8 9B6A     		ldr	r3, [r3, #40]
 6270 00ba 1B05     		lsls	r3, r3, #20
 6271 00bc 1343     		orrs	r3, r2
 6272 00be FB60     		str	r3, [r7, #12]
2087:Drivers/STM32G0xx_HAL_Driver/Src/stm32g0xx_hal_tim_ex.c ****     MODIFY_REG(tmpbdtr, TIM_BDTR_BK2E, sBreakDeadTimeConfig->Break2State);
 6273              		.loc 1 2087 5
 6274 00c0 FB68     		ldr	r3, [r7, #12]
 6275 00c2 1A4A     		ldr	r2, .L400+40
 6276 00c4 1A40     		ands	r2, r3
 6277 00c6 3B68     		ldr	r3, [r7]
ARM GAS  C:\Users\a_hae\AppData\Local\Temp\ccujrzwF.s 			page 147


 6278 00c8 1B6A     		ldr	r3, [r3, #32]
 6279 00ca 1343     		orrs	r3, r2
 6280 00cc FB60     		str	r3, [r7, #12]
2088:Drivers/STM32G0xx_HAL_Driver/Src/stm32g0xx_hal_tim_ex.c ****     MODIFY_REG(tmpbdtr, TIM_BDTR_BK2P, sBreakDeadTimeConfig->Break2Polarity);
 6281              		.loc 1 2088 5
 6282 00ce FB68     		ldr	r3, [r7, #12]
 6283 00d0 174A     		ldr	r2, .L400+44
 6284 00d2 1A40     		ands	r2, r3
 6285 00d4 3B68     		ldr	r3, [r7]
 6286 00d6 5B6A     		ldr	r3, [r3, #36]
 6287 00d8 1343     		orrs	r3, r2
 6288 00da FB60     		str	r3, [r7, #12]
2089:Drivers/STM32G0xx_HAL_Driver/Src/stm32g0xx_hal_tim_ex.c ****     MODIFY_REG(tmpbdtr, TIM_BDTR_BK2BID, sBreakDeadTimeConfig->Break2AFMode);
 6289              		.loc 1 2089 5
 6290 00dc FB68     		ldr	r3, [r7, #12]
 6291 00de 154A     		ldr	r2, .L400+48
 6292 00e0 1A40     		ands	r2, r3
 6293 00e2 3B68     		ldr	r3, [r7]
 6294 00e4 DB6A     		ldr	r3, [r3, #44]
 6295 00e6 1343     		orrs	r3, r2
 6296 00e8 FB60     		str	r3, [r7, #12]
 6297              	.L399:
2090:Drivers/STM32G0xx_HAL_Driver/Src/stm32g0xx_hal_tim_ex.c ****   }
2091:Drivers/STM32G0xx_HAL_Driver/Src/stm32g0xx_hal_tim_ex.c **** 
2092:Drivers/STM32G0xx_HAL_Driver/Src/stm32g0xx_hal_tim_ex.c ****   /* Set TIMx_BDTR */
2093:Drivers/STM32G0xx_HAL_Driver/Src/stm32g0xx_hal_tim_ex.c ****   htim->Instance->BDTR = tmpbdtr;
 6298              		.loc 1 2093 7
 6299 00ea 7B68     		ldr	r3, [r7, #4]
 6300 00ec 1B68     		ldr	r3, [r3]
 6301              		.loc 1 2093 24
 6302 00ee FA68     		ldr	r2, [r7, #12]
 6303 00f0 5A64     		str	r2, [r3, #68]
2094:Drivers/STM32G0xx_HAL_Driver/Src/stm32g0xx_hal_tim_ex.c **** 
2095:Drivers/STM32G0xx_HAL_Driver/Src/stm32g0xx_hal_tim_ex.c ****   __HAL_UNLOCK(htim);
 6304              		.loc 1 2095 3
 6305 00f2 7B68     		ldr	r3, [r7, #4]
 6306 00f4 3C22     		movs	r2, #60
 6307 00f6 0021     		movs	r1, #0
 6308 00f8 9954     		strb	r1, [r3, r2]
2096:Drivers/STM32G0xx_HAL_Driver/Src/stm32g0xx_hal_tim_ex.c **** 
2097:Drivers/STM32G0xx_HAL_Driver/Src/stm32g0xx_hal_tim_ex.c ****   return HAL_OK;
 6309              		.loc 1 2097 10
 6310 00fa 0023     		movs	r3, #0
 6311              	.L398:
2098:Drivers/STM32G0xx_HAL_Driver/Src/stm32g0xx_hal_tim_ex.c **** }
 6312              		.loc 1 2098 1
 6313 00fc 1800     		movs	r0, r3
 6314 00fe BD46     		mov	sp, r7
 6315 0100 04B0     		add	sp, sp, #16
 6316              		@ sp needed
 6317 0102 80BD     		pop	{r7, pc}
 6318              	.L401:
 6319              		.align	2
 6320              	.L400:
 6321 0104 FFFCFFFF 		.word	-769
 6322 0108 FFFBFFFF 		.word	-1025
 6323 010c FFF7FFFF 		.word	-2049
ARM GAS  C:\Users\a_hae\AppData\Local\Temp\ccujrzwF.s 			page 148


 6324 0110 FFEFFFFF 		.word	-4097
 6325 0114 FFDFFFFF 		.word	-8193
 6326 0118 FFBFFFFF 		.word	-16385
 6327 011c FFFFF0FF 		.word	-983041
 6328 0120 FFFFFFEF 		.word	-268435457
 6329 0124 002C0140 		.word	1073818624
 6330 0128 FFFF0FFF 		.word	-15728641
 6331 012c FFFFFFFE 		.word	-16777217
 6332 0130 FFFFFFFD 		.word	-33554433
 6333 0134 FFFFFFDF 		.word	-536870913
 6334              		.cfi_endproc
 6335              	.LFE393:
 6337              		.section	.text.HAL_TIMEx_ConfigBreakInput,"ax",%progbits
 6338              		.align	1
 6339              		.global	HAL_TIMEx_ConfigBreakInput
 6340              		.syntax unified
 6341              		.code	16
 6342              		.thumb_func
 6344              	HAL_TIMEx_ConfigBreakInput:
 6345              	.LFB394:
2099:Drivers/STM32G0xx_HAL_Driver/Src/stm32g0xx_hal_tim_ex.c **** 
2100:Drivers/STM32G0xx_HAL_Driver/Src/stm32g0xx_hal_tim_ex.c **** /**
2101:Drivers/STM32G0xx_HAL_Driver/Src/stm32g0xx_hal_tim_ex.c ****   * @brief  Configures the break input source.
2102:Drivers/STM32G0xx_HAL_Driver/Src/stm32g0xx_hal_tim_ex.c ****   * @param  htim TIM handle.
2103:Drivers/STM32G0xx_HAL_Driver/Src/stm32g0xx_hal_tim_ex.c ****   * @param  BreakInput Break input to configure
2104:Drivers/STM32G0xx_HAL_Driver/Src/stm32g0xx_hal_tim_ex.c ****   *          This parameter can be one of the following values:
2105:Drivers/STM32G0xx_HAL_Driver/Src/stm32g0xx_hal_tim_ex.c ****   *            @arg TIM_BREAKINPUT_BRK: Timer break input
2106:Drivers/STM32G0xx_HAL_Driver/Src/stm32g0xx_hal_tim_ex.c ****   *            @arg TIM_BREAKINPUT_BRK2: Timer break 2 input
2107:Drivers/STM32G0xx_HAL_Driver/Src/stm32g0xx_hal_tim_ex.c ****   * @param  sBreakInputConfig Break input source configuration
2108:Drivers/STM32G0xx_HAL_Driver/Src/stm32g0xx_hal_tim_ex.c ****   * @retval HAL status
2109:Drivers/STM32G0xx_HAL_Driver/Src/stm32g0xx_hal_tim_ex.c ****   */
2110:Drivers/STM32G0xx_HAL_Driver/Src/stm32g0xx_hal_tim_ex.c **** HAL_StatusTypeDef HAL_TIMEx_ConfigBreakInput(TIM_HandleTypeDef *htim,
2111:Drivers/STM32G0xx_HAL_Driver/Src/stm32g0xx_hal_tim_ex.c ****                                              uint32_t BreakInput,
2112:Drivers/STM32G0xx_HAL_Driver/Src/stm32g0xx_hal_tim_ex.c ****                                              const TIMEx_BreakInputConfigTypeDef *sBreakInputConfig
2113:Drivers/STM32G0xx_HAL_Driver/Src/stm32g0xx_hal_tim_ex.c **** {
 6346              		.loc 1 2113 1
 6347              		.cfi_startproc
 6348              		@ args = 0, pretend = 0, frame = 40
 6349              		@ frame_needed = 1, uses_anonymous_args = 0
 6350 0000 80B5     		push	{r7, lr}
 6351              	.LCFI93:
 6352              		.cfi_def_cfa_offset 8
 6353              		.cfi_offset 7, -8
 6354              		.cfi_offset 14, -4
 6355 0002 8AB0     		sub	sp, sp, #40
 6356              	.LCFI94:
 6357              		.cfi_def_cfa_offset 48
 6358 0004 00AF     		add	r7, sp, #0
 6359              	.LCFI95:
 6360              		.cfi_def_cfa_register 7
 6361 0006 F860     		str	r0, [r7, #12]
 6362 0008 B960     		str	r1, [r7, #8]
 6363 000a 7A60     		str	r2, [r7, #4]
2114:Drivers/STM32G0xx_HAL_Driver/Src/stm32g0xx_hal_tim_ex.c ****   HAL_StatusTypeDef status = HAL_OK;
 6364              		.loc 1 2114 21
 6365 000c 2723     		movs	r3, #39
 6366 000e FB18     		adds	r3, r7, r3
ARM GAS  C:\Users\a_hae\AppData\Local\Temp\ccujrzwF.s 			page 149


 6367 0010 0022     		movs	r2, #0
 6368 0012 1A70     		strb	r2, [r3]
2115:Drivers/STM32G0xx_HAL_Driver/Src/stm32g0xx_hal_tim_ex.c ****   uint32_t tmporx;
2116:Drivers/STM32G0xx_HAL_Driver/Src/stm32g0xx_hal_tim_ex.c ****   uint32_t bkin_enable_mask;
2117:Drivers/STM32G0xx_HAL_Driver/Src/stm32g0xx_hal_tim_ex.c ****   uint32_t bkin_polarity_mask;
2118:Drivers/STM32G0xx_HAL_Driver/Src/stm32g0xx_hal_tim_ex.c ****   uint32_t bkin_enable_bitpos;
2119:Drivers/STM32G0xx_HAL_Driver/Src/stm32g0xx_hal_tim_ex.c ****   uint32_t bkin_polarity_bitpos;
2120:Drivers/STM32G0xx_HAL_Driver/Src/stm32g0xx_hal_tim_ex.c **** 
2121:Drivers/STM32G0xx_HAL_Driver/Src/stm32g0xx_hal_tim_ex.c ****   /* Check the parameters */
2122:Drivers/STM32G0xx_HAL_Driver/Src/stm32g0xx_hal_tim_ex.c ****   assert_param(IS_TIM_BREAK_INSTANCE(htim->Instance));
2123:Drivers/STM32G0xx_HAL_Driver/Src/stm32g0xx_hal_tim_ex.c ****   assert_param(IS_TIM_BREAKINPUT(BreakInput));
2124:Drivers/STM32G0xx_HAL_Driver/Src/stm32g0xx_hal_tim_ex.c ****   assert_param(IS_TIM_BREAKINPUTSOURCE(sBreakInputConfig->Source));
2125:Drivers/STM32G0xx_HAL_Driver/Src/stm32g0xx_hal_tim_ex.c ****   assert_param(IS_TIM_BREAKINPUTSOURCE_STATE(sBreakInputConfig->Enable));
2126:Drivers/STM32G0xx_HAL_Driver/Src/stm32g0xx_hal_tim_ex.c ****   assert_param(IS_TIM_BREAKINPUTSOURCE_POLARITY(sBreakInputConfig->Polarity));
2127:Drivers/STM32G0xx_HAL_Driver/Src/stm32g0xx_hal_tim_ex.c **** 
2128:Drivers/STM32G0xx_HAL_Driver/Src/stm32g0xx_hal_tim_ex.c ****   /* Check input state */
2129:Drivers/STM32G0xx_HAL_Driver/Src/stm32g0xx_hal_tim_ex.c ****   __HAL_LOCK(htim);
 6369              		.loc 1 2129 3
 6370 0014 FB68     		ldr	r3, [r7, #12]
 6371 0016 3C22     		movs	r2, #60
 6372 0018 9B5C     		ldrb	r3, [r3, r2]
 6373 001a 012B     		cmp	r3, #1
 6374 001c 01D1     		bne	.L403
 6375              		.loc 1 2129 3 is_stmt 0 discriminator 1
 6376 001e 0223     		movs	r3, #2
 6377              		.loc 1 2129 3
 6378 0020 A2E0     		b	.L404
 6379              	.L403:
 6380              		.loc 1 2129 3 discriminator 2
 6381 0022 FB68     		ldr	r3, [r7, #12]
 6382 0024 3C22     		movs	r2, #60
 6383 0026 0121     		movs	r1, #1
 6384 0028 9954     		strb	r1, [r3, r2]
2130:Drivers/STM32G0xx_HAL_Driver/Src/stm32g0xx_hal_tim_ex.c **** 
2131:Drivers/STM32G0xx_HAL_Driver/Src/stm32g0xx_hal_tim_ex.c ****   switch (sBreakInputConfig->Source)
 6385              		.loc 1 2131 28 is_stmt 1
 6386 002a 7B68     		ldr	r3, [r7, #4]
 6387 002c 1B68     		ldr	r3, [r3]
 6388              		.loc 1 2131 3
 6389 002e 082B     		cmp	r3, #8
 6390 0030 26D0     		beq	.L405
 6391 0032 2FD8     		bhi	.L406
 6392 0034 042B     		cmp	r3, #4
 6393 0036 19D0     		beq	.L407
 6394 0038 2CD8     		bhi	.L406
 6395 003a 012B     		cmp	r3, #1
 6396 003c 02D0     		beq	.L408
 6397 003e 022B     		cmp	r3, #2
 6398 0040 0AD0     		beq	.L409
 6399 0042 27E0     		b	.L406
 6400              	.L408:
2132:Drivers/STM32G0xx_HAL_Driver/Src/stm32g0xx_hal_tim_ex.c ****   {
2133:Drivers/STM32G0xx_HAL_Driver/Src/stm32g0xx_hal_tim_ex.c ****     case TIM_BREAKINPUTSOURCE_BKIN:
2134:Drivers/STM32G0xx_HAL_Driver/Src/stm32g0xx_hal_tim_ex.c ****     {
2135:Drivers/STM32G0xx_HAL_Driver/Src/stm32g0xx_hal_tim_ex.c ****       bkin_enable_mask = TIM1_AF1_BKINE;
 6401              		.loc 1 2135 24
 6402 0044 0123     		movs	r3, #1
ARM GAS  C:\Users\a_hae\AppData\Local\Temp\ccujrzwF.s 			page 150


 6403 0046 3B62     		str	r3, [r7, #32]
2136:Drivers/STM32G0xx_HAL_Driver/Src/stm32g0xx_hal_tim_ex.c ****       bkin_enable_bitpos = TIM1_AF1_BKINE_Pos;
 6404              		.loc 1 2136 26
 6405 0048 0023     		movs	r3, #0
 6406 004a BB61     		str	r3, [r7, #24]
2137:Drivers/STM32G0xx_HAL_Driver/Src/stm32g0xx_hal_tim_ex.c ****       bkin_polarity_mask = TIM1_AF1_BKINP;
 6407              		.loc 1 2137 26
 6408 004c 8023     		movs	r3, #128
 6409 004e 9B00     		lsls	r3, r3, #2
 6410 0050 FB61     		str	r3, [r7, #28]
2138:Drivers/STM32G0xx_HAL_Driver/Src/stm32g0xx_hal_tim_ex.c ****       bkin_polarity_bitpos = TIM1_AF1_BKINP_Pos;
 6411              		.loc 1 2138 28
 6412 0052 0923     		movs	r3, #9
 6413 0054 7B61     		str	r3, [r7, #20]
2139:Drivers/STM32G0xx_HAL_Driver/Src/stm32g0xx_hal_tim_ex.c ****       break;
 6414              		.loc 1 2139 7
 6415 0056 26E0     		b	.L410
 6416              	.L409:
2140:Drivers/STM32G0xx_HAL_Driver/Src/stm32g0xx_hal_tim_ex.c ****     }
2141:Drivers/STM32G0xx_HAL_Driver/Src/stm32g0xx_hal_tim_ex.c **** #if defined(COMP1) && defined(COMP2)
2142:Drivers/STM32G0xx_HAL_Driver/Src/stm32g0xx_hal_tim_ex.c ****     case TIM_BREAKINPUTSOURCE_COMP1:
2143:Drivers/STM32G0xx_HAL_Driver/Src/stm32g0xx_hal_tim_ex.c ****     {
2144:Drivers/STM32G0xx_HAL_Driver/Src/stm32g0xx_hal_tim_ex.c ****       bkin_enable_mask = TIM1_AF1_BKCMP1E;
 6417              		.loc 1 2144 24
 6418 0058 0223     		movs	r3, #2
 6419 005a 3B62     		str	r3, [r7, #32]
2145:Drivers/STM32G0xx_HAL_Driver/Src/stm32g0xx_hal_tim_ex.c ****       bkin_enable_bitpos = TIM1_AF1_BKCMP1E_Pos;
 6420              		.loc 1 2145 26
 6421 005c 0123     		movs	r3, #1
 6422 005e BB61     		str	r3, [r7, #24]
2146:Drivers/STM32G0xx_HAL_Driver/Src/stm32g0xx_hal_tim_ex.c ****       bkin_polarity_mask = TIM1_AF1_BKCMP1P;
 6423              		.loc 1 2146 26
 6424 0060 8023     		movs	r3, #128
 6425 0062 DB00     		lsls	r3, r3, #3
 6426 0064 FB61     		str	r3, [r7, #28]
2147:Drivers/STM32G0xx_HAL_Driver/Src/stm32g0xx_hal_tim_ex.c ****       bkin_polarity_bitpos = TIM1_AF1_BKCMP1P_Pos;
 6427              		.loc 1 2147 28
 6428 0066 0A23     		movs	r3, #10
 6429 0068 7B61     		str	r3, [r7, #20]
2148:Drivers/STM32G0xx_HAL_Driver/Src/stm32g0xx_hal_tim_ex.c ****       break;
 6430              		.loc 1 2148 7
 6431 006a 1CE0     		b	.L410
 6432              	.L407:
2149:Drivers/STM32G0xx_HAL_Driver/Src/stm32g0xx_hal_tim_ex.c ****     }
2150:Drivers/STM32G0xx_HAL_Driver/Src/stm32g0xx_hal_tim_ex.c ****     case TIM_BREAKINPUTSOURCE_COMP2:
2151:Drivers/STM32G0xx_HAL_Driver/Src/stm32g0xx_hal_tim_ex.c ****     {
2152:Drivers/STM32G0xx_HAL_Driver/Src/stm32g0xx_hal_tim_ex.c ****       bkin_enable_mask = TIM1_AF1_BKCMP2E;
 6433              		.loc 1 2152 24
 6434 006c 0423     		movs	r3, #4
 6435 006e 3B62     		str	r3, [r7, #32]
2153:Drivers/STM32G0xx_HAL_Driver/Src/stm32g0xx_hal_tim_ex.c ****       bkin_enable_bitpos = TIM1_AF1_BKCMP2E_Pos;
 6436              		.loc 1 2153 26
 6437 0070 0223     		movs	r3, #2
 6438 0072 BB61     		str	r3, [r7, #24]
2154:Drivers/STM32G0xx_HAL_Driver/Src/stm32g0xx_hal_tim_ex.c ****       bkin_polarity_mask = TIM1_AF1_BKCMP2P;
 6439              		.loc 1 2154 26
 6440 0074 8023     		movs	r3, #128
ARM GAS  C:\Users\a_hae\AppData\Local\Temp\ccujrzwF.s 			page 151


 6441 0076 1B01     		lsls	r3, r3, #4
 6442 0078 FB61     		str	r3, [r7, #28]
2155:Drivers/STM32G0xx_HAL_Driver/Src/stm32g0xx_hal_tim_ex.c ****       bkin_polarity_bitpos = TIM1_AF1_BKCMP2P_Pos;
 6443              		.loc 1 2155 28
 6444 007a 0B23     		movs	r3, #11
 6445 007c 7B61     		str	r3, [r7, #20]
2156:Drivers/STM32G0xx_HAL_Driver/Src/stm32g0xx_hal_tim_ex.c ****       break;
 6446              		.loc 1 2156 7
 6447 007e 12E0     		b	.L410
 6448              	.L405:
2157:Drivers/STM32G0xx_HAL_Driver/Src/stm32g0xx_hal_tim_ex.c ****     }
2158:Drivers/STM32G0xx_HAL_Driver/Src/stm32g0xx_hal_tim_ex.c **** #endif /* COMP1 && COMP2 */
2159:Drivers/STM32G0xx_HAL_Driver/Src/stm32g0xx_hal_tim_ex.c **** #if defined(COMP3)
2160:Drivers/STM32G0xx_HAL_Driver/Src/stm32g0xx_hal_tim_ex.c ****     case TIM_BREAKINPUTSOURCE_COMP3:
2161:Drivers/STM32G0xx_HAL_Driver/Src/stm32g0xx_hal_tim_ex.c ****     {
2162:Drivers/STM32G0xx_HAL_Driver/Src/stm32g0xx_hal_tim_ex.c ****       bkin_enable_mask = TIM1_AF1_BKCMP3E;
 6449              		.loc 1 2162 24
 6450 0080 0823     		movs	r3, #8
 6451 0082 3B62     		str	r3, [r7, #32]
2163:Drivers/STM32G0xx_HAL_Driver/Src/stm32g0xx_hal_tim_ex.c ****       bkin_enable_bitpos = TIM1_AF1_BKCMP3E_Pos;
 6452              		.loc 1 2163 26
 6453 0084 0323     		movs	r3, #3
 6454 0086 BB61     		str	r3, [r7, #24]
2164:Drivers/STM32G0xx_HAL_Driver/Src/stm32g0xx_hal_tim_ex.c ****       bkin_polarity_mask = TIM1_AF1_BKCMP3P;
 6455              		.loc 1 2164 26
 6456 0088 8023     		movs	r3, #128
 6457 008a 5B01     		lsls	r3, r3, #5
 6458 008c FB61     		str	r3, [r7, #28]
2165:Drivers/STM32G0xx_HAL_Driver/Src/stm32g0xx_hal_tim_ex.c ****       bkin_polarity_bitpos = TIM1_AF1_BKCMP3P_Pos;
 6459              		.loc 1 2165 28
 6460 008e 0C23     		movs	r3, #12
 6461 0090 7B61     		str	r3, [r7, #20]
2166:Drivers/STM32G0xx_HAL_Driver/Src/stm32g0xx_hal_tim_ex.c ****       break;
 6462              		.loc 1 2166 7
 6463 0092 08E0     		b	.L410
 6464              	.L406:
2167:Drivers/STM32G0xx_HAL_Driver/Src/stm32g0xx_hal_tim_ex.c ****     }
2168:Drivers/STM32G0xx_HAL_Driver/Src/stm32g0xx_hal_tim_ex.c **** #endif /* COMP3 */
2169:Drivers/STM32G0xx_HAL_Driver/Src/stm32g0xx_hal_tim_ex.c **** 
2170:Drivers/STM32G0xx_HAL_Driver/Src/stm32g0xx_hal_tim_ex.c ****     default:
2171:Drivers/STM32G0xx_HAL_Driver/Src/stm32g0xx_hal_tim_ex.c ****     {
2172:Drivers/STM32G0xx_HAL_Driver/Src/stm32g0xx_hal_tim_ex.c ****       bkin_enable_mask = 0U;
 6465              		.loc 1 2172 24
 6466 0094 0023     		movs	r3, #0
 6467 0096 3B62     		str	r3, [r7, #32]
2173:Drivers/STM32G0xx_HAL_Driver/Src/stm32g0xx_hal_tim_ex.c ****       bkin_polarity_mask = 0U;
 6468              		.loc 1 2173 26
 6469 0098 0023     		movs	r3, #0
 6470 009a FB61     		str	r3, [r7, #28]
2174:Drivers/STM32G0xx_HAL_Driver/Src/stm32g0xx_hal_tim_ex.c ****       bkin_enable_bitpos = 0U;
 6471              		.loc 1 2174 26
 6472 009c 0023     		movs	r3, #0
 6473 009e BB61     		str	r3, [r7, #24]
2175:Drivers/STM32G0xx_HAL_Driver/Src/stm32g0xx_hal_tim_ex.c ****       bkin_polarity_bitpos = 0U;
 6474              		.loc 1 2175 28
 6475 00a0 0023     		movs	r3, #0
 6476 00a2 7B61     		str	r3, [r7, #20]
ARM GAS  C:\Users\a_hae\AppData\Local\Temp\ccujrzwF.s 			page 152


2176:Drivers/STM32G0xx_HAL_Driver/Src/stm32g0xx_hal_tim_ex.c ****       break;
 6477              		.loc 1 2176 7
 6478 00a4 C046     		nop
 6479              	.L410:
2177:Drivers/STM32G0xx_HAL_Driver/Src/stm32g0xx_hal_tim_ex.c ****     }
2178:Drivers/STM32G0xx_HAL_Driver/Src/stm32g0xx_hal_tim_ex.c ****   }
2179:Drivers/STM32G0xx_HAL_Driver/Src/stm32g0xx_hal_tim_ex.c **** 
2180:Drivers/STM32G0xx_HAL_Driver/Src/stm32g0xx_hal_tim_ex.c ****   switch (BreakInput)
 6480              		.loc 1 2180 3
 6481 00a6 BB68     		ldr	r3, [r7, #8]
 6482 00a8 012B     		cmp	r3, #1
 6483 00aa 03D0     		beq	.L411
 6484 00ac BB68     		ldr	r3, [r7, #8]
 6485 00ae 022B     		cmp	r3, #2
 6486 00b0 27D0     		beq	.L412
 6487 00b2 4DE0     		b	.L415
 6488              	.L411:
2181:Drivers/STM32G0xx_HAL_Driver/Src/stm32g0xx_hal_tim_ex.c ****   {
2182:Drivers/STM32G0xx_HAL_Driver/Src/stm32g0xx_hal_tim_ex.c ****     case TIM_BREAKINPUT_BRK:
2183:Drivers/STM32G0xx_HAL_Driver/Src/stm32g0xx_hal_tim_ex.c ****     {
2184:Drivers/STM32G0xx_HAL_Driver/Src/stm32g0xx_hal_tim_ex.c ****       /* Get the TIMx_AF1 register value */
2185:Drivers/STM32G0xx_HAL_Driver/Src/stm32g0xx_hal_tim_ex.c ****       tmporx = htim->Instance->AF1;
 6489              		.loc 1 2185 20
 6490 00b4 FB68     		ldr	r3, [r7, #12]
 6491 00b6 1B68     		ldr	r3, [r3]
 6492              		.loc 1 2185 14
 6493 00b8 1B6E     		ldr	r3, [r3, #96]
 6494 00ba 3B61     		str	r3, [r7, #16]
2186:Drivers/STM32G0xx_HAL_Driver/Src/stm32g0xx_hal_tim_ex.c **** 
2187:Drivers/STM32G0xx_HAL_Driver/Src/stm32g0xx_hal_tim_ex.c ****       /* Enable the break input */
2188:Drivers/STM32G0xx_HAL_Driver/Src/stm32g0xx_hal_tim_ex.c ****       tmporx &= ~bkin_enable_mask;
 6495              		.loc 1 2188 17
 6496 00bc 3B6A     		ldr	r3, [r7, #32]
 6497 00be DA43     		mvns	r2, r3
 6498              		.loc 1 2188 14
 6499 00c0 3B69     		ldr	r3, [r7, #16]
 6500 00c2 1340     		ands	r3, r2
 6501 00c4 3B61     		str	r3, [r7, #16]
2189:Drivers/STM32G0xx_HAL_Driver/Src/stm32g0xx_hal_tim_ex.c ****       tmporx |= (sBreakInputConfig->Enable << bkin_enable_bitpos) & bkin_enable_mask;
 6502              		.loc 1 2189 35
 6503 00c6 7B68     		ldr	r3, [r7, #4]
 6504 00c8 5A68     		ldr	r2, [r3, #4]
 6505              		.loc 1 2189 44
 6506 00ca BB69     		ldr	r3, [r7, #24]
 6507 00cc 9A40     		lsls	r2, r2, r3
 6508 00ce 1300     		movs	r3, r2
 6509              		.loc 1 2189 67
 6510 00d0 3A6A     		ldr	r2, [r7, #32]
 6511 00d2 1340     		ands	r3, r2
 6512              		.loc 1 2189 14
 6513 00d4 3A69     		ldr	r2, [r7, #16]
 6514 00d6 1343     		orrs	r3, r2
 6515 00d8 3B61     		str	r3, [r7, #16]
2190:Drivers/STM32G0xx_HAL_Driver/Src/stm32g0xx_hal_tim_ex.c **** 
2191:Drivers/STM32G0xx_HAL_Driver/Src/stm32g0xx_hal_tim_ex.c ****       /* Set the break input polarity */
2192:Drivers/STM32G0xx_HAL_Driver/Src/stm32g0xx_hal_tim_ex.c ****       tmporx &= ~bkin_polarity_mask;
 6516              		.loc 1 2192 17
ARM GAS  C:\Users\a_hae\AppData\Local\Temp\ccujrzwF.s 			page 153


 6517 00da FB69     		ldr	r3, [r7, #28]
 6518 00dc DA43     		mvns	r2, r3
 6519              		.loc 1 2192 14
 6520 00de 3B69     		ldr	r3, [r7, #16]
 6521 00e0 1340     		ands	r3, r2
 6522 00e2 3B61     		str	r3, [r7, #16]
2193:Drivers/STM32G0xx_HAL_Driver/Src/stm32g0xx_hal_tim_ex.c ****       tmporx |= (sBreakInputConfig->Polarity << bkin_polarity_bitpos) & bkin_polarity_mask;
 6523              		.loc 1 2193 35
 6524 00e4 7B68     		ldr	r3, [r7, #4]
 6525 00e6 9A68     		ldr	r2, [r3, #8]
 6526              		.loc 1 2193 46
 6527 00e8 7B69     		ldr	r3, [r7, #20]
 6528 00ea 9A40     		lsls	r2, r2, r3
 6529 00ec 1300     		movs	r3, r2
 6530              		.loc 1 2193 71
 6531 00ee FA69     		ldr	r2, [r7, #28]
 6532 00f0 1340     		ands	r3, r2
 6533              		.loc 1 2193 14
 6534 00f2 3A69     		ldr	r2, [r7, #16]
 6535 00f4 1343     		orrs	r3, r2
 6536 00f6 3B61     		str	r3, [r7, #16]
2194:Drivers/STM32G0xx_HAL_Driver/Src/stm32g0xx_hal_tim_ex.c **** 
2195:Drivers/STM32G0xx_HAL_Driver/Src/stm32g0xx_hal_tim_ex.c ****       /* Set TIMx_AF1 */
2196:Drivers/STM32G0xx_HAL_Driver/Src/stm32g0xx_hal_tim_ex.c ****       htim->Instance->AF1 = tmporx;
 6537              		.loc 1 2196 11
 6538 00f8 FB68     		ldr	r3, [r7, #12]
 6539 00fa 1B68     		ldr	r3, [r3]
 6540              		.loc 1 2196 27
 6541 00fc 3A69     		ldr	r2, [r7, #16]
 6542 00fe 1A66     		str	r2, [r3, #96]
2197:Drivers/STM32G0xx_HAL_Driver/Src/stm32g0xx_hal_tim_ex.c ****       break;
 6543              		.loc 1 2197 7
 6544 0100 2BE0     		b	.L414
 6545              	.L412:
2198:Drivers/STM32G0xx_HAL_Driver/Src/stm32g0xx_hal_tim_ex.c ****     }
2199:Drivers/STM32G0xx_HAL_Driver/Src/stm32g0xx_hal_tim_ex.c ****     case TIM_BREAKINPUT_BRK2:
2200:Drivers/STM32G0xx_HAL_Driver/Src/stm32g0xx_hal_tim_ex.c ****     {
2201:Drivers/STM32G0xx_HAL_Driver/Src/stm32g0xx_hal_tim_ex.c ****       /* Get the TIMx_AF2 register value */
2202:Drivers/STM32G0xx_HAL_Driver/Src/stm32g0xx_hal_tim_ex.c ****       tmporx = htim->Instance->AF2;
 6546              		.loc 1 2202 20
 6547 0102 FB68     		ldr	r3, [r7, #12]
 6548 0104 1B68     		ldr	r3, [r3]
 6549              		.loc 1 2202 14
 6550 0106 5B6E     		ldr	r3, [r3, #100]
 6551 0108 3B61     		str	r3, [r7, #16]
2203:Drivers/STM32G0xx_HAL_Driver/Src/stm32g0xx_hal_tim_ex.c **** 
2204:Drivers/STM32G0xx_HAL_Driver/Src/stm32g0xx_hal_tim_ex.c ****       /* Enable the break input */
2205:Drivers/STM32G0xx_HAL_Driver/Src/stm32g0xx_hal_tim_ex.c ****       tmporx &= ~bkin_enable_mask;
 6552              		.loc 1 2205 17
 6553 010a 3B6A     		ldr	r3, [r7, #32]
 6554 010c DA43     		mvns	r2, r3
 6555              		.loc 1 2205 14
 6556 010e 3B69     		ldr	r3, [r7, #16]
 6557 0110 1340     		ands	r3, r2
 6558 0112 3B61     		str	r3, [r7, #16]
2206:Drivers/STM32G0xx_HAL_Driver/Src/stm32g0xx_hal_tim_ex.c ****       tmporx |= (sBreakInputConfig->Enable << bkin_enable_bitpos) & bkin_enable_mask;
 6559              		.loc 1 2206 35
ARM GAS  C:\Users\a_hae\AppData\Local\Temp\ccujrzwF.s 			page 154


 6560 0114 7B68     		ldr	r3, [r7, #4]
 6561 0116 5A68     		ldr	r2, [r3, #4]
 6562              		.loc 1 2206 44
 6563 0118 BB69     		ldr	r3, [r7, #24]
 6564 011a 9A40     		lsls	r2, r2, r3
 6565 011c 1300     		movs	r3, r2
 6566              		.loc 1 2206 67
 6567 011e 3A6A     		ldr	r2, [r7, #32]
 6568 0120 1340     		ands	r3, r2
 6569              		.loc 1 2206 14
 6570 0122 3A69     		ldr	r2, [r7, #16]
 6571 0124 1343     		orrs	r3, r2
 6572 0126 3B61     		str	r3, [r7, #16]
2207:Drivers/STM32G0xx_HAL_Driver/Src/stm32g0xx_hal_tim_ex.c **** 
2208:Drivers/STM32G0xx_HAL_Driver/Src/stm32g0xx_hal_tim_ex.c ****       /* Set the break input polarity */
2209:Drivers/STM32G0xx_HAL_Driver/Src/stm32g0xx_hal_tim_ex.c ****       tmporx &= ~bkin_polarity_mask;
 6573              		.loc 1 2209 17
 6574 0128 FB69     		ldr	r3, [r7, #28]
 6575 012a DA43     		mvns	r2, r3
 6576              		.loc 1 2209 14
 6577 012c 3B69     		ldr	r3, [r7, #16]
 6578 012e 1340     		ands	r3, r2
 6579 0130 3B61     		str	r3, [r7, #16]
2210:Drivers/STM32G0xx_HAL_Driver/Src/stm32g0xx_hal_tim_ex.c ****       tmporx |= (sBreakInputConfig->Polarity << bkin_polarity_bitpos) & bkin_polarity_mask;
 6580              		.loc 1 2210 35
 6581 0132 7B68     		ldr	r3, [r7, #4]
 6582 0134 9A68     		ldr	r2, [r3, #8]
 6583              		.loc 1 2210 46
 6584 0136 7B69     		ldr	r3, [r7, #20]
 6585 0138 9A40     		lsls	r2, r2, r3
 6586 013a 1300     		movs	r3, r2
 6587              		.loc 1 2210 71
 6588 013c FA69     		ldr	r2, [r7, #28]
 6589 013e 1340     		ands	r3, r2
 6590              		.loc 1 2210 14
 6591 0140 3A69     		ldr	r2, [r7, #16]
 6592 0142 1343     		orrs	r3, r2
 6593 0144 3B61     		str	r3, [r7, #16]
2211:Drivers/STM32G0xx_HAL_Driver/Src/stm32g0xx_hal_tim_ex.c **** 
2212:Drivers/STM32G0xx_HAL_Driver/Src/stm32g0xx_hal_tim_ex.c ****       /* Set TIMx_AF2 */
2213:Drivers/STM32G0xx_HAL_Driver/Src/stm32g0xx_hal_tim_ex.c ****       htim->Instance->AF2 = tmporx;
 6594              		.loc 1 2213 11
 6595 0146 FB68     		ldr	r3, [r7, #12]
 6596 0148 1B68     		ldr	r3, [r3]
 6597              		.loc 1 2213 27
 6598 014a 3A69     		ldr	r2, [r7, #16]
 6599 014c 5A66     		str	r2, [r3, #100]
2214:Drivers/STM32G0xx_HAL_Driver/Src/stm32g0xx_hal_tim_ex.c ****       break;
 6600              		.loc 1 2214 7
 6601 014e 04E0     		b	.L414
 6602              	.L415:
2215:Drivers/STM32G0xx_HAL_Driver/Src/stm32g0xx_hal_tim_ex.c ****     }
2216:Drivers/STM32G0xx_HAL_Driver/Src/stm32g0xx_hal_tim_ex.c ****     default:
2217:Drivers/STM32G0xx_HAL_Driver/Src/stm32g0xx_hal_tim_ex.c ****       status = HAL_ERROR;
 6603              		.loc 1 2217 14
 6604 0150 2723     		movs	r3, #39
 6605 0152 FB18     		adds	r3, r7, r3
ARM GAS  C:\Users\a_hae\AppData\Local\Temp\ccujrzwF.s 			page 155


 6606 0154 0122     		movs	r2, #1
 6607 0156 1A70     		strb	r2, [r3]
2218:Drivers/STM32G0xx_HAL_Driver/Src/stm32g0xx_hal_tim_ex.c ****       break;
 6608              		.loc 1 2218 7
 6609 0158 C046     		nop
 6610              	.L414:
2219:Drivers/STM32G0xx_HAL_Driver/Src/stm32g0xx_hal_tim_ex.c ****   }
2220:Drivers/STM32G0xx_HAL_Driver/Src/stm32g0xx_hal_tim_ex.c **** 
2221:Drivers/STM32G0xx_HAL_Driver/Src/stm32g0xx_hal_tim_ex.c ****   __HAL_UNLOCK(htim);
 6611              		.loc 1 2221 3
 6612 015a FB68     		ldr	r3, [r7, #12]
 6613 015c 3C22     		movs	r2, #60
 6614 015e 0021     		movs	r1, #0
 6615 0160 9954     		strb	r1, [r3, r2]
2222:Drivers/STM32G0xx_HAL_Driver/Src/stm32g0xx_hal_tim_ex.c **** 
2223:Drivers/STM32G0xx_HAL_Driver/Src/stm32g0xx_hal_tim_ex.c ****   return status;
 6616              		.loc 1 2223 10
 6617 0162 2723     		movs	r3, #39
 6618 0164 FB18     		adds	r3, r7, r3
 6619 0166 1B78     		ldrb	r3, [r3]
 6620              	.L404:
2224:Drivers/STM32G0xx_HAL_Driver/Src/stm32g0xx_hal_tim_ex.c **** }
 6621              		.loc 1 2224 1
 6622 0168 1800     		movs	r0, r3
 6623 016a BD46     		mov	sp, r7
 6624 016c 0AB0     		add	sp, sp, #40
 6625              		@ sp needed
 6626 016e 80BD     		pop	{r7, pc}
 6627              		.cfi_endproc
 6628              	.LFE394:
 6630              		.section	.text.HAL_TIMEx_RemapConfig,"ax",%progbits
 6631              		.align	1
 6632              		.global	HAL_TIMEx_RemapConfig
 6633              		.syntax unified
 6634              		.code	16
 6635              		.thumb_func
 6637              	HAL_TIMEx_RemapConfig:
 6638              	.LFB395:
2225:Drivers/STM32G0xx_HAL_Driver/Src/stm32g0xx_hal_tim_ex.c **** 
2226:Drivers/STM32G0xx_HAL_Driver/Src/stm32g0xx_hal_tim_ex.c **** /**
2227:Drivers/STM32G0xx_HAL_Driver/Src/stm32g0xx_hal_tim_ex.c ****   * @brief  Configures the TIMx Remapping input capabilities.
2228:Drivers/STM32G0xx_HAL_Driver/Src/stm32g0xx_hal_tim_ex.c ****   * @param  htim TIM handle.
2229:Drivers/STM32G0xx_HAL_Driver/Src/stm32g0xx_hal_tim_ex.c ****   * @param  Remap specifies the TIM remapping source.
2230:Drivers/STM32G0xx_HAL_Driver/Src/stm32g0xx_hal_tim_ex.c ****   *         For TIM1, the parameter can take one of the following values:
2231:Drivers/STM32G0xx_HAL_Driver/Src/stm32g0xx_hal_tim_ex.c ****   *            @arg TIM_TIM1_ETR_GPIO:                TIM1 ETR is is connected to GPIO
2232:Drivers/STM32G0xx_HAL_Driver/Src/stm32g0xx_hal_tim_ex.c ****   *            @arg TIM_TIM1_ETR_COMP1:               TIM1 ETR is connected to COMP1 output
2233:Drivers/STM32G0xx_HAL_Driver/Src/stm32g0xx_hal_tim_ex.c ****   *            @arg TIM_TIM1_ETR_COMP2:               TIM1 ETR is connected to COMP2 output
2234:Drivers/STM32G0xx_HAL_Driver/Src/stm32g0xx_hal_tim_ex.c ****   *            @arg TIM_TIM1_ETR_COMP3:               TIM1 ETR is connected to COMP3 output    (**)
2235:Drivers/STM32G0xx_HAL_Driver/Src/stm32g0xx_hal_tim_ex.c ****   *            @arg TIM_TIM1_ETR_ADC1_AWD1:           TIM1 ETR is connected to ADC1 AWD1
2236:Drivers/STM32G0xx_HAL_Driver/Src/stm32g0xx_hal_tim_ex.c ****   *            @arg TIM_TIM1_ETR_ADC1_AWD2:           TIM1 ETR is connected to ADC1 AWD2
2237:Drivers/STM32G0xx_HAL_Driver/Src/stm32g0xx_hal_tim_ex.c ****   *            @arg TIM_TIM1_ETR_ADC1_AWD3:           TIM1 ETR is connected to ADC1 AWD3
2238:Drivers/STM32G0xx_HAL_Driver/Src/stm32g0xx_hal_tim_ex.c ****   *
2239:Drivers/STM32G0xx_HAL_Driver/Src/stm32g0xx_hal_tim_ex.c ****   *         For TIM2, the parameter can take one of the following values: (*)
2240:Drivers/STM32G0xx_HAL_Driver/Src/stm32g0xx_hal_tim_ex.c ****   *            @arg TIM_TIM2_ETR_GPIO:                TIM2_ETR is connected to GPIO
2241:Drivers/STM32G0xx_HAL_Driver/Src/stm32g0xx_hal_tim_ex.c ****   *            @arg TIM_TIM2_ETR_COMP1:               TIM2_ETR is connected to COMP1 output
2242:Drivers/STM32G0xx_HAL_Driver/Src/stm32g0xx_hal_tim_ex.c ****   *            @arg TIM_TIM2_ETR_COMP2:               TIM2_ETR is connected to COMP2 output
2243:Drivers/STM32G0xx_HAL_Driver/Src/stm32g0xx_hal_tim_ex.c ****   *            @arg TIM_TIM2_ETR_COMP3:               TIM2_ETR is connected to COMP3 output    (**)
ARM GAS  C:\Users\a_hae\AppData\Local\Temp\ccujrzwF.s 			page 156


2244:Drivers/STM32G0xx_HAL_Driver/Src/stm32g0xx_hal_tim_ex.c ****   *            @arg TIM_TIM2_ETR_LSE:                 TIM2_ETR is connected to LSE
2245:Drivers/STM32G0xx_HAL_Driver/Src/stm32g0xx_hal_tim_ex.c ****   *            @arg TIM_TIM2_ETR_MCO:                 TIM2_ETR is connected to MCO             (**)
2246:Drivers/STM32G0xx_HAL_Driver/Src/stm32g0xx_hal_tim_ex.c ****   *            @arg TIM_TIM2_ETR_MCO2:                TIM2_ETR is connected to MCO2            (**)
2247:Drivers/STM32G0xx_HAL_Driver/Src/stm32g0xx_hal_tim_ex.c ****   *
2248:Drivers/STM32G0xx_HAL_Driver/Src/stm32g0xx_hal_tim_ex.c ****   *         For TIM3, the parameter can take one of the following values:
2249:Drivers/STM32G0xx_HAL_Driver/Src/stm32g0xx_hal_tim_ex.c ****   *            @arg TIM_TIM3_ETR_GPIO                TIM3_ETR is connected to GPIO
2250:Drivers/STM32G0xx_HAL_Driver/Src/stm32g0xx_hal_tim_ex.c ****   *            @arg TIM_TIM3_ETR_COMP1               TIM3_ETR is connected to COMP1 output
2251:Drivers/STM32G0xx_HAL_Driver/Src/stm32g0xx_hal_tim_ex.c ****   *            @arg TIM_TIM3_ETR_COMP2               TIM3_ETR is connected to COMP2 output
2252:Drivers/STM32G0xx_HAL_Driver/Src/stm32g0xx_hal_tim_ex.c ****   *            @arg TIM_TIM3_ETR_COMP3               TIM3_ETR is connected to COMP3 output    (**)
2253:Drivers/STM32G0xx_HAL_Driver/Src/stm32g0xx_hal_tim_ex.c ****   *
2254:Drivers/STM32G0xx_HAL_Driver/Src/stm32g0xx_hal_tim_ex.c ****   *         For TIM4, the parameter can take one of the following values:(*)
2255:Drivers/STM32G0xx_HAL_Driver/Src/stm32g0xx_hal_tim_ex.c ****   *            @arg TIM_TIM4_ETR_GPIO                TIM4_ETR is connected to GPIO
2256:Drivers/STM32G0xx_HAL_Driver/Src/stm32g0xx_hal_tim_ex.c ****   *            @arg TIM_TIM4_ETR_COMP1               TIM4_ETR is connected to COMP1 output
2257:Drivers/STM32G0xx_HAL_Driver/Src/stm32g0xx_hal_tim_ex.c ****   *            @arg TIM_TIM4_ETR_COMP2               TIM4_ETR is connected to COMP2 output
2258:Drivers/STM32G0xx_HAL_Driver/Src/stm32g0xx_hal_tim_ex.c ****   *            @arg TIM_TIM4_ETR_COMP3               TIM4_ETR is connected to COMP3 output    (**)
2259:Drivers/STM32G0xx_HAL_Driver/Src/stm32g0xx_hal_tim_ex.c ****   *
2260:Drivers/STM32G0xx_HAL_Driver/Src/stm32g0xx_hal_tim_ex.c ****   *  (*) Timer instance not available on all devices \n
2261:Drivers/STM32G0xx_HAL_Driver/Src/stm32g0xx_hal_tim_ex.c ****   *  (**) Value not defined in all devices. \n
2262:Drivers/STM32G0xx_HAL_Driver/Src/stm32g0xx_hal_tim_ex.c ****   *
2263:Drivers/STM32G0xx_HAL_Driver/Src/stm32g0xx_hal_tim_ex.c ****   * @retval HAL status
2264:Drivers/STM32G0xx_HAL_Driver/Src/stm32g0xx_hal_tim_ex.c ****   */
2265:Drivers/STM32G0xx_HAL_Driver/Src/stm32g0xx_hal_tim_ex.c **** HAL_StatusTypeDef HAL_TIMEx_RemapConfig(TIM_HandleTypeDef *htim, uint32_t Remap)
2266:Drivers/STM32G0xx_HAL_Driver/Src/stm32g0xx_hal_tim_ex.c **** {
 6639              		.loc 1 2266 1
 6640              		.cfi_startproc
 6641              		@ args = 0, pretend = 0, frame = 8
 6642              		@ frame_needed = 1, uses_anonymous_args = 0
 6643 0000 80B5     		push	{r7, lr}
 6644              	.LCFI96:
 6645              		.cfi_def_cfa_offset 8
 6646              		.cfi_offset 7, -8
 6647              		.cfi_offset 14, -4
 6648 0002 82B0     		sub	sp, sp, #8
 6649              	.LCFI97:
 6650              		.cfi_def_cfa_offset 16
 6651 0004 00AF     		add	r7, sp, #0
 6652              	.LCFI98:
 6653              		.cfi_def_cfa_register 7
 6654 0006 7860     		str	r0, [r7, #4]
 6655 0008 3960     		str	r1, [r7]
2267:Drivers/STM32G0xx_HAL_Driver/Src/stm32g0xx_hal_tim_ex.c ****   /* Check parameters */
2268:Drivers/STM32G0xx_HAL_Driver/Src/stm32g0xx_hal_tim_ex.c ****   assert_param(IS_TIM_REMAP_INSTANCE(htim->Instance));
2269:Drivers/STM32G0xx_HAL_Driver/Src/stm32g0xx_hal_tim_ex.c ****   assert_param(IS_TIM_REMAP(Remap));
2270:Drivers/STM32G0xx_HAL_Driver/Src/stm32g0xx_hal_tim_ex.c **** 
2271:Drivers/STM32G0xx_HAL_Driver/Src/stm32g0xx_hal_tim_ex.c ****   __HAL_LOCK(htim);
 6656              		.loc 1 2271 3
 6657 000a 7B68     		ldr	r3, [r7, #4]
 6658 000c 3C22     		movs	r2, #60
 6659 000e 9B5C     		ldrb	r3, [r3, r2]
 6660 0010 012B     		cmp	r3, #1
 6661 0012 01D1     		bne	.L417
 6662              		.loc 1 2271 3 is_stmt 0 discriminator 1
 6663 0014 0223     		movs	r3, #2
 6664              		.loc 1 2271 3
 6665 0016 13E0     		b	.L418
 6666              	.L417:
 6667              		.loc 1 2271 3 discriminator 2
ARM GAS  C:\Users\a_hae\AppData\Local\Temp\ccujrzwF.s 			page 157


 6668 0018 7B68     		ldr	r3, [r7, #4]
 6669 001a 3C22     		movs	r2, #60
 6670 001c 0121     		movs	r1, #1
 6671 001e 9954     		strb	r1, [r3, r2]
2272:Drivers/STM32G0xx_HAL_Driver/Src/stm32g0xx_hal_tim_ex.c **** 
2273:Drivers/STM32G0xx_HAL_Driver/Src/stm32g0xx_hal_tim_ex.c ****   MODIFY_REG(htim->Instance->AF1, TIM1_AF1_ETRSEL_Msk, Remap);
 6672              		.loc 1 2273 3 is_stmt 1
 6673 0020 7B68     		ldr	r3, [r7, #4]
 6674 0022 1B68     		ldr	r3, [r3]
 6675 0024 1B6E     		ldr	r3, [r3, #96]
 6676 0026 084A     		ldr	r2, .L419
 6677 0028 1340     		ands	r3, r2
 6678 002a 1900     		movs	r1, r3
 6679 002c 7B68     		ldr	r3, [r7, #4]
 6680 002e 1B68     		ldr	r3, [r3]
 6681 0030 3A68     		ldr	r2, [r7]
 6682 0032 0A43     		orrs	r2, r1
 6683 0034 1A66     		str	r2, [r3, #96]
2274:Drivers/STM32G0xx_HAL_Driver/Src/stm32g0xx_hal_tim_ex.c **** 
2275:Drivers/STM32G0xx_HAL_Driver/Src/stm32g0xx_hal_tim_ex.c ****   __HAL_UNLOCK(htim);
 6684              		.loc 1 2275 3
 6685 0036 7B68     		ldr	r3, [r7, #4]
 6686 0038 3C22     		movs	r2, #60
 6687 003a 0021     		movs	r1, #0
 6688 003c 9954     		strb	r1, [r3, r2]
2276:Drivers/STM32G0xx_HAL_Driver/Src/stm32g0xx_hal_tim_ex.c **** 
2277:Drivers/STM32G0xx_HAL_Driver/Src/stm32g0xx_hal_tim_ex.c ****   return HAL_OK;
 6689              		.loc 1 2277 10
 6690 003e 0023     		movs	r3, #0
 6691              	.L418:
2278:Drivers/STM32G0xx_HAL_Driver/Src/stm32g0xx_hal_tim_ex.c **** }
 6692              		.loc 1 2278 1
 6693 0040 1800     		movs	r0, r3
 6694 0042 BD46     		mov	sp, r7
 6695 0044 02B0     		add	sp, sp, #8
 6696              		@ sp needed
 6697 0046 80BD     		pop	{r7, pc}
 6698              	.L420:
 6699              		.align	2
 6700              	.L419:
 6701 0048 FF3FFCFF 		.word	-245761
 6702              		.cfi_endproc
 6703              	.LFE395:
 6705              		.section	.text.HAL_TIMEx_TISelection,"ax",%progbits
 6706              		.align	1
 6707              		.global	HAL_TIMEx_TISelection
 6708              		.syntax unified
 6709              		.code	16
 6710              		.thumb_func
 6712              	HAL_TIMEx_TISelection:
 6713              	.LFB396:
2279:Drivers/STM32G0xx_HAL_Driver/Src/stm32g0xx_hal_tim_ex.c **** 
2280:Drivers/STM32G0xx_HAL_Driver/Src/stm32g0xx_hal_tim_ex.c **** /**
2281:Drivers/STM32G0xx_HAL_Driver/Src/stm32g0xx_hal_tim_ex.c ****   * @brief  Select the timer input source
2282:Drivers/STM32G0xx_HAL_Driver/Src/stm32g0xx_hal_tim_ex.c ****   * @param  htim TIM handle.
2283:Drivers/STM32G0xx_HAL_Driver/Src/stm32g0xx_hal_tim_ex.c ****   * @param  Channel specifies the TIM Channel
2284:Drivers/STM32G0xx_HAL_Driver/Src/stm32g0xx_hal_tim_ex.c ****   *          This parameter can be one of the following values:
ARM GAS  C:\Users\a_hae\AppData\Local\Temp\ccujrzwF.s 			page 158


2285:Drivers/STM32G0xx_HAL_Driver/Src/stm32g0xx_hal_tim_ex.c ****   *            @arg TIM_CHANNEL_1: TI1 input channel
2286:Drivers/STM32G0xx_HAL_Driver/Src/stm32g0xx_hal_tim_ex.c ****   *            @arg TIM_CHANNEL_2: TI2 input channel
2287:Drivers/STM32G0xx_HAL_Driver/Src/stm32g0xx_hal_tim_ex.c ****   *            @arg TIM_CHANNEL_3: TI3 input channel
2288:Drivers/STM32G0xx_HAL_Driver/Src/stm32g0xx_hal_tim_ex.c ****   * @param  TISelection specifies the timer input source
2289:Drivers/STM32G0xx_HAL_Driver/Src/stm32g0xx_hal_tim_ex.c ****   *
2290:Drivers/STM32G0xx_HAL_Driver/Src/stm32g0xx_hal_tim_ex.c ****   *         For TIM1 this parameter can be one of the following values:
2291:Drivers/STM32G0xx_HAL_Driver/Src/stm32g0xx_hal_tim_ex.c ****   *            @arg TIM_TIM1_TI1_GPIO:                TIM1 TI1 is connected to GPIO
2292:Drivers/STM32G0xx_HAL_Driver/Src/stm32g0xx_hal_tim_ex.c ****   *            @arg TIM_TIM1_TI1_COMP1:               TIM1 TI1 is connected to COMP1 output
2293:Drivers/STM32G0xx_HAL_Driver/Src/stm32g0xx_hal_tim_ex.c ****   *            @arg TIM_TIM1_TI2_GPIO:                TIM1 TI2 is connected to GPIO
2294:Drivers/STM32G0xx_HAL_Driver/Src/stm32g0xx_hal_tim_ex.c ****   *            @arg TIM_TIM1_TI2_COMP2:               TIM1 TI2 is connected to COMP2 output
2295:Drivers/STM32G0xx_HAL_Driver/Src/stm32g0xx_hal_tim_ex.c ****   *            @arg TIM_TIM1_TI3_GPIO:                TIM1 TI3 is connected to GPIO
2296:Drivers/STM32G0xx_HAL_Driver/Src/stm32g0xx_hal_tim_ex.c ****   *            @arg TIM_TIM1_TI3_COMP3:               TIM1 TI3 is connected to COMP3 output   (**)
2297:Drivers/STM32G0xx_HAL_Driver/Src/stm32g0xx_hal_tim_ex.c ****   *
2298:Drivers/STM32G0xx_HAL_Driver/Src/stm32g0xx_hal_tim_ex.c ****   *         For TIM2, the parameter is one of the following values: (*)
2299:Drivers/STM32G0xx_HAL_Driver/Src/stm32g0xx_hal_tim_ex.c ****   *            @arg TIM_TIM2_TI1_GPIO:                TIM2 TI1 is connected to GPIO
2300:Drivers/STM32G0xx_HAL_Driver/Src/stm32g0xx_hal_tim_ex.c ****   *            @arg TIM_TIM2_TI1_COMP1:               TIM2 TI1 is connected to COMP1 output
2301:Drivers/STM32G0xx_HAL_Driver/Src/stm32g0xx_hal_tim_ex.c ****   *            @arg TIM_TIM2_TI2_GPIO:                TIM2 TI2 is connected to GPIO
2302:Drivers/STM32G0xx_HAL_Driver/Src/stm32g0xx_hal_tim_ex.c ****   *            @arg TIM_TIM2_TI2_COMP2:               TIM2 TI2 is connected to COMP2 output
2303:Drivers/STM32G0xx_HAL_Driver/Src/stm32g0xx_hal_tim_ex.c ****   *            @arg TIM_TIM2_TI3_GPIO:                TIM2 TI3 is connected to GPIO
2304:Drivers/STM32G0xx_HAL_Driver/Src/stm32g0xx_hal_tim_ex.c ****   *            @arg TIM_TIM2_TI3_COMP3:               TIM2 TI3 is connected to COMP3 output   (**)
2305:Drivers/STM32G0xx_HAL_Driver/Src/stm32g0xx_hal_tim_ex.c ****   *
2306:Drivers/STM32G0xx_HAL_Driver/Src/stm32g0xx_hal_tim_ex.c ****   *         For TIM3, the parameter is one of the following values:
2307:Drivers/STM32G0xx_HAL_Driver/Src/stm32g0xx_hal_tim_ex.c ****   *            @arg TIM_TIM3_TI1_GPIO:                TIM3 TI1 is connected to GPIO
2308:Drivers/STM32G0xx_HAL_Driver/Src/stm32g0xx_hal_tim_ex.c ****   *            @arg TIM_TIM3_TI1_COMP1:               TIM3 TI1 is connected to COMP1 output
2309:Drivers/STM32G0xx_HAL_Driver/Src/stm32g0xx_hal_tim_ex.c ****   *            @arg TIM_TIM3_TI2_GPIO:                TIM3 TI2 is connected to GPIO
2310:Drivers/STM32G0xx_HAL_Driver/Src/stm32g0xx_hal_tim_ex.c ****   *            @arg TIM_TIM3_TI2_COMP2:               TIM3 TI2 is connected to COMP2 output
2311:Drivers/STM32G0xx_HAL_Driver/Src/stm32g0xx_hal_tim_ex.c ****   *            @arg TIM_TIM3_TI3_GPIO:                TIM3 TI3 is connected to GPIO
2312:Drivers/STM32G0xx_HAL_Driver/Src/stm32g0xx_hal_tim_ex.c ****   *            @arg TIM_TIM3_TI3_COMP3:               TIM3 TI3 is connected to COMP3 output   (**)
2313:Drivers/STM32G0xx_HAL_Driver/Src/stm32g0xx_hal_tim_ex.c ****   *
2314:Drivers/STM32G0xx_HAL_Driver/Src/stm32g0xx_hal_tim_ex.c ****   *         For TIM4, the parameter is one of the following values: (*)
2315:Drivers/STM32G0xx_HAL_Driver/Src/stm32g0xx_hal_tim_ex.c ****   *            @arg TIM_TIM4_TI1_GPIO:                TIM4 TI1 is connected to GPIO
2316:Drivers/STM32G0xx_HAL_Driver/Src/stm32g0xx_hal_tim_ex.c ****   *            @arg TIM_TIM4_TI1_COMP1:               TIM4 TI1 is connected to COMP1 output
2317:Drivers/STM32G0xx_HAL_Driver/Src/stm32g0xx_hal_tim_ex.c ****   *            @arg TIM_TIM4_TI2_GPIO:                TIM4 TI2 is connected to GPIO
2318:Drivers/STM32G0xx_HAL_Driver/Src/stm32g0xx_hal_tim_ex.c ****   *            @arg TIM_TIM4_TI2_COMP2:               TIM4 TI2 is connected to COMP2 output
2319:Drivers/STM32G0xx_HAL_Driver/Src/stm32g0xx_hal_tim_ex.c ****   *            @arg TIM_TIM4_TI3_GPIO:                TIM4 TI3 is connected to GPIO
2320:Drivers/STM32G0xx_HAL_Driver/Src/stm32g0xx_hal_tim_ex.c ****   *            @arg TIM_TIM4_TI3_COMP3:               TIM4 TI3 is connected to COMP3 output
2321:Drivers/STM32G0xx_HAL_Driver/Src/stm32g0xx_hal_tim_ex.c ****   *
2322:Drivers/STM32G0xx_HAL_Driver/Src/stm32g0xx_hal_tim_ex.c ****   *         For TIM14, the parameter is one of the following values:
2323:Drivers/STM32G0xx_HAL_Driver/Src/stm32g0xx_hal_tim_ex.c ****   *            @arg TIM_TIM14_TI1_GPIO:               TIM14 TI1 is connected to GPIO
2324:Drivers/STM32G0xx_HAL_Driver/Src/stm32g0xx_hal_tim_ex.c ****   *            @arg TIM_TIM14_TI1_RTC:                TIM14 TI1 is connected to RTC clock
2325:Drivers/STM32G0xx_HAL_Driver/Src/stm32g0xx_hal_tim_ex.c ****   *            @arg TIM_TIM14_TI1_HSE_32:             TIM14 TI1 is connected to HSE div 32
2326:Drivers/STM32G0xx_HAL_Driver/Src/stm32g0xx_hal_tim_ex.c ****   *            @arg TIM_TIM14_TI1_MCO:                TIM14 TI1 is connected to MCO
2327:Drivers/STM32G0xx_HAL_Driver/Src/stm32g0xx_hal_tim_ex.c ****   *            @arg TIM_TIM14_TI1_MCO2:               TIM14 TI1 is connected to MCO2          (**)
2328:Drivers/STM32G0xx_HAL_Driver/Src/stm32g0xx_hal_tim_ex.c ****   *
2329:Drivers/STM32G0xx_HAL_Driver/Src/stm32g0xx_hal_tim_ex.c ****   *         For TIM15, the parameter is one of the following values:
2330:Drivers/STM32G0xx_HAL_Driver/Src/stm32g0xx_hal_tim_ex.c ****   *            @arg TIM_TIM15_TI1_GPIO:               TIM15 TI1 is connected to GPIO
2331:Drivers/STM32G0xx_HAL_Driver/Src/stm32g0xx_hal_tim_ex.c ****   *            @arg TIM_TIM15_TI1_TIM2_CH1:           TIM15 TI1 is connected to TIM2 CH1
2332:Drivers/STM32G0xx_HAL_Driver/Src/stm32g0xx_hal_tim_ex.c ****   *            @arg TIM_TIM15_TI1_TIM3_CH1:           TIM15 TI1 is connected to TIM3 CH1
2333:Drivers/STM32G0xx_HAL_Driver/Src/stm32g0xx_hal_tim_ex.c ****   *            @arg TIM_TIM15_TI2_GPIO:               TIM15 TI2 is connected to GPIO
2334:Drivers/STM32G0xx_HAL_Driver/Src/stm32g0xx_hal_tim_ex.c ****   *            @arg TIM_TIM15_TI2_TIM2_CH2:           TIM15 TI2 is connected to TIM2 CH2
2335:Drivers/STM32G0xx_HAL_Driver/Src/stm32g0xx_hal_tim_ex.c ****   *            @arg TIM_TIM15_TI2_TIM3_CH2:           TIM15 TI2 is connected to TIM3 CH2
2336:Drivers/STM32G0xx_HAL_Driver/Src/stm32g0xx_hal_tim_ex.c ****   *
2337:Drivers/STM32G0xx_HAL_Driver/Src/stm32g0xx_hal_tim_ex.c ****   *         For TIM16, the parameter can have the following values:
2338:Drivers/STM32G0xx_HAL_Driver/Src/stm32g0xx_hal_tim_ex.c ****   *            @arg TIM_TIM16_TI1_GPIO:               TIM16 TI1 is connected to GPIO
2339:Drivers/STM32G0xx_HAL_Driver/Src/stm32g0xx_hal_tim_ex.c ****   *            @arg TIM_TIM16_TI1_LSI:                TIM16 TI1 is connected to LSI
2340:Drivers/STM32G0xx_HAL_Driver/Src/stm32g0xx_hal_tim_ex.c ****   *            @arg TIM_TIM16_TI1_LSE:                TIM16 TI1 is connected to LSE
2341:Drivers/STM32G0xx_HAL_Driver/Src/stm32g0xx_hal_tim_ex.c ****   *            @arg TIM_TIM16_TI1_RTC_WAKEUP:         TIM16 TI1 is connected to TRC wakeup interrup
ARM GAS  C:\Users\a_hae\AppData\Local\Temp\ccujrzwF.s 			page 159


2342:Drivers/STM32G0xx_HAL_Driver/Src/stm32g0xx_hal_tim_ex.c ****   *            @arg TIM_TIM16_TI1_MCO2:               TIM16 TI1 is connected to MCO2          (**)
2343:Drivers/STM32G0xx_HAL_Driver/Src/stm32g0xx_hal_tim_ex.c ****   *
2344:Drivers/STM32G0xx_HAL_Driver/Src/stm32g0xx_hal_tim_ex.c ****   *         For TIM17, the parameter can have the following values:
2345:Drivers/STM32G0xx_HAL_Driver/Src/stm32g0xx_hal_tim_ex.c ****   *            @arg TIM_TIM17_TI1_GPIO:               TIM17 TI1 is connected to GPIO
2346:Drivers/STM32G0xx_HAL_Driver/Src/stm32g0xx_hal_tim_ex.c ****   *            @arg TIM_TIM14_TI1_HSI:                TIM17 TI1 is connected to HSI           (**)
2347:Drivers/STM32G0xx_HAL_Driver/Src/stm32g0xx_hal_tim_ex.c ****   *            @arg TIM_TIM17_TI1_HSE_32:             TIM17 TI1 is connected to HSE div 32
2348:Drivers/STM32G0xx_HAL_Driver/Src/stm32g0xx_hal_tim_ex.c ****   *            @arg TIM_TIM17_TI1_MCO:                TIM17 TI1 is connected to MCO
2349:Drivers/STM32G0xx_HAL_Driver/Src/stm32g0xx_hal_tim_ex.c ****   *            @arg TIM_TIM17_TI1_MCO2:               TIM17 TI1 is connected to MCO2          (**)
2350:Drivers/STM32G0xx_HAL_Driver/Src/stm32g0xx_hal_tim_ex.c ****   *
2351:Drivers/STM32G0xx_HAL_Driver/Src/stm32g0xx_hal_tim_ex.c ****   *  (*) Timer instance not available on all devices \n
2352:Drivers/STM32G0xx_HAL_Driver/Src/stm32g0xx_hal_tim_ex.c ****   *  (**) Value not defined in all devices. \n
2353:Drivers/STM32G0xx_HAL_Driver/Src/stm32g0xx_hal_tim_ex.c ****   *
2354:Drivers/STM32G0xx_HAL_Driver/Src/stm32g0xx_hal_tim_ex.c ****   * @retval HAL status
2355:Drivers/STM32G0xx_HAL_Driver/Src/stm32g0xx_hal_tim_ex.c ****   */
2356:Drivers/STM32G0xx_HAL_Driver/Src/stm32g0xx_hal_tim_ex.c **** HAL_StatusTypeDef  HAL_TIMEx_TISelection(TIM_HandleTypeDef *htim, uint32_t TISelection, uint32_t Ch
2357:Drivers/STM32G0xx_HAL_Driver/Src/stm32g0xx_hal_tim_ex.c **** {
 6714              		.loc 1 2357 1
 6715              		.cfi_startproc
 6716              		@ args = 0, pretend = 0, frame = 24
 6717              		@ frame_needed = 1, uses_anonymous_args = 0
 6718 0000 80B5     		push	{r7, lr}
 6719              	.LCFI99:
 6720              		.cfi_def_cfa_offset 8
 6721              		.cfi_offset 7, -8
 6722              		.cfi_offset 14, -4
 6723 0002 86B0     		sub	sp, sp, #24
 6724              	.LCFI100:
 6725              		.cfi_def_cfa_offset 32
 6726 0004 00AF     		add	r7, sp, #0
 6727              	.LCFI101:
 6728              		.cfi_def_cfa_register 7
 6729 0006 F860     		str	r0, [r7, #12]
 6730 0008 B960     		str	r1, [r7, #8]
 6731 000a 7A60     		str	r2, [r7, #4]
2358:Drivers/STM32G0xx_HAL_Driver/Src/stm32g0xx_hal_tim_ex.c ****   HAL_StatusTypeDef status = HAL_OK;
 6732              		.loc 1 2358 21
 6733 000c 1723     		movs	r3, #23
 6734 000e FB18     		adds	r3, r7, r3
 6735 0010 0022     		movs	r2, #0
 6736 0012 1A70     		strb	r2, [r3]
2359:Drivers/STM32G0xx_HAL_Driver/Src/stm32g0xx_hal_tim_ex.c **** 
2360:Drivers/STM32G0xx_HAL_Driver/Src/stm32g0xx_hal_tim_ex.c ****   /* Check parameters */
2361:Drivers/STM32G0xx_HAL_Driver/Src/stm32g0xx_hal_tim_ex.c ****   assert_param(IS_TIM_TISEL_INSTANCE(htim->Instance));
2362:Drivers/STM32G0xx_HAL_Driver/Src/stm32g0xx_hal_tim_ex.c ****   assert_param(IS_TIM_TISEL(TISelection));
2363:Drivers/STM32G0xx_HAL_Driver/Src/stm32g0xx_hal_tim_ex.c **** 
2364:Drivers/STM32G0xx_HAL_Driver/Src/stm32g0xx_hal_tim_ex.c ****   __HAL_LOCK(htim);
 6737              		.loc 1 2364 3
 6738 0014 FB68     		ldr	r3, [r7, #12]
 6739 0016 3C22     		movs	r2, #60
 6740 0018 9B5C     		ldrb	r3, [r3, r2]
 6741 001a 012B     		cmp	r3, #1
 6742 001c 01D1     		bne	.L422
 6743              		.loc 1 2364 3 is_stmt 0 discriminator 1
 6744 001e 0223     		movs	r3, #2
 6745              		.loc 1 2364 3
 6746 0020 40E0     		b	.L423
 6747              	.L422:
ARM GAS  C:\Users\a_hae\AppData\Local\Temp\ccujrzwF.s 			page 160


 6748              		.loc 1 2364 3 discriminator 2
 6749 0022 FB68     		ldr	r3, [r7, #12]
 6750 0024 3C22     		movs	r2, #60
 6751 0026 0121     		movs	r1, #1
 6752 0028 9954     		strb	r1, [r3, r2]
2365:Drivers/STM32G0xx_HAL_Driver/Src/stm32g0xx_hal_tim_ex.c **** 
2366:Drivers/STM32G0xx_HAL_Driver/Src/stm32g0xx_hal_tim_ex.c ****   switch (Channel)
 6753              		.loc 1 2366 3 is_stmt 1
 6754 002a 7B68     		ldr	r3, [r7, #4]
 6755 002c 082B     		cmp	r3, #8
 6756 002e 21D0     		beq	.L424
 6757 0030 7B68     		ldr	r3, [r7, #4]
 6758 0032 082B     		cmp	r3, #8
 6759 0034 2AD8     		bhi	.L425
 6760 0036 7B68     		ldr	r3, [r7, #4]
 6761 0038 002B     		cmp	r3, #0
 6762 003a 03D0     		beq	.L426
 6763 003c 7B68     		ldr	r3, [r7, #4]
 6764 003e 042B     		cmp	r3, #4
 6765 0040 0CD0     		beq	.L427
 6766 0042 23E0     		b	.L425
 6767              	.L426:
2367:Drivers/STM32G0xx_HAL_Driver/Src/stm32g0xx_hal_tim_ex.c ****   {
2368:Drivers/STM32G0xx_HAL_Driver/Src/stm32g0xx_hal_tim_ex.c ****     case TIM_CHANNEL_1:
2369:Drivers/STM32G0xx_HAL_Driver/Src/stm32g0xx_hal_tim_ex.c ****       MODIFY_REG(htim->Instance->TISEL, TIM_TISEL_TI1SEL, TISelection);
 6768              		.loc 1 2369 7
 6769 0044 FB68     		ldr	r3, [r7, #12]
 6770 0046 1B68     		ldr	r3, [r3]
 6771 0048 9B6E     		ldr	r3, [r3, #104]
 6772 004a 0F22     		movs	r2, #15
 6773 004c 9343     		bics	r3, r2
 6774 004e 1900     		movs	r1, r3
 6775 0050 FB68     		ldr	r3, [r7, #12]
 6776 0052 1B68     		ldr	r3, [r3]
 6777 0054 BA68     		ldr	r2, [r7, #8]
 6778 0056 0A43     		orrs	r2, r1
 6779 0058 9A66     		str	r2, [r3, #104]
2370:Drivers/STM32G0xx_HAL_Driver/Src/stm32g0xx_hal_tim_ex.c ****       break;
 6780              		.loc 1 2370 7
 6781 005a 1CE0     		b	.L428
 6782              	.L427:
2371:Drivers/STM32G0xx_HAL_Driver/Src/stm32g0xx_hal_tim_ex.c ****     case TIM_CHANNEL_2:
2372:Drivers/STM32G0xx_HAL_Driver/Src/stm32g0xx_hal_tim_ex.c ****       MODIFY_REG(htim->Instance->TISEL, TIM_TISEL_TI2SEL, TISelection);
 6783              		.loc 1 2372 7
 6784 005c FB68     		ldr	r3, [r7, #12]
 6785 005e 1B68     		ldr	r3, [r3]
 6786 0060 9B6E     		ldr	r3, [r3, #104]
 6787 0062 124A     		ldr	r2, .L429
 6788 0064 1340     		ands	r3, r2
 6789 0066 1900     		movs	r1, r3
 6790 0068 FB68     		ldr	r3, [r7, #12]
 6791 006a 1B68     		ldr	r3, [r3]
 6792 006c BA68     		ldr	r2, [r7, #8]
 6793 006e 0A43     		orrs	r2, r1
 6794 0070 9A66     		str	r2, [r3, #104]
2373:Drivers/STM32G0xx_HAL_Driver/Src/stm32g0xx_hal_tim_ex.c ****       break;
 6795              		.loc 1 2373 7
ARM GAS  C:\Users\a_hae\AppData\Local\Temp\ccujrzwF.s 			page 161


 6796 0072 10E0     		b	.L428
 6797              	.L424:
2374:Drivers/STM32G0xx_HAL_Driver/Src/stm32g0xx_hal_tim_ex.c ****     case TIM_CHANNEL_3:
2375:Drivers/STM32G0xx_HAL_Driver/Src/stm32g0xx_hal_tim_ex.c ****       MODIFY_REG(htim->Instance->TISEL, TIM_TISEL_TI3SEL, TISelection);
 6798              		.loc 1 2375 7
 6799 0074 FB68     		ldr	r3, [r7, #12]
 6800 0076 1B68     		ldr	r3, [r3]
 6801 0078 9B6E     		ldr	r3, [r3, #104]
 6802 007a 0D4A     		ldr	r2, .L429+4
 6803 007c 1340     		ands	r3, r2
 6804 007e 1900     		movs	r1, r3
 6805 0080 FB68     		ldr	r3, [r7, #12]
 6806 0082 1B68     		ldr	r3, [r3]
 6807 0084 BA68     		ldr	r2, [r7, #8]
 6808 0086 0A43     		orrs	r2, r1
 6809 0088 9A66     		str	r2, [r3, #104]
2376:Drivers/STM32G0xx_HAL_Driver/Src/stm32g0xx_hal_tim_ex.c ****       break;
 6810              		.loc 1 2376 7
 6811 008a 04E0     		b	.L428
 6812              	.L425:
2377:Drivers/STM32G0xx_HAL_Driver/Src/stm32g0xx_hal_tim_ex.c ****     default:
2378:Drivers/STM32G0xx_HAL_Driver/Src/stm32g0xx_hal_tim_ex.c ****       status = HAL_ERROR;
 6813              		.loc 1 2378 14
 6814 008c 1723     		movs	r3, #23
 6815 008e FB18     		adds	r3, r7, r3
 6816 0090 0122     		movs	r2, #1
 6817 0092 1A70     		strb	r2, [r3]
2379:Drivers/STM32G0xx_HAL_Driver/Src/stm32g0xx_hal_tim_ex.c ****       break;
 6818              		.loc 1 2379 7
 6819 0094 C046     		nop
 6820              	.L428:
2380:Drivers/STM32G0xx_HAL_Driver/Src/stm32g0xx_hal_tim_ex.c ****   }
2381:Drivers/STM32G0xx_HAL_Driver/Src/stm32g0xx_hal_tim_ex.c **** 
2382:Drivers/STM32G0xx_HAL_Driver/Src/stm32g0xx_hal_tim_ex.c ****   __HAL_UNLOCK(htim);
 6821              		.loc 1 2382 3
 6822 0096 FB68     		ldr	r3, [r7, #12]
 6823 0098 3C22     		movs	r2, #60
 6824 009a 0021     		movs	r1, #0
 6825 009c 9954     		strb	r1, [r3, r2]
2383:Drivers/STM32G0xx_HAL_Driver/Src/stm32g0xx_hal_tim_ex.c **** 
2384:Drivers/STM32G0xx_HAL_Driver/Src/stm32g0xx_hal_tim_ex.c ****   return status;
 6826              		.loc 1 2384 10
 6827 009e 1723     		movs	r3, #23
 6828 00a0 FB18     		adds	r3, r7, r3
 6829 00a2 1B78     		ldrb	r3, [r3]
 6830              	.L423:
2385:Drivers/STM32G0xx_HAL_Driver/Src/stm32g0xx_hal_tim_ex.c **** }
 6831              		.loc 1 2385 1
 6832 00a4 1800     		movs	r0, r3
 6833 00a6 BD46     		mov	sp, r7
 6834 00a8 06B0     		add	sp, sp, #24
 6835              		@ sp needed
 6836 00aa 80BD     		pop	{r7, pc}
 6837              	.L430:
 6838              		.align	2
 6839              	.L429:
 6840 00ac FFF0FFFF 		.word	-3841
ARM GAS  C:\Users\a_hae\AppData\Local\Temp\ccujrzwF.s 			page 162


 6841 00b0 FFFFF0FF 		.word	-983041
 6842              		.cfi_endproc
 6843              	.LFE396:
 6845              		.section	.text.HAL_TIMEx_GroupChannel5,"ax",%progbits
 6846              		.align	1
 6847              		.global	HAL_TIMEx_GroupChannel5
 6848              		.syntax unified
 6849              		.code	16
 6850              		.thumb_func
 6852              	HAL_TIMEx_GroupChannel5:
 6853              	.LFB397:
2386:Drivers/STM32G0xx_HAL_Driver/Src/stm32g0xx_hal_tim_ex.c **** 
2387:Drivers/STM32G0xx_HAL_Driver/Src/stm32g0xx_hal_tim_ex.c **** /**
2388:Drivers/STM32G0xx_HAL_Driver/Src/stm32g0xx_hal_tim_ex.c ****   * @brief  Group channel 5 and channel 1, 2 or 3
2389:Drivers/STM32G0xx_HAL_Driver/Src/stm32g0xx_hal_tim_ex.c ****   * @param  htim TIM handle.
2390:Drivers/STM32G0xx_HAL_Driver/Src/stm32g0xx_hal_tim_ex.c ****   * @param  Channels specifies the reference signal(s) the OC5REF is combined with.
2391:Drivers/STM32G0xx_HAL_Driver/Src/stm32g0xx_hal_tim_ex.c ****   *         This parameter can be any combination of the following values:
2392:Drivers/STM32G0xx_HAL_Driver/Src/stm32g0xx_hal_tim_ex.c ****   *         TIM_GROUPCH5_NONE: No effect of OC5REF on OC1REFC, OC2REFC and OC3REFC
2393:Drivers/STM32G0xx_HAL_Driver/Src/stm32g0xx_hal_tim_ex.c ****   *         TIM_GROUPCH5_OC1REFC: OC1REFC is the logical AND of OC1REFC and OC5REF
2394:Drivers/STM32G0xx_HAL_Driver/Src/stm32g0xx_hal_tim_ex.c ****   *         TIM_GROUPCH5_OC2REFC: OC2REFC is the logical AND of OC2REFC and OC5REF
2395:Drivers/STM32G0xx_HAL_Driver/Src/stm32g0xx_hal_tim_ex.c ****   *         TIM_GROUPCH5_OC3REFC: OC3REFC is the logical AND of OC3REFC and OC5REF
2396:Drivers/STM32G0xx_HAL_Driver/Src/stm32g0xx_hal_tim_ex.c ****   * @retval HAL status
2397:Drivers/STM32G0xx_HAL_Driver/Src/stm32g0xx_hal_tim_ex.c ****   */
2398:Drivers/STM32G0xx_HAL_Driver/Src/stm32g0xx_hal_tim_ex.c **** HAL_StatusTypeDef HAL_TIMEx_GroupChannel5(TIM_HandleTypeDef *htim, uint32_t Channels)
2399:Drivers/STM32G0xx_HAL_Driver/Src/stm32g0xx_hal_tim_ex.c **** {
 6854              		.loc 1 2399 1
 6855              		.cfi_startproc
 6856              		@ args = 0, pretend = 0, frame = 8
 6857              		@ frame_needed = 1, uses_anonymous_args = 0
 6858 0000 80B5     		push	{r7, lr}
 6859              	.LCFI102:
 6860              		.cfi_def_cfa_offset 8
 6861              		.cfi_offset 7, -8
 6862              		.cfi_offset 14, -4
 6863 0002 82B0     		sub	sp, sp, #8
 6864              	.LCFI103:
 6865              		.cfi_def_cfa_offset 16
 6866 0004 00AF     		add	r7, sp, #0
 6867              	.LCFI104:
 6868              		.cfi_def_cfa_register 7
 6869 0006 7860     		str	r0, [r7, #4]
 6870 0008 3960     		str	r1, [r7]
2400:Drivers/STM32G0xx_HAL_Driver/Src/stm32g0xx_hal_tim_ex.c ****   /* Check parameters */
2401:Drivers/STM32G0xx_HAL_Driver/Src/stm32g0xx_hal_tim_ex.c ****   assert_param(IS_TIM_COMBINED3PHASEPWM_INSTANCE(htim->Instance));
2402:Drivers/STM32G0xx_HAL_Driver/Src/stm32g0xx_hal_tim_ex.c ****   assert_param(IS_TIM_GROUPCH5(Channels));
2403:Drivers/STM32G0xx_HAL_Driver/Src/stm32g0xx_hal_tim_ex.c **** 
2404:Drivers/STM32G0xx_HAL_Driver/Src/stm32g0xx_hal_tim_ex.c ****   /* Process Locked */
2405:Drivers/STM32G0xx_HAL_Driver/Src/stm32g0xx_hal_tim_ex.c ****   __HAL_LOCK(htim);
 6871              		.loc 1 2405 3
 6872 000a 7B68     		ldr	r3, [r7, #4]
 6873 000c 3C22     		movs	r2, #60
 6874 000e 9B5C     		ldrb	r3, [r3, r2]
 6875 0010 012B     		cmp	r3, #1
 6876 0012 01D1     		bne	.L432
 6877              		.loc 1 2405 3 is_stmt 0 discriminator 1
 6878 0014 0223     		movs	r3, #2
 6879              		.loc 1 2405 3
ARM GAS  C:\Users\a_hae\AppData\Local\Temp\ccujrzwF.s 			page 163


 6880 0016 20E0     		b	.L433
 6881              	.L432:
 6882              		.loc 1 2405 3 discriminator 2
 6883 0018 7B68     		ldr	r3, [r7, #4]
 6884 001a 3C22     		movs	r2, #60
 6885 001c 0121     		movs	r1, #1
 6886 001e 9954     		strb	r1, [r3, r2]
2406:Drivers/STM32G0xx_HAL_Driver/Src/stm32g0xx_hal_tim_ex.c **** 
2407:Drivers/STM32G0xx_HAL_Driver/Src/stm32g0xx_hal_tim_ex.c ****   htim->State = HAL_TIM_STATE_BUSY;
 6887              		.loc 1 2407 15 is_stmt 1
 6888 0020 7B68     		ldr	r3, [r7, #4]
 6889 0022 3D22     		movs	r2, #61
 6890 0024 0221     		movs	r1, #2
 6891 0026 9954     		strb	r1, [r3, r2]
2408:Drivers/STM32G0xx_HAL_Driver/Src/stm32g0xx_hal_tim_ex.c **** 
2409:Drivers/STM32G0xx_HAL_Driver/Src/stm32g0xx_hal_tim_ex.c ****   /* Clear GC5Cx bit fields */
2410:Drivers/STM32G0xx_HAL_Driver/Src/stm32g0xx_hal_tim_ex.c ****   htim->Instance->CCR5 &= ~(TIM_CCR5_GC5C3 | TIM_CCR5_GC5C2 | TIM_CCR5_GC5C1);
 6892              		.loc 1 2410 7
 6893 0028 7B68     		ldr	r3, [r7, #4]
 6894 002a 1B68     		ldr	r3, [r3]
 6895              		.loc 1 2410 17
 6896 002c 9A6D     		ldr	r2, [r3, #88]
 6897              		.loc 1 2410 7
 6898 002e 7B68     		ldr	r3, [r7, #4]
 6899 0030 1B68     		ldr	r3, [r3]
 6900              		.loc 1 2410 24
 6901 0032 D200     		lsls	r2, r2, #3
 6902 0034 D208     		lsrs	r2, r2, #3
 6903 0036 9A65     		str	r2, [r3, #88]
2411:Drivers/STM32G0xx_HAL_Driver/Src/stm32g0xx_hal_tim_ex.c **** 
2412:Drivers/STM32G0xx_HAL_Driver/Src/stm32g0xx_hal_tim_ex.c ****   /* Set GC5Cx bit fields */
2413:Drivers/STM32G0xx_HAL_Driver/Src/stm32g0xx_hal_tim_ex.c ****   htim->Instance->CCR5 |= Channels;
 6904              		.loc 1 2413 7
 6905 0038 7B68     		ldr	r3, [r7, #4]
 6906 003a 1B68     		ldr	r3, [r3]
 6907              		.loc 1 2413 17
 6908 003c 996D     		ldr	r1, [r3, #88]
 6909              		.loc 1 2413 7
 6910 003e 7B68     		ldr	r3, [r7, #4]
 6911 0040 1B68     		ldr	r3, [r3]
 6912              		.loc 1 2413 24
 6913 0042 3A68     		ldr	r2, [r7]
 6914 0044 0A43     		orrs	r2, r1
 6915 0046 9A65     		str	r2, [r3, #88]
2414:Drivers/STM32G0xx_HAL_Driver/Src/stm32g0xx_hal_tim_ex.c **** 
2415:Drivers/STM32G0xx_HAL_Driver/Src/stm32g0xx_hal_tim_ex.c ****   /* Change the htim state */
2416:Drivers/STM32G0xx_HAL_Driver/Src/stm32g0xx_hal_tim_ex.c ****   htim->State = HAL_TIM_STATE_READY;
 6916              		.loc 1 2416 15
 6917 0048 7B68     		ldr	r3, [r7, #4]
 6918 004a 3D22     		movs	r2, #61
 6919 004c 0121     		movs	r1, #1
 6920 004e 9954     		strb	r1, [r3, r2]
2417:Drivers/STM32G0xx_HAL_Driver/Src/stm32g0xx_hal_tim_ex.c **** 
2418:Drivers/STM32G0xx_HAL_Driver/Src/stm32g0xx_hal_tim_ex.c ****   __HAL_UNLOCK(htim);
 6921              		.loc 1 2418 3
 6922 0050 7B68     		ldr	r3, [r7, #4]
 6923 0052 3C22     		movs	r2, #60
ARM GAS  C:\Users\a_hae\AppData\Local\Temp\ccujrzwF.s 			page 164


 6924 0054 0021     		movs	r1, #0
 6925 0056 9954     		strb	r1, [r3, r2]
2419:Drivers/STM32G0xx_HAL_Driver/Src/stm32g0xx_hal_tim_ex.c **** 
2420:Drivers/STM32G0xx_HAL_Driver/Src/stm32g0xx_hal_tim_ex.c ****   return HAL_OK;
 6926              		.loc 1 2420 10
 6927 0058 0023     		movs	r3, #0
 6928              	.L433:
2421:Drivers/STM32G0xx_HAL_Driver/Src/stm32g0xx_hal_tim_ex.c **** }
 6929              		.loc 1 2421 1
 6930 005a 1800     		movs	r0, r3
 6931 005c BD46     		mov	sp, r7
 6932 005e 02B0     		add	sp, sp, #8
 6933              		@ sp needed
 6934 0060 80BD     		pop	{r7, pc}
 6935              		.cfi_endproc
 6936              	.LFE397:
 6938              		.section	.text.HAL_TIMEx_DisarmBreakInput,"ax",%progbits
 6939              		.align	1
 6940              		.global	HAL_TIMEx_DisarmBreakInput
 6941              		.syntax unified
 6942              		.code	16
 6943              		.thumb_func
 6945              	HAL_TIMEx_DisarmBreakInput:
 6946              	.LFB398:
2422:Drivers/STM32G0xx_HAL_Driver/Src/stm32g0xx_hal_tim_ex.c **** 
2423:Drivers/STM32G0xx_HAL_Driver/Src/stm32g0xx_hal_tim_ex.c **** /**
2424:Drivers/STM32G0xx_HAL_Driver/Src/stm32g0xx_hal_tim_ex.c ****   * @brief  Disarm the designated break input (when it operates in bidirectional mode).
2425:Drivers/STM32G0xx_HAL_Driver/Src/stm32g0xx_hal_tim_ex.c ****   * @param  htim TIM handle.
2426:Drivers/STM32G0xx_HAL_Driver/Src/stm32g0xx_hal_tim_ex.c ****   * @param  BreakInput Break input to disarm
2427:Drivers/STM32G0xx_HAL_Driver/Src/stm32g0xx_hal_tim_ex.c ****   *          This parameter can be one of the following values:
2428:Drivers/STM32G0xx_HAL_Driver/Src/stm32g0xx_hal_tim_ex.c ****   *            @arg TIM_BREAKINPUT_BRK: Timer break input
2429:Drivers/STM32G0xx_HAL_Driver/Src/stm32g0xx_hal_tim_ex.c ****   *            @arg TIM_BREAKINPUT_BRK2: Timer break 2 input
2430:Drivers/STM32G0xx_HAL_Driver/Src/stm32g0xx_hal_tim_ex.c ****   * @note  The break input can be disarmed only when it is configured in
2431:Drivers/STM32G0xx_HAL_Driver/Src/stm32g0xx_hal_tim_ex.c ****   *        bidirectional mode and when when MOE is reset.
2432:Drivers/STM32G0xx_HAL_Driver/Src/stm32g0xx_hal_tim_ex.c ****   * @note  Purpose is to be able to have the input voltage back to high-state,
2433:Drivers/STM32G0xx_HAL_Driver/Src/stm32g0xx_hal_tim_ex.c ****   *        whatever the time constant on the output .
2434:Drivers/STM32G0xx_HAL_Driver/Src/stm32g0xx_hal_tim_ex.c ****   * @retval HAL status
2435:Drivers/STM32G0xx_HAL_Driver/Src/stm32g0xx_hal_tim_ex.c ****   */
2436:Drivers/STM32G0xx_HAL_Driver/Src/stm32g0xx_hal_tim_ex.c **** HAL_StatusTypeDef HAL_TIMEx_DisarmBreakInput(TIM_HandleTypeDef *htim, uint32_t BreakInput)
2437:Drivers/STM32G0xx_HAL_Driver/Src/stm32g0xx_hal_tim_ex.c **** {
 6947              		.loc 1 2437 1
 6948              		.cfi_startproc
 6949              		@ args = 0, pretend = 0, frame = 16
 6950              		@ frame_needed = 1, uses_anonymous_args = 0
 6951 0000 80B5     		push	{r7, lr}
 6952              	.LCFI105:
 6953              		.cfi_def_cfa_offset 8
 6954              		.cfi_offset 7, -8
 6955              		.cfi_offset 14, -4
 6956 0002 84B0     		sub	sp, sp, #16
 6957              	.LCFI106:
 6958              		.cfi_def_cfa_offset 24
 6959 0004 00AF     		add	r7, sp, #0
 6960              	.LCFI107:
 6961              		.cfi_def_cfa_register 7
 6962 0006 7860     		str	r0, [r7, #4]
 6963 0008 3960     		str	r1, [r7]
ARM GAS  C:\Users\a_hae\AppData\Local\Temp\ccujrzwF.s 			page 165


2438:Drivers/STM32G0xx_HAL_Driver/Src/stm32g0xx_hal_tim_ex.c ****   HAL_StatusTypeDef status = HAL_OK;
 6964              		.loc 1 2438 21
 6965 000a 0F23     		movs	r3, #15
 6966 000c FB18     		adds	r3, r7, r3
 6967 000e 0022     		movs	r2, #0
 6968 0010 1A70     		strb	r2, [r3]
2439:Drivers/STM32G0xx_HAL_Driver/Src/stm32g0xx_hal_tim_ex.c ****   uint32_t tmpbdtr;
2440:Drivers/STM32G0xx_HAL_Driver/Src/stm32g0xx_hal_tim_ex.c **** 
2441:Drivers/STM32G0xx_HAL_Driver/Src/stm32g0xx_hal_tim_ex.c ****   /* Check the parameters */
2442:Drivers/STM32G0xx_HAL_Driver/Src/stm32g0xx_hal_tim_ex.c ****   assert_param(IS_TIM_BREAK_INSTANCE(htim->Instance));
2443:Drivers/STM32G0xx_HAL_Driver/Src/stm32g0xx_hal_tim_ex.c ****   assert_param(IS_TIM_BREAKINPUT(BreakInput));
2444:Drivers/STM32G0xx_HAL_Driver/Src/stm32g0xx_hal_tim_ex.c **** 
2445:Drivers/STM32G0xx_HAL_Driver/Src/stm32g0xx_hal_tim_ex.c ****   switch (BreakInput)
 6969              		.loc 1 2445 3
 6970 0012 3B68     		ldr	r3, [r7]
 6971 0014 012B     		cmp	r3, #1
 6972 0016 03D0     		beq	.L435
 6973 0018 3B68     		ldr	r3, [r7]
 6974 001a 022B     		cmp	r3, #2
 6975 001c 18D0     		beq	.L436
 6976 001e 2FE0     		b	.L442
 6977              	.L435:
2446:Drivers/STM32G0xx_HAL_Driver/Src/stm32g0xx_hal_tim_ex.c ****   {
2447:Drivers/STM32G0xx_HAL_Driver/Src/stm32g0xx_hal_tim_ex.c ****     case TIM_BREAKINPUT_BRK:
2448:Drivers/STM32G0xx_HAL_Driver/Src/stm32g0xx_hal_tim_ex.c ****     {
2449:Drivers/STM32G0xx_HAL_Driver/Src/stm32g0xx_hal_tim_ex.c ****       /* Check initial conditions */
2450:Drivers/STM32G0xx_HAL_Driver/Src/stm32g0xx_hal_tim_ex.c ****       tmpbdtr = READ_REG(htim->Instance->BDTR);
 6978              		.loc 1 2450 17
 6979 0020 7B68     		ldr	r3, [r7, #4]
 6980 0022 1B68     		ldr	r3, [r3]
 6981              		.loc 1 2450 15
 6982 0024 5B6C     		ldr	r3, [r3, #68]
 6983 0026 BB60     		str	r3, [r7, #8]
2451:Drivers/STM32G0xx_HAL_Driver/Src/stm32g0xx_hal_tim_ex.c ****       if ((READ_BIT(tmpbdtr, TIM_BDTR_BKBID) == TIM_BDTR_BKBID) &&
 6984              		.loc 1 2451 12
 6985 0028 BA68     		ldr	r2, [r7, #8]
 6986 002a 8023     		movs	r3, #128
 6987 002c 5B05     		lsls	r3, r3, #21
 6988 002e 1340     		ands	r3, r2
 6989              		.loc 1 2451 10
 6990 0030 2BD0     		beq	.L443
2452:Drivers/STM32G0xx_HAL_Driver/Src/stm32g0xx_hal_tim_ex.c ****           (READ_BIT(tmpbdtr, TIM_BDTR_MOE) == 0U))
 6991              		.loc 1 2452 12
 6992 0032 BA68     		ldr	r2, [r7, #8]
 6993 0034 8023     		movs	r3, #128
 6994 0036 1B02     		lsls	r3, r3, #8
 6995 0038 1340     		ands	r3, r2
2451:Drivers/STM32G0xx_HAL_Driver/Src/stm32g0xx_hal_tim_ex.c ****       if ((READ_BIT(tmpbdtr, TIM_BDTR_BKBID) == TIM_BDTR_BKBID) &&
 6996              		.loc 1 2451 65 discriminator 1
 6997 003a 26D1     		bne	.L443
2453:Drivers/STM32G0xx_HAL_Driver/Src/stm32g0xx_hal_tim_ex.c ****       {
2454:Drivers/STM32G0xx_HAL_Driver/Src/stm32g0xx_hal_tim_ex.c ****         /* Break input BRK is disarmed */
2455:Drivers/STM32G0xx_HAL_Driver/Src/stm32g0xx_hal_tim_ex.c ****         SET_BIT(htim->Instance->BDTR, TIM_BDTR_BKDSRM);
 6998              		.loc 1 2455 9
 6999 003c 7B68     		ldr	r3, [r7, #4]
 7000 003e 1B68     		ldr	r3, [r3]
 7001 0040 5A6C     		ldr	r2, [r3, #68]
ARM GAS  C:\Users\a_hae\AppData\Local\Temp\ccujrzwF.s 			page 166


 7002 0042 7B68     		ldr	r3, [r7, #4]
 7003 0044 1B68     		ldr	r3, [r3]
 7004 0046 8021     		movs	r1, #128
 7005 0048 C904     		lsls	r1, r1, #19
 7006 004a 0A43     		orrs	r2, r1
 7007 004c 5A64     		str	r2, [r3, #68]
2456:Drivers/STM32G0xx_HAL_Driver/Src/stm32g0xx_hal_tim_ex.c ****       }
2457:Drivers/STM32G0xx_HAL_Driver/Src/stm32g0xx_hal_tim_ex.c ****       break;
 7008              		.loc 1 2457 7
 7009 004e 1CE0     		b	.L443
 7010              	.L436:
2458:Drivers/STM32G0xx_HAL_Driver/Src/stm32g0xx_hal_tim_ex.c ****     }
2459:Drivers/STM32G0xx_HAL_Driver/Src/stm32g0xx_hal_tim_ex.c ****     case TIM_BREAKINPUT_BRK2:
2460:Drivers/STM32G0xx_HAL_Driver/Src/stm32g0xx_hal_tim_ex.c ****     {
2461:Drivers/STM32G0xx_HAL_Driver/Src/stm32g0xx_hal_tim_ex.c ****       /* Check initial conditions */
2462:Drivers/STM32G0xx_HAL_Driver/Src/stm32g0xx_hal_tim_ex.c ****       tmpbdtr = READ_REG(htim->Instance->BDTR);
 7011              		.loc 1 2462 17
 7012 0050 7B68     		ldr	r3, [r7, #4]
 7013 0052 1B68     		ldr	r3, [r3]
 7014              		.loc 1 2462 15
 7015 0054 5B6C     		ldr	r3, [r3, #68]
 7016 0056 BB60     		str	r3, [r7, #8]
2463:Drivers/STM32G0xx_HAL_Driver/Src/stm32g0xx_hal_tim_ex.c ****       if ((READ_BIT(tmpbdtr, TIM_BDTR_BK2BID) == TIM_BDTR_BK2BID) &&
 7017              		.loc 1 2463 12
 7018 0058 BA68     		ldr	r2, [r7, #8]
 7019 005a 8023     		movs	r3, #128
 7020 005c 9B05     		lsls	r3, r3, #22
 7021 005e 1340     		ands	r3, r2
 7022              		.loc 1 2463 10
 7023 0060 15D0     		beq	.L444
2464:Drivers/STM32G0xx_HAL_Driver/Src/stm32g0xx_hal_tim_ex.c ****           (READ_BIT(tmpbdtr, TIM_BDTR_MOE) == 0U))
 7024              		.loc 1 2464 12
 7025 0062 BA68     		ldr	r2, [r7, #8]
 7026 0064 8023     		movs	r3, #128
 7027 0066 1B02     		lsls	r3, r3, #8
 7028 0068 1340     		ands	r3, r2
2463:Drivers/STM32G0xx_HAL_Driver/Src/stm32g0xx_hal_tim_ex.c ****       if ((READ_BIT(tmpbdtr, TIM_BDTR_BK2BID) == TIM_BDTR_BK2BID) &&
 7029              		.loc 1 2463 67 discriminator 1
 7030 006a 10D1     		bne	.L444
2465:Drivers/STM32G0xx_HAL_Driver/Src/stm32g0xx_hal_tim_ex.c ****       {
2466:Drivers/STM32G0xx_HAL_Driver/Src/stm32g0xx_hal_tim_ex.c ****         /* Break input BRK is disarmed */
2467:Drivers/STM32G0xx_HAL_Driver/Src/stm32g0xx_hal_tim_ex.c ****         SET_BIT(htim->Instance->BDTR, TIM_BDTR_BK2DSRM);
 7031              		.loc 1 2467 9
 7032 006c 7B68     		ldr	r3, [r7, #4]
 7033 006e 1B68     		ldr	r3, [r3]
 7034 0070 5A6C     		ldr	r2, [r3, #68]
 7035 0072 7B68     		ldr	r3, [r7, #4]
 7036 0074 1B68     		ldr	r3, [r3]
 7037 0076 8021     		movs	r1, #128
 7038 0078 0905     		lsls	r1, r1, #20
 7039 007a 0A43     		orrs	r2, r1
 7040 007c 5A64     		str	r2, [r3, #68]
2468:Drivers/STM32G0xx_HAL_Driver/Src/stm32g0xx_hal_tim_ex.c ****       }
2469:Drivers/STM32G0xx_HAL_Driver/Src/stm32g0xx_hal_tim_ex.c ****       break;
 7041              		.loc 1 2469 7
 7042 007e 06E0     		b	.L444
 7043              	.L442:
ARM GAS  C:\Users\a_hae\AppData\Local\Temp\ccujrzwF.s 			page 167


2470:Drivers/STM32G0xx_HAL_Driver/Src/stm32g0xx_hal_tim_ex.c ****     }
2471:Drivers/STM32G0xx_HAL_Driver/Src/stm32g0xx_hal_tim_ex.c ****     default:
2472:Drivers/STM32G0xx_HAL_Driver/Src/stm32g0xx_hal_tim_ex.c ****       status = HAL_ERROR;
 7044              		.loc 1 2472 14
 7045 0080 0F23     		movs	r3, #15
 7046 0082 FB18     		adds	r3, r7, r3
 7047 0084 0122     		movs	r2, #1
 7048 0086 1A70     		strb	r2, [r3]
2473:Drivers/STM32G0xx_HAL_Driver/Src/stm32g0xx_hal_tim_ex.c ****       break;
 7049              		.loc 1 2473 7
 7050 0088 02E0     		b	.L439
 7051              	.L443:
2457:Drivers/STM32G0xx_HAL_Driver/Src/stm32g0xx_hal_tim_ex.c ****     }
 7052              		.loc 1 2457 7
 7053 008a C046     		nop
 7054 008c 00E0     		b	.L439
 7055              	.L444:
2469:Drivers/STM32G0xx_HAL_Driver/Src/stm32g0xx_hal_tim_ex.c ****     }
 7056              		.loc 1 2469 7
 7057 008e C046     		nop
 7058              	.L439:
2474:Drivers/STM32G0xx_HAL_Driver/Src/stm32g0xx_hal_tim_ex.c ****   }
2475:Drivers/STM32G0xx_HAL_Driver/Src/stm32g0xx_hal_tim_ex.c **** 
2476:Drivers/STM32G0xx_HAL_Driver/Src/stm32g0xx_hal_tim_ex.c ****   return status;
 7059              		.loc 1 2476 10
 7060 0090 0F23     		movs	r3, #15
 7061 0092 FB18     		adds	r3, r7, r3
 7062 0094 1B78     		ldrb	r3, [r3]
2477:Drivers/STM32G0xx_HAL_Driver/Src/stm32g0xx_hal_tim_ex.c **** }
 7063              		.loc 1 2477 1
 7064 0096 1800     		movs	r0, r3
 7065 0098 BD46     		mov	sp, r7
 7066 009a 04B0     		add	sp, sp, #16
 7067              		@ sp needed
 7068 009c 80BD     		pop	{r7, pc}
 7069              		.cfi_endproc
 7070              	.LFE398:
 7072              		.section	.text.HAL_TIMEx_ReArmBreakInput,"ax",%progbits
 7073              		.align	1
 7074              		.global	HAL_TIMEx_ReArmBreakInput
 7075              		.syntax unified
 7076              		.code	16
 7077              		.thumb_func
 7079              	HAL_TIMEx_ReArmBreakInput:
 7080              	.LFB399:
2478:Drivers/STM32G0xx_HAL_Driver/Src/stm32g0xx_hal_tim_ex.c **** 
2479:Drivers/STM32G0xx_HAL_Driver/Src/stm32g0xx_hal_tim_ex.c **** /**
2480:Drivers/STM32G0xx_HAL_Driver/Src/stm32g0xx_hal_tim_ex.c ****   * @brief  Arm the designated break input (when it operates in bidirectional mode).
2481:Drivers/STM32G0xx_HAL_Driver/Src/stm32g0xx_hal_tim_ex.c ****   * @param  htim TIM handle.
2482:Drivers/STM32G0xx_HAL_Driver/Src/stm32g0xx_hal_tim_ex.c ****   * @param  BreakInput Break input to arm
2483:Drivers/STM32G0xx_HAL_Driver/Src/stm32g0xx_hal_tim_ex.c ****   *          This parameter can be one of the following values:
2484:Drivers/STM32G0xx_HAL_Driver/Src/stm32g0xx_hal_tim_ex.c ****   *            @arg TIM_BREAKINPUT_BRK: Timer break input
2485:Drivers/STM32G0xx_HAL_Driver/Src/stm32g0xx_hal_tim_ex.c ****   *            @arg TIM_BREAKINPUT_BRK2: Timer break 2 input
2486:Drivers/STM32G0xx_HAL_Driver/Src/stm32g0xx_hal_tim_ex.c ****   * @note  Arming is possible at anytime, even if fault is present.
2487:Drivers/STM32G0xx_HAL_Driver/Src/stm32g0xx_hal_tim_ex.c ****   * @note  Break input is automatically armed as soon as MOE bit is set.
2488:Drivers/STM32G0xx_HAL_Driver/Src/stm32g0xx_hal_tim_ex.c ****   * @retval HAL status
2489:Drivers/STM32G0xx_HAL_Driver/Src/stm32g0xx_hal_tim_ex.c ****   */
ARM GAS  C:\Users\a_hae\AppData\Local\Temp\ccujrzwF.s 			page 168


2490:Drivers/STM32G0xx_HAL_Driver/Src/stm32g0xx_hal_tim_ex.c **** HAL_StatusTypeDef HAL_TIMEx_ReArmBreakInput(const TIM_HandleTypeDef *htim, uint32_t BreakInput)
2491:Drivers/STM32G0xx_HAL_Driver/Src/stm32g0xx_hal_tim_ex.c **** {
 7081              		.loc 1 2491 1
 7082              		.cfi_startproc
 7083              		@ args = 0, pretend = 0, frame = 16
 7084              		@ frame_needed = 1, uses_anonymous_args = 0
 7085 0000 80B5     		push	{r7, lr}
 7086              	.LCFI108:
 7087              		.cfi_def_cfa_offset 8
 7088              		.cfi_offset 7, -8
 7089              		.cfi_offset 14, -4
 7090 0002 84B0     		sub	sp, sp, #16
 7091              	.LCFI109:
 7092              		.cfi_def_cfa_offset 24
 7093 0004 00AF     		add	r7, sp, #0
 7094              	.LCFI110:
 7095              		.cfi_def_cfa_register 7
 7096 0006 7860     		str	r0, [r7, #4]
 7097 0008 3960     		str	r1, [r7]
2492:Drivers/STM32G0xx_HAL_Driver/Src/stm32g0xx_hal_tim_ex.c ****   HAL_StatusTypeDef status = HAL_OK;
 7098              		.loc 1 2492 21
 7099 000a 0F23     		movs	r3, #15
 7100 000c FB18     		adds	r3, r7, r3
 7101 000e 0022     		movs	r2, #0
 7102 0010 1A70     		strb	r2, [r3]
2493:Drivers/STM32G0xx_HAL_Driver/Src/stm32g0xx_hal_tim_ex.c ****   uint32_t tickstart;
2494:Drivers/STM32G0xx_HAL_Driver/Src/stm32g0xx_hal_tim_ex.c **** 
2495:Drivers/STM32G0xx_HAL_Driver/Src/stm32g0xx_hal_tim_ex.c ****   /* Check the parameters */
2496:Drivers/STM32G0xx_HAL_Driver/Src/stm32g0xx_hal_tim_ex.c ****   assert_param(IS_TIM_BREAK_INSTANCE(htim->Instance));
2497:Drivers/STM32G0xx_HAL_Driver/Src/stm32g0xx_hal_tim_ex.c ****   assert_param(IS_TIM_BREAKINPUT(BreakInput));
2498:Drivers/STM32G0xx_HAL_Driver/Src/stm32g0xx_hal_tim_ex.c **** 
2499:Drivers/STM32G0xx_HAL_Driver/Src/stm32g0xx_hal_tim_ex.c ****   switch (BreakInput)
 7103              		.loc 1 2499 3
 7104 0012 3B68     		ldr	r3, [r7]
 7105 0014 012B     		cmp	r3, #1
 7106 0016 03D0     		beq	.L446
 7107 0018 3B68     		ldr	r3, [r7]
 7108 001a 022B     		cmp	r3, #2
 7109 001c 27D0     		beq	.L447
 7110 001e 4DE0     		b	.L459
 7111              	.L446:
2500:Drivers/STM32G0xx_HAL_Driver/Src/stm32g0xx_hal_tim_ex.c ****   {
2501:Drivers/STM32G0xx_HAL_Driver/Src/stm32g0xx_hal_tim_ex.c ****     case TIM_BREAKINPUT_BRK:
2502:Drivers/STM32G0xx_HAL_Driver/Src/stm32g0xx_hal_tim_ex.c ****     {
2503:Drivers/STM32G0xx_HAL_Driver/Src/stm32g0xx_hal_tim_ex.c ****       /* Check initial conditions */
2504:Drivers/STM32G0xx_HAL_Driver/Src/stm32g0xx_hal_tim_ex.c ****       if (READ_BIT(htim->Instance->BDTR, TIM_BDTR_BKBID) == TIM_BDTR_BKBID)
 7112              		.loc 1 2504 11
 7113 0020 7B68     		ldr	r3, [r7, #4]
 7114 0022 1B68     		ldr	r3, [r3]
 7115 0024 5A6C     		ldr	r2, [r3, #68]
 7116 0026 8023     		movs	r3, #128
 7117 0028 5B05     		lsls	r3, r3, #21
 7118 002a 1A40     		ands	r2, r3
 7119              		.loc 1 2504 10
 7120 002c 8023     		movs	r3, #128
 7121 002e 5B05     		lsls	r3, r3, #21
 7122 0030 9A42     		cmp	r2, r3
ARM GAS  C:\Users\a_hae\AppData\Local\Temp\ccujrzwF.s 			page 169


 7123 0032 48D1     		bne	.L460
2505:Drivers/STM32G0xx_HAL_Driver/Src/stm32g0xx_hal_tim_ex.c ****       {
2506:Drivers/STM32G0xx_HAL_Driver/Src/stm32g0xx_hal_tim_ex.c ****         /* Break input BRK is re-armed automatically by hardware. Poll to check whether fault condi
2507:Drivers/STM32G0xx_HAL_Driver/Src/stm32g0xx_hal_tim_ex.c ****         /* Init tickstart for timeout management */
2508:Drivers/STM32G0xx_HAL_Driver/Src/stm32g0xx_hal_tim_ex.c ****         tickstart = HAL_GetTick();
 7124              		.loc 1 2508 21
 7125 0034 FFF7FEFF 		bl	HAL_GetTick
 7126 0038 0300     		movs	r3, r0
 7127 003a BB60     		str	r3, [r7, #8]
2509:Drivers/STM32G0xx_HAL_Driver/Src/stm32g0xx_hal_tim_ex.c ****         while (READ_BIT(htim->Instance->BDTR, TIM_BDTR_BKDSRM) != 0UL)
 7128              		.loc 1 2509 15
 7129 003c 0FE0     		b	.L450
 7130              	.L453:
2510:Drivers/STM32G0xx_HAL_Driver/Src/stm32g0xx_hal_tim_ex.c ****         {
2511:Drivers/STM32G0xx_HAL_Driver/Src/stm32g0xx_hal_tim_ex.c ****           if ((HAL_GetTick() - tickstart) > TIM_BREAKINPUT_REARM_TIMEOUT)
 7131              		.loc 1 2511 16
 7132 003e FFF7FEFF 		bl	HAL_GetTick
 7133 0042 0200     		movs	r2, r0
 7134              		.loc 1 2511 30 discriminator 1
 7135 0044 BB68     		ldr	r3, [r7, #8]
 7136 0046 D31A     		subs	r3, r2, r3
 7137              		.loc 1 2511 14 discriminator 1
 7138 0048 052B     		cmp	r3, #5
 7139 004a 08D9     		bls	.L450
2512:Drivers/STM32G0xx_HAL_Driver/Src/stm32g0xx_hal_tim_ex.c ****           {
2513:Drivers/STM32G0xx_HAL_Driver/Src/stm32g0xx_hal_tim_ex.c ****             /* New check to avoid false timeout detection in case of preemption */
2514:Drivers/STM32G0xx_HAL_Driver/Src/stm32g0xx_hal_tim_ex.c ****             if (READ_BIT(htim->Instance->BDTR, TIM_BDTR_BKDSRM) != 0UL)
 7140              		.loc 1 2514 17
 7141 004c 7B68     		ldr	r3, [r7, #4]
 7142 004e 1B68     		ldr	r3, [r3]
 7143 0050 5A6C     		ldr	r2, [r3, #68]
 7144 0052 8023     		movs	r3, #128
 7145 0054 DB04     		lsls	r3, r3, #19
 7146 0056 1340     		ands	r3, r2
 7147              		.loc 1 2514 16
 7148 0058 01D0     		beq	.L450
2515:Drivers/STM32G0xx_HAL_Driver/Src/stm32g0xx_hal_tim_ex.c ****             {
2516:Drivers/STM32G0xx_HAL_Driver/Src/stm32g0xx_hal_tim_ex.c ****               return HAL_TIMEOUT;
 7149              		.loc 1 2516 22
 7150 005a 0323     		movs	r3, #3
 7151 005c 39E0     		b	.L452
 7152              	.L450:
2509:Drivers/STM32G0xx_HAL_Driver/Src/stm32g0xx_hal_tim_ex.c ****         {
 7153              		.loc 1 2509 16
 7154 005e 7B68     		ldr	r3, [r7, #4]
 7155 0060 1B68     		ldr	r3, [r3]
 7156 0062 5A6C     		ldr	r2, [r3, #68]
 7157 0064 8023     		movs	r3, #128
 7158 0066 DB04     		lsls	r3, r3, #19
 7159 0068 1340     		ands	r3, r2
2509:Drivers/STM32G0xx_HAL_Driver/Src/stm32g0xx_hal_tim_ex.c ****         {
 7160              		.loc 1 2509 64
 7161 006a E8D1     		bne	.L453
2517:Drivers/STM32G0xx_HAL_Driver/Src/stm32g0xx_hal_tim_ex.c ****             }
2518:Drivers/STM32G0xx_HAL_Driver/Src/stm32g0xx_hal_tim_ex.c ****           }
2519:Drivers/STM32G0xx_HAL_Driver/Src/stm32g0xx_hal_tim_ex.c ****         }
2520:Drivers/STM32G0xx_HAL_Driver/Src/stm32g0xx_hal_tim_ex.c ****       }
ARM GAS  C:\Users\a_hae\AppData\Local\Temp\ccujrzwF.s 			page 170


2521:Drivers/STM32G0xx_HAL_Driver/Src/stm32g0xx_hal_tim_ex.c ****       break;
 7162              		.loc 1 2521 7
 7163 006c 2BE0     		b	.L460
 7164              	.L447:
2522:Drivers/STM32G0xx_HAL_Driver/Src/stm32g0xx_hal_tim_ex.c ****     }
2523:Drivers/STM32G0xx_HAL_Driver/Src/stm32g0xx_hal_tim_ex.c **** 
2524:Drivers/STM32G0xx_HAL_Driver/Src/stm32g0xx_hal_tim_ex.c ****     case TIM_BREAKINPUT_BRK2:
2525:Drivers/STM32G0xx_HAL_Driver/Src/stm32g0xx_hal_tim_ex.c ****     {
2526:Drivers/STM32G0xx_HAL_Driver/Src/stm32g0xx_hal_tim_ex.c ****       /* Check initial conditions */
2527:Drivers/STM32G0xx_HAL_Driver/Src/stm32g0xx_hal_tim_ex.c ****       if (READ_BIT(htim->Instance->BDTR, TIM_BDTR_BK2BID) == TIM_BDTR_BK2BID)
 7165              		.loc 1 2527 11
 7166 006e 7B68     		ldr	r3, [r7, #4]
 7167 0070 1B68     		ldr	r3, [r3]
 7168 0072 5A6C     		ldr	r2, [r3, #68]
 7169 0074 8023     		movs	r3, #128
 7170 0076 9B05     		lsls	r3, r3, #22
 7171 0078 1A40     		ands	r2, r3
 7172              		.loc 1 2527 10
 7173 007a 8023     		movs	r3, #128
 7174 007c 9B05     		lsls	r3, r3, #22
 7175 007e 9A42     		cmp	r2, r3
 7176 0080 23D1     		bne	.L461
2528:Drivers/STM32G0xx_HAL_Driver/Src/stm32g0xx_hal_tim_ex.c ****       {
2529:Drivers/STM32G0xx_HAL_Driver/Src/stm32g0xx_hal_tim_ex.c ****         /* Break input BRK2 is re-armed automatically by hardware. Poll to check whether fault cond
2530:Drivers/STM32G0xx_HAL_Driver/Src/stm32g0xx_hal_tim_ex.c ****         /* Init tickstart for timeout management */
2531:Drivers/STM32G0xx_HAL_Driver/Src/stm32g0xx_hal_tim_ex.c ****         tickstart = HAL_GetTick();
 7177              		.loc 1 2531 21
 7178 0082 FFF7FEFF 		bl	HAL_GetTick
 7179 0086 0300     		movs	r3, r0
 7180 0088 BB60     		str	r3, [r7, #8]
2532:Drivers/STM32G0xx_HAL_Driver/Src/stm32g0xx_hal_tim_ex.c ****         while (READ_BIT(htim->Instance->BDTR, TIM_BDTR_BK2DSRM) != 0UL)
 7181              		.loc 1 2532 15
 7182 008a 0FE0     		b	.L456
 7183              	.L458:
2533:Drivers/STM32G0xx_HAL_Driver/Src/stm32g0xx_hal_tim_ex.c ****         {
2534:Drivers/STM32G0xx_HAL_Driver/Src/stm32g0xx_hal_tim_ex.c ****           if ((HAL_GetTick() - tickstart) > TIM_BREAKINPUT_REARM_TIMEOUT)
 7184              		.loc 1 2534 16
 7185 008c FFF7FEFF 		bl	HAL_GetTick
 7186 0090 0200     		movs	r2, r0
 7187              		.loc 1 2534 30 discriminator 1
 7188 0092 BB68     		ldr	r3, [r7, #8]
 7189 0094 D31A     		subs	r3, r2, r3
 7190              		.loc 1 2534 14 discriminator 1
 7191 0096 052B     		cmp	r3, #5
 7192 0098 08D9     		bls	.L456
2535:Drivers/STM32G0xx_HAL_Driver/Src/stm32g0xx_hal_tim_ex.c ****           {
2536:Drivers/STM32G0xx_HAL_Driver/Src/stm32g0xx_hal_tim_ex.c ****             /* New check to avoid false timeout detection in case of preemption */
2537:Drivers/STM32G0xx_HAL_Driver/Src/stm32g0xx_hal_tim_ex.c ****             if (READ_BIT(htim->Instance->BDTR, TIM_BDTR_BK2DSRM) != 0UL)
 7193              		.loc 1 2537 17
 7194 009a 7B68     		ldr	r3, [r7, #4]
 7195 009c 1B68     		ldr	r3, [r3]
 7196 009e 5A6C     		ldr	r2, [r3, #68]
 7197 00a0 8023     		movs	r3, #128
 7198 00a2 1B05     		lsls	r3, r3, #20
 7199 00a4 1340     		ands	r3, r2
 7200              		.loc 1 2537 16
 7201 00a6 01D0     		beq	.L456
ARM GAS  C:\Users\a_hae\AppData\Local\Temp\ccujrzwF.s 			page 171


2538:Drivers/STM32G0xx_HAL_Driver/Src/stm32g0xx_hal_tim_ex.c ****             {
2539:Drivers/STM32G0xx_HAL_Driver/Src/stm32g0xx_hal_tim_ex.c ****               return HAL_TIMEOUT;
 7202              		.loc 1 2539 22
 7203 00a8 0323     		movs	r3, #3
 7204 00aa 12E0     		b	.L452
 7205              	.L456:
2532:Drivers/STM32G0xx_HAL_Driver/Src/stm32g0xx_hal_tim_ex.c ****         {
 7206              		.loc 1 2532 16
 7207 00ac 7B68     		ldr	r3, [r7, #4]
 7208 00ae 1B68     		ldr	r3, [r3]
 7209 00b0 5A6C     		ldr	r2, [r3, #68]
 7210 00b2 8023     		movs	r3, #128
 7211 00b4 1B05     		lsls	r3, r3, #20
 7212 00b6 1340     		ands	r3, r2
2532:Drivers/STM32G0xx_HAL_Driver/Src/stm32g0xx_hal_tim_ex.c ****         {
 7213              		.loc 1 2532 65
 7214 00b8 E8D1     		bne	.L458
2540:Drivers/STM32G0xx_HAL_Driver/Src/stm32g0xx_hal_tim_ex.c ****             }
2541:Drivers/STM32G0xx_HAL_Driver/Src/stm32g0xx_hal_tim_ex.c ****           }
2542:Drivers/STM32G0xx_HAL_Driver/Src/stm32g0xx_hal_tim_ex.c ****         }
2543:Drivers/STM32G0xx_HAL_Driver/Src/stm32g0xx_hal_tim_ex.c ****       }
2544:Drivers/STM32G0xx_HAL_Driver/Src/stm32g0xx_hal_tim_ex.c ****       break;
 7215              		.loc 1 2544 7
 7216 00ba 06E0     		b	.L461
 7217              	.L459:
2545:Drivers/STM32G0xx_HAL_Driver/Src/stm32g0xx_hal_tim_ex.c ****     }
2546:Drivers/STM32G0xx_HAL_Driver/Src/stm32g0xx_hal_tim_ex.c ****     default:
2547:Drivers/STM32G0xx_HAL_Driver/Src/stm32g0xx_hal_tim_ex.c ****       status = HAL_ERROR;
 7218              		.loc 1 2547 14
 7219 00bc 0F23     		movs	r3, #15
 7220 00be FB18     		adds	r3, r7, r3
 7221 00c0 0122     		movs	r2, #1
 7222 00c2 1A70     		strb	r2, [r3]
2548:Drivers/STM32G0xx_HAL_Driver/Src/stm32g0xx_hal_tim_ex.c ****       break;
 7223              		.loc 1 2548 7
 7224 00c4 02E0     		b	.L454
 7225              	.L460:
2521:Drivers/STM32G0xx_HAL_Driver/Src/stm32g0xx_hal_tim_ex.c ****     }
 7226              		.loc 1 2521 7
 7227 00c6 C046     		nop
 7228 00c8 00E0     		b	.L454
 7229              	.L461:
2544:Drivers/STM32G0xx_HAL_Driver/Src/stm32g0xx_hal_tim_ex.c ****     }
 7230              		.loc 1 2544 7
 7231 00ca C046     		nop
 7232              	.L454:
2549:Drivers/STM32G0xx_HAL_Driver/Src/stm32g0xx_hal_tim_ex.c ****   }
2550:Drivers/STM32G0xx_HAL_Driver/Src/stm32g0xx_hal_tim_ex.c **** 
2551:Drivers/STM32G0xx_HAL_Driver/Src/stm32g0xx_hal_tim_ex.c ****   return status;
 7233              		.loc 1 2551 10
 7234 00cc 0F23     		movs	r3, #15
 7235 00ce FB18     		adds	r3, r7, r3
 7236 00d0 1B78     		ldrb	r3, [r3]
 7237              	.L452:
2552:Drivers/STM32G0xx_HAL_Driver/Src/stm32g0xx_hal_tim_ex.c **** }
 7238              		.loc 1 2552 1
 7239 00d2 1800     		movs	r0, r3
ARM GAS  C:\Users\a_hae\AppData\Local\Temp\ccujrzwF.s 			page 172


 7240 00d4 BD46     		mov	sp, r7
 7241 00d6 04B0     		add	sp, sp, #16
 7242              		@ sp needed
 7243 00d8 80BD     		pop	{r7, pc}
 7244              		.cfi_endproc
 7245              	.LFE399:
 7247              		.section	.text.HAL_TIMEx_CommutCallback,"ax",%progbits
 7248              		.align	1
 7249              		.weak	HAL_TIMEx_CommutCallback
 7250              		.syntax unified
 7251              		.code	16
 7252              		.thumb_func
 7254              	HAL_TIMEx_CommutCallback:
 7255              	.LFB400:
2553:Drivers/STM32G0xx_HAL_Driver/Src/stm32g0xx_hal_tim_ex.c **** 
2554:Drivers/STM32G0xx_HAL_Driver/Src/stm32g0xx_hal_tim_ex.c **** /**
2555:Drivers/STM32G0xx_HAL_Driver/Src/stm32g0xx_hal_tim_ex.c ****   * @}
2556:Drivers/STM32G0xx_HAL_Driver/Src/stm32g0xx_hal_tim_ex.c ****   */
2557:Drivers/STM32G0xx_HAL_Driver/Src/stm32g0xx_hal_tim_ex.c **** 
2558:Drivers/STM32G0xx_HAL_Driver/Src/stm32g0xx_hal_tim_ex.c **** /** @defgroup TIMEx_Exported_Functions_Group6 Extended Callbacks functions
2559:Drivers/STM32G0xx_HAL_Driver/Src/stm32g0xx_hal_tim_ex.c ****   * @brief    Extended Callbacks functions
2560:Drivers/STM32G0xx_HAL_Driver/Src/stm32g0xx_hal_tim_ex.c ****   *
2561:Drivers/STM32G0xx_HAL_Driver/Src/stm32g0xx_hal_tim_ex.c **** @verbatim
2562:Drivers/STM32G0xx_HAL_Driver/Src/stm32g0xx_hal_tim_ex.c ****   ==============================================================================
2563:Drivers/STM32G0xx_HAL_Driver/Src/stm32g0xx_hal_tim_ex.c ****                     ##### Extended Callbacks functions #####
2564:Drivers/STM32G0xx_HAL_Driver/Src/stm32g0xx_hal_tim_ex.c ****   ==============================================================================
2565:Drivers/STM32G0xx_HAL_Driver/Src/stm32g0xx_hal_tim_ex.c ****   [..]
2566:Drivers/STM32G0xx_HAL_Driver/Src/stm32g0xx_hal_tim_ex.c ****     This section provides Extended TIM callback functions:
2567:Drivers/STM32G0xx_HAL_Driver/Src/stm32g0xx_hal_tim_ex.c ****     (+) Timer Commutation callback
2568:Drivers/STM32G0xx_HAL_Driver/Src/stm32g0xx_hal_tim_ex.c ****     (+) Timer Break callback
2569:Drivers/STM32G0xx_HAL_Driver/Src/stm32g0xx_hal_tim_ex.c **** 
2570:Drivers/STM32G0xx_HAL_Driver/Src/stm32g0xx_hal_tim_ex.c **** @endverbatim
2571:Drivers/STM32G0xx_HAL_Driver/Src/stm32g0xx_hal_tim_ex.c ****   * @{
2572:Drivers/STM32G0xx_HAL_Driver/Src/stm32g0xx_hal_tim_ex.c ****   */
2573:Drivers/STM32G0xx_HAL_Driver/Src/stm32g0xx_hal_tim_ex.c **** 
2574:Drivers/STM32G0xx_HAL_Driver/Src/stm32g0xx_hal_tim_ex.c **** /**
2575:Drivers/STM32G0xx_HAL_Driver/Src/stm32g0xx_hal_tim_ex.c ****   * @brief  Commutation callback in non-blocking mode
2576:Drivers/STM32G0xx_HAL_Driver/Src/stm32g0xx_hal_tim_ex.c ****   * @param  htim TIM handle
2577:Drivers/STM32G0xx_HAL_Driver/Src/stm32g0xx_hal_tim_ex.c ****   * @retval None
2578:Drivers/STM32G0xx_HAL_Driver/Src/stm32g0xx_hal_tim_ex.c ****   */
2579:Drivers/STM32G0xx_HAL_Driver/Src/stm32g0xx_hal_tim_ex.c **** __weak void HAL_TIMEx_CommutCallback(TIM_HandleTypeDef *htim)
2580:Drivers/STM32G0xx_HAL_Driver/Src/stm32g0xx_hal_tim_ex.c **** {
 7256              		.loc 1 2580 1
 7257              		.cfi_startproc
 7258              		@ args = 0, pretend = 0, frame = 8
 7259              		@ frame_needed = 1, uses_anonymous_args = 0
 7260 0000 80B5     		push	{r7, lr}
 7261              	.LCFI111:
 7262              		.cfi_def_cfa_offset 8
 7263              		.cfi_offset 7, -8
 7264              		.cfi_offset 14, -4
 7265 0002 82B0     		sub	sp, sp, #8
 7266              	.LCFI112:
 7267              		.cfi_def_cfa_offset 16
 7268 0004 00AF     		add	r7, sp, #0
 7269              	.LCFI113:
 7270              		.cfi_def_cfa_register 7
ARM GAS  C:\Users\a_hae\AppData\Local\Temp\ccujrzwF.s 			page 173


 7271 0006 7860     		str	r0, [r7, #4]
2581:Drivers/STM32G0xx_HAL_Driver/Src/stm32g0xx_hal_tim_ex.c ****   /* Prevent unused argument(s) compilation warning */
2582:Drivers/STM32G0xx_HAL_Driver/Src/stm32g0xx_hal_tim_ex.c ****   UNUSED(htim);
2583:Drivers/STM32G0xx_HAL_Driver/Src/stm32g0xx_hal_tim_ex.c **** 
2584:Drivers/STM32G0xx_HAL_Driver/Src/stm32g0xx_hal_tim_ex.c ****   /* NOTE : This function should not be modified, when the callback is needed,
2585:Drivers/STM32G0xx_HAL_Driver/Src/stm32g0xx_hal_tim_ex.c ****             the HAL_TIMEx_CommutCallback could be implemented in the user file
2586:Drivers/STM32G0xx_HAL_Driver/Src/stm32g0xx_hal_tim_ex.c ****    */
2587:Drivers/STM32G0xx_HAL_Driver/Src/stm32g0xx_hal_tim_ex.c **** }
 7272              		.loc 1 2587 1
 7273 0008 C046     		nop
 7274 000a BD46     		mov	sp, r7
 7275 000c 02B0     		add	sp, sp, #8
 7276              		@ sp needed
 7277 000e 80BD     		pop	{r7, pc}
 7278              		.cfi_endproc
 7279              	.LFE400:
 7281              		.section	.text.HAL_TIMEx_CommutHalfCpltCallback,"ax",%progbits
 7282              		.align	1
 7283              		.weak	HAL_TIMEx_CommutHalfCpltCallback
 7284              		.syntax unified
 7285              		.code	16
 7286              		.thumb_func
 7288              	HAL_TIMEx_CommutHalfCpltCallback:
 7289              	.LFB401:
2588:Drivers/STM32G0xx_HAL_Driver/Src/stm32g0xx_hal_tim_ex.c **** /**
2589:Drivers/STM32G0xx_HAL_Driver/Src/stm32g0xx_hal_tim_ex.c ****   * @brief  Commutation half complete callback in non-blocking mode
2590:Drivers/STM32G0xx_HAL_Driver/Src/stm32g0xx_hal_tim_ex.c ****   * @param  htim TIM handle
2591:Drivers/STM32G0xx_HAL_Driver/Src/stm32g0xx_hal_tim_ex.c ****   * @retval None
2592:Drivers/STM32G0xx_HAL_Driver/Src/stm32g0xx_hal_tim_ex.c ****   */
2593:Drivers/STM32G0xx_HAL_Driver/Src/stm32g0xx_hal_tim_ex.c **** __weak void HAL_TIMEx_CommutHalfCpltCallback(TIM_HandleTypeDef *htim)
2594:Drivers/STM32G0xx_HAL_Driver/Src/stm32g0xx_hal_tim_ex.c **** {
 7290              		.loc 1 2594 1
 7291              		.cfi_startproc
 7292              		@ args = 0, pretend = 0, frame = 8
 7293              		@ frame_needed = 1, uses_anonymous_args = 0
 7294 0000 80B5     		push	{r7, lr}
 7295              	.LCFI114:
 7296              		.cfi_def_cfa_offset 8
 7297              		.cfi_offset 7, -8
 7298              		.cfi_offset 14, -4
 7299 0002 82B0     		sub	sp, sp, #8
 7300              	.LCFI115:
 7301              		.cfi_def_cfa_offset 16
 7302 0004 00AF     		add	r7, sp, #0
 7303              	.LCFI116:
 7304              		.cfi_def_cfa_register 7
 7305 0006 7860     		str	r0, [r7, #4]
2595:Drivers/STM32G0xx_HAL_Driver/Src/stm32g0xx_hal_tim_ex.c ****   /* Prevent unused argument(s) compilation warning */
2596:Drivers/STM32G0xx_HAL_Driver/Src/stm32g0xx_hal_tim_ex.c ****   UNUSED(htim);
2597:Drivers/STM32G0xx_HAL_Driver/Src/stm32g0xx_hal_tim_ex.c **** 
2598:Drivers/STM32G0xx_HAL_Driver/Src/stm32g0xx_hal_tim_ex.c ****   /* NOTE : This function should not be modified, when the callback is needed,
2599:Drivers/STM32G0xx_HAL_Driver/Src/stm32g0xx_hal_tim_ex.c ****             the HAL_TIMEx_CommutHalfCpltCallback could be implemented in the user file
2600:Drivers/STM32G0xx_HAL_Driver/Src/stm32g0xx_hal_tim_ex.c ****    */
2601:Drivers/STM32G0xx_HAL_Driver/Src/stm32g0xx_hal_tim_ex.c **** }
 7306              		.loc 1 2601 1
 7307 0008 C046     		nop
 7308 000a BD46     		mov	sp, r7
ARM GAS  C:\Users\a_hae\AppData\Local\Temp\ccujrzwF.s 			page 174


 7309 000c 02B0     		add	sp, sp, #8
 7310              		@ sp needed
 7311 000e 80BD     		pop	{r7, pc}
 7312              		.cfi_endproc
 7313              	.LFE401:
 7315              		.section	.text.HAL_TIMEx_BreakCallback,"ax",%progbits
 7316              		.align	1
 7317              		.weak	HAL_TIMEx_BreakCallback
 7318              		.syntax unified
 7319              		.code	16
 7320              		.thumb_func
 7322              	HAL_TIMEx_BreakCallback:
 7323              	.LFB402:
2602:Drivers/STM32G0xx_HAL_Driver/Src/stm32g0xx_hal_tim_ex.c **** 
2603:Drivers/STM32G0xx_HAL_Driver/Src/stm32g0xx_hal_tim_ex.c **** /**
2604:Drivers/STM32G0xx_HAL_Driver/Src/stm32g0xx_hal_tim_ex.c ****   * @brief  Break detection callback in non-blocking mode
2605:Drivers/STM32G0xx_HAL_Driver/Src/stm32g0xx_hal_tim_ex.c ****   * @param  htim TIM handle
2606:Drivers/STM32G0xx_HAL_Driver/Src/stm32g0xx_hal_tim_ex.c ****   * @retval None
2607:Drivers/STM32G0xx_HAL_Driver/Src/stm32g0xx_hal_tim_ex.c ****   */
2608:Drivers/STM32G0xx_HAL_Driver/Src/stm32g0xx_hal_tim_ex.c **** __weak void HAL_TIMEx_BreakCallback(TIM_HandleTypeDef *htim)
2609:Drivers/STM32G0xx_HAL_Driver/Src/stm32g0xx_hal_tim_ex.c **** {
 7324              		.loc 1 2609 1
 7325              		.cfi_startproc
 7326              		@ args = 0, pretend = 0, frame = 8
 7327              		@ frame_needed = 1, uses_anonymous_args = 0
 7328 0000 80B5     		push	{r7, lr}
 7329              	.LCFI117:
 7330              		.cfi_def_cfa_offset 8
 7331              		.cfi_offset 7, -8
 7332              		.cfi_offset 14, -4
 7333 0002 82B0     		sub	sp, sp, #8
 7334              	.LCFI118:
 7335              		.cfi_def_cfa_offset 16
 7336 0004 00AF     		add	r7, sp, #0
 7337              	.LCFI119:
 7338              		.cfi_def_cfa_register 7
 7339 0006 7860     		str	r0, [r7, #4]
2610:Drivers/STM32G0xx_HAL_Driver/Src/stm32g0xx_hal_tim_ex.c ****   /* Prevent unused argument(s) compilation warning */
2611:Drivers/STM32G0xx_HAL_Driver/Src/stm32g0xx_hal_tim_ex.c ****   UNUSED(htim);
2612:Drivers/STM32G0xx_HAL_Driver/Src/stm32g0xx_hal_tim_ex.c **** 
2613:Drivers/STM32G0xx_HAL_Driver/Src/stm32g0xx_hal_tim_ex.c ****   /* NOTE : This function should not be modified, when the callback is needed,
2614:Drivers/STM32G0xx_HAL_Driver/Src/stm32g0xx_hal_tim_ex.c ****             the HAL_TIMEx_BreakCallback could be implemented in the user file
2615:Drivers/STM32G0xx_HAL_Driver/Src/stm32g0xx_hal_tim_ex.c ****    */
2616:Drivers/STM32G0xx_HAL_Driver/Src/stm32g0xx_hal_tim_ex.c **** }
 7340              		.loc 1 2616 1
 7341 0008 C046     		nop
 7342 000a BD46     		mov	sp, r7
 7343 000c 02B0     		add	sp, sp, #8
 7344              		@ sp needed
 7345 000e 80BD     		pop	{r7, pc}
 7346              		.cfi_endproc
 7347              	.LFE402:
 7349              		.section	.text.HAL_TIMEx_Break2Callback,"ax",%progbits
 7350              		.align	1
 7351              		.weak	HAL_TIMEx_Break2Callback
 7352              		.syntax unified
 7353              		.code	16
ARM GAS  C:\Users\a_hae\AppData\Local\Temp\ccujrzwF.s 			page 175


 7354              		.thumb_func
 7356              	HAL_TIMEx_Break2Callback:
 7357              	.LFB403:
2617:Drivers/STM32G0xx_HAL_Driver/Src/stm32g0xx_hal_tim_ex.c **** 
2618:Drivers/STM32G0xx_HAL_Driver/Src/stm32g0xx_hal_tim_ex.c **** /**
2619:Drivers/STM32G0xx_HAL_Driver/Src/stm32g0xx_hal_tim_ex.c ****   * @brief  Break2 detection callback in non blocking mode
2620:Drivers/STM32G0xx_HAL_Driver/Src/stm32g0xx_hal_tim_ex.c ****   * @param  htim: TIM handle
2621:Drivers/STM32G0xx_HAL_Driver/Src/stm32g0xx_hal_tim_ex.c ****   * @retval None
2622:Drivers/STM32G0xx_HAL_Driver/Src/stm32g0xx_hal_tim_ex.c ****   */
2623:Drivers/STM32G0xx_HAL_Driver/Src/stm32g0xx_hal_tim_ex.c **** __weak void HAL_TIMEx_Break2Callback(TIM_HandleTypeDef *htim)
2624:Drivers/STM32G0xx_HAL_Driver/Src/stm32g0xx_hal_tim_ex.c **** {
 7358              		.loc 1 2624 1
 7359              		.cfi_startproc
 7360              		@ args = 0, pretend = 0, frame = 8
 7361              		@ frame_needed = 1, uses_anonymous_args = 0
 7362 0000 80B5     		push	{r7, lr}
 7363              	.LCFI120:
 7364              		.cfi_def_cfa_offset 8
 7365              		.cfi_offset 7, -8
 7366              		.cfi_offset 14, -4
 7367 0002 82B0     		sub	sp, sp, #8
 7368              	.LCFI121:
 7369              		.cfi_def_cfa_offset 16
 7370 0004 00AF     		add	r7, sp, #0
 7371              	.LCFI122:
 7372              		.cfi_def_cfa_register 7
 7373 0006 7860     		str	r0, [r7, #4]
2625:Drivers/STM32G0xx_HAL_Driver/Src/stm32g0xx_hal_tim_ex.c ****   /* Prevent unused argument(s) compilation warning */
2626:Drivers/STM32G0xx_HAL_Driver/Src/stm32g0xx_hal_tim_ex.c ****   UNUSED(htim);
2627:Drivers/STM32G0xx_HAL_Driver/Src/stm32g0xx_hal_tim_ex.c **** 
2628:Drivers/STM32G0xx_HAL_Driver/Src/stm32g0xx_hal_tim_ex.c ****   /* NOTE : This function Should not be modified, when the callback is needed,
2629:Drivers/STM32G0xx_HAL_Driver/Src/stm32g0xx_hal_tim_ex.c ****             the HAL_TIMEx_Break2Callback could be implemented in the user file
2630:Drivers/STM32G0xx_HAL_Driver/Src/stm32g0xx_hal_tim_ex.c ****    */
2631:Drivers/STM32G0xx_HAL_Driver/Src/stm32g0xx_hal_tim_ex.c **** }
 7374              		.loc 1 2631 1
 7375 0008 C046     		nop
 7376 000a BD46     		mov	sp, r7
 7377 000c 02B0     		add	sp, sp, #8
 7378              		@ sp needed
 7379 000e 80BD     		pop	{r7, pc}
 7380              		.cfi_endproc
 7381              	.LFE403:
 7383              		.section	.text.HAL_TIMEx_HallSensor_GetState,"ax",%progbits
 7384              		.align	1
 7385              		.global	HAL_TIMEx_HallSensor_GetState
 7386              		.syntax unified
 7387              		.code	16
 7388              		.thumb_func
 7390              	HAL_TIMEx_HallSensor_GetState:
 7391              	.LFB404:
2632:Drivers/STM32G0xx_HAL_Driver/Src/stm32g0xx_hal_tim_ex.c **** /**
2633:Drivers/STM32G0xx_HAL_Driver/Src/stm32g0xx_hal_tim_ex.c ****   * @}
2634:Drivers/STM32G0xx_HAL_Driver/Src/stm32g0xx_hal_tim_ex.c ****   */
2635:Drivers/STM32G0xx_HAL_Driver/Src/stm32g0xx_hal_tim_ex.c **** 
2636:Drivers/STM32G0xx_HAL_Driver/Src/stm32g0xx_hal_tim_ex.c **** /** @defgroup TIMEx_Exported_Functions_Group7 Extended Peripheral State functions
2637:Drivers/STM32G0xx_HAL_Driver/Src/stm32g0xx_hal_tim_ex.c ****   * @brief    Extended Peripheral State functions
2638:Drivers/STM32G0xx_HAL_Driver/Src/stm32g0xx_hal_tim_ex.c ****   *
ARM GAS  C:\Users\a_hae\AppData\Local\Temp\ccujrzwF.s 			page 176


2639:Drivers/STM32G0xx_HAL_Driver/Src/stm32g0xx_hal_tim_ex.c **** @verbatim
2640:Drivers/STM32G0xx_HAL_Driver/Src/stm32g0xx_hal_tim_ex.c ****   ==============================================================================
2641:Drivers/STM32G0xx_HAL_Driver/Src/stm32g0xx_hal_tim_ex.c ****                 ##### Extended Peripheral State functions #####
2642:Drivers/STM32G0xx_HAL_Driver/Src/stm32g0xx_hal_tim_ex.c ****   ==============================================================================
2643:Drivers/STM32G0xx_HAL_Driver/Src/stm32g0xx_hal_tim_ex.c ****   [..]
2644:Drivers/STM32G0xx_HAL_Driver/Src/stm32g0xx_hal_tim_ex.c ****     This subsection permits to get in run-time the status of the peripheral
2645:Drivers/STM32G0xx_HAL_Driver/Src/stm32g0xx_hal_tim_ex.c ****     and the data flow.
2646:Drivers/STM32G0xx_HAL_Driver/Src/stm32g0xx_hal_tim_ex.c **** 
2647:Drivers/STM32G0xx_HAL_Driver/Src/stm32g0xx_hal_tim_ex.c **** @endverbatim
2648:Drivers/STM32G0xx_HAL_Driver/Src/stm32g0xx_hal_tim_ex.c ****   * @{
2649:Drivers/STM32G0xx_HAL_Driver/Src/stm32g0xx_hal_tim_ex.c ****   */
2650:Drivers/STM32G0xx_HAL_Driver/Src/stm32g0xx_hal_tim_ex.c **** 
2651:Drivers/STM32G0xx_HAL_Driver/Src/stm32g0xx_hal_tim_ex.c **** /**
2652:Drivers/STM32G0xx_HAL_Driver/Src/stm32g0xx_hal_tim_ex.c ****   * @brief  Return the TIM Hall Sensor interface handle state.
2653:Drivers/STM32G0xx_HAL_Driver/Src/stm32g0xx_hal_tim_ex.c ****   * @param  htim TIM Hall Sensor handle
2654:Drivers/STM32G0xx_HAL_Driver/Src/stm32g0xx_hal_tim_ex.c ****   * @retval HAL state
2655:Drivers/STM32G0xx_HAL_Driver/Src/stm32g0xx_hal_tim_ex.c ****   */
2656:Drivers/STM32G0xx_HAL_Driver/Src/stm32g0xx_hal_tim_ex.c **** HAL_TIM_StateTypeDef HAL_TIMEx_HallSensor_GetState(const TIM_HandleTypeDef *htim)
2657:Drivers/STM32G0xx_HAL_Driver/Src/stm32g0xx_hal_tim_ex.c **** {
 7392              		.loc 1 2657 1
 7393              		.cfi_startproc
 7394              		@ args = 0, pretend = 0, frame = 8
 7395              		@ frame_needed = 1, uses_anonymous_args = 0
 7396 0000 80B5     		push	{r7, lr}
 7397              	.LCFI123:
 7398              		.cfi_def_cfa_offset 8
 7399              		.cfi_offset 7, -8
 7400              		.cfi_offset 14, -4
 7401 0002 82B0     		sub	sp, sp, #8
 7402              	.LCFI124:
 7403              		.cfi_def_cfa_offset 16
 7404 0004 00AF     		add	r7, sp, #0
 7405              	.LCFI125:
 7406              		.cfi_def_cfa_register 7
 7407 0006 7860     		str	r0, [r7, #4]
2658:Drivers/STM32G0xx_HAL_Driver/Src/stm32g0xx_hal_tim_ex.c ****   return htim->State;
 7408              		.loc 1 2658 14
 7409 0008 7B68     		ldr	r3, [r7, #4]
 7410 000a 3D22     		movs	r2, #61
 7411 000c 9B5C     		ldrb	r3, [r3, r2]
 7412 000e DBB2     		uxtb	r3, r3
2659:Drivers/STM32G0xx_HAL_Driver/Src/stm32g0xx_hal_tim_ex.c **** }
 7413              		.loc 1 2659 1
 7414 0010 1800     		movs	r0, r3
 7415 0012 BD46     		mov	sp, r7
 7416 0014 02B0     		add	sp, sp, #8
 7417              		@ sp needed
 7418 0016 80BD     		pop	{r7, pc}
 7419              		.cfi_endproc
 7420              	.LFE404:
 7422              		.section	.text.HAL_TIMEx_GetChannelNState,"ax",%progbits
 7423              		.align	1
 7424              		.global	HAL_TIMEx_GetChannelNState
 7425              		.syntax unified
 7426              		.code	16
 7427              		.thumb_func
 7429              	HAL_TIMEx_GetChannelNState:
ARM GAS  C:\Users\a_hae\AppData\Local\Temp\ccujrzwF.s 			page 177


 7430              	.LFB405:
2660:Drivers/STM32G0xx_HAL_Driver/Src/stm32g0xx_hal_tim_ex.c **** 
2661:Drivers/STM32G0xx_HAL_Driver/Src/stm32g0xx_hal_tim_ex.c **** /**
2662:Drivers/STM32G0xx_HAL_Driver/Src/stm32g0xx_hal_tim_ex.c ****   * @brief  Return actual state of the TIM complementary channel.
2663:Drivers/STM32G0xx_HAL_Driver/Src/stm32g0xx_hal_tim_ex.c ****   * @param  htim TIM handle
2664:Drivers/STM32G0xx_HAL_Driver/Src/stm32g0xx_hal_tim_ex.c ****   * @param  ChannelN TIM Complementary channel
2665:Drivers/STM32G0xx_HAL_Driver/Src/stm32g0xx_hal_tim_ex.c ****   *          This parameter can be one of the following values:
2666:Drivers/STM32G0xx_HAL_Driver/Src/stm32g0xx_hal_tim_ex.c ****   *            @arg TIM_CHANNEL_1: TIM Channel 1
2667:Drivers/STM32G0xx_HAL_Driver/Src/stm32g0xx_hal_tim_ex.c ****   *            @arg TIM_CHANNEL_2: TIM Channel 2
2668:Drivers/STM32G0xx_HAL_Driver/Src/stm32g0xx_hal_tim_ex.c ****   *            @arg TIM_CHANNEL_3: TIM Channel 3
2669:Drivers/STM32G0xx_HAL_Driver/Src/stm32g0xx_hal_tim_ex.c ****   * @retval TIM Complementary channel state
2670:Drivers/STM32G0xx_HAL_Driver/Src/stm32g0xx_hal_tim_ex.c ****   */
2671:Drivers/STM32G0xx_HAL_Driver/Src/stm32g0xx_hal_tim_ex.c **** HAL_TIM_ChannelStateTypeDef HAL_TIMEx_GetChannelNState(const TIM_HandleTypeDef *htim,  uint32_t Cha
2672:Drivers/STM32G0xx_HAL_Driver/Src/stm32g0xx_hal_tim_ex.c **** {
 7431              		.loc 1 2672 1
 7432              		.cfi_startproc
 7433              		@ args = 0, pretend = 0, frame = 16
 7434              		@ frame_needed = 1, uses_anonymous_args = 0
 7435 0000 80B5     		push	{r7, lr}
 7436              	.LCFI126:
 7437              		.cfi_def_cfa_offset 8
 7438              		.cfi_offset 7, -8
 7439              		.cfi_offset 14, -4
 7440 0002 84B0     		sub	sp, sp, #16
 7441              	.LCFI127:
 7442              		.cfi_def_cfa_offset 24
 7443 0004 00AF     		add	r7, sp, #0
 7444              	.LCFI128:
 7445              		.cfi_def_cfa_register 7
 7446 0006 7860     		str	r0, [r7, #4]
 7447 0008 3960     		str	r1, [r7]
2673:Drivers/STM32G0xx_HAL_Driver/Src/stm32g0xx_hal_tim_ex.c ****   HAL_TIM_ChannelStateTypeDef channel_state;
2674:Drivers/STM32G0xx_HAL_Driver/Src/stm32g0xx_hal_tim_ex.c **** 
2675:Drivers/STM32G0xx_HAL_Driver/Src/stm32g0xx_hal_tim_ex.c ****   /* Check the parameters */
2676:Drivers/STM32G0xx_HAL_Driver/Src/stm32g0xx_hal_tim_ex.c ****   assert_param(IS_TIM_CCXN_INSTANCE(htim->Instance, ChannelN));
2677:Drivers/STM32G0xx_HAL_Driver/Src/stm32g0xx_hal_tim_ex.c **** 
2678:Drivers/STM32G0xx_HAL_Driver/Src/stm32g0xx_hal_tim_ex.c ****   channel_state = TIM_CHANNEL_N_STATE_GET(htim, ChannelN);
 7448              		.loc 1 2678 19
 7449 000a 3B68     		ldr	r3, [r7]
 7450 000c 002B     		cmp	r3, #0
 7451 000e 04D1     		bne	.L469
 7452              		.loc 1 2678 19 is_stmt 0 discriminator 1
 7453 0010 7B68     		ldr	r3, [r7, #4]
 7454 0012 4422     		movs	r2, #68
 7455 0014 9B5C     		ldrb	r3, [r3, r2]
 7456 0016 DBB2     		uxtb	r3, r3
 7457 0018 13E0     		b	.L470
 7458              	.L469:
 7459              		.loc 1 2678 19 discriminator 2
 7460 001a 3B68     		ldr	r3, [r7]
 7461 001c 042B     		cmp	r3, #4
 7462 001e 04D1     		bne	.L471
 7463              		.loc 1 2678 19 discriminator 4
 7464 0020 7B68     		ldr	r3, [r7, #4]
 7465 0022 4522     		movs	r2, #69
 7466 0024 9B5C     		ldrb	r3, [r3, r2]
 7467 0026 DBB2     		uxtb	r3, r3
ARM GAS  C:\Users\a_hae\AppData\Local\Temp\ccujrzwF.s 			page 178


 7468 0028 0BE0     		b	.L470
 7469              	.L471:
 7470              		.loc 1 2678 19 discriminator 5
 7471 002a 3B68     		ldr	r3, [r7]
 7472 002c 082B     		cmp	r3, #8
 7473 002e 04D1     		bne	.L473
 7474              		.loc 1 2678 19 discriminator 7
 7475 0030 7B68     		ldr	r3, [r7, #4]
 7476 0032 4622     		movs	r2, #70
 7477 0034 9B5C     		ldrb	r3, [r3, r2]
 7478 0036 DBB2     		uxtb	r3, r3
 7479 0038 03E0     		b	.L470
 7480              	.L473:
 7481              		.loc 1 2678 19 discriminator 8
 7482 003a 7B68     		ldr	r3, [r7, #4]
 7483 003c 4722     		movs	r2, #71
 7484 003e 9B5C     		ldrb	r3, [r3, r2]
 7485 0040 DBB2     		uxtb	r3, r3
 7486              	.L470:
 7487              		.loc 1 2678 17 is_stmt 1 discriminator 12
 7488 0042 0F21     		movs	r1, #15
 7489 0044 7A18     		adds	r2, r7, r1
 7490 0046 1370     		strb	r3, [r2]
2679:Drivers/STM32G0xx_HAL_Driver/Src/stm32g0xx_hal_tim_ex.c **** 
2680:Drivers/STM32G0xx_HAL_Driver/Src/stm32g0xx_hal_tim_ex.c ****   return channel_state;
 7491              		.loc 1 2680 10
 7492 0048 7B18     		adds	r3, r7, r1
 7493 004a 1B78     		ldrb	r3, [r3]
2681:Drivers/STM32G0xx_HAL_Driver/Src/stm32g0xx_hal_tim_ex.c **** }
 7494              		.loc 1 2681 1
 7495 004c 1800     		movs	r0, r3
 7496 004e BD46     		mov	sp, r7
 7497 0050 04B0     		add	sp, sp, #16
 7498              		@ sp needed
 7499 0052 80BD     		pop	{r7, pc}
 7500              		.cfi_endproc
 7501              	.LFE405:
 7503              		.section	.text.TIMEx_DMACommutationCplt,"ax",%progbits
 7504              		.align	1
 7505              		.global	TIMEx_DMACommutationCplt
 7506              		.syntax unified
 7507              		.code	16
 7508              		.thumb_func
 7510              	TIMEx_DMACommutationCplt:
 7511              	.LFB406:
2682:Drivers/STM32G0xx_HAL_Driver/Src/stm32g0xx_hal_tim_ex.c **** /**
2683:Drivers/STM32G0xx_HAL_Driver/Src/stm32g0xx_hal_tim_ex.c ****   * @}
2684:Drivers/STM32G0xx_HAL_Driver/Src/stm32g0xx_hal_tim_ex.c ****   */
2685:Drivers/STM32G0xx_HAL_Driver/Src/stm32g0xx_hal_tim_ex.c **** 
2686:Drivers/STM32G0xx_HAL_Driver/Src/stm32g0xx_hal_tim_ex.c **** /**
2687:Drivers/STM32G0xx_HAL_Driver/Src/stm32g0xx_hal_tim_ex.c ****   * @}
2688:Drivers/STM32G0xx_HAL_Driver/Src/stm32g0xx_hal_tim_ex.c ****   */
2689:Drivers/STM32G0xx_HAL_Driver/Src/stm32g0xx_hal_tim_ex.c **** 
2690:Drivers/STM32G0xx_HAL_Driver/Src/stm32g0xx_hal_tim_ex.c **** /* Private functions ---------------------------------------------------------*/
2691:Drivers/STM32G0xx_HAL_Driver/Src/stm32g0xx_hal_tim_ex.c **** /** @defgroup TIMEx_Private_Functions TIM Extended Private Functions
2692:Drivers/STM32G0xx_HAL_Driver/Src/stm32g0xx_hal_tim_ex.c ****   * @{
2693:Drivers/STM32G0xx_HAL_Driver/Src/stm32g0xx_hal_tim_ex.c ****   */
ARM GAS  C:\Users\a_hae\AppData\Local\Temp\ccujrzwF.s 			page 179


2694:Drivers/STM32G0xx_HAL_Driver/Src/stm32g0xx_hal_tim_ex.c **** 
2695:Drivers/STM32G0xx_HAL_Driver/Src/stm32g0xx_hal_tim_ex.c **** /**
2696:Drivers/STM32G0xx_HAL_Driver/Src/stm32g0xx_hal_tim_ex.c ****   * @brief  TIM DMA Commutation callback.
2697:Drivers/STM32G0xx_HAL_Driver/Src/stm32g0xx_hal_tim_ex.c ****   * @param  hdma pointer to DMA handle.
2698:Drivers/STM32G0xx_HAL_Driver/Src/stm32g0xx_hal_tim_ex.c ****   * @retval None
2699:Drivers/STM32G0xx_HAL_Driver/Src/stm32g0xx_hal_tim_ex.c ****   */
2700:Drivers/STM32G0xx_HAL_Driver/Src/stm32g0xx_hal_tim_ex.c **** void TIMEx_DMACommutationCplt(DMA_HandleTypeDef *hdma)
2701:Drivers/STM32G0xx_HAL_Driver/Src/stm32g0xx_hal_tim_ex.c **** {
 7512              		.loc 1 2701 1
 7513              		.cfi_startproc
 7514              		@ args = 0, pretend = 0, frame = 16
 7515              		@ frame_needed = 1, uses_anonymous_args = 0
 7516 0000 80B5     		push	{r7, lr}
 7517              	.LCFI129:
 7518              		.cfi_def_cfa_offset 8
 7519              		.cfi_offset 7, -8
 7520              		.cfi_offset 14, -4
 7521 0002 84B0     		sub	sp, sp, #16
 7522              	.LCFI130:
 7523              		.cfi_def_cfa_offset 24
 7524 0004 00AF     		add	r7, sp, #0
 7525              	.LCFI131:
 7526              		.cfi_def_cfa_register 7
 7527 0006 7860     		str	r0, [r7, #4]
2702:Drivers/STM32G0xx_HAL_Driver/Src/stm32g0xx_hal_tim_ex.c ****   TIM_HandleTypeDef *htim = (TIM_HandleTypeDef *)((DMA_HandleTypeDef *)hdma)->Parent;
 7528              		.loc 1 2702 22
 7529 0008 7B68     		ldr	r3, [r7, #4]
 7530 000a 9B6A     		ldr	r3, [r3, #40]
 7531 000c FB60     		str	r3, [r7, #12]
2703:Drivers/STM32G0xx_HAL_Driver/Src/stm32g0xx_hal_tim_ex.c **** 
2704:Drivers/STM32G0xx_HAL_Driver/Src/stm32g0xx_hal_tim_ex.c ****   /* Change the htim state */
2705:Drivers/STM32G0xx_HAL_Driver/Src/stm32g0xx_hal_tim_ex.c ****   htim->State = HAL_TIM_STATE_READY;
 7532              		.loc 1 2705 15
 7533 000e FB68     		ldr	r3, [r7, #12]
 7534 0010 3D22     		movs	r2, #61
 7535 0012 0121     		movs	r1, #1
 7536 0014 9954     		strb	r1, [r3, r2]
2706:Drivers/STM32G0xx_HAL_Driver/Src/stm32g0xx_hal_tim_ex.c **** 
2707:Drivers/STM32G0xx_HAL_Driver/Src/stm32g0xx_hal_tim_ex.c **** #if (USE_HAL_TIM_REGISTER_CALLBACKS == 1)
2708:Drivers/STM32G0xx_HAL_Driver/Src/stm32g0xx_hal_tim_ex.c ****   htim->CommutationCallback(htim);
2709:Drivers/STM32G0xx_HAL_Driver/Src/stm32g0xx_hal_tim_ex.c **** #else
2710:Drivers/STM32G0xx_HAL_Driver/Src/stm32g0xx_hal_tim_ex.c ****   HAL_TIMEx_CommutCallback(htim);
 7537              		.loc 1 2710 3
 7538 0016 FB68     		ldr	r3, [r7, #12]
 7539 0018 1800     		movs	r0, r3
 7540 001a FFF7FEFF 		bl	HAL_TIMEx_CommutCallback
2711:Drivers/STM32G0xx_HAL_Driver/Src/stm32g0xx_hal_tim_ex.c **** #endif /* USE_HAL_TIM_REGISTER_CALLBACKS */
2712:Drivers/STM32G0xx_HAL_Driver/Src/stm32g0xx_hal_tim_ex.c **** }
 7541              		.loc 1 2712 1
 7542 001e C046     		nop
 7543 0020 BD46     		mov	sp, r7
 7544 0022 04B0     		add	sp, sp, #16
 7545              		@ sp needed
 7546 0024 80BD     		pop	{r7, pc}
 7547              		.cfi_endproc
 7548              	.LFE406:
 7550              		.section	.text.TIMEx_DMACommutationHalfCplt,"ax",%progbits
ARM GAS  C:\Users\a_hae\AppData\Local\Temp\ccujrzwF.s 			page 180


 7551              		.align	1
 7552              		.global	TIMEx_DMACommutationHalfCplt
 7553              		.syntax unified
 7554              		.code	16
 7555              		.thumb_func
 7557              	TIMEx_DMACommutationHalfCplt:
 7558              	.LFB407:
2713:Drivers/STM32G0xx_HAL_Driver/Src/stm32g0xx_hal_tim_ex.c **** 
2714:Drivers/STM32G0xx_HAL_Driver/Src/stm32g0xx_hal_tim_ex.c **** /**
2715:Drivers/STM32G0xx_HAL_Driver/Src/stm32g0xx_hal_tim_ex.c ****   * @brief  TIM DMA Commutation half complete callback.
2716:Drivers/STM32G0xx_HAL_Driver/Src/stm32g0xx_hal_tim_ex.c ****   * @param  hdma pointer to DMA handle.
2717:Drivers/STM32G0xx_HAL_Driver/Src/stm32g0xx_hal_tim_ex.c ****   * @retval None
2718:Drivers/STM32G0xx_HAL_Driver/Src/stm32g0xx_hal_tim_ex.c ****   */
2719:Drivers/STM32G0xx_HAL_Driver/Src/stm32g0xx_hal_tim_ex.c **** void TIMEx_DMACommutationHalfCplt(DMA_HandleTypeDef *hdma)
2720:Drivers/STM32G0xx_HAL_Driver/Src/stm32g0xx_hal_tim_ex.c **** {
 7559              		.loc 1 2720 1
 7560              		.cfi_startproc
 7561              		@ args = 0, pretend = 0, frame = 16
 7562              		@ frame_needed = 1, uses_anonymous_args = 0
 7563 0000 80B5     		push	{r7, lr}
 7564              	.LCFI132:
 7565              		.cfi_def_cfa_offset 8
 7566              		.cfi_offset 7, -8
 7567              		.cfi_offset 14, -4
 7568 0002 84B0     		sub	sp, sp, #16
 7569              	.LCFI133:
 7570              		.cfi_def_cfa_offset 24
 7571 0004 00AF     		add	r7, sp, #0
 7572              	.LCFI134:
 7573              		.cfi_def_cfa_register 7
 7574 0006 7860     		str	r0, [r7, #4]
2721:Drivers/STM32G0xx_HAL_Driver/Src/stm32g0xx_hal_tim_ex.c ****   TIM_HandleTypeDef *htim = (TIM_HandleTypeDef *)((DMA_HandleTypeDef *)hdma)->Parent;
 7575              		.loc 1 2721 22
 7576 0008 7B68     		ldr	r3, [r7, #4]
 7577 000a 9B6A     		ldr	r3, [r3, #40]
 7578 000c FB60     		str	r3, [r7, #12]
2722:Drivers/STM32G0xx_HAL_Driver/Src/stm32g0xx_hal_tim_ex.c **** 
2723:Drivers/STM32G0xx_HAL_Driver/Src/stm32g0xx_hal_tim_ex.c ****   /* Change the htim state */
2724:Drivers/STM32G0xx_HAL_Driver/Src/stm32g0xx_hal_tim_ex.c ****   htim->State = HAL_TIM_STATE_READY;
 7579              		.loc 1 2724 15
 7580 000e FB68     		ldr	r3, [r7, #12]
 7581 0010 3D22     		movs	r2, #61
 7582 0012 0121     		movs	r1, #1
 7583 0014 9954     		strb	r1, [r3, r2]
2725:Drivers/STM32G0xx_HAL_Driver/Src/stm32g0xx_hal_tim_ex.c **** 
2726:Drivers/STM32G0xx_HAL_Driver/Src/stm32g0xx_hal_tim_ex.c **** #if (USE_HAL_TIM_REGISTER_CALLBACKS == 1)
2727:Drivers/STM32G0xx_HAL_Driver/Src/stm32g0xx_hal_tim_ex.c ****   htim->CommutationHalfCpltCallback(htim);
2728:Drivers/STM32G0xx_HAL_Driver/Src/stm32g0xx_hal_tim_ex.c **** #else
2729:Drivers/STM32G0xx_HAL_Driver/Src/stm32g0xx_hal_tim_ex.c ****   HAL_TIMEx_CommutHalfCpltCallback(htim);
 7584              		.loc 1 2729 3
 7585 0016 FB68     		ldr	r3, [r7, #12]
 7586 0018 1800     		movs	r0, r3
 7587 001a FFF7FEFF 		bl	HAL_TIMEx_CommutHalfCpltCallback
2730:Drivers/STM32G0xx_HAL_Driver/Src/stm32g0xx_hal_tim_ex.c **** #endif /* USE_HAL_TIM_REGISTER_CALLBACKS */
2731:Drivers/STM32G0xx_HAL_Driver/Src/stm32g0xx_hal_tim_ex.c **** }
 7588              		.loc 1 2731 1
 7589 001e C046     		nop
ARM GAS  C:\Users\a_hae\AppData\Local\Temp\ccujrzwF.s 			page 181


 7590 0020 BD46     		mov	sp, r7
 7591 0022 04B0     		add	sp, sp, #16
 7592              		@ sp needed
 7593 0024 80BD     		pop	{r7, pc}
 7594              		.cfi_endproc
 7595              	.LFE407:
 7597              		.section	.text.TIM_DMADelayPulseNCplt,"ax",%progbits
 7598              		.align	1
 7599              		.syntax unified
 7600              		.code	16
 7601              		.thumb_func
 7603              	TIM_DMADelayPulseNCplt:
 7604              	.LFB408:
2732:Drivers/STM32G0xx_HAL_Driver/Src/stm32g0xx_hal_tim_ex.c **** 
2733:Drivers/STM32G0xx_HAL_Driver/Src/stm32g0xx_hal_tim_ex.c **** 
2734:Drivers/STM32G0xx_HAL_Driver/Src/stm32g0xx_hal_tim_ex.c **** /**
2735:Drivers/STM32G0xx_HAL_Driver/Src/stm32g0xx_hal_tim_ex.c ****   * @brief  TIM DMA Delay Pulse complete callback (complementary channel).
2736:Drivers/STM32G0xx_HAL_Driver/Src/stm32g0xx_hal_tim_ex.c ****   * @param  hdma pointer to DMA handle.
2737:Drivers/STM32G0xx_HAL_Driver/Src/stm32g0xx_hal_tim_ex.c ****   * @retval None
2738:Drivers/STM32G0xx_HAL_Driver/Src/stm32g0xx_hal_tim_ex.c ****   */
2739:Drivers/STM32G0xx_HAL_Driver/Src/stm32g0xx_hal_tim_ex.c **** static void TIM_DMADelayPulseNCplt(DMA_HandleTypeDef *hdma)
2740:Drivers/STM32G0xx_HAL_Driver/Src/stm32g0xx_hal_tim_ex.c **** {
 7605              		.loc 1 2740 1
 7606              		.cfi_startproc
 7607              		@ args = 0, pretend = 0, frame = 16
 7608              		@ frame_needed = 1, uses_anonymous_args = 0
 7609 0000 80B5     		push	{r7, lr}
 7610              	.LCFI135:
 7611              		.cfi_def_cfa_offset 8
 7612              		.cfi_offset 7, -8
 7613              		.cfi_offset 14, -4
 7614 0002 84B0     		sub	sp, sp, #16
 7615              	.LCFI136:
 7616              		.cfi_def_cfa_offset 24
 7617 0004 00AF     		add	r7, sp, #0
 7618              	.LCFI137:
 7619              		.cfi_def_cfa_register 7
 7620 0006 7860     		str	r0, [r7, #4]
2741:Drivers/STM32G0xx_HAL_Driver/Src/stm32g0xx_hal_tim_ex.c ****   TIM_HandleTypeDef *htim = (TIM_HandleTypeDef *)((DMA_HandleTypeDef *)hdma)->Parent;
 7621              		.loc 1 2741 22
 7622 0008 7B68     		ldr	r3, [r7, #4]
 7623 000a 9B6A     		ldr	r3, [r3, #40]
 7624 000c FB60     		str	r3, [r7, #12]
2742:Drivers/STM32G0xx_HAL_Driver/Src/stm32g0xx_hal_tim_ex.c **** 
2743:Drivers/STM32G0xx_HAL_Driver/Src/stm32g0xx_hal_tim_ex.c ****   if (hdma == htim->hdma[TIM_DMA_ID_CC1])
 7625              		.loc 1 2743 25
 7626 000e FB68     		ldr	r3, [r7, #12]
 7627 0010 5B6A     		ldr	r3, [r3, #36]
 7628              		.loc 1 2743 6
 7629 0012 7A68     		ldr	r2, [r7, #4]
 7630 0014 9A42     		cmp	r2, r3
 7631 0016 0BD1     		bne	.L479
2744:Drivers/STM32G0xx_HAL_Driver/Src/stm32g0xx_hal_tim_ex.c ****   {
2745:Drivers/STM32G0xx_HAL_Driver/Src/stm32g0xx_hal_tim_ex.c ****     htim->Channel = HAL_TIM_ACTIVE_CHANNEL_1;
 7632              		.loc 1 2745 19
 7633 0018 FB68     		ldr	r3, [r7, #12]
 7634 001a 0122     		movs	r2, #1
ARM GAS  C:\Users\a_hae\AppData\Local\Temp\ccujrzwF.s 			page 182


 7635 001c 1A77     		strb	r2, [r3, #28]
2746:Drivers/STM32G0xx_HAL_Driver/Src/stm32g0xx_hal_tim_ex.c **** 
2747:Drivers/STM32G0xx_HAL_Driver/Src/stm32g0xx_hal_tim_ex.c ****     if (hdma->Init.Mode == DMA_NORMAL)
 7636              		.loc 1 2747 19
 7637 001e 7B68     		ldr	r3, [r7, #4]
 7638 0020 DB69     		ldr	r3, [r3, #28]
 7639              		.loc 1 2747 8
 7640 0022 002B     		cmp	r3, #0
 7641 0024 25D1     		bne	.L480
2748:Drivers/STM32G0xx_HAL_Driver/Src/stm32g0xx_hal_tim_ex.c ****     {
2749:Drivers/STM32G0xx_HAL_Driver/Src/stm32g0xx_hal_tim_ex.c ****       TIM_CHANNEL_N_STATE_SET(htim, TIM_CHANNEL_1, HAL_TIM_CHANNEL_STATE_READY);
 7642              		.loc 1 2749 7
 7643 0026 FB68     		ldr	r3, [r7, #12]
 7644 0028 4422     		movs	r2, #68
 7645 002a 0121     		movs	r1, #1
 7646 002c 9954     		strb	r1, [r3, r2]
 7647 002e 20E0     		b	.L480
 7648              	.L479:
2750:Drivers/STM32G0xx_HAL_Driver/Src/stm32g0xx_hal_tim_ex.c ****     }
2751:Drivers/STM32G0xx_HAL_Driver/Src/stm32g0xx_hal_tim_ex.c ****   }
2752:Drivers/STM32G0xx_HAL_Driver/Src/stm32g0xx_hal_tim_ex.c ****   else if (hdma == htim->hdma[TIM_DMA_ID_CC2])
 7649              		.loc 1 2752 30
 7650 0030 FB68     		ldr	r3, [r7, #12]
 7651 0032 9B6A     		ldr	r3, [r3, #40]
 7652              		.loc 1 2752 11
 7653 0034 7A68     		ldr	r2, [r7, #4]
 7654 0036 9A42     		cmp	r2, r3
 7655 0038 0BD1     		bne	.L481
2753:Drivers/STM32G0xx_HAL_Driver/Src/stm32g0xx_hal_tim_ex.c ****   {
2754:Drivers/STM32G0xx_HAL_Driver/Src/stm32g0xx_hal_tim_ex.c ****     htim->Channel = HAL_TIM_ACTIVE_CHANNEL_2;
 7656              		.loc 1 2754 19
 7657 003a FB68     		ldr	r3, [r7, #12]
 7658 003c 0222     		movs	r2, #2
 7659 003e 1A77     		strb	r2, [r3, #28]
2755:Drivers/STM32G0xx_HAL_Driver/Src/stm32g0xx_hal_tim_ex.c **** 
2756:Drivers/STM32G0xx_HAL_Driver/Src/stm32g0xx_hal_tim_ex.c ****     if (hdma->Init.Mode == DMA_NORMAL)
 7660              		.loc 1 2756 19
 7661 0040 7B68     		ldr	r3, [r7, #4]
 7662 0042 DB69     		ldr	r3, [r3, #28]
 7663              		.loc 1 2756 8
 7664 0044 002B     		cmp	r3, #0
 7665 0046 14D1     		bne	.L480
2757:Drivers/STM32G0xx_HAL_Driver/Src/stm32g0xx_hal_tim_ex.c ****     {
2758:Drivers/STM32G0xx_HAL_Driver/Src/stm32g0xx_hal_tim_ex.c ****       TIM_CHANNEL_N_STATE_SET(htim, TIM_CHANNEL_2, HAL_TIM_CHANNEL_STATE_READY);
 7666              		.loc 1 2758 7
 7667 0048 FB68     		ldr	r3, [r7, #12]
 7668 004a 4522     		movs	r2, #69
 7669 004c 0121     		movs	r1, #1
 7670 004e 9954     		strb	r1, [r3, r2]
 7671 0050 0FE0     		b	.L480
 7672              	.L481:
2759:Drivers/STM32G0xx_HAL_Driver/Src/stm32g0xx_hal_tim_ex.c ****     }
2760:Drivers/STM32G0xx_HAL_Driver/Src/stm32g0xx_hal_tim_ex.c ****   }
2761:Drivers/STM32G0xx_HAL_Driver/Src/stm32g0xx_hal_tim_ex.c ****   else if (hdma == htim->hdma[TIM_DMA_ID_CC3])
 7673              		.loc 1 2761 30
 7674 0052 FB68     		ldr	r3, [r7, #12]
 7675 0054 DB6A     		ldr	r3, [r3, #44]
ARM GAS  C:\Users\a_hae\AppData\Local\Temp\ccujrzwF.s 			page 183


 7676              		.loc 1 2761 11
 7677 0056 7A68     		ldr	r2, [r7, #4]
 7678 0058 9A42     		cmp	r2, r3
 7679 005a 0AD1     		bne	.L480
2762:Drivers/STM32G0xx_HAL_Driver/Src/stm32g0xx_hal_tim_ex.c ****   {
2763:Drivers/STM32G0xx_HAL_Driver/Src/stm32g0xx_hal_tim_ex.c ****     htim->Channel = HAL_TIM_ACTIVE_CHANNEL_3;
 7680              		.loc 1 2763 19
 7681 005c FB68     		ldr	r3, [r7, #12]
 7682 005e 0422     		movs	r2, #4
 7683 0060 1A77     		strb	r2, [r3, #28]
2764:Drivers/STM32G0xx_HAL_Driver/Src/stm32g0xx_hal_tim_ex.c **** 
2765:Drivers/STM32G0xx_HAL_Driver/Src/stm32g0xx_hal_tim_ex.c ****     if (hdma->Init.Mode == DMA_NORMAL)
 7684              		.loc 1 2765 19
 7685 0062 7B68     		ldr	r3, [r7, #4]
 7686 0064 DB69     		ldr	r3, [r3, #28]
 7687              		.loc 1 2765 8
 7688 0066 002B     		cmp	r3, #0
 7689 0068 03D1     		bne	.L480
2766:Drivers/STM32G0xx_HAL_Driver/Src/stm32g0xx_hal_tim_ex.c ****     {
2767:Drivers/STM32G0xx_HAL_Driver/Src/stm32g0xx_hal_tim_ex.c ****       TIM_CHANNEL_N_STATE_SET(htim, TIM_CHANNEL_3, HAL_TIM_CHANNEL_STATE_READY);
 7690              		.loc 1 2767 7
 7691 006a FB68     		ldr	r3, [r7, #12]
 7692 006c 4622     		movs	r2, #70
 7693 006e 0121     		movs	r1, #1
 7694 0070 9954     		strb	r1, [r3, r2]
 7695              	.L480:
2768:Drivers/STM32G0xx_HAL_Driver/Src/stm32g0xx_hal_tim_ex.c ****     }
2769:Drivers/STM32G0xx_HAL_Driver/Src/stm32g0xx_hal_tim_ex.c ****   }
2770:Drivers/STM32G0xx_HAL_Driver/Src/stm32g0xx_hal_tim_ex.c ****   else
2771:Drivers/STM32G0xx_HAL_Driver/Src/stm32g0xx_hal_tim_ex.c ****   {
2772:Drivers/STM32G0xx_HAL_Driver/Src/stm32g0xx_hal_tim_ex.c ****     /* nothing to do */
2773:Drivers/STM32G0xx_HAL_Driver/Src/stm32g0xx_hal_tim_ex.c ****   }
2774:Drivers/STM32G0xx_HAL_Driver/Src/stm32g0xx_hal_tim_ex.c **** 
2775:Drivers/STM32G0xx_HAL_Driver/Src/stm32g0xx_hal_tim_ex.c **** #if (USE_HAL_TIM_REGISTER_CALLBACKS == 1)
2776:Drivers/STM32G0xx_HAL_Driver/Src/stm32g0xx_hal_tim_ex.c ****   htim->PWM_PulseFinishedCallback(htim);
2777:Drivers/STM32G0xx_HAL_Driver/Src/stm32g0xx_hal_tim_ex.c **** #else
2778:Drivers/STM32G0xx_HAL_Driver/Src/stm32g0xx_hal_tim_ex.c ****   HAL_TIM_PWM_PulseFinishedCallback(htim);
 7696              		.loc 1 2778 3
 7697 0072 FB68     		ldr	r3, [r7, #12]
 7698 0074 1800     		movs	r0, r3
 7699 0076 FFF7FEFF 		bl	HAL_TIM_PWM_PulseFinishedCallback
2779:Drivers/STM32G0xx_HAL_Driver/Src/stm32g0xx_hal_tim_ex.c **** #endif /* USE_HAL_TIM_REGISTER_CALLBACKS */
2780:Drivers/STM32G0xx_HAL_Driver/Src/stm32g0xx_hal_tim_ex.c **** 
2781:Drivers/STM32G0xx_HAL_Driver/Src/stm32g0xx_hal_tim_ex.c ****   htim->Channel = HAL_TIM_ACTIVE_CHANNEL_CLEARED;
 7700              		.loc 1 2781 17
 7701 007a FB68     		ldr	r3, [r7, #12]
 7702 007c 0022     		movs	r2, #0
 7703 007e 1A77     		strb	r2, [r3, #28]
2782:Drivers/STM32G0xx_HAL_Driver/Src/stm32g0xx_hal_tim_ex.c **** }
 7704              		.loc 1 2782 1
 7705 0080 C046     		nop
 7706 0082 BD46     		mov	sp, r7
 7707 0084 04B0     		add	sp, sp, #16
 7708              		@ sp needed
 7709 0086 80BD     		pop	{r7, pc}
 7710              		.cfi_endproc
 7711              	.LFE408:
ARM GAS  C:\Users\a_hae\AppData\Local\Temp\ccujrzwF.s 			page 184


 7713              		.section	.text.TIM_DMAErrorCCxN,"ax",%progbits
 7714              		.align	1
 7715              		.syntax unified
 7716              		.code	16
 7717              		.thumb_func
 7719              	TIM_DMAErrorCCxN:
 7720              	.LFB409:
2783:Drivers/STM32G0xx_HAL_Driver/Src/stm32g0xx_hal_tim_ex.c **** 
2784:Drivers/STM32G0xx_HAL_Driver/Src/stm32g0xx_hal_tim_ex.c **** /**
2785:Drivers/STM32G0xx_HAL_Driver/Src/stm32g0xx_hal_tim_ex.c ****   * @brief  TIM DMA error callback (complementary channel)
2786:Drivers/STM32G0xx_HAL_Driver/Src/stm32g0xx_hal_tim_ex.c ****   * @param  hdma pointer to DMA handle.
2787:Drivers/STM32G0xx_HAL_Driver/Src/stm32g0xx_hal_tim_ex.c ****   * @retval None
2788:Drivers/STM32G0xx_HAL_Driver/Src/stm32g0xx_hal_tim_ex.c ****   */
2789:Drivers/STM32G0xx_HAL_Driver/Src/stm32g0xx_hal_tim_ex.c **** static void TIM_DMAErrorCCxN(DMA_HandleTypeDef *hdma)
2790:Drivers/STM32G0xx_HAL_Driver/Src/stm32g0xx_hal_tim_ex.c **** {
 7721              		.loc 1 2790 1
 7722              		.cfi_startproc
 7723              		@ args = 0, pretend = 0, frame = 16
 7724              		@ frame_needed = 1, uses_anonymous_args = 0
 7725 0000 80B5     		push	{r7, lr}
 7726              	.LCFI138:
 7727              		.cfi_def_cfa_offset 8
 7728              		.cfi_offset 7, -8
 7729              		.cfi_offset 14, -4
 7730 0002 84B0     		sub	sp, sp, #16
 7731              	.LCFI139:
 7732              		.cfi_def_cfa_offset 24
 7733 0004 00AF     		add	r7, sp, #0
 7734              	.LCFI140:
 7735              		.cfi_def_cfa_register 7
 7736 0006 7860     		str	r0, [r7, #4]
2791:Drivers/STM32G0xx_HAL_Driver/Src/stm32g0xx_hal_tim_ex.c ****   TIM_HandleTypeDef *htim = (TIM_HandleTypeDef *)((DMA_HandleTypeDef *)hdma)->Parent;
 7737              		.loc 1 2791 22
 7738 0008 7B68     		ldr	r3, [r7, #4]
 7739 000a 9B6A     		ldr	r3, [r3, #40]
 7740 000c FB60     		str	r3, [r7, #12]
2792:Drivers/STM32G0xx_HAL_Driver/Src/stm32g0xx_hal_tim_ex.c **** 
2793:Drivers/STM32G0xx_HAL_Driver/Src/stm32g0xx_hal_tim_ex.c ****   if (hdma == htim->hdma[TIM_DMA_ID_CC1])
 7741              		.loc 1 2793 25
 7742 000e FB68     		ldr	r3, [r7, #12]
 7743 0010 5B6A     		ldr	r3, [r3, #36]
 7744              		.loc 1 2793 6
 7745 0012 7A68     		ldr	r2, [r7, #4]
 7746 0014 9A42     		cmp	r2, r3
 7747 0016 07D1     		bne	.L483
2794:Drivers/STM32G0xx_HAL_Driver/Src/stm32g0xx_hal_tim_ex.c ****   {
2795:Drivers/STM32G0xx_HAL_Driver/Src/stm32g0xx_hal_tim_ex.c ****     htim->Channel = HAL_TIM_ACTIVE_CHANNEL_1;
 7748              		.loc 1 2795 19
 7749 0018 FB68     		ldr	r3, [r7, #12]
 7750 001a 0122     		movs	r2, #1
 7751 001c 1A77     		strb	r2, [r3, #28]
2796:Drivers/STM32G0xx_HAL_Driver/Src/stm32g0xx_hal_tim_ex.c ****     TIM_CHANNEL_N_STATE_SET(htim, TIM_CHANNEL_1, HAL_TIM_CHANNEL_STATE_READY);
 7752              		.loc 1 2796 5
 7753 001e FB68     		ldr	r3, [r7, #12]
 7754 0020 4422     		movs	r2, #68
 7755 0022 0121     		movs	r1, #1
 7756 0024 9954     		strb	r1, [r3, r2]
ARM GAS  C:\Users\a_hae\AppData\Local\Temp\ccujrzwF.s 			page 185


 7757 0026 18E0     		b	.L484
 7758              	.L483:
2797:Drivers/STM32G0xx_HAL_Driver/Src/stm32g0xx_hal_tim_ex.c ****   }
2798:Drivers/STM32G0xx_HAL_Driver/Src/stm32g0xx_hal_tim_ex.c ****   else if (hdma == htim->hdma[TIM_DMA_ID_CC2])
 7759              		.loc 1 2798 30
 7760 0028 FB68     		ldr	r3, [r7, #12]
 7761 002a 9B6A     		ldr	r3, [r3, #40]
 7762              		.loc 1 2798 11
 7763 002c 7A68     		ldr	r2, [r7, #4]
 7764 002e 9A42     		cmp	r2, r3
 7765 0030 07D1     		bne	.L485
2799:Drivers/STM32G0xx_HAL_Driver/Src/stm32g0xx_hal_tim_ex.c ****   {
2800:Drivers/STM32G0xx_HAL_Driver/Src/stm32g0xx_hal_tim_ex.c ****     htim->Channel = HAL_TIM_ACTIVE_CHANNEL_2;
 7766              		.loc 1 2800 19
 7767 0032 FB68     		ldr	r3, [r7, #12]
 7768 0034 0222     		movs	r2, #2
 7769 0036 1A77     		strb	r2, [r3, #28]
2801:Drivers/STM32G0xx_HAL_Driver/Src/stm32g0xx_hal_tim_ex.c ****     TIM_CHANNEL_N_STATE_SET(htim, TIM_CHANNEL_2, HAL_TIM_CHANNEL_STATE_READY);
 7770              		.loc 1 2801 5
 7771 0038 FB68     		ldr	r3, [r7, #12]
 7772 003a 4522     		movs	r2, #69
 7773 003c 0121     		movs	r1, #1
 7774 003e 9954     		strb	r1, [r3, r2]
 7775 0040 0BE0     		b	.L484
 7776              	.L485:
2802:Drivers/STM32G0xx_HAL_Driver/Src/stm32g0xx_hal_tim_ex.c ****   }
2803:Drivers/STM32G0xx_HAL_Driver/Src/stm32g0xx_hal_tim_ex.c ****   else if (hdma == htim->hdma[TIM_DMA_ID_CC3])
 7777              		.loc 1 2803 30
 7778 0042 FB68     		ldr	r3, [r7, #12]
 7779 0044 DB6A     		ldr	r3, [r3, #44]
 7780              		.loc 1 2803 11
 7781 0046 7A68     		ldr	r2, [r7, #4]
 7782 0048 9A42     		cmp	r2, r3
 7783 004a 06D1     		bne	.L484
2804:Drivers/STM32G0xx_HAL_Driver/Src/stm32g0xx_hal_tim_ex.c ****   {
2805:Drivers/STM32G0xx_HAL_Driver/Src/stm32g0xx_hal_tim_ex.c ****     htim->Channel = HAL_TIM_ACTIVE_CHANNEL_3;
 7784              		.loc 1 2805 19
 7785 004c FB68     		ldr	r3, [r7, #12]
 7786 004e 0422     		movs	r2, #4
 7787 0050 1A77     		strb	r2, [r3, #28]
2806:Drivers/STM32G0xx_HAL_Driver/Src/stm32g0xx_hal_tim_ex.c ****     TIM_CHANNEL_N_STATE_SET(htim, TIM_CHANNEL_3, HAL_TIM_CHANNEL_STATE_READY);
 7788              		.loc 1 2806 5
 7789 0052 FB68     		ldr	r3, [r7, #12]
 7790 0054 4622     		movs	r2, #70
 7791 0056 0121     		movs	r1, #1
 7792 0058 9954     		strb	r1, [r3, r2]
 7793              	.L484:
2807:Drivers/STM32G0xx_HAL_Driver/Src/stm32g0xx_hal_tim_ex.c ****   }
2808:Drivers/STM32G0xx_HAL_Driver/Src/stm32g0xx_hal_tim_ex.c ****   else
2809:Drivers/STM32G0xx_HAL_Driver/Src/stm32g0xx_hal_tim_ex.c ****   {
2810:Drivers/STM32G0xx_HAL_Driver/Src/stm32g0xx_hal_tim_ex.c ****     /* nothing to do */
2811:Drivers/STM32G0xx_HAL_Driver/Src/stm32g0xx_hal_tim_ex.c ****   }
2812:Drivers/STM32G0xx_HAL_Driver/Src/stm32g0xx_hal_tim_ex.c **** 
2813:Drivers/STM32G0xx_HAL_Driver/Src/stm32g0xx_hal_tim_ex.c **** #if (USE_HAL_TIM_REGISTER_CALLBACKS == 1)
2814:Drivers/STM32G0xx_HAL_Driver/Src/stm32g0xx_hal_tim_ex.c ****   htim->ErrorCallback(htim);
2815:Drivers/STM32G0xx_HAL_Driver/Src/stm32g0xx_hal_tim_ex.c **** #else
2816:Drivers/STM32G0xx_HAL_Driver/Src/stm32g0xx_hal_tim_ex.c ****   HAL_TIM_ErrorCallback(htim);
ARM GAS  C:\Users\a_hae\AppData\Local\Temp\ccujrzwF.s 			page 186


 7794              		.loc 1 2816 3
 7795 005a FB68     		ldr	r3, [r7, #12]
 7796 005c 1800     		movs	r0, r3
 7797 005e FFF7FEFF 		bl	HAL_TIM_ErrorCallback
2817:Drivers/STM32G0xx_HAL_Driver/Src/stm32g0xx_hal_tim_ex.c **** #endif /* USE_HAL_TIM_REGISTER_CALLBACKS */
2818:Drivers/STM32G0xx_HAL_Driver/Src/stm32g0xx_hal_tim_ex.c **** 
2819:Drivers/STM32G0xx_HAL_Driver/Src/stm32g0xx_hal_tim_ex.c ****   htim->Channel = HAL_TIM_ACTIVE_CHANNEL_CLEARED;
 7798              		.loc 1 2819 17
 7799 0062 FB68     		ldr	r3, [r7, #12]
 7800 0064 0022     		movs	r2, #0
 7801 0066 1A77     		strb	r2, [r3, #28]
2820:Drivers/STM32G0xx_HAL_Driver/Src/stm32g0xx_hal_tim_ex.c **** }
 7802              		.loc 1 2820 1
 7803 0068 C046     		nop
 7804 006a BD46     		mov	sp, r7
 7805 006c 04B0     		add	sp, sp, #16
 7806              		@ sp needed
 7807 006e 80BD     		pop	{r7, pc}
 7808              		.cfi_endproc
 7809              	.LFE409:
 7811              		.section	.text.TIM_CCxNChannelCmd,"ax",%progbits
 7812              		.align	1
 7813              		.syntax unified
 7814              		.code	16
 7815              		.thumb_func
 7817              	TIM_CCxNChannelCmd:
 7818              	.LFB410:
2821:Drivers/STM32G0xx_HAL_Driver/Src/stm32g0xx_hal_tim_ex.c **** 
2822:Drivers/STM32G0xx_HAL_Driver/Src/stm32g0xx_hal_tim_ex.c **** /**
2823:Drivers/STM32G0xx_HAL_Driver/Src/stm32g0xx_hal_tim_ex.c ****   * @brief  Enables or disables the TIM Capture Compare Channel xN.
2824:Drivers/STM32G0xx_HAL_Driver/Src/stm32g0xx_hal_tim_ex.c ****   * @param  TIMx to select the TIM peripheral
2825:Drivers/STM32G0xx_HAL_Driver/Src/stm32g0xx_hal_tim_ex.c ****   * @param  Channel specifies the TIM Channel
2826:Drivers/STM32G0xx_HAL_Driver/Src/stm32g0xx_hal_tim_ex.c ****   *          This parameter can be one of the following values:
2827:Drivers/STM32G0xx_HAL_Driver/Src/stm32g0xx_hal_tim_ex.c ****   *            @arg TIM_CHANNEL_1: TIM Channel 1
2828:Drivers/STM32G0xx_HAL_Driver/Src/stm32g0xx_hal_tim_ex.c ****   *            @arg TIM_CHANNEL_2: TIM Channel 2
2829:Drivers/STM32G0xx_HAL_Driver/Src/stm32g0xx_hal_tim_ex.c ****   *            @arg TIM_CHANNEL_3: TIM Channel 3
2830:Drivers/STM32G0xx_HAL_Driver/Src/stm32g0xx_hal_tim_ex.c ****   * @param  ChannelNState specifies the TIM Channel CCxNE bit new state.
2831:Drivers/STM32G0xx_HAL_Driver/Src/stm32g0xx_hal_tim_ex.c ****   *          This parameter can be: TIM_CCxN_ENABLE or TIM_CCxN_Disable.
2832:Drivers/STM32G0xx_HAL_Driver/Src/stm32g0xx_hal_tim_ex.c ****   * @retval None
2833:Drivers/STM32G0xx_HAL_Driver/Src/stm32g0xx_hal_tim_ex.c ****   */
2834:Drivers/STM32G0xx_HAL_Driver/Src/stm32g0xx_hal_tim_ex.c **** static void TIM_CCxNChannelCmd(TIM_TypeDef *TIMx, uint32_t Channel, uint32_t ChannelNState)
2835:Drivers/STM32G0xx_HAL_Driver/Src/stm32g0xx_hal_tim_ex.c **** {
 7819              		.loc 1 2835 1
 7820              		.cfi_startproc
 7821              		@ args = 0, pretend = 0, frame = 24
 7822              		@ frame_needed = 1, uses_anonymous_args = 0
 7823 0000 80B5     		push	{r7, lr}
 7824              	.LCFI141:
 7825              		.cfi_def_cfa_offset 8
 7826              		.cfi_offset 7, -8
 7827              		.cfi_offset 14, -4
 7828 0002 86B0     		sub	sp, sp, #24
 7829              	.LCFI142:
 7830              		.cfi_def_cfa_offset 32
 7831 0004 00AF     		add	r7, sp, #0
 7832              	.LCFI143:
 7833              		.cfi_def_cfa_register 7
ARM GAS  C:\Users\a_hae\AppData\Local\Temp\ccujrzwF.s 			page 187


 7834 0006 F860     		str	r0, [r7, #12]
 7835 0008 B960     		str	r1, [r7, #8]
 7836 000a 7A60     		str	r2, [r7, #4]
2836:Drivers/STM32G0xx_HAL_Driver/Src/stm32g0xx_hal_tim_ex.c ****   uint32_t tmp;
2837:Drivers/STM32G0xx_HAL_Driver/Src/stm32g0xx_hal_tim_ex.c **** 
2838:Drivers/STM32G0xx_HAL_Driver/Src/stm32g0xx_hal_tim_ex.c ****   tmp = TIM_CCER_CC1NE << (Channel & 0xFU); /* 0xFU = 15 bits max shift */
 7837              		.loc 1 2838 36
 7838 000c BB68     		ldr	r3, [r7, #8]
 7839 000e 0F22     		movs	r2, #15
 7840 0010 1340     		ands	r3, r2
 7841              		.loc 1 2838 7
 7842 0012 0422     		movs	r2, #4
 7843 0014 9A40     		lsls	r2, r2, r3
 7844 0016 1300     		movs	r3, r2
 7845 0018 7B61     		str	r3, [r7, #20]
2839:Drivers/STM32G0xx_HAL_Driver/Src/stm32g0xx_hal_tim_ex.c **** 
2840:Drivers/STM32G0xx_HAL_Driver/Src/stm32g0xx_hal_tim_ex.c ****   /* Reset the CCxNE Bit */
2841:Drivers/STM32G0xx_HAL_Driver/Src/stm32g0xx_hal_tim_ex.c ****   TIMx->CCER &=  ~tmp;
 7846              		.loc 1 2841 7
 7847 001a FB68     		ldr	r3, [r7, #12]
 7848 001c 1B6A     		ldr	r3, [r3, #32]
 7849              		.loc 1 2841 18
 7850 001e 7A69     		ldr	r2, [r7, #20]
 7851 0020 D243     		mvns	r2, r2
 7852              		.loc 1 2841 14
 7853 0022 1A40     		ands	r2, r3
 7854 0024 FB68     		ldr	r3, [r7, #12]
 7855 0026 1A62     		str	r2, [r3, #32]
2842:Drivers/STM32G0xx_HAL_Driver/Src/stm32g0xx_hal_tim_ex.c **** 
2843:Drivers/STM32G0xx_HAL_Driver/Src/stm32g0xx_hal_tim_ex.c ****   /* Set or reset the CCxNE Bit */
2844:Drivers/STM32G0xx_HAL_Driver/Src/stm32g0xx_hal_tim_ex.c ****   TIMx->CCER |= (uint32_t)(ChannelNState << (Channel & 0xFU)); /* 0xFU = 15 bits max shift */
 7856              		.loc 1 2844 7
 7857 0028 FB68     		ldr	r3, [r7, #12]
 7858 002a 1A6A     		ldr	r2, [r3, #32]
 7859              		.loc 1 2844 54
 7860 002c BB68     		ldr	r3, [r7, #8]
 7861 002e 0F21     		movs	r1, #15
 7862 0030 0B40     		ands	r3, r1
 7863              		.loc 1 2844 42
 7864 0032 7968     		ldr	r1, [r7, #4]
 7865 0034 9940     		lsls	r1, r1, r3
 7866 0036 0B00     		movs	r3, r1
 7867              		.loc 1 2844 14
 7868 0038 1A43     		orrs	r2, r3
 7869 003a FB68     		ldr	r3, [r7, #12]
 7870 003c 1A62     		str	r2, [r3, #32]
2845:Drivers/STM32G0xx_HAL_Driver/Src/stm32g0xx_hal_tim_ex.c **** }
 7871              		.loc 1 2845 1
 7872 003e C046     		nop
 7873 0040 BD46     		mov	sp, r7
 7874 0042 06B0     		add	sp, sp, #24
 7875              		@ sp needed
 7876 0044 80BD     		pop	{r7, pc}
 7877              		.cfi_endproc
 7878              	.LFE410:
 7880              		.text
 7881              	.Letext0:
ARM GAS  C:\Users\a_hae\AppData\Local\Temp\ccujrzwF.s 			page 188


 7882              		.file 2 "C:\\ST\\STM32CubeIDE_2.2.0\\STM32CubeIDE\\plugins\\com.st.stm32cube.ide.mcu.externaltools
 7883              		.file 3 "C:\\ST\\STM32CubeIDE_2.2.0\\STM32CubeIDE\\plugins\\com.st.stm32cube.ide.mcu.externaltools
 7884              		.file 4 "Drivers/CMSIS/Device/ST/STM32G0xx/Include/stm32g0b1xx.h"
 7885              		.file 5 "Drivers/CMSIS/Device/ST/STM32G0xx/Include/stm32g0xx.h"
 7886              		.file 6 "Drivers/STM32G0xx_HAL_Driver/Inc/stm32g0xx_hal_def.h"
 7887              		.file 7 "Drivers/STM32G0xx_HAL_Driver/Inc/stm32g0xx_hal_dma.h"
 7888              		.file 8 "Drivers/STM32G0xx_HAL_Driver/Inc/stm32g0xx_hal_tim.h"
 7889              		.file 9 "Drivers/STM32G0xx_HAL_Driver/Inc/stm32g0xx_hal_tim_ex.h"
 7890              		.file 10 "Drivers/STM32G0xx_HAL_Driver/Inc/stm32g0xx_ll_dma.h"
 7891              		.file 11 "Drivers/STM32G0xx_HAL_Driver/Inc/stm32g0xx_hal.h"
ARM GAS  C:\Users\a_hae\AppData\Local\Temp\ccujrzwF.s 			page 189


DEFINED SYMBOLS
                            *ABS*:00000000 stm32g0xx_hal_tim_ex.c
C:\Users\a_hae\AppData\Local\Temp\ccujrzwF.s:19     .rodata.CHANNEL_OFFSET_TAB:00000000 $d
C:\Users\a_hae\AppData\Local\Temp\ccujrzwF.s:22     .rodata.CHANNEL_OFFSET_TAB:00000000 CHANNEL_OFFSET_TAB
C:\Users\a_hae\AppData\Local\Temp\ccujrzwF.s:25     .text.HAL_TIMEx_HallSensor_Init:00000000 $t
C:\Users\a_hae\AppData\Local\Temp\ccujrzwF.s:31     .text.HAL_TIMEx_HallSensor_Init:00000000 HAL_TIMEx_HallSensor_Init
C:\Users\a_hae\AppData\Local\Temp\ccujrzwF.s:414    .text.HAL_TIMEx_HallSensor_MspInit:00000000 HAL_TIMEx_HallSensor_MspInit
C:\Users\a_hae\AppData\Local\Temp\ccujrzwF.s:293    .text.HAL_TIMEx_HallSensor_Init:00000164 $d
C:\Users\a_hae\AppData\Local\Temp\ccujrzwF.s:299    .text.HAL_TIMEx_HallSensor_DeInit:00000000 $t
C:\Users\a_hae\AppData\Local\Temp\ccujrzwF.s:305    .text.HAL_TIMEx_HallSensor_DeInit:00000000 HAL_TIMEx_HallSensor_DeInit
C:\Users\a_hae\AppData\Local\Temp\ccujrzwF.s:448    .text.HAL_TIMEx_HallSensor_MspDeInit:00000000 HAL_TIMEx_HallSensor_MspDeInit
C:\Users\a_hae\AppData\Local\Temp\ccujrzwF.s:402    .text.HAL_TIMEx_HallSensor_DeInit:00000084 $d
C:\Users\a_hae\AppData\Local\Temp\ccujrzwF.s:408    .text.HAL_TIMEx_HallSensor_MspInit:00000000 $t
C:\Users\a_hae\AppData\Local\Temp\ccujrzwF.s:442    .text.HAL_TIMEx_HallSensor_MspDeInit:00000000 $t
C:\Users\a_hae\AppData\Local\Temp\ccujrzwF.s:476    .text.HAL_TIMEx_HallSensor_Start:00000000 $t
C:\Users\a_hae\AppData\Local\Temp\ccujrzwF.s:482    .text.HAL_TIMEx_HallSensor_Start:00000000 HAL_TIMEx_HallSensor_Start
C:\Users\a_hae\AppData\Local\Temp\ccujrzwF.s:673    .text.HAL_TIMEx_HallSensor_Start:0000010c $d
C:\Users\a_hae\AppData\Local\Temp\ccujrzwF.s:682    .text.HAL_TIMEx_HallSensor_Stop:00000000 $t
C:\Users\a_hae\AppData\Local\Temp\ccujrzwF.s:688    .text.HAL_TIMEx_HallSensor_Stop:00000000 HAL_TIMEx_HallSensor_Stop
C:\Users\a_hae\AppData\Local\Temp\ccujrzwF.s:768    .text.HAL_TIMEx_HallSensor_Stop:00000068 $d
C:\Users\a_hae\AppData\Local\Temp\ccujrzwF.s:774    .text.HAL_TIMEx_HallSensor_Start_IT:00000000 $t
C:\Users\a_hae\AppData\Local\Temp\ccujrzwF.s:780    .text.HAL_TIMEx_HallSensor_Start_IT:00000000 HAL_TIMEx_HallSensor_Start_IT
C:\Users\a_hae\AppData\Local\Temp\ccujrzwF.s:980    .text.HAL_TIMEx_HallSensor_Start_IT:0000011c $d
C:\Users\a_hae\AppData\Local\Temp\ccujrzwF.s:989    .text.HAL_TIMEx_HallSensor_Stop_IT:00000000 $t
C:\Users\a_hae\AppData\Local\Temp\ccujrzwF.s:995    .text.HAL_TIMEx_HallSensor_Stop_IT:00000000 HAL_TIMEx_HallSensor_Stop_IT
C:\Users\a_hae\AppData\Local\Temp\ccujrzwF.s:1084   .text.HAL_TIMEx_HallSensor_Stop_IT:00000078 $d
C:\Users\a_hae\AppData\Local\Temp\ccujrzwF.s:1090   .text.HAL_TIMEx_HallSensor_Start_DMA:00000000 $t
C:\Users\a_hae\AppData\Local\Temp\ccujrzwF.s:1096   .text.HAL_TIMEx_HallSensor_Start_DMA:00000000 HAL_TIMEx_HallSensor_Start_DMA
C:\Users\a_hae\AppData\Local\Temp\ccujrzwF.s:1337   .text.HAL_TIMEx_HallSensor_Start_DMA:00000150 $d
C:\Users\a_hae\AppData\Local\Temp\ccujrzwF.s:1349   .text.HAL_TIMEx_HallSensor_Stop_DMA:00000000 $t
C:\Users\a_hae\AppData\Local\Temp\ccujrzwF.s:1355   .text.HAL_TIMEx_HallSensor_Stop_DMA:00000000 HAL_TIMEx_HallSensor_Stop_DMA
C:\Users\a_hae\AppData\Local\Temp\ccujrzwF.s:1439   .text.HAL_TIMEx_HallSensor_Stop_DMA:00000074 $d
C:\Users\a_hae\AppData\Local\Temp\ccujrzwF.s:1446   .text.HAL_TIMEx_OCN_Start:00000000 $t
C:\Users\a_hae\AppData\Local\Temp\ccujrzwF.s:1452   .text.HAL_TIMEx_OCN_Start:00000000 HAL_TIMEx_OCN_Start
C:\Users\a_hae\AppData\Local\Temp\ccujrzwF.s:7817   .text.TIM_CCxNChannelCmd:00000000 TIM_CCxNChannelCmd
C:\Users\a_hae\AppData\Local\Temp\ccujrzwF.s:1683   .text.HAL_TIMEx_OCN_Start:00000144 $d
C:\Users\a_hae\AppData\Local\Temp\ccujrzwF.s:1692   .text.HAL_TIMEx_OCN_Stop:00000000 $t
C:\Users\a_hae\AppData\Local\Temp\ccujrzwF.s:1698   .text.HAL_TIMEx_OCN_Stop:00000000 HAL_TIMEx_OCN_Stop
C:\Users\a_hae\AppData\Local\Temp\ccujrzwF.s:1822   .text.HAL_TIMEx_OCN_Stop:000000ac $d
C:\Users\a_hae\AppData\Local\Temp\ccujrzwF.s:1829   .text.HAL_TIMEx_OCN_Start_IT:00000000 $t
C:\Users\a_hae\AppData\Local\Temp\ccujrzwF.s:1835   .text.HAL_TIMEx_OCN_Start_IT:00000000 HAL_TIMEx_OCN_Start_IT
C:\Users\a_hae\AppData\Local\Temp\ccujrzwF.s:2147   .text.HAL_TIMEx_OCN_Start_IT:000001c4 $d
C:\Users\a_hae\AppData\Local\Temp\ccujrzwF.s:2156   .text.HAL_TIMEx_OCN_Stop_IT:00000000 $t
C:\Users\a_hae\AppData\Local\Temp\ccujrzwF.s:2162   .text.HAL_TIMEx_OCN_Stop_IT:00000000 HAL_TIMEx_OCN_Stop_IT
C:\Users\a_hae\AppData\Local\Temp\ccujrzwF.s:2380   .text.HAL_TIMEx_OCN_Stop_IT:0000013c $d
C:\Users\a_hae\AppData\Local\Temp\ccujrzwF.s:2387   .text.HAL_TIMEx_OCN_Start_DMA:00000000 $t
C:\Users\a_hae\AppData\Local\Temp\ccujrzwF.s:2393   .text.HAL_TIMEx_OCN_Start_DMA:00000000 HAL_TIMEx_OCN_Start_DMA
C:\Users\a_hae\AppData\Local\Temp\ccujrzwF.s:2905   .text.HAL_TIMEx_OCN_Start_DMA:000002d8 $d
C:\Users\a_hae\AppData\Local\Temp\ccujrzwF.s:7603   .text.TIM_DMADelayPulseNCplt:00000000 TIM_DMADelayPulseNCplt
C:\Users\a_hae\AppData\Local\Temp\ccujrzwF.s:7719   .text.TIM_DMAErrorCCxN:00000000 TIM_DMAErrorCCxN
C:\Users\a_hae\AppData\Local\Temp\ccujrzwF.s:2917   .text.HAL_TIMEx_OCN_Stop_DMA:00000000 $t
C:\Users\a_hae\AppData\Local\Temp\ccujrzwF.s:2923   .text.HAL_TIMEx_OCN_Stop_DMA:00000000 HAL_TIMEx_OCN_Stop_DMA
C:\Users\a_hae\AppData\Local\Temp\ccujrzwF.s:3134   .text.HAL_TIMEx_OCN_Stop_DMA:00000138 $d
C:\Users\a_hae\AppData\Local\Temp\ccujrzwF.s:3144   .text.HAL_TIMEx_PWMN_Start:00000000 $t
C:\Users\a_hae\AppData\Local\Temp\ccujrzwF.s:3150   .text.HAL_TIMEx_PWMN_Start:00000000 HAL_TIMEx_PWMN_Start
C:\Users\a_hae\AppData\Local\Temp\ccujrzwF.s:3381   .text.HAL_TIMEx_PWMN_Start:00000144 $d
C:\Users\a_hae\AppData\Local\Temp\ccujrzwF.s:3390   .text.HAL_TIMEx_PWMN_Stop:00000000 $t
ARM GAS  C:\Users\a_hae\AppData\Local\Temp\ccujrzwF.s 			page 190


C:\Users\a_hae\AppData\Local\Temp\ccujrzwF.s:3396   .text.HAL_TIMEx_PWMN_Stop:00000000 HAL_TIMEx_PWMN_Stop
C:\Users\a_hae\AppData\Local\Temp\ccujrzwF.s:3520   .text.HAL_TIMEx_PWMN_Stop:000000ac $d
C:\Users\a_hae\AppData\Local\Temp\ccujrzwF.s:3527   .text.HAL_TIMEx_PWMN_Start_IT:00000000 $t
C:\Users\a_hae\AppData\Local\Temp\ccujrzwF.s:3533   .text.HAL_TIMEx_PWMN_Start_IT:00000000 HAL_TIMEx_PWMN_Start_IT
C:\Users\a_hae\AppData\Local\Temp\ccujrzwF.s:3845   .text.HAL_TIMEx_PWMN_Start_IT:000001c4 $d
C:\Users\a_hae\AppData\Local\Temp\ccujrzwF.s:3854   .text.HAL_TIMEx_PWMN_Stop_IT:00000000 $t
C:\Users\a_hae\AppData\Local\Temp\ccujrzwF.s:3860   .text.HAL_TIMEx_PWMN_Stop_IT:00000000 HAL_TIMEx_PWMN_Stop_IT
C:\Users\a_hae\AppData\Local\Temp\ccujrzwF.s:4078   .text.HAL_TIMEx_PWMN_Stop_IT:0000013c $d
C:\Users\a_hae\AppData\Local\Temp\ccujrzwF.s:4085   .text.HAL_TIMEx_PWMN_Start_DMA:00000000 $t
C:\Users\a_hae\AppData\Local\Temp\ccujrzwF.s:4091   .text.HAL_TIMEx_PWMN_Start_DMA:00000000 HAL_TIMEx_PWMN_Start_DMA
C:\Users\a_hae\AppData\Local\Temp\ccujrzwF.s:4603   .text.HAL_TIMEx_PWMN_Start_DMA:000002d8 $d
C:\Users\a_hae\AppData\Local\Temp\ccujrzwF.s:4615   .text.HAL_TIMEx_PWMN_Stop_DMA:00000000 $t
C:\Users\a_hae\AppData\Local\Temp\ccujrzwF.s:4621   .text.HAL_TIMEx_PWMN_Stop_DMA:00000000 HAL_TIMEx_PWMN_Stop_DMA
C:\Users\a_hae\AppData\Local\Temp\ccujrzwF.s:4832   .text.HAL_TIMEx_PWMN_Stop_DMA:00000138 $d
C:\Users\a_hae\AppData\Local\Temp\ccujrzwF.s:4842   .text.HAL_TIMEx_OnePulseN_Start:00000000 $t
C:\Users\a_hae\AppData\Local\Temp\ccujrzwF.s:4848   .text.HAL_TIMEx_OnePulseN_Start:00000000 HAL_TIMEx_OnePulseN_Start
C:\Users\a_hae\AppData\Local\Temp\ccujrzwF.s:4993   .text.HAL_TIMEx_OnePulseN_Stop:00000000 $t
C:\Users\a_hae\AppData\Local\Temp\ccujrzwF.s:4999   .text.HAL_TIMEx_OnePulseN_Stop:00000000 HAL_TIMEx_OnePulseN_Stop
C:\Users\a_hae\AppData\Local\Temp\ccujrzwF.s:5124   .text.HAL_TIMEx_OnePulseN_Stop:000000b0 $d
C:\Users\a_hae\AppData\Local\Temp\ccujrzwF.s:5131   .text.HAL_TIMEx_OnePulseN_Start_IT:00000000 $t
C:\Users\a_hae\AppData\Local\Temp\ccujrzwF.s:5137   .text.HAL_TIMEx_OnePulseN_Start_IT:00000000 HAL_TIMEx_OnePulseN_Start_IT
C:\Users\a_hae\AppData\Local\Temp\ccujrzwF.s:5300   .text.HAL_TIMEx_OnePulseN_Stop_IT:00000000 $t
C:\Users\a_hae\AppData\Local\Temp\ccujrzwF.s:5306   .text.HAL_TIMEx_OnePulseN_Stop_IT:00000000 HAL_TIMEx_OnePulseN_Stop_IT
C:\Users\a_hae\AppData\Local\Temp\ccujrzwF.s:5449   .text.HAL_TIMEx_OnePulseN_Stop_IT:000000d0 $d
C:\Users\a_hae\AppData\Local\Temp\ccujrzwF.s:5456   .text.HAL_TIMEx_ConfigCommutEvent:00000000 $t
C:\Users\a_hae\AppData\Local\Temp\ccujrzwF.s:5462   .text.HAL_TIMEx_ConfigCommutEvent:00000000 HAL_TIMEx_ConfigCommutEvent
C:\Users\a_hae\AppData\Local\Temp\ccujrzwF.s:5611   .text.HAL_TIMEx_ConfigCommutEvent:000000bc $d
C:\Users\a_hae\AppData\Local\Temp\ccujrzwF.s:5617   .text.HAL_TIMEx_ConfigCommutEvent_IT:00000000 $t
C:\Users\a_hae\AppData\Local\Temp\ccujrzwF.s:5623   .text.HAL_TIMEx_ConfigCommutEvent_IT:00000000 HAL_TIMEx_ConfigCommutEvent_IT
C:\Users\a_hae\AppData\Local\Temp\ccujrzwF.s:5772   .text.HAL_TIMEx_ConfigCommutEvent_IT:000000bc $d
C:\Users\a_hae\AppData\Local\Temp\ccujrzwF.s:5778   .text.HAL_TIMEx_ConfigCommutEvent_DMA:00000000 $t
C:\Users\a_hae\AppData\Local\Temp\ccujrzwF.s:5784   .text.HAL_TIMEx_ConfigCommutEvent_DMA:00000000 HAL_TIMEx_ConfigCommutEvent_DMA
C:\Users\a_hae\AppData\Local\Temp\ccujrzwF.s:5952   .text.HAL_TIMEx_ConfigCommutEvent_DMA:000000d8 $d
C:\Users\a_hae\AppData\Local\Temp\ccujrzwF.s:7510   .text.TIMEx_DMACommutationCplt:00000000 TIMEx_DMACommutationCplt
C:\Users\a_hae\AppData\Local\Temp\ccujrzwF.s:7557   .text.TIMEx_DMACommutationHalfCplt:00000000 TIMEx_DMACommutationHalfCplt
C:\Users\a_hae\AppData\Local\Temp\ccujrzwF.s:5960   .text.HAL_TIMEx_MasterConfigSynchronization:00000000 $t
C:\Users\a_hae\AppData\Local\Temp\ccujrzwF.s:5966   .text.HAL_TIMEx_MasterConfigSynchronization:00000000 HAL_TIMEx_MasterConfigSynchronization
C:\Users\a_hae\AppData\Local\Temp\ccujrzwF.s:6130   .text.HAL_TIMEx_MasterConfigSynchronization:000000d8 $d
C:\Users\a_hae\AppData\Local\Temp\ccujrzwF.s:6139   .text.HAL_TIMEx_ConfigBreakDeadTime:00000000 $t
C:\Users\a_hae\AppData\Local\Temp\ccujrzwF.s:6145   .text.HAL_TIMEx_ConfigBreakDeadTime:00000000 HAL_TIMEx_ConfigBreakDeadTime
C:\Users\a_hae\AppData\Local\Temp\ccujrzwF.s:6321   .text.HAL_TIMEx_ConfigBreakDeadTime:00000104 $d
C:\Users\a_hae\AppData\Local\Temp\ccujrzwF.s:6338   .text.HAL_TIMEx_ConfigBreakInput:00000000 $t
C:\Users\a_hae\AppData\Local\Temp\ccujrzwF.s:6344   .text.HAL_TIMEx_ConfigBreakInput:00000000 HAL_TIMEx_ConfigBreakInput
C:\Users\a_hae\AppData\Local\Temp\ccujrzwF.s:6631   .text.HAL_TIMEx_RemapConfig:00000000 $t
C:\Users\a_hae\AppData\Local\Temp\ccujrzwF.s:6637   .text.HAL_TIMEx_RemapConfig:00000000 HAL_TIMEx_RemapConfig
C:\Users\a_hae\AppData\Local\Temp\ccujrzwF.s:6701   .text.HAL_TIMEx_RemapConfig:00000048 $d
C:\Users\a_hae\AppData\Local\Temp\ccujrzwF.s:6706   .text.HAL_TIMEx_TISelection:00000000 $t
C:\Users\a_hae\AppData\Local\Temp\ccujrzwF.s:6712   .text.HAL_TIMEx_TISelection:00000000 HAL_TIMEx_TISelection
C:\Users\a_hae\AppData\Local\Temp\ccujrzwF.s:6840   .text.HAL_TIMEx_TISelection:000000ac $d
C:\Users\a_hae\AppData\Local\Temp\ccujrzwF.s:6846   .text.HAL_TIMEx_GroupChannel5:00000000 $t
C:\Users\a_hae\AppData\Local\Temp\ccujrzwF.s:6852   .text.HAL_TIMEx_GroupChannel5:00000000 HAL_TIMEx_GroupChannel5
C:\Users\a_hae\AppData\Local\Temp\ccujrzwF.s:6939   .text.HAL_TIMEx_DisarmBreakInput:00000000 $t
C:\Users\a_hae\AppData\Local\Temp\ccujrzwF.s:6945   .text.HAL_TIMEx_DisarmBreakInput:00000000 HAL_TIMEx_DisarmBreakInput
C:\Users\a_hae\AppData\Local\Temp\ccujrzwF.s:7073   .text.HAL_TIMEx_ReArmBreakInput:00000000 $t
C:\Users\a_hae\AppData\Local\Temp\ccujrzwF.s:7079   .text.HAL_TIMEx_ReArmBreakInput:00000000 HAL_TIMEx_ReArmBreakInput
C:\Users\a_hae\AppData\Local\Temp\ccujrzwF.s:7248   .text.HAL_TIMEx_CommutCallback:00000000 $t
C:\Users\a_hae\AppData\Local\Temp\ccujrzwF.s:7254   .text.HAL_TIMEx_CommutCallback:00000000 HAL_TIMEx_CommutCallback
ARM GAS  C:\Users\a_hae\AppData\Local\Temp\ccujrzwF.s 			page 191


C:\Users\a_hae\AppData\Local\Temp\ccujrzwF.s:7282   .text.HAL_TIMEx_CommutHalfCpltCallback:00000000 $t
C:\Users\a_hae\AppData\Local\Temp\ccujrzwF.s:7288   .text.HAL_TIMEx_CommutHalfCpltCallback:00000000 HAL_TIMEx_CommutHalfCpltCallback
C:\Users\a_hae\AppData\Local\Temp\ccujrzwF.s:7316   .text.HAL_TIMEx_BreakCallback:00000000 $t
C:\Users\a_hae\AppData\Local\Temp\ccujrzwF.s:7322   .text.HAL_TIMEx_BreakCallback:00000000 HAL_TIMEx_BreakCallback
C:\Users\a_hae\AppData\Local\Temp\ccujrzwF.s:7350   .text.HAL_TIMEx_Break2Callback:00000000 $t
C:\Users\a_hae\AppData\Local\Temp\ccujrzwF.s:7356   .text.HAL_TIMEx_Break2Callback:00000000 HAL_TIMEx_Break2Callback
C:\Users\a_hae\AppData\Local\Temp\ccujrzwF.s:7384   .text.HAL_TIMEx_HallSensor_GetState:00000000 $t
C:\Users\a_hae\AppData\Local\Temp\ccujrzwF.s:7390   .text.HAL_TIMEx_HallSensor_GetState:00000000 HAL_TIMEx_HallSensor_GetState
C:\Users\a_hae\AppData\Local\Temp\ccujrzwF.s:7423   .text.HAL_TIMEx_GetChannelNState:00000000 $t
C:\Users\a_hae\AppData\Local\Temp\ccujrzwF.s:7429   .text.HAL_TIMEx_GetChannelNState:00000000 HAL_TIMEx_GetChannelNState
C:\Users\a_hae\AppData\Local\Temp\ccujrzwF.s:7504   .text.TIMEx_DMACommutationCplt:00000000 $t
C:\Users\a_hae\AppData\Local\Temp\ccujrzwF.s:7551   .text.TIMEx_DMACommutationHalfCplt:00000000 $t
C:\Users\a_hae\AppData\Local\Temp\ccujrzwF.s:7598   .text.TIM_DMADelayPulseNCplt:00000000 $t
C:\Users\a_hae\AppData\Local\Temp\ccujrzwF.s:7714   .text.TIM_DMAErrorCCxN:00000000 $t
C:\Users\a_hae\AppData\Local\Temp\ccujrzwF.s:7812   .text.TIM_CCxNChannelCmd:00000000 $t

UNDEFINED SYMBOLS
TIM_Base_SetConfig
TIM_TI1_SetConfig
TIM_OC2_SetConfig
TIM_CCxChannelCmd
HAL_DMA_Start_IT
TIM_DMACaptureCplt
TIM_DMACaptureHalfCplt
TIM_DMAError
HAL_DMA_Abort_IT
TIM_DMADelayPulseHalfCplt
HAL_GetTick
HAL_TIM_PWM_PulseFinishedCallback
HAL_TIM_ErrorCallback
