ARM GAS  C:\Users\a_hae\AppData\Local\Temp\ccQ76ath.s 			page 1


   1              		.cpu cortex-m0plus
   2              		.arch armv6s-m
   3              		.fpu softvfp
   4              		.eabi_attribute 20, 1
   5              		.eabi_attribute 21, 1
   6              		.eabi_attribute 23, 3
   7              		.eabi_attribute 24, 1
   8              		.eabi_attribute 25, 1
   9              		.eabi_attribute 26, 1
  10              		.eabi_attribute 30, 6
  11              		.eabi_attribute 34, 0
  12              		.eabi_attribute 18, 4
  13              		.file	"stm32g0xx_hal_cortex.c"
  14              		.text
  15              	.Ltext0:
  16              		.cfi_sections	.debug_frame
  17              		.file 1 "Drivers/STM32G0xx_HAL_Driver/Src/stm32g0xx_hal_cortex.c"
  18              		.section	.text.__NVIC_EnableIRQ,"ax",%progbits
  19              		.align	1
  20              		.syntax unified
  21              		.code	16
  22              		.thumb_func
  24              	__NVIC_EnableIRQ:
  25              	.LFB27:
  26              		.file 2 "Drivers/CMSIS/Include/core_cm0plus.h"
   1:Drivers/CMSIS/Include/core_cm0plus.h **** /**************************************************************************//**
   2:Drivers/CMSIS/Include/core_cm0plus.h ****  * @file     core_cm0plus.h
   3:Drivers/CMSIS/Include/core_cm0plus.h ****  * @brief    CMSIS Cortex-M0+ Core Peripheral Access Layer Header File
   4:Drivers/CMSIS/Include/core_cm0plus.h ****  * @version  V5.0.7
   5:Drivers/CMSIS/Include/core_cm0plus.h ****  * @date     13. March 2019
   6:Drivers/CMSIS/Include/core_cm0plus.h ****  ******************************************************************************/
   7:Drivers/CMSIS/Include/core_cm0plus.h **** /*
   8:Drivers/CMSIS/Include/core_cm0plus.h ****  * Copyright (c) 2009-2019 Arm Limited. All rights reserved.
   9:Drivers/CMSIS/Include/core_cm0plus.h ****  *
  10:Drivers/CMSIS/Include/core_cm0plus.h ****  * SPDX-License-Identifier: Apache-2.0
  11:Drivers/CMSIS/Include/core_cm0plus.h ****  *
  12:Drivers/CMSIS/Include/core_cm0plus.h ****  * Licensed under the Apache License, Version 2.0 (the License); you may
  13:Drivers/CMSIS/Include/core_cm0plus.h ****  * not use this file except in compliance with the License.
  14:Drivers/CMSIS/Include/core_cm0plus.h ****  * You may obtain a copy of the License at
  15:Drivers/CMSIS/Include/core_cm0plus.h ****  *
  16:Drivers/CMSIS/Include/core_cm0plus.h ****  * www.apache.org/licenses/LICENSE-2.0
  17:Drivers/CMSIS/Include/core_cm0plus.h ****  *
  18:Drivers/CMSIS/Include/core_cm0plus.h ****  * Unless required by applicable law or agreed to in writing, software
  19:Drivers/CMSIS/Include/core_cm0plus.h ****  * distributed under the License is distributed on an AS IS BASIS, WITHOUT
  20:Drivers/CMSIS/Include/core_cm0plus.h ****  * WARRANTIES OR CONDITIONS OF ANY KIND, either express or implied.
  21:Drivers/CMSIS/Include/core_cm0plus.h ****  * See the License for the specific language governing permissions and
  22:Drivers/CMSIS/Include/core_cm0plus.h ****  * limitations under the License.
  23:Drivers/CMSIS/Include/core_cm0plus.h ****  */
  24:Drivers/CMSIS/Include/core_cm0plus.h **** 
  25:Drivers/CMSIS/Include/core_cm0plus.h **** #if   defined ( __ICCARM__ )
  26:Drivers/CMSIS/Include/core_cm0plus.h ****   #pragma system_include         /* treat file as system include file for MISRA check */
  27:Drivers/CMSIS/Include/core_cm0plus.h **** #elif defined (__clang__)
  28:Drivers/CMSIS/Include/core_cm0plus.h ****   #pragma clang system_header   /* treat file as system include file */
  29:Drivers/CMSIS/Include/core_cm0plus.h **** #endif
  30:Drivers/CMSIS/Include/core_cm0plus.h **** 
  31:Drivers/CMSIS/Include/core_cm0plus.h **** #ifndef __CORE_CM0PLUS_H_GENERIC
  32:Drivers/CMSIS/Include/core_cm0plus.h **** #define __CORE_CM0PLUS_H_GENERIC
ARM GAS  C:\Users\a_hae\AppData\Local\Temp\ccQ76ath.s 			page 2


  33:Drivers/CMSIS/Include/core_cm0plus.h **** 
  34:Drivers/CMSIS/Include/core_cm0plus.h **** #include <stdint.h>
  35:Drivers/CMSIS/Include/core_cm0plus.h **** 
  36:Drivers/CMSIS/Include/core_cm0plus.h **** #ifdef __cplusplus
  37:Drivers/CMSIS/Include/core_cm0plus.h ****  extern "C" {
  38:Drivers/CMSIS/Include/core_cm0plus.h **** #endif
  39:Drivers/CMSIS/Include/core_cm0plus.h **** 
  40:Drivers/CMSIS/Include/core_cm0plus.h **** /**
  41:Drivers/CMSIS/Include/core_cm0plus.h ****   \page CMSIS_MISRA_Exceptions  MISRA-C:2004 Compliance Exceptions
  42:Drivers/CMSIS/Include/core_cm0plus.h ****   CMSIS violates the following MISRA-C:2004 rules:
  43:Drivers/CMSIS/Include/core_cm0plus.h **** 
  44:Drivers/CMSIS/Include/core_cm0plus.h ****    \li Required Rule 8.5, object/function definition in header file.<br>
  45:Drivers/CMSIS/Include/core_cm0plus.h ****      Function definitions in header files are used to allow 'inlining'.
  46:Drivers/CMSIS/Include/core_cm0plus.h **** 
  47:Drivers/CMSIS/Include/core_cm0plus.h ****    \li Required Rule 18.4, declaration of union type or object of union type: '{...}'.<br>
  48:Drivers/CMSIS/Include/core_cm0plus.h ****      Unions are used for effective representation of core registers.
  49:Drivers/CMSIS/Include/core_cm0plus.h **** 
  50:Drivers/CMSIS/Include/core_cm0plus.h ****    \li Advisory Rule 19.7, Function-like macro defined.<br>
  51:Drivers/CMSIS/Include/core_cm0plus.h ****      Function-like macros are used to allow more efficient code.
  52:Drivers/CMSIS/Include/core_cm0plus.h ****  */
  53:Drivers/CMSIS/Include/core_cm0plus.h **** 
  54:Drivers/CMSIS/Include/core_cm0plus.h **** 
  55:Drivers/CMSIS/Include/core_cm0plus.h **** /*******************************************************************************
  56:Drivers/CMSIS/Include/core_cm0plus.h ****  *                 CMSIS definitions
  57:Drivers/CMSIS/Include/core_cm0plus.h ****  ******************************************************************************/
  58:Drivers/CMSIS/Include/core_cm0plus.h **** /**
  59:Drivers/CMSIS/Include/core_cm0plus.h ****   \ingroup Cortex-M0+
  60:Drivers/CMSIS/Include/core_cm0plus.h ****   @{
  61:Drivers/CMSIS/Include/core_cm0plus.h ****  */
  62:Drivers/CMSIS/Include/core_cm0plus.h **** 
  63:Drivers/CMSIS/Include/core_cm0plus.h **** #include "cmsis_version.h"
  64:Drivers/CMSIS/Include/core_cm0plus.h ****  
  65:Drivers/CMSIS/Include/core_cm0plus.h **** /*  CMSIS CM0+ definitions */
  66:Drivers/CMSIS/Include/core_cm0plus.h **** #define __CM0PLUS_CMSIS_VERSION_MAIN (__CM_CMSIS_VERSION_MAIN)                  /*!< \deprecated [3
  67:Drivers/CMSIS/Include/core_cm0plus.h **** #define __CM0PLUS_CMSIS_VERSION_SUB  (__CM_CMSIS_VERSION_SUB)                   /*!< \deprecated [1
  68:Drivers/CMSIS/Include/core_cm0plus.h **** #define __CM0PLUS_CMSIS_VERSION      ((__CM0PLUS_CMSIS_VERSION_MAIN << 16U) | \
  69:Drivers/CMSIS/Include/core_cm0plus.h ****                                        __CM0PLUS_CMSIS_VERSION_SUB           )  /*!< \deprecated CM
  70:Drivers/CMSIS/Include/core_cm0plus.h **** 
  71:Drivers/CMSIS/Include/core_cm0plus.h **** #define __CORTEX_M                   (0U)                                       /*!< Cortex-M Core 
  72:Drivers/CMSIS/Include/core_cm0plus.h **** 
  73:Drivers/CMSIS/Include/core_cm0plus.h **** /** __FPU_USED indicates whether an FPU is used or not.
  74:Drivers/CMSIS/Include/core_cm0plus.h ****     This core does not support an FPU at all
  75:Drivers/CMSIS/Include/core_cm0plus.h **** */
  76:Drivers/CMSIS/Include/core_cm0plus.h **** #define __FPU_USED       0U
  77:Drivers/CMSIS/Include/core_cm0plus.h **** 
  78:Drivers/CMSIS/Include/core_cm0plus.h **** #if defined ( __CC_ARM )
  79:Drivers/CMSIS/Include/core_cm0plus.h ****   #if defined __TARGET_FPU_VFP
  80:Drivers/CMSIS/Include/core_cm0plus.h ****     #error "Compiler generates FPU instructions for a device without an FPU (check __FPU_PRESENT)"
  81:Drivers/CMSIS/Include/core_cm0plus.h ****   #endif
  82:Drivers/CMSIS/Include/core_cm0plus.h **** 
  83:Drivers/CMSIS/Include/core_cm0plus.h **** #elif defined (__ARMCC_VERSION) && (__ARMCC_VERSION >= 6010050)
  84:Drivers/CMSIS/Include/core_cm0plus.h ****   #if defined __ARM_FP
  85:Drivers/CMSIS/Include/core_cm0plus.h ****     #error "Compiler generates FPU instructions for a device without an FPU (check __FPU_PRESENT)"
  86:Drivers/CMSIS/Include/core_cm0plus.h ****   #endif
  87:Drivers/CMSIS/Include/core_cm0plus.h **** 
  88:Drivers/CMSIS/Include/core_cm0plus.h **** #elif defined ( __GNUC__ )
  89:Drivers/CMSIS/Include/core_cm0plus.h ****   #if defined (__VFP_FP__) && !defined(__SOFTFP__)
ARM GAS  C:\Users\a_hae\AppData\Local\Temp\ccQ76ath.s 			page 3


  90:Drivers/CMSIS/Include/core_cm0plus.h ****     #error "Compiler generates FPU instructions for a device without an FPU (check __FPU_PRESENT)"
  91:Drivers/CMSIS/Include/core_cm0plus.h ****   #endif
  92:Drivers/CMSIS/Include/core_cm0plus.h **** 
  93:Drivers/CMSIS/Include/core_cm0plus.h **** #elif defined ( __ICCARM__ )
  94:Drivers/CMSIS/Include/core_cm0plus.h ****   #if defined __ARMVFP__
  95:Drivers/CMSIS/Include/core_cm0plus.h ****     #error "Compiler generates FPU instructions for a device without an FPU (check __FPU_PRESENT)"
  96:Drivers/CMSIS/Include/core_cm0plus.h ****   #endif
  97:Drivers/CMSIS/Include/core_cm0plus.h **** 
  98:Drivers/CMSIS/Include/core_cm0plus.h **** #elif defined ( __TI_ARM__ )
  99:Drivers/CMSIS/Include/core_cm0plus.h ****   #if defined __TI_VFP_SUPPORT__
 100:Drivers/CMSIS/Include/core_cm0plus.h ****     #error "Compiler generates FPU instructions for a device without an FPU (check __FPU_PRESENT)"
 101:Drivers/CMSIS/Include/core_cm0plus.h ****   #endif
 102:Drivers/CMSIS/Include/core_cm0plus.h **** 
 103:Drivers/CMSIS/Include/core_cm0plus.h **** #elif defined ( __TASKING__ )
 104:Drivers/CMSIS/Include/core_cm0plus.h ****   #if defined __FPU_VFP__
 105:Drivers/CMSIS/Include/core_cm0plus.h ****     #error "Compiler generates FPU instructions for a device without an FPU (check __FPU_PRESENT)"
 106:Drivers/CMSIS/Include/core_cm0plus.h ****   #endif
 107:Drivers/CMSIS/Include/core_cm0plus.h **** 
 108:Drivers/CMSIS/Include/core_cm0plus.h **** #elif defined ( __CSMC__ )
 109:Drivers/CMSIS/Include/core_cm0plus.h ****   #if ( __CSMC__ & 0x400U)
 110:Drivers/CMSIS/Include/core_cm0plus.h ****     #error "Compiler generates FPU instructions for a device without an FPU (check __FPU_PRESENT)"
 111:Drivers/CMSIS/Include/core_cm0plus.h ****   #endif
 112:Drivers/CMSIS/Include/core_cm0plus.h **** 
 113:Drivers/CMSIS/Include/core_cm0plus.h **** #endif
 114:Drivers/CMSIS/Include/core_cm0plus.h **** 
 115:Drivers/CMSIS/Include/core_cm0plus.h **** #include "cmsis_compiler.h"               /* CMSIS compiler specific defines */
 116:Drivers/CMSIS/Include/core_cm0plus.h **** 
 117:Drivers/CMSIS/Include/core_cm0plus.h **** 
 118:Drivers/CMSIS/Include/core_cm0plus.h **** #ifdef __cplusplus
 119:Drivers/CMSIS/Include/core_cm0plus.h **** }
 120:Drivers/CMSIS/Include/core_cm0plus.h **** #endif
 121:Drivers/CMSIS/Include/core_cm0plus.h **** 
 122:Drivers/CMSIS/Include/core_cm0plus.h **** #endif /* __CORE_CM0PLUS_H_GENERIC */
 123:Drivers/CMSIS/Include/core_cm0plus.h **** 
 124:Drivers/CMSIS/Include/core_cm0plus.h **** #ifndef __CMSIS_GENERIC
 125:Drivers/CMSIS/Include/core_cm0plus.h **** 
 126:Drivers/CMSIS/Include/core_cm0plus.h **** #ifndef __CORE_CM0PLUS_H_DEPENDANT
 127:Drivers/CMSIS/Include/core_cm0plus.h **** #define __CORE_CM0PLUS_H_DEPENDANT
 128:Drivers/CMSIS/Include/core_cm0plus.h **** 
 129:Drivers/CMSIS/Include/core_cm0plus.h **** #ifdef __cplusplus
 130:Drivers/CMSIS/Include/core_cm0plus.h ****  extern "C" {
 131:Drivers/CMSIS/Include/core_cm0plus.h **** #endif
 132:Drivers/CMSIS/Include/core_cm0plus.h **** 
 133:Drivers/CMSIS/Include/core_cm0plus.h **** /* check device defines and use defaults */
 134:Drivers/CMSIS/Include/core_cm0plus.h **** #if defined __CHECK_DEVICE_DEFINES
 135:Drivers/CMSIS/Include/core_cm0plus.h ****   #ifndef __CM0PLUS_REV
 136:Drivers/CMSIS/Include/core_cm0plus.h ****     #define __CM0PLUS_REV             0x0000U
 137:Drivers/CMSIS/Include/core_cm0plus.h ****     #warning "__CM0PLUS_REV not defined in device header file; using default!"
 138:Drivers/CMSIS/Include/core_cm0plus.h ****   #endif
 139:Drivers/CMSIS/Include/core_cm0plus.h **** 
 140:Drivers/CMSIS/Include/core_cm0plus.h ****   #ifndef __MPU_PRESENT
 141:Drivers/CMSIS/Include/core_cm0plus.h ****     #define __MPU_PRESENT             0U
 142:Drivers/CMSIS/Include/core_cm0plus.h ****     #warning "__MPU_PRESENT not defined in device header file; using default!"
 143:Drivers/CMSIS/Include/core_cm0plus.h ****   #endif
 144:Drivers/CMSIS/Include/core_cm0plus.h **** 
 145:Drivers/CMSIS/Include/core_cm0plus.h ****   #ifndef __VTOR_PRESENT
 146:Drivers/CMSIS/Include/core_cm0plus.h ****     #define __VTOR_PRESENT            0U
ARM GAS  C:\Users\a_hae\AppData\Local\Temp\ccQ76ath.s 			page 4


 147:Drivers/CMSIS/Include/core_cm0plus.h ****     #warning "__VTOR_PRESENT not defined in device header file; using default!"
 148:Drivers/CMSIS/Include/core_cm0plus.h ****   #endif
 149:Drivers/CMSIS/Include/core_cm0plus.h **** 
 150:Drivers/CMSIS/Include/core_cm0plus.h ****   #ifndef __NVIC_PRIO_BITS
 151:Drivers/CMSIS/Include/core_cm0plus.h ****     #define __NVIC_PRIO_BITS          2U
 152:Drivers/CMSIS/Include/core_cm0plus.h ****     #warning "__NVIC_PRIO_BITS not defined in device header file; using default!"
 153:Drivers/CMSIS/Include/core_cm0plus.h ****   #endif
 154:Drivers/CMSIS/Include/core_cm0plus.h **** 
 155:Drivers/CMSIS/Include/core_cm0plus.h ****   #ifndef __Vendor_SysTickConfig
 156:Drivers/CMSIS/Include/core_cm0plus.h ****     #define __Vendor_SysTickConfig    0U
 157:Drivers/CMSIS/Include/core_cm0plus.h ****     #warning "__Vendor_SysTickConfig not defined in device header file; using default!"
 158:Drivers/CMSIS/Include/core_cm0plus.h ****   #endif
 159:Drivers/CMSIS/Include/core_cm0plus.h **** #endif
 160:Drivers/CMSIS/Include/core_cm0plus.h **** 
 161:Drivers/CMSIS/Include/core_cm0plus.h **** /* IO definitions (access restrictions to peripheral registers) */
 162:Drivers/CMSIS/Include/core_cm0plus.h **** /**
 163:Drivers/CMSIS/Include/core_cm0plus.h ****     \defgroup CMSIS_glob_defs CMSIS Global Defines
 164:Drivers/CMSIS/Include/core_cm0plus.h **** 
 165:Drivers/CMSIS/Include/core_cm0plus.h ****     <strong>IO Type Qualifiers</strong> are used
 166:Drivers/CMSIS/Include/core_cm0plus.h ****     \li to specify the access to peripheral variables.
 167:Drivers/CMSIS/Include/core_cm0plus.h ****     \li for automatic generation of peripheral register debug information.
 168:Drivers/CMSIS/Include/core_cm0plus.h **** */
 169:Drivers/CMSIS/Include/core_cm0plus.h **** #ifdef __cplusplus
 170:Drivers/CMSIS/Include/core_cm0plus.h ****   #define   __I     volatile             /*!< Defines 'read only' permissions */
 171:Drivers/CMSIS/Include/core_cm0plus.h **** #else
 172:Drivers/CMSIS/Include/core_cm0plus.h ****   #define   __I     volatile const       /*!< Defines 'read only' permissions */
 173:Drivers/CMSIS/Include/core_cm0plus.h **** #endif
 174:Drivers/CMSIS/Include/core_cm0plus.h **** #define     __O     volatile             /*!< Defines 'write only' permissions */
 175:Drivers/CMSIS/Include/core_cm0plus.h **** #define     __IO    volatile             /*!< Defines 'read / write' permissions */
 176:Drivers/CMSIS/Include/core_cm0plus.h **** 
 177:Drivers/CMSIS/Include/core_cm0plus.h **** /* following defines should be used for structure members */
 178:Drivers/CMSIS/Include/core_cm0plus.h **** #define     __IM     volatile const      /*! Defines 'read only' structure member permissions */
 179:Drivers/CMSIS/Include/core_cm0plus.h **** #define     __OM     volatile            /*! Defines 'write only' structure member permissions */
 180:Drivers/CMSIS/Include/core_cm0plus.h **** #define     __IOM    volatile            /*! Defines 'read / write' structure member permissions */
 181:Drivers/CMSIS/Include/core_cm0plus.h **** 
 182:Drivers/CMSIS/Include/core_cm0plus.h **** /*@} end of group Cortex-M0+ */
 183:Drivers/CMSIS/Include/core_cm0plus.h **** 
 184:Drivers/CMSIS/Include/core_cm0plus.h **** 
 185:Drivers/CMSIS/Include/core_cm0plus.h **** 
 186:Drivers/CMSIS/Include/core_cm0plus.h **** /*******************************************************************************
 187:Drivers/CMSIS/Include/core_cm0plus.h ****  *                 Register Abstraction
 188:Drivers/CMSIS/Include/core_cm0plus.h ****   Core Register contain:
 189:Drivers/CMSIS/Include/core_cm0plus.h ****   - Core Register
 190:Drivers/CMSIS/Include/core_cm0plus.h ****   - Core NVIC Register
 191:Drivers/CMSIS/Include/core_cm0plus.h ****   - Core SCB Register
 192:Drivers/CMSIS/Include/core_cm0plus.h ****   - Core SysTick Register
 193:Drivers/CMSIS/Include/core_cm0plus.h ****   - Core MPU Register
 194:Drivers/CMSIS/Include/core_cm0plus.h ****  ******************************************************************************/
 195:Drivers/CMSIS/Include/core_cm0plus.h **** /**
 196:Drivers/CMSIS/Include/core_cm0plus.h ****   \defgroup CMSIS_core_register Defines and Type Definitions
 197:Drivers/CMSIS/Include/core_cm0plus.h ****   \brief Type definitions and defines for Cortex-M processor based devices.
 198:Drivers/CMSIS/Include/core_cm0plus.h **** */
 199:Drivers/CMSIS/Include/core_cm0plus.h **** 
 200:Drivers/CMSIS/Include/core_cm0plus.h **** /**
 201:Drivers/CMSIS/Include/core_cm0plus.h ****   \ingroup    CMSIS_core_register
 202:Drivers/CMSIS/Include/core_cm0plus.h ****   \defgroup   CMSIS_CORE  Status and Control Registers
 203:Drivers/CMSIS/Include/core_cm0plus.h ****   \brief      Core Register type definitions.
ARM GAS  C:\Users\a_hae\AppData\Local\Temp\ccQ76ath.s 			page 5


 204:Drivers/CMSIS/Include/core_cm0plus.h ****   @{
 205:Drivers/CMSIS/Include/core_cm0plus.h ****  */
 206:Drivers/CMSIS/Include/core_cm0plus.h **** 
 207:Drivers/CMSIS/Include/core_cm0plus.h **** /**
 208:Drivers/CMSIS/Include/core_cm0plus.h ****   \brief  Union type to access the Application Program Status Register (APSR).
 209:Drivers/CMSIS/Include/core_cm0plus.h ****  */
 210:Drivers/CMSIS/Include/core_cm0plus.h **** typedef union
 211:Drivers/CMSIS/Include/core_cm0plus.h **** {
 212:Drivers/CMSIS/Include/core_cm0plus.h ****   struct
 213:Drivers/CMSIS/Include/core_cm0plus.h ****   {
 214:Drivers/CMSIS/Include/core_cm0plus.h ****     uint32_t _reserved0:28;              /*!< bit:  0..27  Reserved */
 215:Drivers/CMSIS/Include/core_cm0plus.h ****     uint32_t V:1;                        /*!< bit:     28  Overflow condition code flag */
 216:Drivers/CMSIS/Include/core_cm0plus.h ****     uint32_t C:1;                        /*!< bit:     29  Carry condition code flag */
 217:Drivers/CMSIS/Include/core_cm0plus.h ****     uint32_t Z:1;                        /*!< bit:     30  Zero condition code flag */
 218:Drivers/CMSIS/Include/core_cm0plus.h ****     uint32_t N:1;                        /*!< bit:     31  Negative condition code flag */
 219:Drivers/CMSIS/Include/core_cm0plus.h ****   } b;                                   /*!< Structure used for bit  access */
 220:Drivers/CMSIS/Include/core_cm0plus.h ****   uint32_t w;                            /*!< Type      used for word access */
 221:Drivers/CMSIS/Include/core_cm0plus.h **** } APSR_Type;
 222:Drivers/CMSIS/Include/core_cm0plus.h **** 
 223:Drivers/CMSIS/Include/core_cm0plus.h **** /* APSR Register Definitions */
 224:Drivers/CMSIS/Include/core_cm0plus.h **** #define APSR_N_Pos                         31U                                            /*!< APSR
 225:Drivers/CMSIS/Include/core_cm0plus.h **** #define APSR_N_Msk                         (1UL << APSR_N_Pos)                            /*!< APSR
 226:Drivers/CMSIS/Include/core_cm0plus.h **** 
 227:Drivers/CMSIS/Include/core_cm0plus.h **** #define APSR_Z_Pos                         30U                                            /*!< APSR
 228:Drivers/CMSIS/Include/core_cm0plus.h **** #define APSR_Z_Msk                         (1UL << APSR_Z_Pos)                            /*!< APSR
 229:Drivers/CMSIS/Include/core_cm0plus.h **** 
 230:Drivers/CMSIS/Include/core_cm0plus.h **** #define APSR_C_Pos                         29U                                            /*!< APSR
 231:Drivers/CMSIS/Include/core_cm0plus.h **** #define APSR_C_Msk                         (1UL << APSR_C_Pos)                            /*!< APSR
 232:Drivers/CMSIS/Include/core_cm0plus.h **** 
 233:Drivers/CMSIS/Include/core_cm0plus.h **** #define APSR_V_Pos                         28U                                            /*!< APSR
 234:Drivers/CMSIS/Include/core_cm0plus.h **** #define APSR_V_Msk                         (1UL << APSR_V_Pos)                            /*!< APSR
 235:Drivers/CMSIS/Include/core_cm0plus.h **** 
 236:Drivers/CMSIS/Include/core_cm0plus.h **** 
 237:Drivers/CMSIS/Include/core_cm0plus.h **** /**
 238:Drivers/CMSIS/Include/core_cm0plus.h ****   \brief  Union type to access the Interrupt Program Status Register (IPSR).
 239:Drivers/CMSIS/Include/core_cm0plus.h ****  */
 240:Drivers/CMSIS/Include/core_cm0plus.h **** typedef union
 241:Drivers/CMSIS/Include/core_cm0plus.h **** {
 242:Drivers/CMSIS/Include/core_cm0plus.h ****   struct
 243:Drivers/CMSIS/Include/core_cm0plus.h ****   {
 244:Drivers/CMSIS/Include/core_cm0plus.h ****     uint32_t ISR:9;                      /*!< bit:  0.. 8  Exception number */
 245:Drivers/CMSIS/Include/core_cm0plus.h ****     uint32_t _reserved0:23;              /*!< bit:  9..31  Reserved */
 246:Drivers/CMSIS/Include/core_cm0plus.h ****   } b;                                   /*!< Structure used for bit  access */
 247:Drivers/CMSIS/Include/core_cm0plus.h ****   uint32_t w;                            /*!< Type      used for word access */
 248:Drivers/CMSIS/Include/core_cm0plus.h **** } IPSR_Type;
 249:Drivers/CMSIS/Include/core_cm0plus.h **** 
 250:Drivers/CMSIS/Include/core_cm0plus.h **** /* IPSR Register Definitions */
 251:Drivers/CMSIS/Include/core_cm0plus.h **** #define IPSR_ISR_Pos                        0U                                            /*!< IPSR
 252:Drivers/CMSIS/Include/core_cm0plus.h **** #define IPSR_ISR_Msk                       (0x1FFUL /*<< IPSR_ISR_Pos*/)                  /*!< IPSR
 253:Drivers/CMSIS/Include/core_cm0plus.h **** 
 254:Drivers/CMSIS/Include/core_cm0plus.h **** 
 255:Drivers/CMSIS/Include/core_cm0plus.h **** /**
 256:Drivers/CMSIS/Include/core_cm0plus.h ****   \brief  Union type to access the Special-Purpose Program Status Registers (xPSR).
 257:Drivers/CMSIS/Include/core_cm0plus.h ****  */
 258:Drivers/CMSIS/Include/core_cm0plus.h **** typedef union
 259:Drivers/CMSIS/Include/core_cm0plus.h **** {
 260:Drivers/CMSIS/Include/core_cm0plus.h ****   struct
ARM GAS  C:\Users\a_hae\AppData\Local\Temp\ccQ76ath.s 			page 6


 261:Drivers/CMSIS/Include/core_cm0plus.h ****   {
 262:Drivers/CMSIS/Include/core_cm0plus.h ****     uint32_t ISR:9;                      /*!< bit:  0.. 8  Exception number */
 263:Drivers/CMSIS/Include/core_cm0plus.h ****     uint32_t _reserved0:15;              /*!< bit:  9..23  Reserved */
 264:Drivers/CMSIS/Include/core_cm0plus.h ****     uint32_t T:1;                        /*!< bit:     24  Thumb bit        (read 0) */
 265:Drivers/CMSIS/Include/core_cm0plus.h ****     uint32_t _reserved1:3;               /*!< bit: 25..27  Reserved */
 266:Drivers/CMSIS/Include/core_cm0plus.h ****     uint32_t V:1;                        /*!< bit:     28  Overflow condition code flag */
 267:Drivers/CMSIS/Include/core_cm0plus.h ****     uint32_t C:1;                        /*!< bit:     29  Carry condition code flag */
 268:Drivers/CMSIS/Include/core_cm0plus.h ****     uint32_t Z:1;                        /*!< bit:     30  Zero condition code flag */
 269:Drivers/CMSIS/Include/core_cm0plus.h ****     uint32_t N:1;                        /*!< bit:     31  Negative condition code flag */
 270:Drivers/CMSIS/Include/core_cm0plus.h ****   } b;                                   /*!< Structure used for bit  access */
 271:Drivers/CMSIS/Include/core_cm0plus.h ****   uint32_t w;                            /*!< Type      used for word access */
 272:Drivers/CMSIS/Include/core_cm0plus.h **** } xPSR_Type;
 273:Drivers/CMSIS/Include/core_cm0plus.h **** 
 274:Drivers/CMSIS/Include/core_cm0plus.h **** /* xPSR Register Definitions */
 275:Drivers/CMSIS/Include/core_cm0plus.h **** #define xPSR_N_Pos                         31U                                            /*!< xPSR
 276:Drivers/CMSIS/Include/core_cm0plus.h **** #define xPSR_N_Msk                         (1UL << xPSR_N_Pos)                            /*!< xPSR
 277:Drivers/CMSIS/Include/core_cm0plus.h **** 
 278:Drivers/CMSIS/Include/core_cm0plus.h **** #define xPSR_Z_Pos                         30U                                            /*!< xPSR
 279:Drivers/CMSIS/Include/core_cm0plus.h **** #define xPSR_Z_Msk                         (1UL << xPSR_Z_Pos)                            /*!< xPSR
 280:Drivers/CMSIS/Include/core_cm0plus.h **** 
 281:Drivers/CMSIS/Include/core_cm0plus.h **** #define xPSR_C_Pos                         29U                                            /*!< xPSR
 282:Drivers/CMSIS/Include/core_cm0plus.h **** #define xPSR_C_Msk                         (1UL << xPSR_C_Pos)                            /*!< xPSR
 283:Drivers/CMSIS/Include/core_cm0plus.h **** 
 284:Drivers/CMSIS/Include/core_cm0plus.h **** #define xPSR_V_Pos                         28U                                            /*!< xPSR
 285:Drivers/CMSIS/Include/core_cm0plus.h **** #define xPSR_V_Msk                         (1UL << xPSR_V_Pos)                            /*!< xPSR
 286:Drivers/CMSIS/Include/core_cm0plus.h **** 
 287:Drivers/CMSIS/Include/core_cm0plus.h **** #define xPSR_T_Pos                         24U                                            /*!< xPSR
 288:Drivers/CMSIS/Include/core_cm0plus.h **** #define xPSR_T_Msk                         (1UL << xPSR_T_Pos)                            /*!< xPSR
 289:Drivers/CMSIS/Include/core_cm0plus.h **** 
 290:Drivers/CMSIS/Include/core_cm0plus.h **** #define xPSR_ISR_Pos                        0U                                            /*!< xPSR
 291:Drivers/CMSIS/Include/core_cm0plus.h **** #define xPSR_ISR_Msk                       (0x1FFUL /*<< xPSR_ISR_Pos*/)                  /*!< xPSR
 292:Drivers/CMSIS/Include/core_cm0plus.h **** 
 293:Drivers/CMSIS/Include/core_cm0plus.h **** 
 294:Drivers/CMSIS/Include/core_cm0plus.h **** /**
 295:Drivers/CMSIS/Include/core_cm0plus.h ****   \brief  Union type to access the Control Registers (CONTROL).
 296:Drivers/CMSIS/Include/core_cm0plus.h ****  */
 297:Drivers/CMSIS/Include/core_cm0plus.h **** typedef union
 298:Drivers/CMSIS/Include/core_cm0plus.h **** {
 299:Drivers/CMSIS/Include/core_cm0plus.h ****   struct
 300:Drivers/CMSIS/Include/core_cm0plus.h ****   {
 301:Drivers/CMSIS/Include/core_cm0plus.h ****     uint32_t nPRIV:1;                    /*!< bit:      0  Execution privilege in Thread mode */
 302:Drivers/CMSIS/Include/core_cm0plus.h ****     uint32_t SPSEL:1;                    /*!< bit:      1  Stack to be used */
 303:Drivers/CMSIS/Include/core_cm0plus.h ****     uint32_t _reserved1:30;              /*!< bit:  2..31  Reserved */
 304:Drivers/CMSIS/Include/core_cm0plus.h ****   } b;                                   /*!< Structure used for bit  access */
 305:Drivers/CMSIS/Include/core_cm0plus.h ****   uint32_t w;                            /*!< Type      used for word access */
 306:Drivers/CMSIS/Include/core_cm0plus.h **** } CONTROL_Type;
 307:Drivers/CMSIS/Include/core_cm0plus.h **** 
 308:Drivers/CMSIS/Include/core_cm0plus.h **** /* CONTROL Register Definitions */
 309:Drivers/CMSIS/Include/core_cm0plus.h **** #define CONTROL_SPSEL_Pos                   1U                                            /*!< CONT
 310:Drivers/CMSIS/Include/core_cm0plus.h **** #define CONTROL_SPSEL_Msk                  (1UL << CONTROL_SPSEL_Pos)                     /*!< CONT
 311:Drivers/CMSIS/Include/core_cm0plus.h **** 
 312:Drivers/CMSIS/Include/core_cm0plus.h **** #define CONTROL_nPRIV_Pos                   0U                                            /*!< CONT
 313:Drivers/CMSIS/Include/core_cm0plus.h **** #define CONTROL_nPRIV_Msk                  (1UL /*<< CONTROL_nPRIV_Pos*/)                 /*!< CONT
 314:Drivers/CMSIS/Include/core_cm0plus.h **** 
 315:Drivers/CMSIS/Include/core_cm0plus.h **** /*@} end of group CMSIS_CORE */
 316:Drivers/CMSIS/Include/core_cm0plus.h **** 
 317:Drivers/CMSIS/Include/core_cm0plus.h **** 
ARM GAS  C:\Users\a_hae\AppData\Local\Temp\ccQ76ath.s 			page 7


 318:Drivers/CMSIS/Include/core_cm0plus.h **** /**
 319:Drivers/CMSIS/Include/core_cm0plus.h ****   \ingroup    CMSIS_core_register
 320:Drivers/CMSIS/Include/core_cm0plus.h ****   \defgroup   CMSIS_NVIC  Nested Vectored Interrupt Controller (NVIC)
 321:Drivers/CMSIS/Include/core_cm0plus.h ****   \brief      Type definitions for the NVIC Registers
 322:Drivers/CMSIS/Include/core_cm0plus.h ****   @{
 323:Drivers/CMSIS/Include/core_cm0plus.h ****  */
 324:Drivers/CMSIS/Include/core_cm0plus.h **** 
 325:Drivers/CMSIS/Include/core_cm0plus.h **** /**
 326:Drivers/CMSIS/Include/core_cm0plus.h ****   \brief  Structure type to access the Nested Vectored Interrupt Controller (NVIC).
 327:Drivers/CMSIS/Include/core_cm0plus.h ****  */
 328:Drivers/CMSIS/Include/core_cm0plus.h **** typedef struct
 329:Drivers/CMSIS/Include/core_cm0plus.h **** {
 330:Drivers/CMSIS/Include/core_cm0plus.h ****   __IOM uint32_t ISER[1U];               /*!< Offset: 0x000 (R/W)  Interrupt Set Enable Register */
 331:Drivers/CMSIS/Include/core_cm0plus.h ****         uint32_t RESERVED0[31U];
 332:Drivers/CMSIS/Include/core_cm0plus.h ****   __IOM uint32_t ICER[1U];               /*!< Offset: 0x080 (R/W)  Interrupt Clear Enable Register 
 333:Drivers/CMSIS/Include/core_cm0plus.h ****         uint32_t RESERVED1[31U];
 334:Drivers/CMSIS/Include/core_cm0plus.h ****   __IOM uint32_t ISPR[1U];               /*!< Offset: 0x100 (R/W)  Interrupt Set Pending Register *
 335:Drivers/CMSIS/Include/core_cm0plus.h ****         uint32_t RESERVED2[31U];
 336:Drivers/CMSIS/Include/core_cm0plus.h ****   __IOM uint32_t ICPR[1U];               /*!< Offset: 0x180 (R/W)  Interrupt Clear Pending Register
 337:Drivers/CMSIS/Include/core_cm0plus.h ****         uint32_t RESERVED3[31U];
 338:Drivers/CMSIS/Include/core_cm0plus.h ****         uint32_t RESERVED4[64U];
 339:Drivers/CMSIS/Include/core_cm0plus.h ****   __IOM uint32_t IP[8U];                 /*!< Offset: 0x300 (R/W)  Interrupt Priority Register */
 340:Drivers/CMSIS/Include/core_cm0plus.h **** }  NVIC_Type;
 341:Drivers/CMSIS/Include/core_cm0plus.h **** 
 342:Drivers/CMSIS/Include/core_cm0plus.h **** /*@} end of group CMSIS_NVIC */
 343:Drivers/CMSIS/Include/core_cm0plus.h **** 
 344:Drivers/CMSIS/Include/core_cm0plus.h **** 
 345:Drivers/CMSIS/Include/core_cm0plus.h **** /**
 346:Drivers/CMSIS/Include/core_cm0plus.h ****   \ingroup  CMSIS_core_register
 347:Drivers/CMSIS/Include/core_cm0plus.h ****   \defgroup CMSIS_SCB     System Control Block (SCB)
 348:Drivers/CMSIS/Include/core_cm0plus.h ****   \brief    Type definitions for the System Control Block Registers
 349:Drivers/CMSIS/Include/core_cm0plus.h ****   @{
 350:Drivers/CMSIS/Include/core_cm0plus.h ****  */
 351:Drivers/CMSIS/Include/core_cm0plus.h **** 
 352:Drivers/CMSIS/Include/core_cm0plus.h **** /**
 353:Drivers/CMSIS/Include/core_cm0plus.h ****   \brief  Structure type to access the System Control Block (SCB).
 354:Drivers/CMSIS/Include/core_cm0plus.h ****  */
 355:Drivers/CMSIS/Include/core_cm0plus.h **** typedef struct
 356:Drivers/CMSIS/Include/core_cm0plus.h **** {
 357:Drivers/CMSIS/Include/core_cm0plus.h ****   __IM  uint32_t CPUID;                  /*!< Offset: 0x000 (R/ )  CPUID Base Register */
 358:Drivers/CMSIS/Include/core_cm0plus.h ****   __IOM uint32_t ICSR;                   /*!< Offset: 0x004 (R/W)  Interrupt Control and State Regi
 359:Drivers/CMSIS/Include/core_cm0plus.h **** #if defined (__VTOR_PRESENT) && (__VTOR_PRESENT == 1U)
 360:Drivers/CMSIS/Include/core_cm0plus.h ****   __IOM uint32_t VTOR;                   /*!< Offset: 0x008 (R/W)  Vector Table Offset Register */
 361:Drivers/CMSIS/Include/core_cm0plus.h **** #else
 362:Drivers/CMSIS/Include/core_cm0plus.h ****         uint32_t RESERVED0;
 363:Drivers/CMSIS/Include/core_cm0plus.h **** #endif
 364:Drivers/CMSIS/Include/core_cm0plus.h ****   __IOM uint32_t AIRCR;                  /*!< Offset: 0x00C (R/W)  Application Interrupt and Reset 
 365:Drivers/CMSIS/Include/core_cm0plus.h ****   __IOM uint32_t SCR;                    /*!< Offset: 0x010 (R/W)  System Control Register */
 366:Drivers/CMSIS/Include/core_cm0plus.h ****   __IOM uint32_t CCR;                    /*!< Offset: 0x014 (R/W)  Configuration Control Register *
 367:Drivers/CMSIS/Include/core_cm0plus.h ****         uint32_t RESERVED1;
 368:Drivers/CMSIS/Include/core_cm0plus.h ****   __IOM uint32_t SHP[2U];                /*!< Offset: 0x01C (R/W)  System Handlers Priority Registe
 369:Drivers/CMSIS/Include/core_cm0plus.h ****   __IOM uint32_t SHCSR;                  /*!< Offset: 0x024 (R/W)  System Handler Control and State
 370:Drivers/CMSIS/Include/core_cm0plus.h **** } SCB_Type;
 371:Drivers/CMSIS/Include/core_cm0plus.h **** 
 372:Drivers/CMSIS/Include/core_cm0plus.h **** /* SCB CPUID Register Definitions */
 373:Drivers/CMSIS/Include/core_cm0plus.h **** #define SCB_CPUID_IMPLEMENTER_Pos          24U                                            /*!< SCB 
 374:Drivers/CMSIS/Include/core_cm0plus.h **** #define SCB_CPUID_IMPLEMENTER_Msk          (0xFFUL << SCB_CPUID_IMPLEMENTER_Pos)          /*!< SCB 
ARM GAS  C:\Users\a_hae\AppData\Local\Temp\ccQ76ath.s 			page 8


 375:Drivers/CMSIS/Include/core_cm0plus.h **** 
 376:Drivers/CMSIS/Include/core_cm0plus.h **** #define SCB_CPUID_VARIANT_Pos              20U                                            /*!< SCB 
 377:Drivers/CMSIS/Include/core_cm0plus.h **** #define SCB_CPUID_VARIANT_Msk              (0xFUL << SCB_CPUID_VARIANT_Pos)               /*!< SCB 
 378:Drivers/CMSIS/Include/core_cm0plus.h **** 
 379:Drivers/CMSIS/Include/core_cm0plus.h **** #define SCB_CPUID_ARCHITECTURE_Pos         16U                                            /*!< SCB 
 380:Drivers/CMSIS/Include/core_cm0plus.h **** #define SCB_CPUID_ARCHITECTURE_Msk         (0xFUL << SCB_CPUID_ARCHITECTURE_Pos)          /*!< SCB 
 381:Drivers/CMSIS/Include/core_cm0plus.h **** 
 382:Drivers/CMSIS/Include/core_cm0plus.h **** #define SCB_CPUID_PARTNO_Pos                4U                                            /*!< SCB 
 383:Drivers/CMSIS/Include/core_cm0plus.h **** #define SCB_CPUID_PARTNO_Msk               (0xFFFUL << SCB_CPUID_PARTNO_Pos)              /*!< SCB 
 384:Drivers/CMSIS/Include/core_cm0plus.h **** 
 385:Drivers/CMSIS/Include/core_cm0plus.h **** #define SCB_CPUID_REVISION_Pos              0U                                            /*!< SCB 
 386:Drivers/CMSIS/Include/core_cm0plus.h **** #define SCB_CPUID_REVISION_Msk             (0xFUL /*<< SCB_CPUID_REVISION_Pos*/)          /*!< SCB 
 387:Drivers/CMSIS/Include/core_cm0plus.h **** 
 388:Drivers/CMSIS/Include/core_cm0plus.h **** /* SCB Interrupt Control State Register Definitions */
 389:Drivers/CMSIS/Include/core_cm0plus.h **** #define SCB_ICSR_NMIPENDSET_Pos            31U                                            /*!< SCB 
 390:Drivers/CMSIS/Include/core_cm0plus.h **** #define SCB_ICSR_NMIPENDSET_Msk            (1UL << SCB_ICSR_NMIPENDSET_Pos)               /*!< SCB 
 391:Drivers/CMSIS/Include/core_cm0plus.h **** 
 392:Drivers/CMSIS/Include/core_cm0plus.h **** #define SCB_ICSR_PENDSVSET_Pos             28U                                            /*!< SCB 
 393:Drivers/CMSIS/Include/core_cm0plus.h **** #define SCB_ICSR_PENDSVSET_Msk             (1UL << SCB_ICSR_PENDSVSET_Pos)                /*!< SCB 
 394:Drivers/CMSIS/Include/core_cm0plus.h **** 
 395:Drivers/CMSIS/Include/core_cm0plus.h **** #define SCB_ICSR_PENDSVCLR_Pos             27U                                            /*!< SCB 
 396:Drivers/CMSIS/Include/core_cm0plus.h **** #define SCB_ICSR_PENDSVCLR_Msk             (1UL << SCB_ICSR_PENDSVCLR_Pos)                /*!< SCB 
 397:Drivers/CMSIS/Include/core_cm0plus.h **** 
 398:Drivers/CMSIS/Include/core_cm0plus.h **** #define SCB_ICSR_PENDSTSET_Pos             26U                                            /*!< SCB 
 399:Drivers/CMSIS/Include/core_cm0plus.h **** #define SCB_ICSR_PENDSTSET_Msk             (1UL << SCB_ICSR_PENDSTSET_Pos)                /*!< SCB 
 400:Drivers/CMSIS/Include/core_cm0plus.h **** 
 401:Drivers/CMSIS/Include/core_cm0plus.h **** #define SCB_ICSR_PENDSTCLR_Pos             25U                                            /*!< SCB 
 402:Drivers/CMSIS/Include/core_cm0plus.h **** #define SCB_ICSR_PENDSTCLR_Msk             (1UL << SCB_ICSR_PENDSTCLR_Pos)                /*!< SCB 
 403:Drivers/CMSIS/Include/core_cm0plus.h **** 
 404:Drivers/CMSIS/Include/core_cm0plus.h **** #define SCB_ICSR_ISRPREEMPT_Pos            23U                                            /*!< SCB 
 405:Drivers/CMSIS/Include/core_cm0plus.h **** #define SCB_ICSR_ISRPREEMPT_Msk            (1UL << SCB_ICSR_ISRPREEMPT_Pos)               /*!< SCB 
 406:Drivers/CMSIS/Include/core_cm0plus.h **** 
 407:Drivers/CMSIS/Include/core_cm0plus.h **** #define SCB_ICSR_ISRPENDING_Pos            22U                                            /*!< SCB 
 408:Drivers/CMSIS/Include/core_cm0plus.h **** #define SCB_ICSR_ISRPENDING_Msk            (1UL << SCB_ICSR_ISRPENDING_Pos)               /*!< SCB 
 409:Drivers/CMSIS/Include/core_cm0plus.h **** 
 410:Drivers/CMSIS/Include/core_cm0plus.h **** #define SCB_ICSR_VECTPENDING_Pos           12U                                            /*!< SCB 
 411:Drivers/CMSIS/Include/core_cm0plus.h **** #define SCB_ICSR_VECTPENDING_Msk           (0x1FFUL << SCB_ICSR_VECTPENDING_Pos)          /*!< SCB 
 412:Drivers/CMSIS/Include/core_cm0plus.h **** 
 413:Drivers/CMSIS/Include/core_cm0plus.h **** #define SCB_ICSR_VECTACTIVE_Pos             0U                                            /*!< SCB 
 414:Drivers/CMSIS/Include/core_cm0plus.h **** #define SCB_ICSR_VECTACTIVE_Msk            (0x1FFUL /*<< SCB_ICSR_VECTACTIVE_Pos*/)       /*!< SCB 
 415:Drivers/CMSIS/Include/core_cm0plus.h **** 
 416:Drivers/CMSIS/Include/core_cm0plus.h **** #if defined (__VTOR_PRESENT) && (__VTOR_PRESENT == 1U)
 417:Drivers/CMSIS/Include/core_cm0plus.h **** /* SCB Interrupt Control State Register Definitions */
 418:Drivers/CMSIS/Include/core_cm0plus.h **** #define SCB_VTOR_TBLOFF_Pos                 8U                                            /*!< SCB 
 419:Drivers/CMSIS/Include/core_cm0plus.h **** #define SCB_VTOR_TBLOFF_Msk                (0xFFFFFFUL << SCB_VTOR_TBLOFF_Pos)            /*!< SCB 
 420:Drivers/CMSIS/Include/core_cm0plus.h **** #endif
 421:Drivers/CMSIS/Include/core_cm0plus.h **** 
 422:Drivers/CMSIS/Include/core_cm0plus.h **** /* SCB Application Interrupt and Reset Control Register Definitions */
 423:Drivers/CMSIS/Include/core_cm0plus.h **** #define SCB_AIRCR_VECTKEY_Pos              16U                                            /*!< SCB 
 424:Drivers/CMSIS/Include/core_cm0plus.h **** #define SCB_AIRCR_VECTKEY_Msk              (0xFFFFUL << SCB_AIRCR_VECTKEY_Pos)            /*!< SCB 
 425:Drivers/CMSIS/Include/core_cm0plus.h **** 
 426:Drivers/CMSIS/Include/core_cm0plus.h **** #define SCB_AIRCR_VECTKEYSTAT_Pos          16U                                            /*!< SCB 
 427:Drivers/CMSIS/Include/core_cm0plus.h **** #define SCB_AIRCR_VECTKEYSTAT_Msk          (0xFFFFUL << SCB_AIRCR_VECTKEYSTAT_Pos)        /*!< SCB 
 428:Drivers/CMSIS/Include/core_cm0plus.h **** 
 429:Drivers/CMSIS/Include/core_cm0plus.h **** #define SCB_AIRCR_ENDIANESS_Pos            15U                                            /*!< SCB 
 430:Drivers/CMSIS/Include/core_cm0plus.h **** #define SCB_AIRCR_ENDIANESS_Msk            (1UL << SCB_AIRCR_ENDIANESS_Pos)               /*!< SCB 
 431:Drivers/CMSIS/Include/core_cm0plus.h **** 
ARM GAS  C:\Users\a_hae\AppData\Local\Temp\ccQ76ath.s 			page 9


 432:Drivers/CMSIS/Include/core_cm0plus.h **** #define SCB_AIRCR_SYSRESETREQ_Pos           2U                                            /*!< SCB 
 433:Drivers/CMSIS/Include/core_cm0plus.h **** #define SCB_AIRCR_SYSRESETREQ_Msk          (1UL << SCB_AIRCR_SYSRESETREQ_Pos)             /*!< SCB 
 434:Drivers/CMSIS/Include/core_cm0plus.h **** 
 435:Drivers/CMSIS/Include/core_cm0plus.h **** #define SCB_AIRCR_VECTCLRACTIVE_Pos         1U                                            /*!< SCB 
 436:Drivers/CMSIS/Include/core_cm0plus.h **** #define SCB_AIRCR_VECTCLRACTIVE_Msk        (1UL << SCB_AIRCR_VECTCLRACTIVE_Pos)           /*!< SCB 
 437:Drivers/CMSIS/Include/core_cm0plus.h **** 
 438:Drivers/CMSIS/Include/core_cm0plus.h **** /* SCB System Control Register Definitions */
 439:Drivers/CMSIS/Include/core_cm0plus.h **** #define SCB_SCR_SEVONPEND_Pos               4U                                            /*!< SCB 
 440:Drivers/CMSIS/Include/core_cm0plus.h **** #define SCB_SCR_SEVONPEND_Msk              (1UL << SCB_SCR_SEVONPEND_Pos)                 /*!< SCB 
 441:Drivers/CMSIS/Include/core_cm0plus.h **** 
 442:Drivers/CMSIS/Include/core_cm0plus.h **** #define SCB_SCR_SLEEPDEEP_Pos               2U                                            /*!< SCB 
 443:Drivers/CMSIS/Include/core_cm0plus.h **** #define SCB_SCR_SLEEPDEEP_Msk              (1UL << SCB_SCR_SLEEPDEEP_Pos)                 /*!< SCB 
 444:Drivers/CMSIS/Include/core_cm0plus.h **** 
 445:Drivers/CMSIS/Include/core_cm0plus.h **** #define SCB_SCR_SLEEPONEXIT_Pos             1U                                            /*!< SCB 
 446:Drivers/CMSIS/Include/core_cm0plus.h **** #define SCB_SCR_SLEEPONEXIT_Msk            (1UL << SCB_SCR_SLEEPONEXIT_Pos)               /*!< SCB 
 447:Drivers/CMSIS/Include/core_cm0plus.h **** 
 448:Drivers/CMSIS/Include/core_cm0plus.h **** /* SCB Configuration Control Register Definitions */
 449:Drivers/CMSIS/Include/core_cm0plus.h **** #define SCB_CCR_STKALIGN_Pos                9U                                            /*!< SCB 
 450:Drivers/CMSIS/Include/core_cm0plus.h **** #define SCB_CCR_STKALIGN_Msk               (1UL << SCB_CCR_STKALIGN_Pos)                  /*!< SCB 
 451:Drivers/CMSIS/Include/core_cm0plus.h **** 
 452:Drivers/CMSIS/Include/core_cm0plus.h **** #define SCB_CCR_UNALIGN_TRP_Pos             3U                                            /*!< SCB 
 453:Drivers/CMSIS/Include/core_cm0plus.h **** #define SCB_CCR_UNALIGN_TRP_Msk            (1UL << SCB_CCR_UNALIGN_TRP_Pos)               /*!< SCB 
 454:Drivers/CMSIS/Include/core_cm0plus.h **** 
 455:Drivers/CMSIS/Include/core_cm0plus.h **** /* SCB System Handler Control and State Register Definitions */
 456:Drivers/CMSIS/Include/core_cm0plus.h **** #define SCB_SHCSR_SVCALLPENDED_Pos         15U                                            /*!< SCB 
 457:Drivers/CMSIS/Include/core_cm0plus.h **** #define SCB_SHCSR_SVCALLPENDED_Msk         (1UL << SCB_SHCSR_SVCALLPENDED_Pos)            /*!< SCB 
 458:Drivers/CMSIS/Include/core_cm0plus.h **** 
 459:Drivers/CMSIS/Include/core_cm0plus.h **** /*@} end of group CMSIS_SCB */
 460:Drivers/CMSIS/Include/core_cm0plus.h **** 
 461:Drivers/CMSIS/Include/core_cm0plus.h **** 
 462:Drivers/CMSIS/Include/core_cm0plus.h **** /**
 463:Drivers/CMSIS/Include/core_cm0plus.h ****   \ingroup  CMSIS_core_register
 464:Drivers/CMSIS/Include/core_cm0plus.h ****   \defgroup CMSIS_SysTick     System Tick Timer (SysTick)
 465:Drivers/CMSIS/Include/core_cm0plus.h ****   \brief    Type definitions for the System Timer Registers.
 466:Drivers/CMSIS/Include/core_cm0plus.h ****   @{
 467:Drivers/CMSIS/Include/core_cm0plus.h ****  */
 468:Drivers/CMSIS/Include/core_cm0plus.h **** 
 469:Drivers/CMSIS/Include/core_cm0plus.h **** /**
 470:Drivers/CMSIS/Include/core_cm0plus.h ****   \brief  Structure type to access the System Timer (SysTick).
 471:Drivers/CMSIS/Include/core_cm0plus.h ****  */
 472:Drivers/CMSIS/Include/core_cm0plus.h **** typedef struct
 473:Drivers/CMSIS/Include/core_cm0plus.h **** {
 474:Drivers/CMSIS/Include/core_cm0plus.h ****   __IOM uint32_t CTRL;                   /*!< Offset: 0x000 (R/W)  SysTick Control and Status Regis
 475:Drivers/CMSIS/Include/core_cm0plus.h ****   __IOM uint32_t LOAD;                   /*!< Offset: 0x004 (R/W)  SysTick Reload Value Register */
 476:Drivers/CMSIS/Include/core_cm0plus.h ****   __IOM uint32_t VAL;                    /*!< Offset: 0x008 (R/W)  SysTick Current Value Register *
 477:Drivers/CMSIS/Include/core_cm0plus.h ****   __IM  uint32_t CALIB;                  /*!< Offset: 0x00C (R/ )  SysTick Calibration Register */
 478:Drivers/CMSIS/Include/core_cm0plus.h **** } SysTick_Type;
 479:Drivers/CMSIS/Include/core_cm0plus.h **** 
 480:Drivers/CMSIS/Include/core_cm0plus.h **** /* SysTick Control / Status Register Definitions */
 481:Drivers/CMSIS/Include/core_cm0plus.h **** #define SysTick_CTRL_COUNTFLAG_Pos         16U                                            /*!< SysT
 482:Drivers/CMSIS/Include/core_cm0plus.h **** #define SysTick_CTRL_COUNTFLAG_Msk         (1UL << SysTick_CTRL_COUNTFLAG_Pos)            /*!< SysT
 483:Drivers/CMSIS/Include/core_cm0plus.h **** 
 484:Drivers/CMSIS/Include/core_cm0plus.h **** #define SysTick_CTRL_CLKSOURCE_Pos          2U                                            /*!< SysT
 485:Drivers/CMSIS/Include/core_cm0plus.h **** #define SysTick_CTRL_CLKSOURCE_Msk         (1UL << SysTick_CTRL_CLKSOURCE_Pos)            /*!< SysT
 486:Drivers/CMSIS/Include/core_cm0plus.h **** 
 487:Drivers/CMSIS/Include/core_cm0plus.h **** #define SysTick_CTRL_TICKINT_Pos            1U                                            /*!< SysT
 488:Drivers/CMSIS/Include/core_cm0plus.h **** #define SysTick_CTRL_TICKINT_Msk           (1UL << SysTick_CTRL_TICKINT_Pos)              /*!< SysT
ARM GAS  C:\Users\a_hae\AppData\Local\Temp\ccQ76ath.s 			page 10


 489:Drivers/CMSIS/Include/core_cm0plus.h **** 
 490:Drivers/CMSIS/Include/core_cm0plus.h **** #define SysTick_CTRL_ENABLE_Pos             0U                                            /*!< SysT
 491:Drivers/CMSIS/Include/core_cm0plus.h **** #define SysTick_CTRL_ENABLE_Msk            (1UL /*<< SysTick_CTRL_ENABLE_Pos*/)           /*!< SysT
 492:Drivers/CMSIS/Include/core_cm0plus.h **** 
 493:Drivers/CMSIS/Include/core_cm0plus.h **** /* SysTick Reload Register Definitions */
 494:Drivers/CMSIS/Include/core_cm0plus.h **** #define SysTick_LOAD_RELOAD_Pos             0U                                            /*!< SysT
 495:Drivers/CMSIS/Include/core_cm0plus.h **** #define SysTick_LOAD_RELOAD_Msk            (0xFFFFFFUL /*<< SysTick_LOAD_RELOAD_Pos*/)    /*!< SysT
 496:Drivers/CMSIS/Include/core_cm0plus.h **** 
 497:Drivers/CMSIS/Include/core_cm0plus.h **** /* SysTick Current Register Definitions */
 498:Drivers/CMSIS/Include/core_cm0plus.h **** #define SysTick_VAL_CURRENT_Pos             0U                                            /*!< SysT
 499:Drivers/CMSIS/Include/core_cm0plus.h **** #define SysTick_VAL_CURRENT_Msk            (0xFFFFFFUL /*<< SysTick_VAL_CURRENT_Pos*/)    /*!< SysT
 500:Drivers/CMSIS/Include/core_cm0plus.h **** 
 501:Drivers/CMSIS/Include/core_cm0plus.h **** /* SysTick Calibration Register Definitions */
 502:Drivers/CMSIS/Include/core_cm0plus.h **** #define SysTick_CALIB_NOREF_Pos            31U                                            /*!< SysT
 503:Drivers/CMSIS/Include/core_cm0plus.h **** #define SysTick_CALIB_NOREF_Msk            (1UL << SysTick_CALIB_NOREF_Pos)               /*!< SysT
 504:Drivers/CMSIS/Include/core_cm0plus.h **** 
 505:Drivers/CMSIS/Include/core_cm0plus.h **** #define SysTick_CALIB_SKEW_Pos             30U                                            /*!< SysT
 506:Drivers/CMSIS/Include/core_cm0plus.h **** #define SysTick_CALIB_SKEW_Msk             (1UL << SysTick_CALIB_SKEW_Pos)                /*!< SysT
 507:Drivers/CMSIS/Include/core_cm0plus.h **** 
 508:Drivers/CMSIS/Include/core_cm0plus.h **** #define SysTick_CALIB_TENMS_Pos             0U                                            /*!< SysT
 509:Drivers/CMSIS/Include/core_cm0plus.h **** #define SysTick_CALIB_TENMS_Msk            (0xFFFFFFUL /*<< SysTick_CALIB_TENMS_Pos*/)    /*!< SysT
 510:Drivers/CMSIS/Include/core_cm0plus.h **** 
 511:Drivers/CMSIS/Include/core_cm0plus.h **** /*@} end of group CMSIS_SysTick */
 512:Drivers/CMSIS/Include/core_cm0plus.h **** 
 513:Drivers/CMSIS/Include/core_cm0plus.h **** #if defined (__MPU_PRESENT) && (__MPU_PRESENT == 1U)
 514:Drivers/CMSIS/Include/core_cm0plus.h **** /**
 515:Drivers/CMSIS/Include/core_cm0plus.h ****   \ingroup  CMSIS_core_register
 516:Drivers/CMSIS/Include/core_cm0plus.h ****   \defgroup CMSIS_MPU     Memory Protection Unit (MPU)
 517:Drivers/CMSIS/Include/core_cm0plus.h ****   \brief    Type definitions for the Memory Protection Unit (MPU)
 518:Drivers/CMSIS/Include/core_cm0plus.h ****   @{
 519:Drivers/CMSIS/Include/core_cm0plus.h ****  */
 520:Drivers/CMSIS/Include/core_cm0plus.h **** 
 521:Drivers/CMSIS/Include/core_cm0plus.h **** /**
 522:Drivers/CMSIS/Include/core_cm0plus.h ****   \brief  Structure type to access the Memory Protection Unit (MPU).
 523:Drivers/CMSIS/Include/core_cm0plus.h ****  */
 524:Drivers/CMSIS/Include/core_cm0plus.h **** typedef struct
 525:Drivers/CMSIS/Include/core_cm0plus.h **** {
 526:Drivers/CMSIS/Include/core_cm0plus.h ****   __IM  uint32_t TYPE;                   /*!< Offset: 0x000 (R/ )  MPU Type Register */
 527:Drivers/CMSIS/Include/core_cm0plus.h ****   __IOM uint32_t CTRL;                   /*!< Offset: 0x004 (R/W)  MPU Control Register */
 528:Drivers/CMSIS/Include/core_cm0plus.h ****   __IOM uint32_t RNR;                    /*!< Offset: 0x008 (R/W)  MPU Region RNRber Register */
 529:Drivers/CMSIS/Include/core_cm0plus.h ****   __IOM uint32_t RBAR;                   /*!< Offset: 0x00C (R/W)  MPU Region Base Address Register
 530:Drivers/CMSIS/Include/core_cm0plus.h ****   __IOM uint32_t RASR;                   /*!< Offset: 0x010 (R/W)  MPU Region Attribute and Size Re
 531:Drivers/CMSIS/Include/core_cm0plus.h **** } MPU_Type;
 532:Drivers/CMSIS/Include/core_cm0plus.h **** 
 533:Drivers/CMSIS/Include/core_cm0plus.h **** #define MPU_TYPE_RALIASES                  1U
 534:Drivers/CMSIS/Include/core_cm0plus.h **** 
 535:Drivers/CMSIS/Include/core_cm0plus.h **** /* MPU Type Register Definitions */
 536:Drivers/CMSIS/Include/core_cm0plus.h **** #define MPU_TYPE_IREGION_Pos               16U                                            /*!< MPU 
 537:Drivers/CMSIS/Include/core_cm0plus.h **** #define MPU_TYPE_IREGION_Msk               (0xFFUL << MPU_TYPE_IREGION_Pos)               /*!< MPU 
 538:Drivers/CMSIS/Include/core_cm0plus.h **** 
 539:Drivers/CMSIS/Include/core_cm0plus.h **** #define MPU_TYPE_DREGION_Pos                8U                                            /*!< MPU 
 540:Drivers/CMSIS/Include/core_cm0plus.h **** #define MPU_TYPE_DREGION_Msk               (0xFFUL << MPU_TYPE_DREGION_Pos)               /*!< MPU 
 541:Drivers/CMSIS/Include/core_cm0plus.h **** 
 542:Drivers/CMSIS/Include/core_cm0plus.h **** #define MPU_TYPE_SEPARATE_Pos               0U                                            /*!< MPU 
 543:Drivers/CMSIS/Include/core_cm0plus.h **** #define MPU_TYPE_SEPARATE_Msk              (1UL /*<< MPU_TYPE_SEPARATE_Pos*/)             /*!< MPU 
 544:Drivers/CMSIS/Include/core_cm0plus.h **** 
 545:Drivers/CMSIS/Include/core_cm0plus.h **** /* MPU Control Register Definitions */
ARM GAS  C:\Users\a_hae\AppData\Local\Temp\ccQ76ath.s 			page 11


 546:Drivers/CMSIS/Include/core_cm0plus.h **** #define MPU_CTRL_PRIVDEFENA_Pos             2U                                            /*!< MPU 
 547:Drivers/CMSIS/Include/core_cm0plus.h **** #define MPU_CTRL_PRIVDEFENA_Msk            (1UL << MPU_CTRL_PRIVDEFENA_Pos)               /*!< MPU 
 548:Drivers/CMSIS/Include/core_cm0plus.h **** 
 549:Drivers/CMSIS/Include/core_cm0plus.h **** #define MPU_CTRL_HFNMIENA_Pos               1U                                            /*!< MPU 
 550:Drivers/CMSIS/Include/core_cm0plus.h **** #define MPU_CTRL_HFNMIENA_Msk              (1UL << MPU_CTRL_HFNMIENA_Pos)                 /*!< MPU 
 551:Drivers/CMSIS/Include/core_cm0plus.h **** 
 552:Drivers/CMSIS/Include/core_cm0plus.h **** #define MPU_CTRL_ENABLE_Pos                 0U                                            /*!< MPU 
 553:Drivers/CMSIS/Include/core_cm0plus.h **** #define MPU_CTRL_ENABLE_Msk                (1UL /*<< MPU_CTRL_ENABLE_Pos*/)               /*!< MPU 
 554:Drivers/CMSIS/Include/core_cm0plus.h **** 
 555:Drivers/CMSIS/Include/core_cm0plus.h **** /* MPU Region Number Register Definitions */
 556:Drivers/CMSIS/Include/core_cm0plus.h **** #define MPU_RNR_REGION_Pos                  0U                                            /*!< MPU 
 557:Drivers/CMSIS/Include/core_cm0plus.h **** #define MPU_RNR_REGION_Msk                 (0xFFUL /*<< MPU_RNR_REGION_Pos*/)             /*!< MPU 
 558:Drivers/CMSIS/Include/core_cm0plus.h **** 
 559:Drivers/CMSIS/Include/core_cm0plus.h **** /* MPU Region Base Address Register Definitions */
 560:Drivers/CMSIS/Include/core_cm0plus.h **** #define MPU_RBAR_ADDR_Pos                   8U                                            /*!< MPU 
 561:Drivers/CMSIS/Include/core_cm0plus.h **** #define MPU_RBAR_ADDR_Msk                  (0xFFFFFFUL << MPU_RBAR_ADDR_Pos)              /*!< MPU 
 562:Drivers/CMSIS/Include/core_cm0plus.h **** 
 563:Drivers/CMSIS/Include/core_cm0plus.h **** #define MPU_RBAR_VALID_Pos                  4U                                            /*!< MPU 
 564:Drivers/CMSIS/Include/core_cm0plus.h **** #define MPU_RBAR_VALID_Msk                 (1UL << MPU_RBAR_VALID_Pos)                    /*!< MPU 
 565:Drivers/CMSIS/Include/core_cm0plus.h **** 
 566:Drivers/CMSIS/Include/core_cm0plus.h **** #define MPU_RBAR_REGION_Pos                 0U                                            /*!< MPU 
 567:Drivers/CMSIS/Include/core_cm0plus.h **** #define MPU_RBAR_REGION_Msk                (0xFUL /*<< MPU_RBAR_REGION_Pos*/)             /*!< MPU 
 568:Drivers/CMSIS/Include/core_cm0plus.h **** 
 569:Drivers/CMSIS/Include/core_cm0plus.h **** /* MPU Region Attribute and Size Register Definitions */
 570:Drivers/CMSIS/Include/core_cm0plus.h **** #define MPU_RASR_ATTRS_Pos                 16U                                            /*!< MPU 
 571:Drivers/CMSIS/Include/core_cm0plus.h **** #define MPU_RASR_ATTRS_Msk                 (0xFFFFUL << MPU_RASR_ATTRS_Pos)               /*!< MPU 
 572:Drivers/CMSIS/Include/core_cm0plus.h **** 
 573:Drivers/CMSIS/Include/core_cm0plus.h **** #define MPU_RASR_XN_Pos                    28U                                            /*!< MPU 
 574:Drivers/CMSIS/Include/core_cm0plus.h **** #define MPU_RASR_XN_Msk                    (1UL << MPU_RASR_XN_Pos)                       /*!< MPU 
 575:Drivers/CMSIS/Include/core_cm0plus.h **** 
 576:Drivers/CMSIS/Include/core_cm0plus.h **** #define MPU_RASR_AP_Pos                    24U                                            /*!< MPU 
 577:Drivers/CMSIS/Include/core_cm0plus.h **** #define MPU_RASR_AP_Msk                    (0x7UL << MPU_RASR_AP_Pos)                     /*!< MPU 
 578:Drivers/CMSIS/Include/core_cm0plus.h **** 
 579:Drivers/CMSIS/Include/core_cm0plus.h **** #define MPU_RASR_TEX_Pos                   19U                                            /*!< MPU 
 580:Drivers/CMSIS/Include/core_cm0plus.h **** #define MPU_RASR_TEX_Msk                   (0x7UL << MPU_RASR_TEX_Pos)                    /*!< MPU 
 581:Drivers/CMSIS/Include/core_cm0plus.h **** 
 582:Drivers/CMSIS/Include/core_cm0plus.h **** #define MPU_RASR_S_Pos                     18U                                            /*!< MPU 
 583:Drivers/CMSIS/Include/core_cm0plus.h **** #define MPU_RASR_S_Msk                     (1UL << MPU_RASR_S_Pos)                        /*!< MPU 
 584:Drivers/CMSIS/Include/core_cm0plus.h **** 
 585:Drivers/CMSIS/Include/core_cm0plus.h **** #define MPU_RASR_C_Pos                     17U                                            /*!< MPU 
 586:Drivers/CMSIS/Include/core_cm0plus.h **** #define MPU_RASR_C_Msk                     (1UL << MPU_RASR_C_Pos)                        /*!< MPU 
 587:Drivers/CMSIS/Include/core_cm0plus.h **** 
 588:Drivers/CMSIS/Include/core_cm0plus.h **** #define MPU_RASR_B_Pos                     16U                                            /*!< MPU 
 589:Drivers/CMSIS/Include/core_cm0plus.h **** #define MPU_RASR_B_Msk                     (1UL << MPU_RASR_B_Pos)                        /*!< MPU 
 590:Drivers/CMSIS/Include/core_cm0plus.h **** 
 591:Drivers/CMSIS/Include/core_cm0plus.h **** #define MPU_RASR_SRD_Pos                    8U                                            /*!< MPU 
 592:Drivers/CMSIS/Include/core_cm0plus.h **** #define MPU_RASR_SRD_Msk                   (0xFFUL << MPU_RASR_SRD_Pos)                   /*!< MPU 
 593:Drivers/CMSIS/Include/core_cm0plus.h **** 
 594:Drivers/CMSIS/Include/core_cm0plus.h **** #define MPU_RASR_SIZE_Pos                   1U                                            /*!< MPU 
 595:Drivers/CMSIS/Include/core_cm0plus.h **** #define MPU_RASR_SIZE_Msk                  (0x1FUL << MPU_RASR_SIZE_Pos)                  /*!< MPU 
 596:Drivers/CMSIS/Include/core_cm0plus.h **** 
 597:Drivers/CMSIS/Include/core_cm0plus.h **** #define MPU_RASR_ENABLE_Pos                 0U                                            /*!< MPU 
 598:Drivers/CMSIS/Include/core_cm0plus.h **** #define MPU_RASR_ENABLE_Msk                (1UL /*<< MPU_RASR_ENABLE_Pos*/)               /*!< MPU 
 599:Drivers/CMSIS/Include/core_cm0plus.h **** 
 600:Drivers/CMSIS/Include/core_cm0plus.h **** /*@} end of group CMSIS_MPU */
 601:Drivers/CMSIS/Include/core_cm0plus.h **** #endif
 602:Drivers/CMSIS/Include/core_cm0plus.h **** 
ARM GAS  C:\Users\a_hae\AppData\Local\Temp\ccQ76ath.s 			page 12


 603:Drivers/CMSIS/Include/core_cm0plus.h **** 
 604:Drivers/CMSIS/Include/core_cm0plus.h **** /**
 605:Drivers/CMSIS/Include/core_cm0plus.h ****   \ingroup  CMSIS_core_register
 606:Drivers/CMSIS/Include/core_cm0plus.h ****   \defgroup CMSIS_CoreDebug       Core Debug Registers (CoreDebug)
 607:Drivers/CMSIS/Include/core_cm0plus.h ****   \brief    Cortex-M0+ Core Debug Registers (DCB registers, SHCSR, and DFSR) are only accessible ov
 608:Drivers/CMSIS/Include/core_cm0plus.h ****             Therefore they are not covered by the Cortex-M0+ header file.
 609:Drivers/CMSIS/Include/core_cm0plus.h ****   @{
 610:Drivers/CMSIS/Include/core_cm0plus.h ****  */
 611:Drivers/CMSIS/Include/core_cm0plus.h **** /*@} end of group CMSIS_CoreDebug */
 612:Drivers/CMSIS/Include/core_cm0plus.h **** 
 613:Drivers/CMSIS/Include/core_cm0plus.h **** 
 614:Drivers/CMSIS/Include/core_cm0plus.h **** /**
 615:Drivers/CMSIS/Include/core_cm0plus.h ****   \ingroup    CMSIS_core_register
 616:Drivers/CMSIS/Include/core_cm0plus.h ****   \defgroup   CMSIS_core_bitfield     Core register bit field macros
 617:Drivers/CMSIS/Include/core_cm0plus.h ****   \brief      Macros for use with bit field definitions (xxx_Pos, xxx_Msk).
 618:Drivers/CMSIS/Include/core_cm0plus.h ****   @{
 619:Drivers/CMSIS/Include/core_cm0plus.h ****  */
 620:Drivers/CMSIS/Include/core_cm0plus.h **** 
 621:Drivers/CMSIS/Include/core_cm0plus.h **** /**
 622:Drivers/CMSIS/Include/core_cm0plus.h ****   \brief   Mask and shift a bit field value for use in a register bit range.
 623:Drivers/CMSIS/Include/core_cm0plus.h ****   \param[in] field  Name of the register bit field.
 624:Drivers/CMSIS/Include/core_cm0plus.h ****   \param[in] value  Value of the bit field. This parameter is interpreted as an uint32_t type.
 625:Drivers/CMSIS/Include/core_cm0plus.h ****   \return           Masked and shifted value.
 626:Drivers/CMSIS/Include/core_cm0plus.h **** */
 627:Drivers/CMSIS/Include/core_cm0plus.h **** #define _VAL2FLD(field, value)    (((uint32_t)(value) << field ## _Pos) & field ## _Msk)
 628:Drivers/CMSIS/Include/core_cm0plus.h **** 
 629:Drivers/CMSIS/Include/core_cm0plus.h **** /**
 630:Drivers/CMSIS/Include/core_cm0plus.h ****   \brief     Mask and shift a register value to extract a bit filed value.
 631:Drivers/CMSIS/Include/core_cm0plus.h ****   \param[in] field  Name of the register bit field.
 632:Drivers/CMSIS/Include/core_cm0plus.h ****   \param[in] value  Value of register. This parameter is interpreted as an uint32_t type.
 633:Drivers/CMSIS/Include/core_cm0plus.h ****   \return           Masked and shifted bit field value.
 634:Drivers/CMSIS/Include/core_cm0plus.h **** */
 635:Drivers/CMSIS/Include/core_cm0plus.h **** #define _FLD2VAL(field, value)    (((uint32_t)(value) & field ## _Msk) >> field ## _Pos)
 636:Drivers/CMSIS/Include/core_cm0plus.h **** 
 637:Drivers/CMSIS/Include/core_cm0plus.h **** /*@} end of group CMSIS_core_bitfield */
 638:Drivers/CMSIS/Include/core_cm0plus.h **** 
 639:Drivers/CMSIS/Include/core_cm0plus.h **** 
 640:Drivers/CMSIS/Include/core_cm0plus.h **** /**
 641:Drivers/CMSIS/Include/core_cm0plus.h ****   \ingroup    CMSIS_core_register
 642:Drivers/CMSIS/Include/core_cm0plus.h ****   \defgroup   CMSIS_core_base     Core Definitions
 643:Drivers/CMSIS/Include/core_cm0plus.h ****   \brief      Definitions for base addresses, unions, and structures.
 644:Drivers/CMSIS/Include/core_cm0plus.h ****   @{
 645:Drivers/CMSIS/Include/core_cm0plus.h ****  */
 646:Drivers/CMSIS/Include/core_cm0plus.h **** 
 647:Drivers/CMSIS/Include/core_cm0plus.h **** /* Memory mapping of Core Hardware */
 648:Drivers/CMSIS/Include/core_cm0plus.h **** #define SCS_BASE            (0xE000E000UL)                            /*!< System Control Space Bas
 649:Drivers/CMSIS/Include/core_cm0plus.h **** #define SysTick_BASE        (SCS_BASE +  0x0010UL)                    /*!< SysTick Base Address */
 650:Drivers/CMSIS/Include/core_cm0plus.h **** #define NVIC_BASE           (SCS_BASE +  0x0100UL)                    /*!< NVIC Base Address */
 651:Drivers/CMSIS/Include/core_cm0plus.h **** #define SCB_BASE            (SCS_BASE +  0x0D00UL)                    /*!< System Control Block Bas
 652:Drivers/CMSIS/Include/core_cm0plus.h **** 
 653:Drivers/CMSIS/Include/core_cm0plus.h **** #define SCB                 ((SCB_Type       *)     SCB_BASE      )   /*!< SCB configuration struct
 654:Drivers/CMSIS/Include/core_cm0plus.h **** #define SysTick             ((SysTick_Type   *)     SysTick_BASE  )   /*!< SysTick configuration st
 655:Drivers/CMSIS/Include/core_cm0plus.h **** #define NVIC                ((NVIC_Type      *)     NVIC_BASE     )   /*!< NVIC configuration struc
 656:Drivers/CMSIS/Include/core_cm0plus.h **** 
 657:Drivers/CMSIS/Include/core_cm0plus.h **** #if defined (__MPU_PRESENT) && (__MPU_PRESENT == 1U)
 658:Drivers/CMSIS/Include/core_cm0plus.h ****   #define MPU_BASE          (SCS_BASE +  0x0D90UL)                    /*!< Memory Protection Unit *
 659:Drivers/CMSIS/Include/core_cm0plus.h ****   #define MPU               ((MPU_Type       *)     MPU_BASE      )   /*!< Memory Protection Unit *
ARM GAS  C:\Users\a_hae\AppData\Local\Temp\ccQ76ath.s 			page 13


 660:Drivers/CMSIS/Include/core_cm0plus.h **** #endif
 661:Drivers/CMSIS/Include/core_cm0plus.h **** 
 662:Drivers/CMSIS/Include/core_cm0plus.h **** /*@} */
 663:Drivers/CMSIS/Include/core_cm0plus.h **** 
 664:Drivers/CMSIS/Include/core_cm0plus.h **** 
 665:Drivers/CMSIS/Include/core_cm0plus.h **** 
 666:Drivers/CMSIS/Include/core_cm0plus.h **** /*******************************************************************************
 667:Drivers/CMSIS/Include/core_cm0plus.h ****  *                Hardware Abstraction Layer
 668:Drivers/CMSIS/Include/core_cm0plus.h ****   Core Function Interface contains:
 669:Drivers/CMSIS/Include/core_cm0plus.h ****   - Core NVIC Functions
 670:Drivers/CMSIS/Include/core_cm0plus.h ****   - Core SysTick Functions
 671:Drivers/CMSIS/Include/core_cm0plus.h ****   - Core Register Access Functions
 672:Drivers/CMSIS/Include/core_cm0plus.h ****  ******************************************************************************/
 673:Drivers/CMSIS/Include/core_cm0plus.h **** /**
 674:Drivers/CMSIS/Include/core_cm0plus.h ****   \defgroup CMSIS_Core_FunctionInterface Functions and Instructions Reference
 675:Drivers/CMSIS/Include/core_cm0plus.h **** */
 676:Drivers/CMSIS/Include/core_cm0plus.h **** 
 677:Drivers/CMSIS/Include/core_cm0plus.h **** 
 678:Drivers/CMSIS/Include/core_cm0plus.h **** 
 679:Drivers/CMSIS/Include/core_cm0plus.h **** /* ##########################   NVIC functions  #################################### */
 680:Drivers/CMSIS/Include/core_cm0plus.h **** /**
 681:Drivers/CMSIS/Include/core_cm0plus.h ****   \ingroup  CMSIS_Core_FunctionInterface
 682:Drivers/CMSIS/Include/core_cm0plus.h ****   \defgroup CMSIS_Core_NVICFunctions NVIC Functions
 683:Drivers/CMSIS/Include/core_cm0plus.h ****   \brief    Functions that manage interrupts and exceptions via the NVIC.
 684:Drivers/CMSIS/Include/core_cm0plus.h ****   @{
 685:Drivers/CMSIS/Include/core_cm0plus.h ****  */
 686:Drivers/CMSIS/Include/core_cm0plus.h **** 
 687:Drivers/CMSIS/Include/core_cm0plus.h **** #ifdef CMSIS_NVIC_VIRTUAL
 688:Drivers/CMSIS/Include/core_cm0plus.h ****   #ifndef CMSIS_NVIC_VIRTUAL_HEADER_FILE
 689:Drivers/CMSIS/Include/core_cm0plus.h ****     #define CMSIS_NVIC_VIRTUAL_HEADER_FILE "cmsis_nvic_virtual.h"
 690:Drivers/CMSIS/Include/core_cm0plus.h ****   #endif
 691:Drivers/CMSIS/Include/core_cm0plus.h ****   #include CMSIS_NVIC_VIRTUAL_HEADER_FILE
 692:Drivers/CMSIS/Include/core_cm0plus.h **** #else
 693:Drivers/CMSIS/Include/core_cm0plus.h ****   #define NVIC_SetPriorityGrouping    __NVIC_SetPriorityGrouping
 694:Drivers/CMSIS/Include/core_cm0plus.h ****   #define NVIC_GetPriorityGrouping    __NVIC_GetPriorityGrouping
 695:Drivers/CMSIS/Include/core_cm0plus.h ****   #define NVIC_EnableIRQ              __NVIC_EnableIRQ
 696:Drivers/CMSIS/Include/core_cm0plus.h ****   #define NVIC_GetEnableIRQ           __NVIC_GetEnableIRQ
 697:Drivers/CMSIS/Include/core_cm0plus.h ****   #define NVIC_DisableIRQ             __NVIC_DisableIRQ
 698:Drivers/CMSIS/Include/core_cm0plus.h ****   #define NVIC_GetPendingIRQ          __NVIC_GetPendingIRQ
 699:Drivers/CMSIS/Include/core_cm0plus.h ****   #define NVIC_SetPendingIRQ          __NVIC_SetPendingIRQ
 700:Drivers/CMSIS/Include/core_cm0plus.h ****   #define NVIC_ClearPendingIRQ        __NVIC_ClearPendingIRQ
 701:Drivers/CMSIS/Include/core_cm0plus.h **** /*#define NVIC_GetActive              __NVIC_GetActive             not available for Cortex-M0+ */
 702:Drivers/CMSIS/Include/core_cm0plus.h ****   #define NVIC_SetPriority            __NVIC_SetPriority
 703:Drivers/CMSIS/Include/core_cm0plus.h ****   #define NVIC_GetPriority            __NVIC_GetPriority
 704:Drivers/CMSIS/Include/core_cm0plus.h ****   #define NVIC_SystemReset            __NVIC_SystemReset
 705:Drivers/CMSIS/Include/core_cm0plus.h **** #endif /* CMSIS_NVIC_VIRTUAL */
 706:Drivers/CMSIS/Include/core_cm0plus.h **** 
 707:Drivers/CMSIS/Include/core_cm0plus.h **** #ifdef CMSIS_VECTAB_VIRTUAL
 708:Drivers/CMSIS/Include/core_cm0plus.h ****   #ifndef CMSIS_VECTAB_VIRTUAL_HEADER_FILE
 709:Drivers/CMSIS/Include/core_cm0plus.h ****     #define CMSIS_VECTAB_VIRTUAL_HEADER_FILE "cmsis_vectab_virtual.h"
 710:Drivers/CMSIS/Include/core_cm0plus.h ****   #endif
 711:Drivers/CMSIS/Include/core_cm0plus.h ****   #include CMSIS_VECTAB_VIRTUAL_HEADER_FILE
 712:Drivers/CMSIS/Include/core_cm0plus.h **** #else
 713:Drivers/CMSIS/Include/core_cm0plus.h ****   #define NVIC_SetVector              __NVIC_SetVector
 714:Drivers/CMSIS/Include/core_cm0plus.h ****   #define NVIC_GetVector              __NVIC_GetVector
 715:Drivers/CMSIS/Include/core_cm0plus.h **** #endif  /* (CMSIS_VECTAB_VIRTUAL) */
 716:Drivers/CMSIS/Include/core_cm0plus.h **** 
ARM GAS  C:\Users\a_hae\AppData\Local\Temp\ccQ76ath.s 			page 14


 717:Drivers/CMSIS/Include/core_cm0plus.h **** #define NVIC_USER_IRQ_OFFSET          16
 718:Drivers/CMSIS/Include/core_cm0plus.h **** 
 719:Drivers/CMSIS/Include/core_cm0plus.h **** 
 720:Drivers/CMSIS/Include/core_cm0plus.h **** /* The following EXC_RETURN values are saved the LR on exception entry */
 721:Drivers/CMSIS/Include/core_cm0plus.h **** #define EXC_RETURN_HANDLER         (0xFFFFFFF1UL)     /* return to Handler mode, uses MSP after ret
 722:Drivers/CMSIS/Include/core_cm0plus.h **** #define EXC_RETURN_THREAD_MSP      (0xFFFFFFF9UL)     /* return to Thread mode, uses MSP after retu
 723:Drivers/CMSIS/Include/core_cm0plus.h **** #define EXC_RETURN_THREAD_PSP      (0xFFFFFFFDUL)     /* return to Thread mode, uses PSP after retu
 724:Drivers/CMSIS/Include/core_cm0plus.h **** 
 725:Drivers/CMSIS/Include/core_cm0plus.h **** 
 726:Drivers/CMSIS/Include/core_cm0plus.h **** /* Interrupt Priorities are WORD accessible only under Armv6-M                  */
 727:Drivers/CMSIS/Include/core_cm0plus.h **** /* The following MACROS handle generation of the register offset and byte masks */
 728:Drivers/CMSIS/Include/core_cm0plus.h **** #define _BIT_SHIFT(IRQn)         (  ((((uint32_t)(int32_t)(IRQn))         )      &  0x03UL) * 8UL)
 729:Drivers/CMSIS/Include/core_cm0plus.h **** #define _SHP_IDX(IRQn)           ( (((((uint32_t)(int32_t)(IRQn)) & 0x0FUL)-8UL) >>    2UL)      )
 730:Drivers/CMSIS/Include/core_cm0plus.h **** #define _IP_IDX(IRQn)            (   (((uint32_t)(int32_t)(IRQn))                >>    2UL)      )
 731:Drivers/CMSIS/Include/core_cm0plus.h **** 
 732:Drivers/CMSIS/Include/core_cm0plus.h **** #define __NVIC_SetPriorityGrouping(X) (void)(X)
 733:Drivers/CMSIS/Include/core_cm0plus.h **** #define __NVIC_GetPriorityGrouping()  (0U)
 734:Drivers/CMSIS/Include/core_cm0plus.h **** 
 735:Drivers/CMSIS/Include/core_cm0plus.h **** /**
 736:Drivers/CMSIS/Include/core_cm0plus.h ****   \brief   Enable Interrupt
 737:Drivers/CMSIS/Include/core_cm0plus.h ****   \details Enables a device specific interrupt in the NVIC interrupt controller.
 738:Drivers/CMSIS/Include/core_cm0plus.h ****   \param [in]      IRQn  Device specific interrupt number.
 739:Drivers/CMSIS/Include/core_cm0plus.h ****   \note    IRQn must not be negative.
 740:Drivers/CMSIS/Include/core_cm0plus.h ****  */
 741:Drivers/CMSIS/Include/core_cm0plus.h **** __STATIC_INLINE void __NVIC_EnableIRQ(IRQn_Type IRQn)
 742:Drivers/CMSIS/Include/core_cm0plus.h **** {
  27              		.loc 2 742 1
  28              		.cfi_startproc
  29              		@ args = 0, pretend = 0, frame = 8
  30              		@ frame_needed = 1, uses_anonymous_args = 0
  31 0000 80B5     		push	{r7, lr}
  32              	.LCFI0:
  33              		.cfi_def_cfa_offset 8
  34              		.cfi_offset 7, -8
  35              		.cfi_offset 14, -4
  36 0002 82B0     		sub	sp, sp, #8
  37              	.LCFI1:
  38              		.cfi_def_cfa_offset 16
  39 0004 00AF     		add	r7, sp, #0
  40              	.LCFI2:
  41              		.cfi_def_cfa_register 7
  42 0006 0200     		movs	r2, r0
  43 0008 FB1D     		adds	r3, r7, #7
  44 000a 1A70     		strb	r2, [r3]
 743:Drivers/CMSIS/Include/core_cm0plus.h ****   if ((int32_t)(IRQn) >= 0)
  45              		.loc 2 743 6
  46 000c FB1D     		adds	r3, r7, #7
  47 000e 1B78     		ldrb	r3, [r3]
  48 0010 7F2B     		cmp	r3, #127
  49 0012 09D8     		bhi	.L3
 744:Drivers/CMSIS/Include/core_cm0plus.h ****   {
 745:Drivers/CMSIS/Include/core_cm0plus.h ****     __COMPILER_BARRIER();
  50              		.loc 2 745 5
 746:Drivers/CMSIS/Include/core_cm0plus.h ****     NVIC->ISER[0U] = (uint32_t)(1UL << (((uint32_t)IRQn) & 0x1FUL));
  51              		.loc 2 746 58
  52 0014 FB1D     		adds	r3, r7, #7
  53 0016 1B78     		ldrb	r3, [r3]
ARM GAS  C:\Users\a_hae\AppData\Local\Temp\ccQ76ath.s 			page 15


  54 0018 1A00     		movs	r2, r3
  55 001a 1F23     		movs	r3, #31
  56 001c 1A40     		ands	r2, r3
  57              		.loc 2 746 9
  58 001e 044B     		ldr	r3, .L4
  59              		.loc 2 746 22
  60 0020 0121     		movs	r1, #1
  61 0022 9140     		lsls	r1, r1, r2
  62 0024 0A00     		movs	r2, r1
  63              		.loc 2 746 20
  64 0026 1A60     		str	r2, [r3]
 747:Drivers/CMSIS/Include/core_cm0plus.h ****     __COMPILER_BARRIER();
  65              		.loc 2 747 5
  66              	.L3:
 748:Drivers/CMSIS/Include/core_cm0plus.h ****   }
 749:Drivers/CMSIS/Include/core_cm0plus.h **** }
  67              		.loc 2 749 1
  68 0028 C046     		nop
  69 002a BD46     		mov	sp, r7
  70 002c 02B0     		add	sp, sp, #8
  71              		@ sp needed
  72 002e 80BD     		pop	{r7, pc}
  73              	.L5:
  74              		.align	2
  75              	.L4:
  76 0030 00E100E0 		.word	-536813312
  77              		.cfi_endproc
  78              	.LFE27:
  80              		.section	.text.__NVIC_DisableIRQ,"ax",%progbits
  81              		.align	1
  82              		.syntax unified
  83              		.code	16
  84              		.thumb_func
  86              	__NVIC_DisableIRQ:
  87              	.LFB29:
 750:Drivers/CMSIS/Include/core_cm0plus.h **** 
 751:Drivers/CMSIS/Include/core_cm0plus.h **** 
 752:Drivers/CMSIS/Include/core_cm0plus.h **** /**
 753:Drivers/CMSIS/Include/core_cm0plus.h ****   \brief   Get Interrupt Enable status
 754:Drivers/CMSIS/Include/core_cm0plus.h ****   \details Returns a device specific interrupt enable status from the NVIC interrupt controller.
 755:Drivers/CMSIS/Include/core_cm0plus.h ****   \param [in]      IRQn  Device specific interrupt number.
 756:Drivers/CMSIS/Include/core_cm0plus.h ****   \return             0  Interrupt is not enabled.
 757:Drivers/CMSIS/Include/core_cm0plus.h ****   \return             1  Interrupt is enabled.
 758:Drivers/CMSIS/Include/core_cm0plus.h ****   \note    IRQn must not be negative.
 759:Drivers/CMSIS/Include/core_cm0plus.h ****  */
 760:Drivers/CMSIS/Include/core_cm0plus.h **** __STATIC_INLINE uint32_t __NVIC_GetEnableIRQ(IRQn_Type IRQn)
 761:Drivers/CMSIS/Include/core_cm0plus.h **** {
 762:Drivers/CMSIS/Include/core_cm0plus.h ****   if ((int32_t)(IRQn) >= 0)
 763:Drivers/CMSIS/Include/core_cm0plus.h ****   {
 764:Drivers/CMSIS/Include/core_cm0plus.h ****     return((uint32_t)(((NVIC->ISER[0U] & (1UL << (((uint32_t)IRQn) & 0x1FUL))) != 0UL) ? 1UL : 0UL)
 765:Drivers/CMSIS/Include/core_cm0plus.h ****   }
 766:Drivers/CMSIS/Include/core_cm0plus.h ****   else
 767:Drivers/CMSIS/Include/core_cm0plus.h ****   {
 768:Drivers/CMSIS/Include/core_cm0plus.h ****     return(0U);
 769:Drivers/CMSIS/Include/core_cm0plus.h ****   }
 770:Drivers/CMSIS/Include/core_cm0plus.h **** }
 771:Drivers/CMSIS/Include/core_cm0plus.h **** 
ARM GAS  C:\Users\a_hae\AppData\Local\Temp\ccQ76ath.s 			page 16


 772:Drivers/CMSIS/Include/core_cm0plus.h **** 
 773:Drivers/CMSIS/Include/core_cm0plus.h **** /**
 774:Drivers/CMSIS/Include/core_cm0plus.h ****   \brief   Disable Interrupt
 775:Drivers/CMSIS/Include/core_cm0plus.h ****   \details Disables a device specific interrupt in the NVIC interrupt controller.
 776:Drivers/CMSIS/Include/core_cm0plus.h ****   \param [in]      IRQn  Device specific interrupt number.
 777:Drivers/CMSIS/Include/core_cm0plus.h ****   \note    IRQn must not be negative.
 778:Drivers/CMSIS/Include/core_cm0plus.h ****  */
 779:Drivers/CMSIS/Include/core_cm0plus.h **** __STATIC_INLINE void __NVIC_DisableIRQ(IRQn_Type IRQn)
 780:Drivers/CMSIS/Include/core_cm0plus.h **** {
  88              		.loc 2 780 1
  89              		.cfi_startproc
  90              		@ args = 0, pretend = 0, frame = 8
  91              		@ frame_needed = 1, uses_anonymous_args = 0
  92 0000 80B5     		push	{r7, lr}
  93              	.LCFI3:
  94              		.cfi_def_cfa_offset 8
  95              		.cfi_offset 7, -8
  96              		.cfi_offset 14, -4
  97 0002 82B0     		sub	sp, sp, #8
  98              	.LCFI4:
  99              		.cfi_def_cfa_offset 16
 100 0004 00AF     		add	r7, sp, #0
 101              	.LCFI5:
 102              		.cfi_def_cfa_register 7
 103 0006 0200     		movs	r2, r0
 104 0008 FB1D     		adds	r3, r7, #7
 105 000a 1A70     		strb	r2, [r3]
 781:Drivers/CMSIS/Include/core_cm0plus.h ****   if ((int32_t)(IRQn) >= 0)
 106              		.loc 2 781 6
 107 000c FB1D     		adds	r3, r7, #7
 108 000e 1B78     		ldrb	r3, [r3]
 109 0010 7F2B     		cmp	r3, #127
 110 0012 10D8     		bhi	.L8
 782:Drivers/CMSIS/Include/core_cm0plus.h ****   {
 783:Drivers/CMSIS/Include/core_cm0plus.h ****     NVIC->ICER[0U] = (uint32_t)(1UL << (((uint32_t)IRQn) & 0x1FUL));
 111              		.loc 2 783 58
 112 0014 FB1D     		adds	r3, r7, #7
 113 0016 1B78     		ldrb	r3, [r3]
 114 0018 1A00     		movs	r2, r3
 115 001a 1F23     		movs	r3, #31
 116 001c 1340     		ands	r3, r2
 117              		.loc 2 783 9
 118 001e 0849     		ldr	r1, .L9
 119              		.loc 2 783 22
 120 0020 0122     		movs	r2, #1
 121 0022 9A40     		lsls	r2, r2, r3
 122 0024 1300     		movs	r3, r2
 123              		.loc 2 783 20
 124 0026 8022     		movs	r2, #128
 125 0028 8B50     		str	r3, [r1, r2]
 126              	.LBB16:
 127              	.LBB17:
 128              		.file 3 "Drivers/CMSIS/Include/cmsis_gcc.h"
   1:Drivers/CMSIS/Include/cmsis_gcc.h **** /**************************************************************************//**
   2:Drivers/CMSIS/Include/cmsis_gcc.h ****  * @file     cmsis_gcc.h
   3:Drivers/CMSIS/Include/cmsis_gcc.h ****  * @brief    CMSIS compiler GCC header file
   4:Drivers/CMSIS/Include/cmsis_gcc.h ****  * @version  V5.2.0
ARM GAS  C:\Users\a_hae\AppData\Local\Temp\ccQ76ath.s 			page 17


   5:Drivers/CMSIS/Include/cmsis_gcc.h ****  * @date     08. May 2019
   6:Drivers/CMSIS/Include/cmsis_gcc.h ****  ******************************************************************************/
   7:Drivers/CMSIS/Include/cmsis_gcc.h **** /*
   8:Drivers/CMSIS/Include/cmsis_gcc.h ****  * Copyright (c) 2009-2019 Arm Limited. All rights reserved.
   9:Drivers/CMSIS/Include/cmsis_gcc.h ****  *
  10:Drivers/CMSIS/Include/cmsis_gcc.h ****  * SPDX-License-Identifier: Apache-2.0
  11:Drivers/CMSIS/Include/cmsis_gcc.h ****  *
  12:Drivers/CMSIS/Include/cmsis_gcc.h ****  * Licensed under the Apache License, Version 2.0 (the License); you may
  13:Drivers/CMSIS/Include/cmsis_gcc.h ****  * not use this file except in compliance with the License.
  14:Drivers/CMSIS/Include/cmsis_gcc.h ****  * You may obtain a copy of the License at
  15:Drivers/CMSIS/Include/cmsis_gcc.h ****  *
  16:Drivers/CMSIS/Include/cmsis_gcc.h ****  * www.apache.org/licenses/LICENSE-2.0
  17:Drivers/CMSIS/Include/cmsis_gcc.h ****  *
  18:Drivers/CMSIS/Include/cmsis_gcc.h ****  * Unless required by applicable law or agreed to in writing, software
  19:Drivers/CMSIS/Include/cmsis_gcc.h ****  * distributed under the License is distributed on an AS IS BASIS, WITHOUT
  20:Drivers/CMSIS/Include/cmsis_gcc.h ****  * WARRANTIES OR CONDITIONS OF ANY KIND, either express or implied.
  21:Drivers/CMSIS/Include/cmsis_gcc.h ****  * See the License for the specific language governing permissions and
  22:Drivers/CMSIS/Include/cmsis_gcc.h ****  * limitations under the License.
  23:Drivers/CMSIS/Include/cmsis_gcc.h ****  */
  24:Drivers/CMSIS/Include/cmsis_gcc.h **** 
  25:Drivers/CMSIS/Include/cmsis_gcc.h **** #ifndef __CMSIS_GCC_H
  26:Drivers/CMSIS/Include/cmsis_gcc.h **** #define __CMSIS_GCC_H
  27:Drivers/CMSIS/Include/cmsis_gcc.h **** 
  28:Drivers/CMSIS/Include/cmsis_gcc.h **** /* ignore some GCC warnings */
  29:Drivers/CMSIS/Include/cmsis_gcc.h **** #pragma GCC diagnostic push
  30:Drivers/CMSIS/Include/cmsis_gcc.h **** #pragma GCC diagnostic ignored "-Wsign-conversion"
  31:Drivers/CMSIS/Include/cmsis_gcc.h **** #pragma GCC diagnostic ignored "-Wconversion"
  32:Drivers/CMSIS/Include/cmsis_gcc.h **** #pragma GCC diagnostic ignored "-Wunused-parameter"
  33:Drivers/CMSIS/Include/cmsis_gcc.h **** 
  34:Drivers/CMSIS/Include/cmsis_gcc.h **** /* Fallback for __has_builtin */
  35:Drivers/CMSIS/Include/cmsis_gcc.h **** #ifndef __has_builtin
  36:Drivers/CMSIS/Include/cmsis_gcc.h ****   #define __has_builtin(x) (0)
  37:Drivers/CMSIS/Include/cmsis_gcc.h **** #endif
  38:Drivers/CMSIS/Include/cmsis_gcc.h **** 
  39:Drivers/CMSIS/Include/cmsis_gcc.h **** /* CMSIS compiler specific defines */
  40:Drivers/CMSIS/Include/cmsis_gcc.h **** #ifndef   __ASM
  41:Drivers/CMSIS/Include/cmsis_gcc.h ****   #define __ASM                                  __asm
  42:Drivers/CMSIS/Include/cmsis_gcc.h **** #endif
  43:Drivers/CMSIS/Include/cmsis_gcc.h **** #ifndef   __INLINE
  44:Drivers/CMSIS/Include/cmsis_gcc.h ****   #define __INLINE                               inline
  45:Drivers/CMSIS/Include/cmsis_gcc.h **** #endif
  46:Drivers/CMSIS/Include/cmsis_gcc.h **** #ifndef   __STATIC_INLINE
  47:Drivers/CMSIS/Include/cmsis_gcc.h ****   #define __STATIC_INLINE                        static inline
  48:Drivers/CMSIS/Include/cmsis_gcc.h **** #endif
  49:Drivers/CMSIS/Include/cmsis_gcc.h **** #ifndef   __STATIC_FORCEINLINE                 
  50:Drivers/CMSIS/Include/cmsis_gcc.h ****   #define __STATIC_FORCEINLINE                   __attribute__((always_inline)) static inline
  51:Drivers/CMSIS/Include/cmsis_gcc.h **** #endif                                           
  52:Drivers/CMSIS/Include/cmsis_gcc.h **** #ifndef   __NO_RETURN
  53:Drivers/CMSIS/Include/cmsis_gcc.h ****   #define __NO_RETURN                            __attribute__((__noreturn__))
  54:Drivers/CMSIS/Include/cmsis_gcc.h **** #endif
  55:Drivers/CMSIS/Include/cmsis_gcc.h **** #ifndef   __USED
  56:Drivers/CMSIS/Include/cmsis_gcc.h ****   #define __USED                                 __attribute__((used))
  57:Drivers/CMSIS/Include/cmsis_gcc.h **** #endif
  58:Drivers/CMSIS/Include/cmsis_gcc.h **** #ifndef   __WEAK
  59:Drivers/CMSIS/Include/cmsis_gcc.h ****   #define __WEAK                                 __attribute__((weak))
  60:Drivers/CMSIS/Include/cmsis_gcc.h **** #endif
  61:Drivers/CMSIS/Include/cmsis_gcc.h **** #ifndef   __PACKED
ARM GAS  C:\Users\a_hae\AppData\Local\Temp\ccQ76ath.s 			page 18


  62:Drivers/CMSIS/Include/cmsis_gcc.h ****   #define __PACKED                               __attribute__((packed, aligned(1)))
  63:Drivers/CMSIS/Include/cmsis_gcc.h **** #endif
  64:Drivers/CMSIS/Include/cmsis_gcc.h **** #ifndef   __PACKED_STRUCT
  65:Drivers/CMSIS/Include/cmsis_gcc.h ****   #define __PACKED_STRUCT                        struct __attribute__((packed, aligned(1)))
  66:Drivers/CMSIS/Include/cmsis_gcc.h **** #endif
  67:Drivers/CMSIS/Include/cmsis_gcc.h **** #ifndef   __PACKED_UNION
  68:Drivers/CMSIS/Include/cmsis_gcc.h ****   #define __PACKED_UNION                         union __attribute__((packed, aligned(1)))
  69:Drivers/CMSIS/Include/cmsis_gcc.h **** #endif
  70:Drivers/CMSIS/Include/cmsis_gcc.h **** #ifndef   __UNALIGNED_UINT32        /* deprecated */
  71:Drivers/CMSIS/Include/cmsis_gcc.h ****   #pragma GCC diagnostic push
  72:Drivers/CMSIS/Include/cmsis_gcc.h ****   #pragma GCC diagnostic ignored "-Wpacked"
  73:Drivers/CMSIS/Include/cmsis_gcc.h ****   #pragma GCC diagnostic ignored "-Wattributes"
  74:Drivers/CMSIS/Include/cmsis_gcc.h ****   struct __attribute__((packed)) T_UINT32 { uint32_t v; };
  75:Drivers/CMSIS/Include/cmsis_gcc.h ****   #pragma GCC diagnostic pop
  76:Drivers/CMSIS/Include/cmsis_gcc.h ****   #define __UNALIGNED_UINT32(x)                  (((struct T_UINT32 *)(x))->v)
  77:Drivers/CMSIS/Include/cmsis_gcc.h **** #endif
  78:Drivers/CMSIS/Include/cmsis_gcc.h **** #ifndef   __UNALIGNED_UINT16_WRITE
  79:Drivers/CMSIS/Include/cmsis_gcc.h ****   #pragma GCC diagnostic push
  80:Drivers/CMSIS/Include/cmsis_gcc.h ****   #pragma GCC diagnostic ignored "-Wpacked"
  81:Drivers/CMSIS/Include/cmsis_gcc.h ****   #pragma GCC diagnostic ignored "-Wattributes"
  82:Drivers/CMSIS/Include/cmsis_gcc.h ****   __PACKED_STRUCT T_UINT16_WRITE { uint16_t v; };
  83:Drivers/CMSIS/Include/cmsis_gcc.h ****   #pragma GCC diagnostic pop
  84:Drivers/CMSIS/Include/cmsis_gcc.h ****   #define __UNALIGNED_UINT16_WRITE(addr, val)    (void)((((struct T_UINT16_WRITE *)(void *)(addr))-
  85:Drivers/CMSIS/Include/cmsis_gcc.h **** #endif
  86:Drivers/CMSIS/Include/cmsis_gcc.h **** #ifndef   __UNALIGNED_UINT16_READ
  87:Drivers/CMSIS/Include/cmsis_gcc.h ****   #pragma GCC diagnostic push
  88:Drivers/CMSIS/Include/cmsis_gcc.h ****   #pragma GCC diagnostic ignored "-Wpacked"
  89:Drivers/CMSIS/Include/cmsis_gcc.h ****   #pragma GCC diagnostic ignored "-Wattributes"
  90:Drivers/CMSIS/Include/cmsis_gcc.h ****   __PACKED_STRUCT T_UINT16_READ { uint16_t v; };
  91:Drivers/CMSIS/Include/cmsis_gcc.h ****   #pragma GCC diagnostic pop
  92:Drivers/CMSIS/Include/cmsis_gcc.h ****   #define __UNALIGNED_UINT16_READ(addr)          (((const struct T_UINT16_READ *)(const void *)(add
  93:Drivers/CMSIS/Include/cmsis_gcc.h **** #endif
  94:Drivers/CMSIS/Include/cmsis_gcc.h **** #ifndef   __UNALIGNED_UINT32_WRITE
  95:Drivers/CMSIS/Include/cmsis_gcc.h ****   #pragma GCC diagnostic push
  96:Drivers/CMSIS/Include/cmsis_gcc.h ****   #pragma GCC diagnostic ignored "-Wpacked"
  97:Drivers/CMSIS/Include/cmsis_gcc.h ****   #pragma GCC diagnostic ignored "-Wattributes"
  98:Drivers/CMSIS/Include/cmsis_gcc.h ****   __PACKED_STRUCT T_UINT32_WRITE { uint32_t v; };
  99:Drivers/CMSIS/Include/cmsis_gcc.h ****   #pragma GCC diagnostic pop
 100:Drivers/CMSIS/Include/cmsis_gcc.h ****   #define __UNALIGNED_UINT32_WRITE(addr, val)    (void)((((struct T_UINT32_WRITE *)(void *)(addr))-
 101:Drivers/CMSIS/Include/cmsis_gcc.h **** #endif
 102:Drivers/CMSIS/Include/cmsis_gcc.h **** #ifndef   __UNALIGNED_UINT32_READ
 103:Drivers/CMSIS/Include/cmsis_gcc.h ****   #pragma GCC diagnostic push
 104:Drivers/CMSIS/Include/cmsis_gcc.h ****   #pragma GCC diagnostic ignored "-Wpacked"
 105:Drivers/CMSIS/Include/cmsis_gcc.h ****   #pragma GCC diagnostic ignored "-Wattributes"
 106:Drivers/CMSIS/Include/cmsis_gcc.h ****   __PACKED_STRUCT T_UINT32_READ { uint32_t v; };
 107:Drivers/CMSIS/Include/cmsis_gcc.h ****   #pragma GCC diagnostic pop
 108:Drivers/CMSIS/Include/cmsis_gcc.h ****   #define __UNALIGNED_UINT32_READ(addr)          (((const struct T_UINT32_READ *)(const void *)(add
 109:Drivers/CMSIS/Include/cmsis_gcc.h **** #endif
 110:Drivers/CMSIS/Include/cmsis_gcc.h **** #ifndef   __ALIGNED
 111:Drivers/CMSIS/Include/cmsis_gcc.h ****   #define __ALIGNED(x)                           __attribute__((aligned(x)))
 112:Drivers/CMSIS/Include/cmsis_gcc.h **** #endif
 113:Drivers/CMSIS/Include/cmsis_gcc.h **** #ifndef   __RESTRICT
 114:Drivers/CMSIS/Include/cmsis_gcc.h ****   #define __RESTRICT                             __restrict
 115:Drivers/CMSIS/Include/cmsis_gcc.h **** #endif
 116:Drivers/CMSIS/Include/cmsis_gcc.h **** #ifndef   __COMPILER_BARRIER
 117:Drivers/CMSIS/Include/cmsis_gcc.h ****   #define __COMPILER_BARRIER()                   __ASM volatile("":::"memory")
 118:Drivers/CMSIS/Include/cmsis_gcc.h **** #endif
ARM GAS  C:\Users\a_hae\AppData\Local\Temp\ccQ76ath.s 			page 19


 119:Drivers/CMSIS/Include/cmsis_gcc.h **** 
 120:Drivers/CMSIS/Include/cmsis_gcc.h **** /* #########################  Startup and Lowlevel Init  ######################## */
 121:Drivers/CMSIS/Include/cmsis_gcc.h **** 
 122:Drivers/CMSIS/Include/cmsis_gcc.h **** #ifndef __PROGRAM_START
 123:Drivers/CMSIS/Include/cmsis_gcc.h **** 
 124:Drivers/CMSIS/Include/cmsis_gcc.h **** /**
 125:Drivers/CMSIS/Include/cmsis_gcc.h ****   \brief   Initializes data and bss sections
 126:Drivers/CMSIS/Include/cmsis_gcc.h ****   \details This default implementations initialized all data and additional bss
 127:Drivers/CMSIS/Include/cmsis_gcc.h ****            sections relying on .copy.table and .zero.table specified properly
 128:Drivers/CMSIS/Include/cmsis_gcc.h ****            in the used linker script.
 129:Drivers/CMSIS/Include/cmsis_gcc.h ****   
 130:Drivers/CMSIS/Include/cmsis_gcc.h ****  */
 131:Drivers/CMSIS/Include/cmsis_gcc.h **** __STATIC_FORCEINLINE __NO_RETURN void __cmsis_start(void)
 132:Drivers/CMSIS/Include/cmsis_gcc.h **** {
 133:Drivers/CMSIS/Include/cmsis_gcc.h ****   extern void _start(void) __NO_RETURN;
 134:Drivers/CMSIS/Include/cmsis_gcc.h ****   
 135:Drivers/CMSIS/Include/cmsis_gcc.h ****   typedef struct {
 136:Drivers/CMSIS/Include/cmsis_gcc.h ****     uint32_t const* src;
 137:Drivers/CMSIS/Include/cmsis_gcc.h ****     uint32_t* dest;
 138:Drivers/CMSIS/Include/cmsis_gcc.h ****     uint32_t  wlen;
 139:Drivers/CMSIS/Include/cmsis_gcc.h ****   } __copy_table_t;
 140:Drivers/CMSIS/Include/cmsis_gcc.h ****   
 141:Drivers/CMSIS/Include/cmsis_gcc.h ****   typedef struct {
 142:Drivers/CMSIS/Include/cmsis_gcc.h ****     uint32_t* dest;
 143:Drivers/CMSIS/Include/cmsis_gcc.h ****     uint32_t  wlen;
 144:Drivers/CMSIS/Include/cmsis_gcc.h ****   } __zero_table_t;
 145:Drivers/CMSIS/Include/cmsis_gcc.h ****   
 146:Drivers/CMSIS/Include/cmsis_gcc.h ****   extern const __copy_table_t __copy_table_start__;
 147:Drivers/CMSIS/Include/cmsis_gcc.h ****   extern const __copy_table_t __copy_table_end__;
 148:Drivers/CMSIS/Include/cmsis_gcc.h ****   extern const __zero_table_t __zero_table_start__;
 149:Drivers/CMSIS/Include/cmsis_gcc.h ****   extern const __zero_table_t __zero_table_end__;
 150:Drivers/CMSIS/Include/cmsis_gcc.h **** 
 151:Drivers/CMSIS/Include/cmsis_gcc.h ****   for (__copy_table_t const* pTable = &__copy_table_start__; pTable < &__copy_table_end__; ++pTable
 152:Drivers/CMSIS/Include/cmsis_gcc.h ****     for(uint32_t i=0u; i<pTable->wlen; ++i) {
 153:Drivers/CMSIS/Include/cmsis_gcc.h ****       pTable->dest[i] = pTable->src[i];
 154:Drivers/CMSIS/Include/cmsis_gcc.h ****     }
 155:Drivers/CMSIS/Include/cmsis_gcc.h ****   }
 156:Drivers/CMSIS/Include/cmsis_gcc.h ****  
 157:Drivers/CMSIS/Include/cmsis_gcc.h ****   for (__zero_table_t const* pTable = &__zero_table_start__; pTable < &__zero_table_end__; ++pTable
 158:Drivers/CMSIS/Include/cmsis_gcc.h ****     for(uint32_t i=0u; i<pTable->wlen; ++i) {
 159:Drivers/CMSIS/Include/cmsis_gcc.h ****       pTable->dest[i] = 0u;
 160:Drivers/CMSIS/Include/cmsis_gcc.h ****     }
 161:Drivers/CMSIS/Include/cmsis_gcc.h ****   }
 162:Drivers/CMSIS/Include/cmsis_gcc.h ****  
 163:Drivers/CMSIS/Include/cmsis_gcc.h ****   _start();
 164:Drivers/CMSIS/Include/cmsis_gcc.h **** }
 165:Drivers/CMSIS/Include/cmsis_gcc.h ****   
 166:Drivers/CMSIS/Include/cmsis_gcc.h **** #define __PROGRAM_START           __cmsis_start
 167:Drivers/CMSIS/Include/cmsis_gcc.h **** #endif
 168:Drivers/CMSIS/Include/cmsis_gcc.h **** 
 169:Drivers/CMSIS/Include/cmsis_gcc.h **** #ifndef __INITIAL_SP
 170:Drivers/CMSIS/Include/cmsis_gcc.h **** #define __INITIAL_SP              __StackTop
 171:Drivers/CMSIS/Include/cmsis_gcc.h **** #endif
 172:Drivers/CMSIS/Include/cmsis_gcc.h **** 
 173:Drivers/CMSIS/Include/cmsis_gcc.h **** #ifndef __STACK_LIMIT
 174:Drivers/CMSIS/Include/cmsis_gcc.h **** #define __STACK_LIMIT             __StackLimit
 175:Drivers/CMSIS/Include/cmsis_gcc.h **** #endif
ARM GAS  C:\Users\a_hae\AppData\Local\Temp\ccQ76ath.s 			page 20


 176:Drivers/CMSIS/Include/cmsis_gcc.h **** 
 177:Drivers/CMSIS/Include/cmsis_gcc.h **** #ifndef __VECTOR_TABLE
 178:Drivers/CMSIS/Include/cmsis_gcc.h **** #define __VECTOR_TABLE            __Vectors
 179:Drivers/CMSIS/Include/cmsis_gcc.h **** #endif
 180:Drivers/CMSIS/Include/cmsis_gcc.h **** 
 181:Drivers/CMSIS/Include/cmsis_gcc.h **** #ifndef __VECTOR_TABLE_ATTRIBUTE
 182:Drivers/CMSIS/Include/cmsis_gcc.h **** #define __VECTOR_TABLE_ATTRIBUTE  __attribute((used, section(".vectors")))
 183:Drivers/CMSIS/Include/cmsis_gcc.h **** #endif
 184:Drivers/CMSIS/Include/cmsis_gcc.h **** 
 185:Drivers/CMSIS/Include/cmsis_gcc.h **** /* ###########################  Core Function Access  ########################### */
 186:Drivers/CMSIS/Include/cmsis_gcc.h **** /** \ingroup  CMSIS_Core_FunctionInterface
 187:Drivers/CMSIS/Include/cmsis_gcc.h ****     \defgroup CMSIS_Core_RegAccFunctions CMSIS Core Register Access Functions
 188:Drivers/CMSIS/Include/cmsis_gcc.h ****   @{
 189:Drivers/CMSIS/Include/cmsis_gcc.h ****  */
 190:Drivers/CMSIS/Include/cmsis_gcc.h **** 
 191:Drivers/CMSIS/Include/cmsis_gcc.h **** /**
 192:Drivers/CMSIS/Include/cmsis_gcc.h ****   \brief   Enable IRQ Interrupts
 193:Drivers/CMSIS/Include/cmsis_gcc.h ****   \details Enables IRQ interrupts by clearing the I-bit in the CPSR.
 194:Drivers/CMSIS/Include/cmsis_gcc.h ****            Can only be executed in Privileged modes.
 195:Drivers/CMSIS/Include/cmsis_gcc.h ****  */
 196:Drivers/CMSIS/Include/cmsis_gcc.h **** __STATIC_FORCEINLINE void __enable_irq(void)
 197:Drivers/CMSIS/Include/cmsis_gcc.h **** {
 198:Drivers/CMSIS/Include/cmsis_gcc.h ****   __ASM volatile ("cpsie i" : : : "memory");
 199:Drivers/CMSIS/Include/cmsis_gcc.h **** }
 200:Drivers/CMSIS/Include/cmsis_gcc.h **** 
 201:Drivers/CMSIS/Include/cmsis_gcc.h **** 
 202:Drivers/CMSIS/Include/cmsis_gcc.h **** /**
 203:Drivers/CMSIS/Include/cmsis_gcc.h ****   \brief   Disable IRQ Interrupts
 204:Drivers/CMSIS/Include/cmsis_gcc.h ****   \details Disables IRQ interrupts by setting the I-bit in the CPSR.
 205:Drivers/CMSIS/Include/cmsis_gcc.h ****            Can only be executed in Privileged modes.
 206:Drivers/CMSIS/Include/cmsis_gcc.h ****  */
 207:Drivers/CMSIS/Include/cmsis_gcc.h **** __STATIC_FORCEINLINE void __disable_irq(void)
 208:Drivers/CMSIS/Include/cmsis_gcc.h **** {
 209:Drivers/CMSIS/Include/cmsis_gcc.h ****   __ASM volatile ("cpsid i" : : : "memory");
 210:Drivers/CMSIS/Include/cmsis_gcc.h **** }
 211:Drivers/CMSIS/Include/cmsis_gcc.h **** 
 212:Drivers/CMSIS/Include/cmsis_gcc.h **** 
 213:Drivers/CMSIS/Include/cmsis_gcc.h **** /**
 214:Drivers/CMSIS/Include/cmsis_gcc.h ****   \brief   Get Control Register
 215:Drivers/CMSIS/Include/cmsis_gcc.h ****   \details Returns the content of the Control Register.
 216:Drivers/CMSIS/Include/cmsis_gcc.h ****   \return               Control Register value
 217:Drivers/CMSIS/Include/cmsis_gcc.h ****  */
 218:Drivers/CMSIS/Include/cmsis_gcc.h **** __STATIC_FORCEINLINE uint32_t __get_CONTROL(void)
 219:Drivers/CMSIS/Include/cmsis_gcc.h **** {
 220:Drivers/CMSIS/Include/cmsis_gcc.h ****   uint32_t result;
 221:Drivers/CMSIS/Include/cmsis_gcc.h **** 
 222:Drivers/CMSIS/Include/cmsis_gcc.h ****   __ASM volatile ("MRS %0, control" : "=r" (result) );
 223:Drivers/CMSIS/Include/cmsis_gcc.h ****   return(result);
 224:Drivers/CMSIS/Include/cmsis_gcc.h **** }
 225:Drivers/CMSIS/Include/cmsis_gcc.h **** 
 226:Drivers/CMSIS/Include/cmsis_gcc.h **** 
 227:Drivers/CMSIS/Include/cmsis_gcc.h **** #if (defined (__ARM_FEATURE_CMSE ) && (__ARM_FEATURE_CMSE == 3))
 228:Drivers/CMSIS/Include/cmsis_gcc.h **** /**
 229:Drivers/CMSIS/Include/cmsis_gcc.h ****   \brief   Get Control Register (non-secure)
 230:Drivers/CMSIS/Include/cmsis_gcc.h ****   \details Returns the content of the non-secure Control Register when in secure mode.
 231:Drivers/CMSIS/Include/cmsis_gcc.h ****   \return               non-secure Control Register value
 232:Drivers/CMSIS/Include/cmsis_gcc.h ****  */
ARM GAS  C:\Users\a_hae\AppData\Local\Temp\ccQ76ath.s 			page 21


 233:Drivers/CMSIS/Include/cmsis_gcc.h **** __STATIC_FORCEINLINE uint32_t __TZ_get_CONTROL_NS(void)
 234:Drivers/CMSIS/Include/cmsis_gcc.h **** {
 235:Drivers/CMSIS/Include/cmsis_gcc.h ****   uint32_t result;
 236:Drivers/CMSIS/Include/cmsis_gcc.h **** 
 237:Drivers/CMSIS/Include/cmsis_gcc.h ****   __ASM volatile ("MRS %0, control_ns" : "=r" (result) );
 238:Drivers/CMSIS/Include/cmsis_gcc.h ****   return(result);
 239:Drivers/CMSIS/Include/cmsis_gcc.h **** }
 240:Drivers/CMSIS/Include/cmsis_gcc.h **** #endif
 241:Drivers/CMSIS/Include/cmsis_gcc.h **** 
 242:Drivers/CMSIS/Include/cmsis_gcc.h **** 
 243:Drivers/CMSIS/Include/cmsis_gcc.h **** /**
 244:Drivers/CMSIS/Include/cmsis_gcc.h ****   \brief   Set Control Register
 245:Drivers/CMSIS/Include/cmsis_gcc.h ****   \details Writes the given value to the Control Register.
 246:Drivers/CMSIS/Include/cmsis_gcc.h ****   \param [in]    control  Control Register value to set
 247:Drivers/CMSIS/Include/cmsis_gcc.h ****  */
 248:Drivers/CMSIS/Include/cmsis_gcc.h **** __STATIC_FORCEINLINE void __set_CONTROL(uint32_t control)
 249:Drivers/CMSIS/Include/cmsis_gcc.h **** {
 250:Drivers/CMSIS/Include/cmsis_gcc.h ****   __ASM volatile ("MSR control, %0" : : "r" (control) : "memory");
 251:Drivers/CMSIS/Include/cmsis_gcc.h **** }
 252:Drivers/CMSIS/Include/cmsis_gcc.h **** 
 253:Drivers/CMSIS/Include/cmsis_gcc.h **** 
 254:Drivers/CMSIS/Include/cmsis_gcc.h **** #if (defined (__ARM_FEATURE_CMSE ) && (__ARM_FEATURE_CMSE == 3))
 255:Drivers/CMSIS/Include/cmsis_gcc.h **** /**
 256:Drivers/CMSIS/Include/cmsis_gcc.h ****   \brief   Set Control Register (non-secure)
 257:Drivers/CMSIS/Include/cmsis_gcc.h ****   \details Writes the given value to the non-secure Control Register when in secure state.
 258:Drivers/CMSIS/Include/cmsis_gcc.h ****   \param [in]    control  Control Register value to set
 259:Drivers/CMSIS/Include/cmsis_gcc.h ****  */
 260:Drivers/CMSIS/Include/cmsis_gcc.h **** __STATIC_FORCEINLINE void __TZ_set_CONTROL_NS(uint32_t control)
 261:Drivers/CMSIS/Include/cmsis_gcc.h **** {
 262:Drivers/CMSIS/Include/cmsis_gcc.h ****   __ASM volatile ("MSR control_ns, %0" : : "r" (control) : "memory");
 263:Drivers/CMSIS/Include/cmsis_gcc.h **** }
 264:Drivers/CMSIS/Include/cmsis_gcc.h **** #endif
 265:Drivers/CMSIS/Include/cmsis_gcc.h **** 
 266:Drivers/CMSIS/Include/cmsis_gcc.h **** 
 267:Drivers/CMSIS/Include/cmsis_gcc.h **** /**
 268:Drivers/CMSIS/Include/cmsis_gcc.h ****   \brief   Get IPSR Register
 269:Drivers/CMSIS/Include/cmsis_gcc.h ****   \details Returns the content of the IPSR Register.
 270:Drivers/CMSIS/Include/cmsis_gcc.h ****   \return               IPSR Register value
 271:Drivers/CMSIS/Include/cmsis_gcc.h ****  */
 272:Drivers/CMSIS/Include/cmsis_gcc.h **** __STATIC_FORCEINLINE uint32_t __get_IPSR(void)
 273:Drivers/CMSIS/Include/cmsis_gcc.h **** {
 274:Drivers/CMSIS/Include/cmsis_gcc.h ****   uint32_t result;
 275:Drivers/CMSIS/Include/cmsis_gcc.h **** 
 276:Drivers/CMSIS/Include/cmsis_gcc.h ****   __ASM volatile ("MRS %0, ipsr" : "=r" (result) );
 277:Drivers/CMSIS/Include/cmsis_gcc.h ****   return(result);
 278:Drivers/CMSIS/Include/cmsis_gcc.h **** }
 279:Drivers/CMSIS/Include/cmsis_gcc.h **** 
 280:Drivers/CMSIS/Include/cmsis_gcc.h **** 
 281:Drivers/CMSIS/Include/cmsis_gcc.h **** /**
 282:Drivers/CMSIS/Include/cmsis_gcc.h ****   \brief   Get APSR Register
 283:Drivers/CMSIS/Include/cmsis_gcc.h ****   \details Returns the content of the APSR Register.
 284:Drivers/CMSIS/Include/cmsis_gcc.h ****   \return               APSR Register value
 285:Drivers/CMSIS/Include/cmsis_gcc.h ****  */
 286:Drivers/CMSIS/Include/cmsis_gcc.h **** __STATIC_FORCEINLINE uint32_t __get_APSR(void)
 287:Drivers/CMSIS/Include/cmsis_gcc.h **** {
 288:Drivers/CMSIS/Include/cmsis_gcc.h ****   uint32_t result;
 289:Drivers/CMSIS/Include/cmsis_gcc.h **** 
ARM GAS  C:\Users\a_hae\AppData\Local\Temp\ccQ76ath.s 			page 22


 290:Drivers/CMSIS/Include/cmsis_gcc.h ****   __ASM volatile ("MRS %0, apsr" : "=r" (result) );
 291:Drivers/CMSIS/Include/cmsis_gcc.h ****   return(result);
 292:Drivers/CMSIS/Include/cmsis_gcc.h **** }
 293:Drivers/CMSIS/Include/cmsis_gcc.h **** 
 294:Drivers/CMSIS/Include/cmsis_gcc.h **** 
 295:Drivers/CMSIS/Include/cmsis_gcc.h **** /**
 296:Drivers/CMSIS/Include/cmsis_gcc.h ****   \brief   Get xPSR Register
 297:Drivers/CMSIS/Include/cmsis_gcc.h ****   \details Returns the content of the xPSR Register.
 298:Drivers/CMSIS/Include/cmsis_gcc.h ****   \return               xPSR Register value
 299:Drivers/CMSIS/Include/cmsis_gcc.h ****  */
 300:Drivers/CMSIS/Include/cmsis_gcc.h **** __STATIC_FORCEINLINE uint32_t __get_xPSR(void)
 301:Drivers/CMSIS/Include/cmsis_gcc.h **** {
 302:Drivers/CMSIS/Include/cmsis_gcc.h ****   uint32_t result;
 303:Drivers/CMSIS/Include/cmsis_gcc.h **** 
 304:Drivers/CMSIS/Include/cmsis_gcc.h ****   __ASM volatile ("MRS %0, xpsr" : "=r" (result) );
 305:Drivers/CMSIS/Include/cmsis_gcc.h ****   return(result);
 306:Drivers/CMSIS/Include/cmsis_gcc.h **** }
 307:Drivers/CMSIS/Include/cmsis_gcc.h **** 
 308:Drivers/CMSIS/Include/cmsis_gcc.h **** 
 309:Drivers/CMSIS/Include/cmsis_gcc.h **** /**
 310:Drivers/CMSIS/Include/cmsis_gcc.h ****   \brief   Get Process Stack Pointer
 311:Drivers/CMSIS/Include/cmsis_gcc.h ****   \details Returns the current value of the Process Stack Pointer (PSP).
 312:Drivers/CMSIS/Include/cmsis_gcc.h ****   \return               PSP Register value
 313:Drivers/CMSIS/Include/cmsis_gcc.h ****  */
 314:Drivers/CMSIS/Include/cmsis_gcc.h **** __STATIC_FORCEINLINE uint32_t __get_PSP(void)
 315:Drivers/CMSIS/Include/cmsis_gcc.h **** {
 316:Drivers/CMSIS/Include/cmsis_gcc.h ****   uint32_t result;
 317:Drivers/CMSIS/Include/cmsis_gcc.h **** 
 318:Drivers/CMSIS/Include/cmsis_gcc.h ****   __ASM volatile ("MRS %0, psp"  : "=r" (result) );
 319:Drivers/CMSIS/Include/cmsis_gcc.h ****   return(result);
 320:Drivers/CMSIS/Include/cmsis_gcc.h **** }
 321:Drivers/CMSIS/Include/cmsis_gcc.h **** 
 322:Drivers/CMSIS/Include/cmsis_gcc.h **** 
 323:Drivers/CMSIS/Include/cmsis_gcc.h **** #if (defined (__ARM_FEATURE_CMSE ) && (__ARM_FEATURE_CMSE == 3))
 324:Drivers/CMSIS/Include/cmsis_gcc.h **** /**
 325:Drivers/CMSIS/Include/cmsis_gcc.h ****   \brief   Get Process Stack Pointer (non-secure)
 326:Drivers/CMSIS/Include/cmsis_gcc.h ****   \details Returns the current value of the non-secure Process Stack Pointer (PSP) when in secure s
 327:Drivers/CMSIS/Include/cmsis_gcc.h ****   \return               PSP Register value
 328:Drivers/CMSIS/Include/cmsis_gcc.h ****  */
 329:Drivers/CMSIS/Include/cmsis_gcc.h **** __STATIC_FORCEINLINE uint32_t __TZ_get_PSP_NS(void)
 330:Drivers/CMSIS/Include/cmsis_gcc.h **** {
 331:Drivers/CMSIS/Include/cmsis_gcc.h ****   uint32_t result;
 332:Drivers/CMSIS/Include/cmsis_gcc.h **** 
 333:Drivers/CMSIS/Include/cmsis_gcc.h ****   __ASM volatile ("MRS %0, psp_ns"  : "=r" (result) );
 334:Drivers/CMSIS/Include/cmsis_gcc.h ****   return(result);
 335:Drivers/CMSIS/Include/cmsis_gcc.h **** }
 336:Drivers/CMSIS/Include/cmsis_gcc.h **** #endif
 337:Drivers/CMSIS/Include/cmsis_gcc.h **** 
 338:Drivers/CMSIS/Include/cmsis_gcc.h **** 
 339:Drivers/CMSIS/Include/cmsis_gcc.h **** /**
 340:Drivers/CMSIS/Include/cmsis_gcc.h ****   \brief   Set Process Stack Pointer
 341:Drivers/CMSIS/Include/cmsis_gcc.h ****   \details Assigns the given value to the Process Stack Pointer (PSP).
 342:Drivers/CMSIS/Include/cmsis_gcc.h ****   \param [in]    topOfProcStack  Process Stack Pointer value to set
 343:Drivers/CMSIS/Include/cmsis_gcc.h ****  */
 344:Drivers/CMSIS/Include/cmsis_gcc.h **** __STATIC_FORCEINLINE void __set_PSP(uint32_t topOfProcStack)
 345:Drivers/CMSIS/Include/cmsis_gcc.h **** {
 346:Drivers/CMSIS/Include/cmsis_gcc.h ****   __ASM volatile ("MSR psp, %0" : : "r" (topOfProcStack) : );
ARM GAS  C:\Users\a_hae\AppData\Local\Temp\ccQ76ath.s 			page 23


 347:Drivers/CMSIS/Include/cmsis_gcc.h **** }
 348:Drivers/CMSIS/Include/cmsis_gcc.h **** 
 349:Drivers/CMSIS/Include/cmsis_gcc.h **** 
 350:Drivers/CMSIS/Include/cmsis_gcc.h **** #if (defined (__ARM_FEATURE_CMSE ) && (__ARM_FEATURE_CMSE == 3))
 351:Drivers/CMSIS/Include/cmsis_gcc.h **** /**
 352:Drivers/CMSIS/Include/cmsis_gcc.h ****   \brief   Set Process Stack Pointer (non-secure)
 353:Drivers/CMSIS/Include/cmsis_gcc.h ****   \details Assigns the given value to the non-secure Process Stack Pointer (PSP) when in secure sta
 354:Drivers/CMSIS/Include/cmsis_gcc.h ****   \param [in]    topOfProcStack  Process Stack Pointer value to set
 355:Drivers/CMSIS/Include/cmsis_gcc.h ****  */
 356:Drivers/CMSIS/Include/cmsis_gcc.h **** __STATIC_FORCEINLINE void __TZ_set_PSP_NS(uint32_t topOfProcStack)
 357:Drivers/CMSIS/Include/cmsis_gcc.h **** {
 358:Drivers/CMSIS/Include/cmsis_gcc.h ****   __ASM volatile ("MSR psp_ns, %0" : : "r" (topOfProcStack) : );
 359:Drivers/CMSIS/Include/cmsis_gcc.h **** }
 360:Drivers/CMSIS/Include/cmsis_gcc.h **** #endif
 361:Drivers/CMSIS/Include/cmsis_gcc.h **** 
 362:Drivers/CMSIS/Include/cmsis_gcc.h **** 
 363:Drivers/CMSIS/Include/cmsis_gcc.h **** /**
 364:Drivers/CMSIS/Include/cmsis_gcc.h ****   \brief   Get Main Stack Pointer
 365:Drivers/CMSIS/Include/cmsis_gcc.h ****   \details Returns the current value of the Main Stack Pointer (MSP).
 366:Drivers/CMSIS/Include/cmsis_gcc.h ****   \return               MSP Register value
 367:Drivers/CMSIS/Include/cmsis_gcc.h ****  */
 368:Drivers/CMSIS/Include/cmsis_gcc.h **** __STATIC_FORCEINLINE uint32_t __get_MSP(void)
 369:Drivers/CMSIS/Include/cmsis_gcc.h **** {
 370:Drivers/CMSIS/Include/cmsis_gcc.h ****   uint32_t result;
 371:Drivers/CMSIS/Include/cmsis_gcc.h **** 
 372:Drivers/CMSIS/Include/cmsis_gcc.h ****   __ASM volatile ("MRS %0, msp" : "=r" (result) );
 373:Drivers/CMSIS/Include/cmsis_gcc.h ****   return(result);
 374:Drivers/CMSIS/Include/cmsis_gcc.h **** }
 375:Drivers/CMSIS/Include/cmsis_gcc.h **** 
 376:Drivers/CMSIS/Include/cmsis_gcc.h **** 
 377:Drivers/CMSIS/Include/cmsis_gcc.h **** #if (defined (__ARM_FEATURE_CMSE ) && (__ARM_FEATURE_CMSE == 3))
 378:Drivers/CMSIS/Include/cmsis_gcc.h **** /**
 379:Drivers/CMSIS/Include/cmsis_gcc.h ****   \brief   Get Main Stack Pointer (non-secure)
 380:Drivers/CMSIS/Include/cmsis_gcc.h ****   \details Returns the current value of the non-secure Main Stack Pointer (MSP) when in secure stat
 381:Drivers/CMSIS/Include/cmsis_gcc.h ****   \return               MSP Register value
 382:Drivers/CMSIS/Include/cmsis_gcc.h ****  */
 383:Drivers/CMSIS/Include/cmsis_gcc.h **** __STATIC_FORCEINLINE uint32_t __TZ_get_MSP_NS(void)
 384:Drivers/CMSIS/Include/cmsis_gcc.h **** {
 385:Drivers/CMSIS/Include/cmsis_gcc.h ****   uint32_t result;
 386:Drivers/CMSIS/Include/cmsis_gcc.h **** 
 387:Drivers/CMSIS/Include/cmsis_gcc.h ****   __ASM volatile ("MRS %0, msp_ns" : "=r" (result) );
 388:Drivers/CMSIS/Include/cmsis_gcc.h ****   return(result);
 389:Drivers/CMSIS/Include/cmsis_gcc.h **** }
 390:Drivers/CMSIS/Include/cmsis_gcc.h **** #endif
 391:Drivers/CMSIS/Include/cmsis_gcc.h **** 
 392:Drivers/CMSIS/Include/cmsis_gcc.h **** 
 393:Drivers/CMSIS/Include/cmsis_gcc.h **** /**
 394:Drivers/CMSIS/Include/cmsis_gcc.h ****   \brief   Set Main Stack Pointer
 395:Drivers/CMSIS/Include/cmsis_gcc.h ****   \details Assigns the given value to the Main Stack Pointer (MSP).
 396:Drivers/CMSIS/Include/cmsis_gcc.h ****   \param [in]    topOfMainStack  Main Stack Pointer value to set
 397:Drivers/CMSIS/Include/cmsis_gcc.h ****  */
 398:Drivers/CMSIS/Include/cmsis_gcc.h **** __STATIC_FORCEINLINE void __set_MSP(uint32_t topOfMainStack)
 399:Drivers/CMSIS/Include/cmsis_gcc.h **** {
 400:Drivers/CMSIS/Include/cmsis_gcc.h ****   __ASM volatile ("MSR msp, %0" : : "r" (topOfMainStack) : );
 401:Drivers/CMSIS/Include/cmsis_gcc.h **** }
 402:Drivers/CMSIS/Include/cmsis_gcc.h **** 
 403:Drivers/CMSIS/Include/cmsis_gcc.h **** 
ARM GAS  C:\Users\a_hae\AppData\Local\Temp\ccQ76ath.s 			page 24


 404:Drivers/CMSIS/Include/cmsis_gcc.h **** #if (defined (__ARM_FEATURE_CMSE ) && (__ARM_FEATURE_CMSE == 3))
 405:Drivers/CMSIS/Include/cmsis_gcc.h **** /**
 406:Drivers/CMSIS/Include/cmsis_gcc.h ****   \brief   Set Main Stack Pointer (non-secure)
 407:Drivers/CMSIS/Include/cmsis_gcc.h ****   \details Assigns the given value to the non-secure Main Stack Pointer (MSP) when in secure state.
 408:Drivers/CMSIS/Include/cmsis_gcc.h ****   \param [in]    topOfMainStack  Main Stack Pointer value to set
 409:Drivers/CMSIS/Include/cmsis_gcc.h ****  */
 410:Drivers/CMSIS/Include/cmsis_gcc.h **** __STATIC_FORCEINLINE void __TZ_set_MSP_NS(uint32_t topOfMainStack)
 411:Drivers/CMSIS/Include/cmsis_gcc.h **** {
 412:Drivers/CMSIS/Include/cmsis_gcc.h ****   __ASM volatile ("MSR msp_ns, %0" : : "r" (topOfMainStack) : );
 413:Drivers/CMSIS/Include/cmsis_gcc.h **** }
 414:Drivers/CMSIS/Include/cmsis_gcc.h **** #endif
 415:Drivers/CMSIS/Include/cmsis_gcc.h **** 
 416:Drivers/CMSIS/Include/cmsis_gcc.h **** 
 417:Drivers/CMSIS/Include/cmsis_gcc.h **** #if (defined (__ARM_FEATURE_CMSE ) && (__ARM_FEATURE_CMSE == 3))
 418:Drivers/CMSIS/Include/cmsis_gcc.h **** /**
 419:Drivers/CMSIS/Include/cmsis_gcc.h ****   \brief   Get Stack Pointer (non-secure)
 420:Drivers/CMSIS/Include/cmsis_gcc.h ****   \details Returns the current value of the non-secure Stack Pointer (SP) when in secure state.
 421:Drivers/CMSIS/Include/cmsis_gcc.h ****   \return               SP Register value
 422:Drivers/CMSIS/Include/cmsis_gcc.h ****  */
 423:Drivers/CMSIS/Include/cmsis_gcc.h **** __STATIC_FORCEINLINE uint32_t __TZ_get_SP_NS(void)
 424:Drivers/CMSIS/Include/cmsis_gcc.h **** {
 425:Drivers/CMSIS/Include/cmsis_gcc.h ****   uint32_t result;
 426:Drivers/CMSIS/Include/cmsis_gcc.h **** 
 427:Drivers/CMSIS/Include/cmsis_gcc.h ****   __ASM volatile ("MRS %0, sp_ns" : "=r" (result) );
 428:Drivers/CMSIS/Include/cmsis_gcc.h ****   return(result);
 429:Drivers/CMSIS/Include/cmsis_gcc.h **** }
 430:Drivers/CMSIS/Include/cmsis_gcc.h **** 
 431:Drivers/CMSIS/Include/cmsis_gcc.h **** 
 432:Drivers/CMSIS/Include/cmsis_gcc.h **** /**
 433:Drivers/CMSIS/Include/cmsis_gcc.h ****   \brief   Set Stack Pointer (non-secure)
 434:Drivers/CMSIS/Include/cmsis_gcc.h ****   \details Assigns the given value to the non-secure Stack Pointer (SP) when in secure state.
 435:Drivers/CMSIS/Include/cmsis_gcc.h ****   \param [in]    topOfStack  Stack Pointer value to set
 436:Drivers/CMSIS/Include/cmsis_gcc.h ****  */
 437:Drivers/CMSIS/Include/cmsis_gcc.h **** __STATIC_FORCEINLINE void __TZ_set_SP_NS(uint32_t topOfStack)
 438:Drivers/CMSIS/Include/cmsis_gcc.h **** {
 439:Drivers/CMSIS/Include/cmsis_gcc.h ****   __ASM volatile ("MSR sp_ns, %0" : : "r" (topOfStack) : );
 440:Drivers/CMSIS/Include/cmsis_gcc.h **** }
 441:Drivers/CMSIS/Include/cmsis_gcc.h **** #endif
 442:Drivers/CMSIS/Include/cmsis_gcc.h **** 
 443:Drivers/CMSIS/Include/cmsis_gcc.h **** 
 444:Drivers/CMSIS/Include/cmsis_gcc.h **** /**
 445:Drivers/CMSIS/Include/cmsis_gcc.h ****   \brief   Get Priority Mask
 446:Drivers/CMSIS/Include/cmsis_gcc.h ****   \details Returns the current state of the priority mask bit from the Priority Mask Register.
 447:Drivers/CMSIS/Include/cmsis_gcc.h ****   \return               Priority Mask value
 448:Drivers/CMSIS/Include/cmsis_gcc.h ****  */
 449:Drivers/CMSIS/Include/cmsis_gcc.h **** __STATIC_FORCEINLINE uint32_t __get_PRIMASK(void)
 450:Drivers/CMSIS/Include/cmsis_gcc.h **** {
 451:Drivers/CMSIS/Include/cmsis_gcc.h ****   uint32_t result;
 452:Drivers/CMSIS/Include/cmsis_gcc.h **** 
 453:Drivers/CMSIS/Include/cmsis_gcc.h ****   __ASM volatile ("MRS %0, primask" : "=r" (result) :: "memory");
 454:Drivers/CMSIS/Include/cmsis_gcc.h ****   return(result);
 455:Drivers/CMSIS/Include/cmsis_gcc.h **** }
 456:Drivers/CMSIS/Include/cmsis_gcc.h **** 
 457:Drivers/CMSIS/Include/cmsis_gcc.h **** 
 458:Drivers/CMSIS/Include/cmsis_gcc.h **** #if (defined (__ARM_FEATURE_CMSE ) && (__ARM_FEATURE_CMSE == 3))
 459:Drivers/CMSIS/Include/cmsis_gcc.h **** /**
 460:Drivers/CMSIS/Include/cmsis_gcc.h ****   \brief   Get Priority Mask (non-secure)
ARM GAS  C:\Users\a_hae\AppData\Local\Temp\ccQ76ath.s 			page 25


 461:Drivers/CMSIS/Include/cmsis_gcc.h ****   \details Returns the current state of the non-secure priority mask bit from the Priority Mask Reg
 462:Drivers/CMSIS/Include/cmsis_gcc.h ****   \return               Priority Mask value
 463:Drivers/CMSIS/Include/cmsis_gcc.h ****  */
 464:Drivers/CMSIS/Include/cmsis_gcc.h **** __STATIC_FORCEINLINE uint32_t __TZ_get_PRIMASK_NS(void)
 465:Drivers/CMSIS/Include/cmsis_gcc.h **** {
 466:Drivers/CMSIS/Include/cmsis_gcc.h ****   uint32_t result;
 467:Drivers/CMSIS/Include/cmsis_gcc.h **** 
 468:Drivers/CMSIS/Include/cmsis_gcc.h ****   __ASM volatile ("MRS %0, primask_ns" : "=r" (result) :: "memory");
 469:Drivers/CMSIS/Include/cmsis_gcc.h ****   return(result);
 470:Drivers/CMSIS/Include/cmsis_gcc.h **** }
 471:Drivers/CMSIS/Include/cmsis_gcc.h **** #endif
 472:Drivers/CMSIS/Include/cmsis_gcc.h **** 
 473:Drivers/CMSIS/Include/cmsis_gcc.h **** 
 474:Drivers/CMSIS/Include/cmsis_gcc.h **** /**
 475:Drivers/CMSIS/Include/cmsis_gcc.h ****   \brief   Set Priority Mask
 476:Drivers/CMSIS/Include/cmsis_gcc.h ****   \details Assigns the given value to the Priority Mask Register.
 477:Drivers/CMSIS/Include/cmsis_gcc.h ****   \param [in]    priMask  Priority Mask
 478:Drivers/CMSIS/Include/cmsis_gcc.h ****  */
 479:Drivers/CMSIS/Include/cmsis_gcc.h **** __STATIC_FORCEINLINE void __set_PRIMASK(uint32_t priMask)
 480:Drivers/CMSIS/Include/cmsis_gcc.h **** {
 481:Drivers/CMSIS/Include/cmsis_gcc.h ****   __ASM volatile ("MSR primask, %0" : : "r" (priMask) : "memory");
 482:Drivers/CMSIS/Include/cmsis_gcc.h **** }
 483:Drivers/CMSIS/Include/cmsis_gcc.h **** 
 484:Drivers/CMSIS/Include/cmsis_gcc.h **** 
 485:Drivers/CMSIS/Include/cmsis_gcc.h **** #if (defined (__ARM_FEATURE_CMSE ) && (__ARM_FEATURE_CMSE == 3))
 486:Drivers/CMSIS/Include/cmsis_gcc.h **** /**
 487:Drivers/CMSIS/Include/cmsis_gcc.h ****   \brief   Set Priority Mask (non-secure)
 488:Drivers/CMSIS/Include/cmsis_gcc.h ****   \details Assigns the given value to the non-secure Priority Mask Register when in secure state.
 489:Drivers/CMSIS/Include/cmsis_gcc.h ****   \param [in]    priMask  Priority Mask
 490:Drivers/CMSIS/Include/cmsis_gcc.h ****  */
 491:Drivers/CMSIS/Include/cmsis_gcc.h **** __STATIC_FORCEINLINE void __TZ_set_PRIMASK_NS(uint32_t priMask)
 492:Drivers/CMSIS/Include/cmsis_gcc.h **** {
 493:Drivers/CMSIS/Include/cmsis_gcc.h ****   __ASM volatile ("MSR primask_ns, %0" : : "r" (priMask) : "memory");
 494:Drivers/CMSIS/Include/cmsis_gcc.h **** }
 495:Drivers/CMSIS/Include/cmsis_gcc.h **** #endif
 496:Drivers/CMSIS/Include/cmsis_gcc.h **** 
 497:Drivers/CMSIS/Include/cmsis_gcc.h **** 
 498:Drivers/CMSIS/Include/cmsis_gcc.h **** #if ((defined (__ARM_ARCH_7M__      ) && (__ARM_ARCH_7M__      == 1)) || \
 499:Drivers/CMSIS/Include/cmsis_gcc.h ****      (defined (__ARM_ARCH_7EM__     ) && (__ARM_ARCH_7EM__     == 1)) || \
 500:Drivers/CMSIS/Include/cmsis_gcc.h ****      (defined (__ARM_ARCH_8M_MAIN__ ) && (__ARM_ARCH_8M_MAIN__ == 1))    )
 501:Drivers/CMSIS/Include/cmsis_gcc.h **** /**
 502:Drivers/CMSIS/Include/cmsis_gcc.h ****   \brief   Enable FIQ
 503:Drivers/CMSIS/Include/cmsis_gcc.h ****   \details Enables FIQ interrupts by clearing the F-bit in the CPSR.
 504:Drivers/CMSIS/Include/cmsis_gcc.h ****            Can only be executed in Privileged modes.
 505:Drivers/CMSIS/Include/cmsis_gcc.h ****  */
 506:Drivers/CMSIS/Include/cmsis_gcc.h **** __STATIC_FORCEINLINE void __enable_fault_irq(void)
 507:Drivers/CMSIS/Include/cmsis_gcc.h **** {
 508:Drivers/CMSIS/Include/cmsis_gcc.h ****   __ASM volatile ("cpsie f" : : : "memory");
 509:Drivers/CMSIS/Include/cmsis_gcc.h **** }
 510:Drivers/CMSIS/Include/cmsis_gcc.h **** 
 511:Drivers/CMSIS/Include/cmsis_gcc.h **** 
 512:Drivers/CMSIS/Include/cmsis_gcc.h **** /**
 513:Drivers/CMSIS/Include/cmsis_gcc.h ****   \brief   Disable FIQ
 514:Drivers/CMSIS/Include/cmsis_gcc.h ****   \details Disables FIQ interrupts by setting the F-bit in the CPSR.
 515:Drivers/CMSIS/Include/cmsis_gcc.h ****            Can only be executed in Privileged modes.
 516:Drivers/CMSIS/Include/cmsis_gcc.h ****  */
 517:Drivers/CMSIS/Include/cmsis_gcc.h **** __STATIC_FORCEINLINE void __disable_fault_irq(void)
ARM GAS  C:\Users\a_hae\AppData\Local\Temp\ccQ76ath.s 			page 26


 518:Drivers/CMSIS/Include/cmsis_gcc.h **** {
 519:Drivers/CMSIS/Include/cmsis_gcc.h ****   __ASM volatile ("cpsid f" : : : "memory");
 520:Drivers/CMSIS/Include/cmsis_gcc.h **** }
 521:Drivers/CMSIS/Include/cmsis_gcc.h **** 
 522:Drivers/CMSIS/Include/cmsis_gcc.h **** 
 523:Drivers/CMSIS/Include/cmsis_gcc.h **** /**
 524:Drivers/CMSIS/Include/cmsis_gcc.h ****   \brief   Get Base Priority
 525:Drivers/CMSIS/Include/cmsis_gcc.h ****   \details Returns the current value of the Base Priority register.
 526:Drivers/CMSIS/Include/cmsis_gcc.h ****   \return               Base Priority register value
 527:Drivers/CMSIS/Include/cmsis_gcc.h ****  */
 528:Drivers/CMSIS/Include/cmsis_gcc.h **** __STATIC_FORCEINLINE uint32_t __get_BASEPRI(void)
 529:Drivers/CMSIS/Include/cmsis_gcc.h **** {
 530:Drivers/CMSIS/Include/cmsis_gcc.h ****   uint32_t result;
 531:Drivers/CMSIS/Include/cmsis_gcc.h **** 
 532:Drivers/CMSIS/Include/cmsis_gcc.h ****   __ASM volatile ("MRS %0, basepri" : "=r" (result) );
 533:Drivers/CMSIS/Include/cmsis_gcc.h ****   return(result);
 534:Drivers/CMSIS/Include/cmsis_gcc.h **** }
 535:Drivers/CMSIS/Include/cmsis_gcc.h **** 
 536:Drivers/CMSIS/Include/cmsis_gcc.h **** 
 537:Drivers/CMSIS/Include/cmsis_gcc.h **** #if (defined (__ARM_FEATURE_CMSE ) && (__ARM_FEATURE_CMSE == 3))
 538:Drivers/CMSIS/Include/cmsis_gcc.h **** /**
 539:Drivers/CMSIS/Include/cmsis_gcc.h ****   \brief   Get Base Priority (non-secure)
 540:Drivers/CMSIS/Include/cmsis_gcc.h ****   \details Returns the current value of the non-secure Base Priority register when in secure state.
 541:Drivers/CMSIS/Include/cmsis_gcc.h ****   \return               Base Priority register value
 542:Drivers/CMSIS/Include/cmsis_gcc.h ****  */
 543:Drivers/CMSIS/Include/cmsis_gcc.h **** __STATIC_FORCEINLINE uint32_t __TZ_get_BASEPRI_NS(void)
 544:Drivers/CMSIS/Include/cmsis_gcc.h **** {
 545:Drivers/CMSIS/Include/cmsis_gcc.h ****   uint32_t result;
 546:Drivers/CMSIS/Include/cmsis_gcc.h **** 
 547:Drivers/CMSIS/Include/cmsis_gcc.h ****   __ASM volatile ("MRS %0, basepri_ns" : "=r" (result) );
 548:Drivers/CMSIS/Include/cmsis_gcc.h ****   return(result);
 549:Drivers/CMSIS/Include/cmsis_gcc.h **** }
 550:Drivers/CMSIS/Include/cmsis_gcc.h **** #endif
 551:Drivers/CMSIS/Include/cmsis_gcc.h **** 
 552:Drivers/CMSIS/Include/cmsis_gcc.h **** 
 553:Drivers/CMSIS/Include/cmsis_gcc.h **** /**
 554:Drivers/CMSIS/Include/cmsis_gcc.h ****   \brief   Set Base Priority
 555:Drivers/CMSIS/Include/cmsis_gcc.h ****   \details Assigns the given value to the Base Priority register.
 556:Drivers/CMSIS/Include/cmsis_gcc.h ****   \param [in]    basePri  Base Priority value to set
 557:Drivers/CMSIS/Include/cmsis_gcc.h ****  */
 558:Drivers/CMSIS/Include/cmsis_gcc.h **** __STATIC_FORCEINLINE void __set_BASEPRI(uint32_t basePri)
 559:Drivers/CMSIS/Include/cmsis_gcc.h **** {
 560:Drivers/CMSIS/Include/cmsis_gcc.h ****   __ASM volatile ("MSR basepri, %0" : : "r" (basePri) : "memory");
 561:Drivers/CMSIS/Include/cmsis_gcc.h **** }
 562:Drivers/CMSIS/Include/cmsis_gcc.h **** 
 563:Drivers/CMSIS/Include/cmsis_gcc.h **** 
 564:Drivers/CMSIS/Include/cmsis_gcc.h **** #if (defined (__ARM_FEATURE_CMSE ) && (__ARM_FEATURE_CMSE == 3))
 565:Drivers/CMSIS/Include/cmsis_gcc.h **** /**
 566:Drivers/CMSIS/Include/cmsis_gcc.h ****   \brief   Set Base Priority (non-secure)
 567:Drivers/CMSIS/Include/cmsis_gcc.h ****   \details Assigns the given value to the non-secure Base Priority register when in secure state.
 568:Drivers/CMSIS/Include/cmsis_gcc.h ****   \param [in]    basePri  Base Priority value to set
 569:Drivers/CMSIS/Include/cmsis_gcc.h ****  */
 570:Drivers/CMSIS/Include/cmsis_gcc.h **** __STATIC_FORCEINLINE void __TZ_set_BASEPRI_NS(uint32_t basePri)
 571:Drivers/CMSIS/Include/cmsis_gcc.h **** {
 572:Drivers/CMSIS/Include/cmsis_gcc.h ****   __ASM volatile ("MSR basepri_ns, %0" : : "r" (basePri) : "memory");
 573:Drivers/CMSIS/Include/cmsis_gcc.h **** }
 574:Drivers/CMSIS/Include/cmsis_gcc.h **** #endif
ARM GAS  C:\Users\a_hae\AppData\Local\Temp\ccQ76ath.s 			page 27


 575:Drivers/CMSIS/Include/cmsis_gcc.h **** 
 576:Drivers/CMSIS/Include/cmsis_gcc.h **** 
 577:Drivers/CMSIS/Include/cmsis_gcc.h **** /**
 578:Drivers/CMSIS/Include/cmsis_gcc.h ****   \brief   Set Base Priority with condition
 579:Drivers/CMSIS/Include/cmsis_gcc.h ****   \details Assigns the given value to the Base Priority register only if BASEPRI masking is disable
 580:Drivers/CMSIS/Include/cmsis_gcc.h ****            or the new value increases the BASEPRI priority level.
 581:Drivers/CMSIS/Include/cmsis_gcc.h ****   \param [in]    basePri  Base Priority value to set
 582:Drivers/CMSIS/Include/cmsis_gcc.h ****  */
 583:Drivers/CMSIS/Include/cmsis_gcc.h **** __STATIC_FORCEINLINE void __set_BASEPRI_MAX(uint32_t basePri)
 584:Drivers/CMSIS/Include/cmsis_gcc.h **** {
 585:Drivers/CMSIS/Include/cmsis_gcc.h ****   __ASM volatile ("MSR basepri_max, %0" : : "r" (basePri) : "memory");
 586:Drivers/CMSIS/Include/cmsis_gcc.h **** }
 587:Drivers/CMSIS/Include/cmsis_gcc.h **** 
 588:Drivers/CMSIS/Include/cmsis_gcc.h **** 
 589:Drivers/CMSIS/Include/cmsis_gcc.h **** /**
 590:Drivers/CMSIS/Include/cmsis_gcc.h ****   \brief   Get Fault Mask
 591:Drivers/CMSIS/Include/cmsis_gcc.h ****   \details Returns the current value of the Fault Mask register.
 592:Drivers/CMSIS/Include/cmsis_gcc.h ****   \return               Fault Mask register value
 593:Drivers/CMSIS/Include/cmsis_gcc.h ****  */
 594:Drivers/CMSIS/Include/cmsis_gcc.h **** __STATIC_FORCEINLINE uint32_t __get_FAULTMASK(void)
 595:Drivers/CMSIS/Include/cmsis_gcc.h **** {
 596:Drivers/CMSIS/Include/cmsis_gcc.h ****   uint32_t result;
 597:Drivers/CMSIS/Include/cmsis_gcc.h **** 
 598:Drivers/CMSIS/Include/cmsis_gcc.h ****   __ASM volatile ("MRS %0, faultmask" : "=r" (result) );
 599:Drivers/CMSIS/Include/cmsis_gcc.h ****   return(result);
 600:Drivers/CMSIS/Include/cmsis_gcc.h **** }
 601:Drivers/CMSIS/Include/cmsis_gcc.h **** 
 602:Drivers/CMSIS/Include/cmsis_gcc.h **** 
 603:Drivers/CMSIS/Include/cmsis_gcc.h **** #if (defined (__ARM_FEATURE_CMSE ) && (__ARM_FEATURE_CMSE == 3))
 604:Drivers/CMSIS/Include/cmsis_gcc.h **** /**
 605:Drivers/CMSIS/Include/cmsis_gcc.h ****   \brief   Get Fault Mask (non-secure)
 606:Drivers/CMSIS/Include/cmsis_gcc.h ****   \details Returns the current value of the non-secure Fault Mask register when in secure state.
 607:Drivers/CMSIS/Include/cmsis_gcc.h ****   \return               Fault Mask register value
 608:Drivers/CMSIS/Include/cmsis_gcc.h ****  */
 609:Drivers/CMSIS/Include/cmsis_gcc.h **** __STATIC_FORCEINLINE uint32_t __TZ_get_FAULTMASK_NS(void)
 610:Drivers/CMSIS/Include/cmsis_gcc.h **** {
 611:Drivers/CMSIS/Include/cmsis_gcc.h ****   uint32_t result;
 612:Drivers/CMSIS/Include/cmsis_gcc.h **** 
 613:Drivers/CMSIS/Include/cmsis_gcc.h ****   __ASM volatile ("MRS %0, faultmask_ns" : "=r" (result) );
 614:Drivers/CMSIS/Include/cmsis_gcc.h ****   return(result);
 615:Drivers/CMSIS/Include/cmsis_gcc.h **** }
 616:Drivers/CMSIS/Include/cmsis_gcc.h **** #endif
 617:Drivers/CMSIS/Include/cmsis_gcc.h **** 
 618:Drivers/CMSIS/Include/cmsis_gcc.h **** 
 619:Drivers/CMSIS/Include/cmsis_gcc.h **** /**
 620:Drivers/CMSIS/Include/cmsis_gcc.h ****   \brief   Set Fault Mask
 621:Drivers/CMSIS/Include/cmsis_gcc.h ****   \details Assigns the given value to the Fault Mask register.
 622:Drivers/CMSIS/Include/cmsis_gcc.h ****   \param [in]    faultMask  Fault Mask value to set
 623:Drivers/CMSIS/Include/cmsis_gcc.h ****  */
 624:Drivers/CMSIS/Include/cmsis_gcc.h **** __STATIC_FORCEINLINE void __set_FAULTMASK(uint32_t faultMask)
 625:Drivers/CMSIS/Include/cmsis_gcc.h **** {
 626:Drivers/CMSIS/Include/cmsis_gcc.h ****   __ASM volatile ("MSR faultmask, %0" : : "r" (faultMask) : "memory");
 627:Drivers/CMSIS/Include/cmsis_gcc.h **** }
 628:Drivers/CMSIS/Include/cmsis_gcc.h **** 
 629:Drivers/CMSIS/Include/cmsis_gcc.h **** 
 630:Drivers/CMSIS/Include/cmsis_gcc.h **** #if (defined (__ARM_FEATURE_CMSE ) && (__ARM_FEATURE_CMSE == 3))
 631:Drivers/CMSIS/Include/cmsis_gcc.h **** /**
ARM GAS  C:\Users\a_hae\AppData\Local\Temp\ccQ76ath.s 			page 28


 632:Drivers/CMSIS/Include/cmsis_gcc.h ****   \brief   Set Fault Mask (non-secure)
 633:Drivers/CMSIS/Include/cmsis_gcc.h ****   \details Assigns the given value to the non-secure Fault Mask register when in secure state.
 634:Drivers/CMSIS/Include/cmsis_gcc.h ****   \param [in]    faultMask  Fault Mask value to set
 635:Drivers/CMSIS/Include/cmsis_gcc.h ****  */
 636:Drivers/CMSIS/Include/cmsis_gcc.h **** __STATIC_FORCEINLINE void __TZ_set_FAULTMASK_NS(uint32_t faultMask)
 637:Drivers/CMSIS/Include/cmsis_gcc.h **** {
 638:Drivers/CMSIS/Include/cmsis_gcc.h ****   __ASM volatile ("MSR faultmask_ns, %0" : : "r" (faultMask) : "memory");
 639:Drivers/CMSIS/Include/cmsis_gcc.h **** }
 640:Drivers/CMSIS/Include/cmsis_gcc.h **** #endif
 641:Drivers/CMSIS/Include/cmsis_gcc.h **** 
 642:Drivers/CMSIS/Include/cmsis_gcc.h **** #endif /* ((defined (__ARM_ARCH_7M__      ) && (__ARM_ARCH_7M__      == 1)) || \
 643:Drivers/CMSIS/Include/cmsis_gcc.h ****            (defined (__ARM_ARCH_7EM__     ) && (__ARM_ARCH_7EM__     == 1)) || \
 644:Drivers/CMSIS/Include/cmsis_gcc.h ****            (defined (__ARM_ARCH_8M_MAIN__ ) && (__ARM_ARCH_8M_MAIN__ == 1))    ) */
 645:Drivers/CMSIS/Include/cmsis_gcc.h **** 
 646:Drivers/CMSIS/Include/cmsis_gcc.h **** 
 647:Drivers/CMSIS/Include/cmsis_gcc.h **** #if ((defined (__ARM_ARCH_8M_MAIN__ ) && (__ARM_ARCH_8M_MAIN__ == 1)) || \
 648:Drivers/CMSIS/Include/cmsis_gcc.h ****      (defined (__ARM_ARCH_8M_BASE__ ) && (__ARM_ARCH_8M_BASE__ == 1))    )
 649:Drivers/CMSIS/Include/cmsis_gcc.h **** 
 650:Drivers/CMSIS/Include/cmsis_gcc.h **** /**
 651:Drivers/CMSIS/Include/cmsis_gcc.h ****   \brief   Get Process Stack Pointer Limit
 652:Drivers/CMSIS/Include/cmsis_gcc.h ****   Devices without ARMv8-M Main Extensions (i.e. Cortex-M23) lack the non-secure
 653:Drivers/CMSIS/Include/cmsis_gcc.h ****   Stack Pointer Limit register hence zero is returned always in non-secure
 654:Drivers/CMSIS/Include/cmsis_gcc.h ****   mode.
 655:Drivers/CMSIS/Include/cmsis_gcc.h ****   
 656:Drivers/CMSIS/Include/cmsis_gcc.h ****   \details Returns the current value of the Process Stack Pointer Limit (PSPLIM).
 657:Drivers/CMSIS/Include/cmsis_gcc.h ****   \return               PSPLIM Register value
 658:Drivers/CMSIS/Include/cmsis_gcc.h ****  */
 659:Drivers/CMSIS/Include/cmsis_gcc.h **** __STATIC_FORCEINLINE uint32_t __get_PSPLIM(void)
 660:Drivers/CMSIS/Include/cmsis_gcc.h **** {
 661:Drivers/CMSIS/Include/cmsis_gcc.h **** #if (!(defined (__ARM_ARCH_8M_MAIN__ ) && (__ARM_ARCH_8M_MAIN__ == 1)) && \
 662:Drivers/CMSIS/Include/cmsis_gcc.h ****     (!defined (__ARM_FEATURE_CMSE) || (__ARM_FEATURE_CMSE < 3)))
 663:Drivers/CMSIS/Include/cmsis_gcc.h ****     // without main extensions, the non-secure PSPLIM is RAZ/WI
 664:Drivers/CMSIS/Include/cmsis_gcc.h ****   return 0U;
 665:Drivers/CMSIS/Include/cmsis_gcc.h **** #else
 666:Drivers/CMSIS/Include/cmsis_gcc.h ****   uint32_t result;
 667:Drivers/CMSIS/Include/cmsis_gcc.h ****   __ASM volatile ("MRS %0, psplim"  : "=r" (result) );
 668:Drivers/CMSIS/Include/cmsis_gcc.h ****   return result;
 669:Drivers/CMSIS/Include/cmsis_gcc.h **** #endif
 670:Drivers/CMSIS/Include/cmsis_gcc.h **** }
 671:Drivers/CMSIS/Include/cmsis_gcc.h **** 
 672:Drivers/CMSIS/Include/cmsis_gcc.h **** #if (defined (__ARM_FEATURE_CMSE) && (__ARM_FEATURE_CMSE == 3))
 673:Drivers/CMSIS/Include/cmsis_gcc.h **** /**
 674:Drivers/CMSIS/Include/cmsis_gcc.h ****   \brief   Get Process Stack Pointer Limit (non-secure)
 675:Drivers/CMSIS/Include/cmsis_gcc.h ****   Devices without ARMv8-M Main Extensions (i.e. Cortex-M23) lack the non-secure
 676:Drivers/CMSIS/Include/cmsis_gcc.h ****   Stack Pointer Limit register hence zero is returned always.
 677:Drivers/CMSIS/Include/cmsis_gcc.h **** 
 678:Drivers/CMSIS/Include/cmsis_gcc.h ****   \details Returns the current value of the non-secure Process Stack Pointer Limit (PSPLIM) when in
 679:Drivers/CMSIS/Include/cmsis_gcc.h ****   \return               PSPLIM Register value
 680:Drivers/CMSIS/Include/cmsis_gcc.h ****  */
 681:Drivers/CMSIS/Include/cmsis_gcc.h **** __STATIC_FORCEINLINE uint32_t __TZ_get_PSPLIM_NS(void)
 682:Drivers/CMSIS/Include/cmsis_gcc.h **** {
 683:Drivers/CMSIS/Include/cmsis_gcc.h **** #if (!(defined (__ARM_ARCH_8M_MAIN__ ) && (__ARM_ARCH_8M_MAIN__ == 1)))
 684:Drivers/CMSIS/Include/cmsis_gcc.h ****   // without main extensions, the non-secure PSPLIM is RAZ/WI
 685:Drivers/CMSIS/Include/cmsis_gcc.h ****   return 0U;
 686:Drivers/CMSIS/Include/cmsis_gcc.h **** #else
 687:Drivers/CMSIS/Include/cmsis_gcc.h ****   uint32_t result;
 688:Drivers/CMSIS/Include/cmsis_gcc.h ****   __ASM volatile ("MRS %0, psplim_ns"  : "=r" (result) );
ARM GAS  C:\Users\a_hae\AppData\Local\Temp\ccQ76ath.s 			page 29


 689:Drivers/CMSIS/Include/cmsis_gcc.h ****   return result;
 690:Drivers/CMSIS/Include/cmsis_gcc.h **** #endif
 691:Drivers/CMSIS/Include/cmsis_gcc.h **** }
 692:Drivers/CMSIS/Include/cmsis_gcc.h **** #endif
 693:Drivers/CMSIS/Include/cmsis_gcc.h **** 
 694:Drivers/CMSIS/Include/cmsis_gcc.h **** 
 695:Drivers/CMSIS/Include/cmsis_gcc.h **** /**
 696:Drivers/CMSIS/Include/cmsis_gcc.h ****   \brief   Set Process Stack Pointer Limit
 697:Drivers/CMSIS/Include/cmsis_gcc.h ****   Devices without ARMv8-M Main Extensions (i.e. Cortex-M23) lack the non-secure
 698:Drivers/CMSIS/Include/cmsis_gcc.h ****   Stack Pointer Limit register hence the write is silently ignored in non-secure
 699:Drivers/CMSIS/Include/cmsis_gcc.h ****   mode.
 700:Drivers/CMSIS/Include/cmsis_gcc.h ****   
 701:Drivers/CMSIS/Include/cmsis_gcc.h ****   \details Assigns the given value to the Process Stack Pointer Limit (PSPLIM).
 702:Drivers/CMSIS/Include/cmsis_gcc.h ****   \param [in]    ProcStackPtrLimit  Process Stack Pointer Limit value to set
 703:Drivers/CMSIS/Include/cmsis_gcc.h ****  */
 704:Drivers/CMSIS/Include/cmsis_gcc.h **** __STATIC_FORCEINLINE void __set_PSPLIM(uint32_t ProcStackPtrLimit)
 705:Drivers/CMSIS/Include/cmsis_gcc.h **** {
 706:Drivers/CMSIS/Include/cmsis_gcc.h **** #if (!(defined (__ARM_ARCH_8M_MAIN__ ) && (__ARM_ARCH_8M_MAIN__ == 1)) && \
 707:Drivers/CMSIS/Include/cmsis_gcc.h ****     (!defined (__ARM_FEATURE_CMSE) || (__ARM_FEATURE_CMSE < 3)))
 708:Drivers/CMSIS/Include/cmsis_gcc.h ****   // without main extensions, the non-secure PSPLIM is RAZ/WI
 709:Drivers/CMSIS/Include/cmsis_gcc.h ****   (void)ProcStackPtrLimit;
 710:Drivers/CMSIS/Include/cmsis_gcc.h **** #else
 711:Drivers/CMSIS/Include/cmsis_gcc.h ****   __ASM volatile ("MSR psplim, %0" : : "r" (ProcStackPtrLimit));
 712:Drivers/CMSIS/Include/cmsis_gcc.h **** #endif
 713:Drivers/CMSIS/Include/cmsis_gcc.h **** }
 714:Drivers/CMSIS/Include/cmsis_gcc.h **** 
 715:Drivers/CMSIS/Include/cmsis_gcc.h **** 
 716:Drivers/CMSIS/Include/cmsis_gcc.h **** #if (defined (__ARM_FEATURE_CMSE  ) && (__ARM_FEATURE_CMSE   == 3))
 717:Drivers/CMSIS/Include/cmsis_gcc.h **** /**
 718:Drivers/CMSIS/Include/cmsis_gcc.h ****   \brief   Set Process Stack Pointer (non-secure)
 719:Drivers/CMSIS/Include/cmsis_gcc.h ****   Devices without ARMv8-M Main Extensions (i.e. Cortex-M23) lack the non-secure
 720:Drivers/CMSIS/Include/cmsis_gcc.h ****   Stack Pointer Limit register hence the write is silently ignored.
 721:Drivers/CMSIS/Include/cmsis_gcc.h **** 
 722:Drivers/CMSIS/Include/cmsis_gcc.h ****   \details Assigns the given value to the non-secure Process Stack Pointer Limit (PSPLIM) when in s
 723:Drivers/CMSIS/Include/cmsis_gcc.h ****   \param [in]    ProcStackPtrLimit  Process Stack Pointer Limit value to set
 724:Drivers/CMSIS/Include/cmsis_gcc.h ****  */
 725:Drivers/CMSIS/Include/cmsis_gcc.h **** __STATIC_FORCEINLINE void __TZ_set_PSPLIM_NS(uint32_t ProcStackPtrLimit)
 726:Drivers/CMSIS/Include/cmsis_gcc.h **** {
 727:Drivers/CMSIS/Include/cmsis_gcc.h **** #if (!(defined (__ARM_ARCH_8M_MAIN__ ) && (__ARM_ARCH_8M_MAIN__ == 1)))
 728:Drivers/CMSIS/Include/cmsis_gcc.h ****   // without main extensions, the non-secure PSPLIM is RAZ/WI
 729:Drivers/CMSIS/Include/cmsis_gcc.h ****   (void)ProcStackPtrLimit;
 730:Drivers/CMSIS/Include/cmsis_gcc.h **** #else
 731:Drivers/CMSIS/Include/cmsis_gcc.h ****   __ASM volatile ("MSR psplim_ns, %0\n" : : "r" (ProcStackPtrLimit));
 732:Drivers/CMSIS/Include/cmsis_gcc.h **** #endif
 733:Drivers/CMSIS/Include/cmsis_gcc.h **** }
 734:Drivers/CMSIS/Include/cmsis_gcc.h **** #endif
 735:Drivers/CMSIS/Include/cmsis_gcc.h **** 
 736:Drivers/CMSIS/Include/cmsis_gcc.h **** 
 737:Drivers/CMSIS/Include/cmsis_gcc.h **** /**
 738:Drivers/CMSIS/Include/cmsis_gcc.h ****   \brief   Get Main Stack Pointer Limit
 739:Drivers/CMSIS/Include/cmsis_gcc.h ****   Devices without ARMv8-M Main Extensions (i.e. Cortex-M23) lack the non-secure
 740:Drivers/CMSIS/Include/cmsis_gcc.h ****   Stack Pointer Limit register hence zero is returned always in non-secure
 741:Drivers/CMSIS/Include/cmsis_gcc.h ****   mode.
 742:Drivers/CMSIS/Include/cmsis_gcc.h **** 
 743:Drivers/CMSIS/Include/cmsis_gcc.h ****   \details Returns the current value of the Main Stack Pointer Limit (MSPLIM).
 744:Drivers/CMSIS/Include/cmsis_gcc.h ****   \return               MSPLIM Register value
 745:Drivers/CMSIS/Include/cmsis_gcc.h ****  */
ARM GAS  C:\Users\a_hae\AppData\Local\Temp\ccQ76ath.s 			page 30


 746:Drivers/CMSIS/Include/cmsis_gcc.h **** __STATIC_FORCEINLINE uint32_t __get_MSPLIM(void)
 747:Drivers/CMSIS/Include/cmsis_gcc.h **** {
 748:Drivers/CMSIS/Include/cmsis_gcc.h **** #if (!(defined (__ARM_ARCH_8M_MAIN__ ) && (__ARM_ARCH_8M_MAIN__ == 1)) && \
 749:Drivers/CMSIS/Include/cmsis_gcc.h ****     (!defined (__ARM_FEATURE_CMSE) || (__ARM_FEATURE_CMSE < 3)))
 750:Drivers/CMSIS/Include/cmsis_gcc.h ****   // without main extensions, the non-secure MSPLIM is RAZ/WI
 751:Drivers/CMSIS/Include/cmsis_gcc.h ****   return 0U;
 752:Drivers/CMSIS/Include/cmsis_gcc.h **** #else
 753:Drivers/CMSIS/Include/cmsis_gcc.h ****   uint32_t result;
 754:Drivers/CMSIS/Include/cmsis_gcc.h ****   __ASM volatile ("MRS %0, msplim" : "=r" (result) );
 755:Drivers/CMSIS/Include/cmsis_gcc.h ****   return result;
 756:Drivers/CMSIS/Include/cmsis_gcc.h **** #endif
 757:Drivers/CMSIS/Include/cmsis_gcc.h **** }
 758:Drivers/CMSIS/Include/cmsis_gcc.h **** 
 759:Drivers/CMSIS/Include/cmsis_gcc.h **** 
 760:Drivers/CMSIS/Include/cmsis_gcc.h **** #if (defined (__ARM_FEATURE_CMSE  ) && (__ARM_FEATURE_CMSE   == 3))
 761:Drivers/CMSIS/Include/cmsis_gcc.h **** /**
 762:Drivers/CMSIS/Include/cmsis_gcc.h ****   \brief   Get Main Stack Pointer Limit (non-secure)
 763:Drivers/CMSIS/Include/cmsis_gcc.h ****   Devices without ARMv8-M Main Extensions (i.e. Cortex-M23) lack the non-secure
 764:Drivers/CMSIS/Include/cmsis_gcc.h ****   Stack Pointer Limit register hence zero is returned always.
 765:Drivers/CMSIS/Include/cmsis_gcc.h **** 
 766:Drivers/CMSIS/Include/cmsis_gcc.h ****   \details Returns the current value of the non-secure Main Stack Pointer Limit(MSPLIM) when in sec
 767:Drivers/CMSIS/Include/cmsis_gcc.h ****   \return               MSPLIM Register value
 768:Drivers/CMSIS/Include/cmsis_gcc.h ****  */
 769:Drivers/CMSIS/Include/cmsis_gcc.h **** __STATIC_FORCEINLINE uint32_t __TZ_get_MSPLIM_NS(void)
 770:Drivers/CMSIS/Include/cmsis_gcc.h **** {
 771:Drivers/CMSIS/Include/cmsis_gcc.h **** #if (!(defined (__ARM_ARCH_8M_MAIN__ ) && (__ARM_ARCH_8M_MAIN__ == 1)))
 772:Drivers/CMSIS/Include/cmsis_gcc.h ****   // without main extensions, the non-secure MSPLIM is RAZ/WI
 773:Drivers/CMSIS/Include/cmsis_gcc.h ****   return 0U;
 774:Drivers/CMSIS/Include/cmsis_gcc.h **** #else
 775:Drivers/CMSIS/Include/cmsis_gcc.h ****   uint32_t result;
 776:Drivers/CMSIS/Include/cmsis_gcc.h ****   __ASM volatile ("MRS %0, msplim_ns" : "=r" (result) );
 777:Drivers/CMSIS/Include/cmsis_gcc.h ****   return result;
 778:Drivers/CMSIS/Include/cmsis_gcc.h **** #endif
 779:Drivers/CMSIS/Include/cmsis_gcc.h **** }
 780:Drivers/CMSIS/Include/cmsis_gcc.h **** #endif
 781:Drivers/CMSIS/Include/cmsis_gcc.h **** 
 782:Drivers/CMSIS/Include/cmsis_gcc.h **** 
 783:Drivers/CMSIS/Include/cmsis_gcc.h **** /**
 784:Drivers/CMSIS/Include/cmsis_gcc.h ****   \brief   Set Main Stack Pointer Limit
 785:Drivers/CMSIS/Include/cmsis_gcc.h ****   Devices without ARMv8-M Main Extensions (i.e. Cortex-M23) lack the non-secure
 786:Drivers/CMSIS/Include/cmsis_gcc.h ****   Stack Pointer Limit register hence the write is silently ignored in non-secure
 787:Drivers/CMSIS/Include/cmsis_gcc.h ****   mode.
 788:Drivers/CMSIS/Include/cmsis_gcc.h **** 
 789:Drivers/CMSIS/Include/cmsis_gcc.h ****   \details Assigns the given value to the Main Stack Pointer Limit (MSPLIM).
 790:Drivers/CMSIS/Include/cmsis_gcc.h ****   \param [in]    MainStackPtrLimit  Main Stack Pointer Limit value to set
 791:Drivers/CMSIS/Include/cmsis_gcc.h ****  */
 792:Drivers/CMSIS/Include/cmsis_gcc.h **** __STATIC_FORCEINLINE void __set_MSPLIM(uint32_t MainStackPtrLimit)
 793:Drivers/CMSIS/Include/cmsis_gcc.h **** {
 794:Drivers/CMSIS/Include/cmsis_gcc.h **** #if (!(defined (__ARM_ARCH_8M_MAIN__ ) && (__ARM_ARCH_8M_MAIN__ == 1)) && \
 795:Drivers/CMSIS/Include/cmsis_gcc.h ****     (!defined (__ARM_FEATURE_CMSE) || (__ARM_FEATURE_CMSE < 3)))
 796:Drivers/CMSIS/Include/cmsis_gcc.h ****   // without main extensions, the non-secure MSPLIM is RAZ/WI
 797:Drivers/CMSIS/Include/cmsis_gcc.h ****   (void)MainStackPtrLimit;
 798:Drivers/CMSIS/Include/cmsis_gcc.h **** #else
 799:Drivers/CMSIS/Include/cmsis_gcc.h ****   __ASM volatile ("MSR msplim, %0" : : "r" (MainStackPtrLimit));
 800:Drivers/CMSIS/Include/cmsis_gcc.h **** #endif
 801:Drivers/CMSIS/Include/cmsis_gcc.h **** }
 802:Drivers/CMSIS/Include/cmsis_gcc.h **** 
ARM GAS  C:\Users\a_hae\AppData\Local\Temp\ccQ76ath.s 			page 31


 803:Drivers/CMSIS/Include/cmsis_gcc.h **** 
 804:Drivers/CMSIS/Include/cmsis_gcc.h **** #if (defined (__ARM_FEATURE_CMSE  ) && (__ARM_FEATURE_CMSE   == 3))
 805:Drivers/CMSIS/Include/cmsis_gcc.h **** /**
 806:Drivers/CMSIS/Include/cmsis_gcc.h ****   \brief   Set Main Stack Pointer Limit (non-secure)
 807:Drivers/CMSIS/Include/cmsis_gcc.h ****   Devices without ARMv8-M Main Extensions (i.e. Cortex-M23) lack the non-secure
 808:Drivers/CMSIS/Include/cmsis_gcc.h ****   Stack Pointer Limit register hence the write is silently ignored.
 809:Drivers/CMSIS/Include/cmsis_gcc.h **** 
 810:Drivers/CMSIS/Include/cmsis_gcc.h ****   \details Assigns the given value to the non-secure Main Stack Pointer Limit (MSPLIM) when in secu
 811:Drivers/CMSIS/Include/cmsis_gcc.h ****   \param [in]    MainStackPtrLimit  Main Stack Pointer value to set
 812:Drivers/CMSIS/Include/cmsis_gcc.h ****  */
 813:Drivers/CMSIS/Include/cmsis_gcc.h **** __STATIC_FORCEINLINE void __TZ_set_MSPLIM_NS(uint32_t MainStackPtrLimit)
 814:Drivers/CMSIS/Include/cmsis_gcc.h **** {
 815:Drivers/CMSIS/Include/cmsis_gcc.h **** #if (!(defined (__ARM_ARCH_8M_MAIN__ ) && (__ARM_ARCH_8M_MAIN__ == 1)))
 816:Drivers/CMSIS/Include/cmsis_gcc.h ****   // without main extensions, the non-secure MSPLIM is RAZ/WI
 817:Drivers/CMSIS/Include/cmsis_gcc.h ****   (void)MainStackPtrLimit;
 818:Drivers/CMSIS/Include/cmsis_gcc.h **** #else
 819:Drivers/CMSIS/Include/cmsis_gcc.h ****   __ASM volatile ("MSR msplim_ns, %0" : : "r" (MainStackPtrLimit));
 820:Drivers/CMSIS/Include/cmsis_gcc.h **** #endif
 821:Drivers/CMSIS/Include/cmsis_gcc.h **** }
 822:Drivers/CMSIS/Include/cmsis_gcc.h **** #endif
 823:Drivers/CMSIS/Include/cmsis_gcc.h **** 
 824:Drivers/CMSIS/Include/cmsis_gcc.h **** #endif /* ((defined (__ARM_ARCH_8M_MAIN__ ) && (__ARM_ARCH_8M_MAIN__ == 1)) || \
 825:Drivers/CMSIS/Include/cmsis_gcc.h ****            (defined (__ARM_ARCH_8M_BASE__ ) && (__ARM_ARCH_8M_BASE__ == 1))    ) */
 826:Drivers/CMSIS/Include/cmsis_gcc.h **** 
 827:Drivers/CMSIS/Include/cmsis_gcc.h **** 
 828:Drivers/CMSIS/Include/cmsis_gcc.h **** /**
 829:Drivers/CMSIS/Include/cmsis_gcc.h ****   \brief   Get FPSCR
 830:Drivers/CMSIS/Include/cmsis_gcc.h ****   \details Returns the current value of the Floating Point Status/Control register.
 831:Drivers/CMSIS/Include/cmsis_gcc.h ****   \return               Floating Point Status/Control register value
 832:Drivers/CMSIS/Include/cmsis_gcc.h ****  */
 833:Drivers/CMSIS/Include/cmsis_gcc.h **** __STATIC_FORCEINLINE uint32_t __get_FPSCR(void)
 834:Drivers/CMSIS/Include/cmsis_gcc.h **** {
 835:Drivers/CMSIS/Include/cmsis_gcc.h **** #if ((defined (__FPU_PRESENT) && (__FPU_PRESENT == 1U)) && \
 836:Drivers/CMSIS/Include/cmsis_gcc.h ****      (defined (__FPU_USED   ) && (__FPU_USED    == 1U))     )
 837:Drivers/CMSIS/Include/cmsis_gcc.h **** #if __has_builtin(__builtin_arm_get_fpscr) 
 838:Drivers/CMSIS/Include/cmsis_gcc.h **** // Re-enable using built-in when GCC has been fixed
 839:Drivers/CMSIS/Include/cmsis_gcc.h **** // || (__GNUC__ > 7) || (__GNUC__ == 7 && __GNUC_MINOR__ >= 2)
 840:Drivers/CMSIS/Include/cmsis_gcc.h ****   /* see https://gcc.gnu.org/ml/gcc-patches/2017-04/msg00443.html */
 841:Drivers/CMSIS/Include/cmsis_gcc.h ****   return __builtin_arm_get_fpscr();
 842:Drivers/CMSIS/Include/cmsis_gcc.h **** #else
 843:Drivers/CMSIS/Include/cmsis_gcc.h ****   uint32_t result;
 844:Drivers/CMSIS/Include/cmsis_gcc.h **** 
 845:Drivers/CMSIS/Include/cmsis_gcc.h ****   __ASM volatile ("VMRS %0, fpscr" : "=r" (result) );
 846:Drivers/CMSIS/Include/cmsis_gcc.h ****   return(result);
 847:Drivers/CMSIS/Include/cmsis_gcc.h **** #endif
 848:Drivers/CMSIS/Include/cmsis_gcc.h **** #else
 849:Drivers/CMSIS/Include/cmsis_gcc.h ****   return(0U);
 850:Drivers/CMSIS/Include/cmsis_gcc.h **** #endif
 851:Drivers/CMSIS/Include/cmsis_gcc.h **** }
 852:Drivers/CMSIS/Include/cmsis_gcc.h **** 
 853:Drivers/CMSIS/Include/cmsis_gcc.h **** 
 854:Drivers/CMSIS/Include/cmsis_gcc.h **** /**
 855:Drivers/CMSIS/Include/cmsis_gcc.h ****   \brief   Set FPSCR
 856:Drivers/CMSIS/Include/cmsis_gcc.h ****   \details Assigns the given value to the Floating Point Status/Control register.
 857:Drivers/CMSIS/Include/cmsis_gcc.h ****   \param [in]    fpscr  Floating Point Status/Control value to set
 858:Drivers/CMSIS/Include/cmsis_gcc.h ****  */
 859:Drivers/CMSIS/Include/cmsis_gcc.h **** __STATIC_FORCEINLINE void __set_FPSCR(uint32_t fpscr)
ARM GAS  C:\Users\a_hae\AppData\Local\Temp\ccQ76ath.s 			page 32


 860:Drivers/CMSIS/Include/cmsis_gcc.h **** {
 861:Drivers/CMSIS/Include/cmsis_gcc.h **** #if ((defined (__FPU_PRESENT) && (__FPU_PRESENT == 1U)) && \
 862:Drivers/CMSIS/Include/cmsis_gcc.h ****      (defined (__FPU_USED   ) && (__FPU_USED    == 1U))     )
 863:Drivers/CMSIS/Include/cmsis_gcc.h **** #if __has_builtin(__builtin_arm_set_fpscr)
 864:Drivers/CMSIS/Include/cmsis_gcc.h **** // Re-enable using built-in when GCC has been fixed
 865:Drivers/CMSIS/Include/cmsis_gcc.h **** // || (__GNUC__ > 7) || (__GNUC__ == 7 && __GNUC_MINOR__ >= 2)
 866:Drivers/CMSIS/Include/cmsis_gcc.h ****   /* see https://gcc.gnu.org/ml/gcc-patches/2017-04/msg00443.html */
 867:Drivers/CMSIS/Include/cmsis_gcc.h ****   __builtin_arm_set_fpscr(fpscr);
 868:Drivers/CMSIS/Include/cmsis_gcc.h **** #else
 869:Drivers/CMSIS/Include/cmsis_gcc.h ****   __ASM volatile ("VMSR fpscr, %0" : : "r" (fpscr) : "vfpcc", "memory");
 870:Drivers/CMSIS/Include/cmsis_gcc.h **** #endif
 871:Drivers/CMSIS/Include/cmsis_gcc.h **** #else
 872:Drivers/CMSIS/Include/cmsis_gcc.h ****   (void)fpscr;
 873:Drivers/CMSIS/Include/cmsis_gcc.h **** #endif
 874:Drivers/CMSIS/Include/cmsis_gcc.h **** }
 875:Drivers/CMSIS/Include/cmsis_gcc.h **** 
 876:Drivers/CMSIS/Include/cmsis_gcc.h **** 
 877:Drivers/CMSIS/Include/cmsis_gcc.h **** /*@} end of CMSIS_Core_RegAccFunctions */
 878:Drivers/CMSIS/Include/cmsis_gcc.h **** 
 879:Drivers/CMSIS/Include/cmsis_gcc.h **** 
 880:Drivers/CMSIS/Include/cmsis_gcc.h **** /* ##########################  Core Instruction Access  ######################### */
 881:Drivers/CMSIS/Include/cmsis_gcc.h **** /** \defgroup CMSIS_Core_InstructionInterface CMSIS Core Instruction Interface
 882:Drivers/CMSIS/Include/cmsis_gcc.h ****   Access to dedicated instructions
 883:Drivers/CMSIS/Include/cmsis_gcc.h ****   @{
 884:Drivers/CMSIS/Include/cmsis_gcc.h **** */
 885:Drivers/CMSIS/Include/cmsis_gcc.h **** 
 886:Drivers/CMSIS/Include/cmsis_gcc.h **** /* Define macros for porting to both thumb1 and thumb2.
 887:Drivers/CMSIS/Include/cmsis_gcc.h ****  * For thumb1, use low register (r0-r7), specified by constraint "l"
 888:Drivers/CMSIS/Include/cmsis_gcc.h ****  * Otherwise, use general registers, specified by constraint "r" */
 889:Drivers/CMSIS/Include/cmsis_gcc.h **** #if defined (__thumb__) && !defined (__thumb2__)
 890:Drivers/CMSIS/Include/cmsis_gcc.h **** #define __CMSIS_GCC_OUT_REG(r) "=l" (r)
 891:Drivers/CMSIS/Include/cmsis_gcc.h **** #define __CMSIS_GCC_RW_REG(r) "+l" (r)
 892:Drivers/CMSIS/Include/cmsis_gcc.h **** #define __CMSIS_GCC_USE_REG(r) "l" (r)
 893:Drivers/CMSIS/Include/cmsis_gcc.h **** #else
 894:Drivers/CMSIS/Include/cmsis_gcc.h **** #define __CMSIS_GCC_OUT_REG(r) "=r" (r)
 895:Drivers/CMSIS/Include/cmsis_gcc.h **** #define __CMSIS_GCC_RW_REG(r) "+r" (r)
 896:Drivers/CMSIS/Include/cmsis_gcc.h **** #define __CMSIS_GCC_USE_REG(r) "r" (r)
 897:Drivers/CMSIS/Include/cmsis_gcc.h **** #endif
 898:Drivers/CMSIS/Include/cmsis_gcc.h **** 
 899:Drivers/CMSIS/Include/cmsis_gcc.h **** /**
 900:Drivers/CMSIS/Include/cmsis_gcc.h ****   \brief   No Operation
 901:Drivers/CMSIS/Include/cmsis_gcc.h ****   \details No Operation does nothing. This instruction can be used for code alignment purposes.
 902:Drivers/CMSIS/Include/cmsis_gcc.h ****  */
 903:Drivers/CMSIS/Include/cmsis_gcc.h **** #define __NOP()                             __ASM volatile ("nop")
 904:Drivers/CMSIS/Include/cmsis_gcc.h **** 
 905:Drivers/CMSIS/Include/cmsis_gcc.h **** /**
 906:Drivers/CMSIS/Include/cmsis_gcc.h ****   \brief   Wait For Interrupt
 907:Drivers/CMSIS/Include/cmsis_gcc.h ****   \details Wait For Interrupt is a hint instruction that suspends execution until one of a number o
 908:Drivers/CMSIS/Include/cmsis_gcc.h ****  */
 909:Drivers/CMSIS/Include/cmsis_gcc.h **** #define __WFI()                             __ASM volatile ("wfi")
 910:Drivers/CMSIS/Include/cmsis_gcc.h **** 
 911:Drivers/CMSIS/Include/cmsis_gcc.h **** 
 912:Drivers/CMSIS/Include/cmsis_gcc.h **** /**
 913:Drivers/CMSIS/Include/cmsis_gcc.h ****   \brief   Wait For Event
 914:Drivers/CMSIS/Include/cmsis_gcc.h ****   \details Wait For Event is a hint instruction that permits the processor to enter
 915:Drivers/CMSIS/Include/cmsis_gcc.h ****            a low-power state until one of a number of events occurs.
 916:Drivers/CMSIS/Include/cmsis_gcc.h ****  */
ARM GAS  C:\Users\a_hae\AppData\Local\Temp\ccQ76ath.s 			page 33


 917:Drivers/CMSIS/Include/cmsis_gcc.h **** #define __WFE()                             __ASM volatile ("wfe")
 918:Drivers/CMSIS/Include/cmsis_gcc.h **** 
 919:Drivers/CMSIS/Include/cmsis_gcc.h **** 
 920:Drivers/CMSIS/Include/cmsis_gcc.h **** /**
 921:Drivers/CMSIS/Include/cmsis_gcc.h ****   \brief   Send Event
 922:Drivers/CMSIS/Include/cmsis_gcc.h ****   \details Send Event is a hint instruction. It causes an event to be signaled to the CPU.
 923:Drivers/CMSIS/Include/cmsis_gcc.h ****  */
 924:Drivers/CMSIS/Include/cmsis_gcc.h **** #define __SEV()                             __ASM volatile ("sev")
 925:Drivers/CMSIS/Include/cmsis_gcc.h **** 
 926:Drivers/CMSIS/Include/cmsis_gcc.h **** 
 927:Drivers/CMSIS/Include/cmsis_gcc.h **** /**
 928:Drivers/CMSIS/Include/cmsis_gcc.h ****   \brief   Instruction Synchronization Barrier
 929:Drivers/CMSIS/Include/cmsis_gcc.h ****   \details Instruction Synchronization Barrier flushes the pipeline in the processor,
 930:Drivers/CMSIS/Include/cmsis_gcc.h ****            so that all instructions following the ISB are fetched from cache or memory,
 931:Drivers/CMSIS/Include/cmsis_gcc.h ****            after the instruction has been completed.
 932:Drivers/CMSIS/Include/cmsis_gcc.h ****  */
 933:Drivers/CMSIS/Include/cmsis_gcc.h **** __STATIC_FORCEINLINE void __ISB(void)
 934:Drivers/CMSIS/Include/cmsis_gcc.h **** {
 935:Drivers/CMSIS/Include/cmsis_gcc.h ****   __ASM volatile ("isb 0xF":::"memory");
 936:Drivers/CMSIS/Include/cmsis_gcc.h **** }
 937:Drivers/CMSIS/Include/cmsis_gcc.h **** 
 938:Drivers/CMSIS/Include/cmsis_gcc.h **** 
 939:Drivers/CMSIS/Include/cmsis_gcc.h **** /**
 940:Drivers/CMSIS/Include/cmsis_gcc.h ****   \brief   Data Synchronization Barrier
 941:Drivers/CMSIS/Include/cmsis_gcc.h ****   \details Acts as a special kind of Data Memory Barrier.
 942:Drivers/CMSIS/Include/cmsis_gcc.h ****            It completes when all explicit memory accesses before this instruction complete.
 943:Drivers/CMSIS/Include/cmsis_gcc.h ****  */
 944:Drivers/CMSIS/Include/cmsis_gcc.h **** __STATIC_FORCEINLINE void __DSB(void)
 945:Drivers/CMSIS/Include/cmsis_gcc.h **** {
 946:Drivers/CMSIS/Include/cmsis_gcc.h ****   __ASM volatile ("dsb 0xF":::"memory");
 129              		.loc 3 946 3
 130              		.syntax divided
 131              	@ 946 "Drivers/CMSIS/Include/cmsis_gcc.h" 1
 132 002a BFF34F8F 		dsb 0xF
 133              	@ 0 "" 2
 947:Drivers/CMSIS/Include/cmsis_gcc.h **** }
 134              		.loc 3 947 1
 135              		.thumb
 136              		.syntax unified
 137 002e C046     		nop
 138              	.LBE17:
 139              	.LBE16:
 140              	.LBB18:
 141              	.LBB19:
 935:Drivers/CMSIS/Include/cmsis_gcc.h **** }
 142              		.loc 3 935 3
 143              		.syntax divided
 144              	@ 935 "Drivers/CMSIS/Include/cmsis_gcc.h" 1
 145 0030 BFF36F8F 		isb 0xF
 146              	@ 0 "" 2
 936:Drivers/CMSIS/Include/cmsis_gcc.h **** 
 147              		.loc 3 936 1
 148              		.thumb
 149              		.syntax unified
 150 0034 C046     		nop
 151              	.L8:
 152              	.LBE19:
ARM GAS  C:\Users\a_hae\AppData\Local\Temp\ccQ76ath.s 			page 34


 153              	.LBE18:
 784:Drivers/CMSIS/Include/core_cm0plus.h ****     __DSB();
 785:Drivers/CMSIS/Include/core_cm0plus.h ****     __ISB();
 786:Drivers/CMSIS/Include/core_cm0plus.h ****   }
 787:Drivers/CMSIS/Include/core_cm0plus.h **** }
 154              		.loc 2 787 1
 155 0036 C046     		nop
 156 0038 BD46     		mov	sp, r7
 157 003a 02B0     		add	sp, sp, #8
 158              		@ sp needed
 159 003c 80BD     		pop	{r7, pc}
 160              	.L10:
 161 003e C046     		.align	2
 162              	.L9:
 163 0040 00E100E0 		.word	-536813312
 164              		.cfi_endproc
 165              	.LFE29:
 167              		.section	.text.__NVIC_GetPendingIRQ,"ax",%progbits
 168              		.align	1
 169              		.syntax unified
 170              		.code	16
 171              		.thumb_func
 173              	__NVIC_GetPendingIRQ:
 174              	.LFB30:
 788:Drivers/CMSIS/Include/core_cm0plus.h **** 
 789:Drivers/CMSIS/Include/core_cm0plus.h **** 
 790:Drivers/CMSIS/Include/core_cm0plus.h **** /**
 791:Drivers/CMSIS/Include/core_cm0plus.h ****   \brief   Get Pending Interrupt
 792:Drivers/CMSIS/Include/core_cm0plus.h ****   \details Reads the NVIC pending register and returns the pending bit for the specified device spe
 793:Drivers/CMSIS/Include/core_cm0plus.h ****   \param [in]      IRQn  Device specific interrupt number.
 794:Drivers/CMSIS/Include/core_cm0plus.h ****   \return             0  Interrupt status is not pending.
 795:Drivers/CMSIS/Include/core_cm0plus.h ****   \return             1  Interrupt status is pending.
 796:Drivers/CMSIS/Include/core_cm0plus.h ****   \note    IRQn must not be negative.
 797:Drivers/CMSIS/Include/core_cm0plus.h ****  */
 798:Drivers/CMSIS/Include/core_cm0plus.h **** __STATIC_INLINE uint32_t __NVIC_GetPendingIRQ(IRQn_Type IRQn)
 799:Drivers/CMSIS/Include/core_cm0plus.h **** {
 175              		.loc 2 799 1
 176              		.cfi_startproc
 177              		@ args = 0, pretend = 0, frame = 8
 178              		@ frame_needed = 1, uses_anonymous_args = 0
 179 0000 80B5     		push	{r7, lr}
 180              	.LCFI6:
 181              		.cfi_def_cfa_offset 8
 182              		.cfi_offset 7, -8
 183              		.cfi_offset 14, -4
 184 0002 82B0     		sub	sp, sp, #8
 185              	.LCFI7:
 186              		.cfi_def_cfa_offset 16
 187 0004 00AF     		add	r7, sp, #0
 188              	.LCFI8:
 189              		.cfi_def_cfa_register 7
 190 0006 0200     		movs	r2, r0
 191 0008 FB1D     		adds	r3, r7, #7
 192 000a 1A70     		strb	r2, [r3]
 800:Drivers/CMSIS/Include/core_cm0plus.h ****   if ((int32_t)(IRQn) >= 0)
 193              		.loc 2 800 6
 194 000c FB1D     		adds	r3, r7, #7
ARM GAS  C:\Users\a_hae\AppData\Local\Temp\ccQ76ath.s 			page 35


 195 000e 1B78     		ldrb	r3, [r3]
 196 0010 7F2B     		cmp	r3, #127
 197 0012 0DD8     		bhi	.L12
 801:Drivers/CMSIS/Include/core_cm0plus.h ****   {
 802:Drivers/CMSIS/Include/core_cm0plus.h ****     return((uint32_t)(((NVIC->ISPR[0U] & (1UL << (((uint32_t)IRQn) & 0x1FUL))) != 0UL) ? 1UL : 0UL)
 198              		.loc 2 802 29
 199 0014 094A     		ldr	r2, .L14
 200              		.loc 2 802 35
 201 0016 8023     		movs	r3, #128
 202 0018 5B00     		lsls	r3, r3, #1
 203 001a D258     		ldr	r2, [r2, r3]
 204              		.loc 2 802 68
 205 001c FB1D     		adds	r3, r7, #7
 206 001e 1B78     		ldrb	r3, [r3]
 207 0020 1900     		movs	r1, r3
 208 0022 1F23     		movs	r3, #31
 209 0024 0B40     		ands	r3, r1
 210              		.loc 2 802 80
 211 0026 DA40     		lsrs	r2, r2, r3
 212 0028 1300     		movs	r3, r2
 213              		.loc 2 802 12
 214 002a 0122     		movs	r2, #1
 215 002c 1340     		ands	r3, r2
 216 002e 00E0     		b	.L13
 217              	.L12:
 803:Drivers/CMSIS/Include/core_cm0plus.h ****   }
 804:Drivers/CMSIS/Include/core_cm0plus.h ****   else
 805:Drivers/CMSIS/Include/core_cm0plus.h ****   {
 806:Drivers/CMSIS/Include/core_cm0plus.h ****     return(0U);
 218              		.loc 2 806 11
 219 0030 0023     		movs	r3, #0
 220              	.L13:
 807:Drivers/CMSIS/Include/core_cm0plus.h ****   }
 808:Drivers/CMSIS/Include/core_cm0plus.h **** }
 221              		.loc 2 808 1
 222 0032 1800     		movs	r0, r3
 223 0034 BD46     		mov	sp, r7
 224 0036 02B0     		add	sp, sp, #8
 225              		@ sp needed
 226 0038 80BD     		pop	{r7, pc}
 227              	.L15:
 228 003a C046     		.align	2
 229              	.L14:
 230 003c 00E100E0 		.word	-536813312
 231              		.cfi_endproc
 232              	.LFE30:
 234              		.section	.text.__NVIC_SetPendingIRQ,"ax",%progbits
 235              		.align	1
 236              		.syntax unified
 237              		.code	16
 238              		.thumb_func
 240              	__NVIC_SetPendingIRQ:
 241              	.LFB31:
 809:Drivers/CMSIS/Include/core_cm0plus.h **** 
 810:Drivers/CMSIS/Include/core_cm0plus.h **** 
 811:Drivers/CMSIS/Include/core_cm0plus.h **** /**
 812:Drivers/CMSIS/Include/core_cm0plus.h ****   \brief   Set Pending Interrupt
ARM GAS  C:\Users\a_hae\AppData\Local\Temp\ccQ76ath.s 			page 36


 813:Drivers/CMSIS/Include/core_cm0plus.h ****   \details Sets the pending bit of a device specific interrupt in the NVIC pending register.
 814:Drivers/CMSIS/Include/core_cm0plus.h ****   \param [in]      IRQn  Device specific interrupt number.
 815:Drivers/CMSIS/Include/core_cm0plus.h ****   \note    IRQn must not be negative.
 816:Drivers/CMSIS/Include/core_cm0plus.h ****  */
 817:Drivers/CMSIS/Include/core_cm0plus.h **** __STATIC_INLINE void __NVIC_SetPendingIRQ(IRQn_Type IRQn)
 818:Drivers/CMSIS/Include/core_cm0plus.h **** {
 242              		.loc 2 818 1
 243              		.cfi_startproc
 244              		@ args = 0, pretend = 0, frame = 8
 245              		@ frame_needed = 1, uses_anonymous_args = 0
 246 0000 80B5     		push	{r7, lr}
 247              	.LCFI9:
 248              		.cfi_def_cfa_offset 8
 249              		.cfi_offset 7, -8
 250              		.cfi_offset 14, -4
 251 0002 82B0     		sub	sp, sp, #8
 252              	.LCFI10:
 253              		.cfi_def_cfa_offset 16
 254 0004 00AF     		add	r7, sp, #0
 255              	.LCFI11:
 256              		.cfi_def_cfa_register 7
 257 0006 0200     		movs	r2, r0
 258 0008 FB1D     		adds	r3, r7, #7
 259 000a 1A70     		strb	r2, [r3]
 819:Drivers/CMSIS/Include/core_cm0plus.h ****   if ((int32_t)(IRQn) >= 0)
 260              		.loc 2 819 6
 261 000c FB1D     		adds	r3, r7, #7
 262 000e 1B78     		ldrb	r3, [r3]
 263 0010 7F2B     		cmp	r3, #127
 264 0012 0AD8     		bhi	.L18
 820:Drivers/CMSIS/Include/core_cm0plus.h ****   {
 821:Drivers/CMSIS/Include/core_cm0plus.h ****     NVIC->ISPR[0U] = (uint32_t)(1UL << (((uint32_t)IRQn) & 0x1FUL));
 265              		.loc 2 821 58
 266 0014 FB1D     		adds	r3, r7, #7
 267 0016 1B78     		ldrb	r3, [r3]
 268 0018 1A00     		movs	r2, r3
 269 001a 1F23     		movs	r3, #31
 270 001c 1340     		ands	r3, r2
 271              		.loc 2 821 9
 272 001e 0549     		ldr	r1, .L19
 273              		.loc 2 821 22
 274 0020 0122     		movs	r2, #1
 275 0022 9A40     		lsls	r2, r2, r3
 276              		.loc 2 821 20
 277 0024 8023     		movs	r3, #128
 278 0026 5B00     		lsls	r3, r3, #1
 279 0028 CA50     		str	r2, [r1, r3]
 280              	.L18:
 822:Drivers/CMSIS/Include/core_cm0plus.h ****   }
 823:Drivers/CMSIS/Include/core_cm0plus.h **** }
 281              		.loc 2 823 1
 282 002a C046     		nop
 283 002c BD46     		mov	sp, r7
 284 002e 02B0     		add	sp, sp, #8
 285              		@ sp needed
 286 0030 80BD     		pop	{r7, pc}
 287              	.L20:
ARM GAS  C:\Users\a_hae\AppData\Local\Temp\ccQ76ath.s 			page 37


 288 0032 C046     		.align	2
 289              	.L19:
 290 0034 00E100E0 		.word	-536813312
 291              		.cfi_endproc
 292              	.LFE31:
 294              		.section	.text.__NVIC_ClearPendingIRQ,"ax",%progbits
 295              		.align	1
 296              		.syntax unified
 297              		.code	16
 298              		.thumb_func
 300              	__NVIC_ClearPendingIRQ:
 301              	.LFB32:
 824:Drivers/CMSIS/Include/core_cm0plus.h **** 
 825:Drivers/CMSIS/Include/core_cm0plus.h **** 
 826:Drivers/CMSIS/Include/core_cm0plus.h **** /**
 827:Drivers/CMSIS/Include/core_cm0plus.h ****   \brief   Clear Pending Interrupt
 828:Drivers/CMSIS/Include/core_cm0plus.h ****   \details Clears the pending bit of a device specific interrupt in the NVIC pending register.
 829:Drivers/CMSIS/Include/core_cm0plus.h ****   \param [in]      IRQn  Device specific interrupt number.
 830:Drivers/CMSIS/Include/core_cm0plus.h ****   \note    IRQn must not be negative.
 831:Drivers/CMSIS/Include/core_cm0plus.h ****  */
 832:Drivers/CMSIS/Include/core_cm0plus.h **** __STATIC_INLINE void __NVIC_ClearPendingIRQ(IRQn_Type IRQn)
 833:Drivers/CMSIS/Include/core_cm0plus.h **** {
 302              		.loc 2 833 1
 303              		.cfi_startproc
 304              		@ args = 0, pretend = 0, frame = 8
 305              		@ frame_needed = 1, uses_anonymous_args = 0
 306 0000 80B5     		push	{r7, lr}
 307              	.LCFI12:
 308              		.cfi_def_cfa_offset 8
 309              		.cfi_offset 7, -8
 310              		.cfi_offset 14, -4
 311 0002 82B0     		sub	sp, sp, #8
 312              	.LCFI13:
 313              		.cfi_def_cfa_offset 16
 314 0004 00AF     		add	r7, sp, #0
 315              	.LCFI14:
 316              		.cfi_def_cfa_register 7
 317 0006 0200     		movs	r2, r0
 318 0008 FB1D     		adds	r3, r7, #7
 319 000a 1A70     		strb	r2, [r3]
 834:Drivers/CMSIS/Include/core_cm0plus.h ****   if ((int32_t)(IRQn) >= 0)
 320              		.loc 2 834 6
 321 000c FB1D     		adds	r3, r7, #7
 322 000e 1B78     		ldrb	r3, [r3]
 323 0010 7F2B     		cmp	r3, #127
 324 0012 0AD8     		bhi	.L23
 835:Drivers/CMSIS/Include/core_cm0plus.h ****   {
 836:Drivers/CMSIS/Include/core_cm0plus.h ****     NVIC->ICPR[0U] = (uint32_t)(1UL << (((uint32_t)IRQn) & 0x1FUL));
 325              		.loc 2 836 58
 326 0014 FB1D     		adds	r3, r7, #7
 327 0016 1B78     		ldrb	r3, [r3]
 328 0018 1A00     		movs	r2, r3
 329 001a 1F23     		movs	r3, #31
 330 001c 1340     		ands	r3, r2
 331              		.loc 2 836 9
 332 001e 0549     		ldr	r1, .L24
 333              		.loc 2 836 22
ARM GAS  C:\Users\a_hae\AppData\Local\Temp\ccQ76ath.s 			page 38


 334 0020 0122     		movs	r2, #1
 335 0022 9A40     		lsls	r2, r2, r3
 336              		.loc 2 836 20
 337 0024 C023     		movs	r3, #192
 338 0026 5B00     		lsls	r3, r3, #1
 339 0028 CA50     		str	r2, [r1, r3]
 340              	.L23:
 837:Drivers/CMSIS/Include/core_cm0plus.h ****   }
 838:Drivers/CMSIS/Include/core_cm0plus.h **** }
 341              		.loc 2 838 1
 342 002a C046     		nop
 343 002c BD46     		mov	sp, r7
 344 002e 02B0     		add	sp, sp, #8
 345              		@ sp needed
 346 0030 80BD     		pop	{r7, pc}
 347              	.L25:
 348 0032 C046     		.align	2
 349              	.L24:
 350 0034 00E100E0 		.word	-536813312
 351              		.cfi_endproc
 352              	.LFE32:
 354              		.section	.text.__NVIC_SetPriority,"ax",%progbits
 355              		.align	1
 356              		.syntax unified
 357              		.code	16
 358              		.thumb_func
 360              	__NVIC_SetPriority:
 361              	.LFB33:
 839:Drivers/CMSIS/Include/core_cm0plus.h **** 
 840:Drivers/CMSIS/Include/core_cm0plus.h **** 
 841:Drivers/CMSIS/Include/core_cm0plus.h **** /**
 842:Drivers/CMSIS/Include/core_cm0plus.h ****   \brief   Set Interrupt Priority
 843:Drivers/CMSIS/Include/core_cm0plus.h ****   \details Sets the priority of a device specific interrupt or a processor exception.
 844:Drivers/CMSIS/Include/core_cm0plus.h ****            The interrupt number can be positive to specify a device specific interrupt,
 845:Drivers/CMSIS/Include/core_cm0plus.h ****            or negative to specify a processor exception.
 846:Drivers/CMSIS/Include/core_cm0plus.h ****   \param [in]      IRQn  Interrupt number.
 847:Drivers/CMSIS/Include/core_cm0plus.h ****   \param [in]  priority  Priority to set.
 848:Drivers/CMSIS/Include/core_cm0plus.h ****   \note    The priority cannot be set for every processor exception.
 849:Drivers/CMSIS/Include/core_cm0plus.h ****  */
 850:Drivers/CMSIS/Include/core_cm0plus.h **** __STATIC_INLINE void __NVIC_SetPriority(IRQn_Type IRQn, uint32_t priority)
 851:Drivers/CMSIS/Include/core_cm0plus.h **** {
 362              		.loc 2 851 1
 363              		.cfi_startproc
 364              		@ args = 0, pretend = 0, frame = 8
 365              		@ frame_needed = 1, uses_anonymous_args = 0
 366 0000 90B5     		push	{r4, r7, lr}
 367              	.LCFI15:
 368              		.cfi_def_cfa_offset 12
 369              		.cfi_offset 4, -12
 370              		.cfi_offset 7, -8
 371              		.cfi_offset 14, -4
 372 0002 83B0     		sub	sp, sp, #12
 373              	.LCFI16:
 374              		.cfi_def_cfa_offset 24
 375 0004 00AF     		add	r7, sp, #0
 376              	.LCFI17:
 377              		.cfi_def_cfa_register 7
ARM GAS  C:\Users\a_hae\AppData\Local\Temp\ccQ76ath.s 			page 39


 378 0006 0200     		movs	r2, r0
 379 0008 3960     		str	r1, [r7]
 380 000a FB1D     		adds	r3, r7, #7
 381 000c 1A70     		strb	r2, [r3]
 852:Drivers/CMSIS/Include/core_cm0plus.h ****   if ((int32_t)(IRQn) >= 0)
 382              		.loc 2 852 6
 383 000e FB1D     		adds	r3, r7, #7
 384 0010 1B78     		ldrb	r3, [r3]
 385 0012 7F2B     		cmp	r3, #127
 386 0014 28D8     		bhi	.L27
 853:Drivers/CMSIS/Include/core_cm0plus.h ****   {
 854:Drivers/CMSIS/Include/core_cm0plus.h ****     NVIC->IP[_IP_IDX(IRQn)]  = ((uint32_t)(NVIC->IP[_IP_IDX(IRQn)]  & ~(0xFFUL << _BIT_SHIFT(IRQn))
 387              		.loc 2 854 48
 388 0016 2F4A     		ldr	r2, .L30
 389              		.loc 2 854 53
 390 0018 FB1D     		adds	r3, r7, #7
 391 001a 1B78     		ldrb	r3, [r3]
 392 001c 5BB2     		sxtb	r3, r3
 393 001e 9B08     		lsrs	r3, r3, #2
 394              		.loc 2 854 52
 395 0020 C033     		adds	r3, r3, #192
 396 0022 9B00     		lsls	r3, r3, #2
 397 0024 9B58     		ldr	r3, [r3, r2]
 398              		.loc 2 854 83
 399 0026 FA1D     		adds	r2, r7, #7
 400 0028 1278     		ldrb	r2, [r2]
 401 002a 1100     		movs	r1, r2
 402 002c 0322     		movs	r2, #3
 403 002e 0A40     		ands	r2, r1
 404 0030 D200     		lsls	r2, r2, #3
 405              		.loc 2 854 80
 406 0032 FF21     		movs	r1, #255
 407 0034 9140     		lsls	r1, r1, r2
 408 0036 0A00     		movs	r2, r1
 409              		.loc 2 854 71
 410 0038 D243     		mvns	r2, r2
 411              		.loc 2 854 33
 412 003a 1A40     		ands	r2, r3
 413 003c 1100     		movs	r1, r2
 855:Drivers/CMSIS/Include/core_cm0plus.h ****        (((priority << (8U - __NVIC_PRIO_BITS)) & (uint32_t)0xFFUL) << _BIT_SHIFT(IRQn)));
 414              		.loc 2 855 20
 415 003e 3B68     		ldr	r3, [r7]
 416 0040 9B01     		lsls	r3, r3, #6
 417              		.loc 2 855 48
 418 0042 FF22     		movs	r2, #255
 419 0044 1A40     		ands	r2, r3
 420              		.loc 2 855 71
 421 0046 FB1D     		adds	r3, r7, #7
 422 0048 1B78     		ldrb	r3, [r3]
 423 004a 1800     		movs	r0, r3
 424 004c 0323     		movs	r3, #3
 425 004e 0340     		ands	r3, r0
 426 0050 DB00     		lsls	r3, r3, #3
 427              		.loc 2 855 68
 428 0052 9A40     		lsls	r2, r2, r3
 854:Drivers/CMSIS/Include/core_cm0plus.h ****        (((priority << (8U - __NVIC_PRIO_BITS)) & (uint32_t)0xFFUL) << _BIT_SHIFT(IRQn)));
 429              		.loc 2 854 9
ARM GAS  C:\Users\a_hae\AppData\Local\Temp\ccQ76ath.s 			page 40


 430 0054 1F48     		ldr	r0, .L30
 854:Drivers/CMSIS/Include/core_cm0plus.h ****        (((priority << (8U - __NVIC_PRIO_BITS)) & (uint32_t)0xFFUL) << _BIT_SHIFT(IRQn)));
 431              		.loc 2 854 14
 432 0056 FB1D     		adds	r3, r7, #7
 433 0058 1B78     		ldrb	r3, [r3]
 434 005a 5BB2     		sxtb	r3, r3
 435 005c 9B08     		lsrs	r3, r3, #2
 854:Drivers/CMSIS/Include/core_cm0plus.h ****        (((priority << (8U - __NVIC_PRIO_BITS)) & (uint32_t)0xFFUL) << _BIT_SHIFT(IRQn)));
 436              		.loc 2 854 102
 437 005e 0A43     		orrs	r2, r1
 854:Drivers/CMSIS/Include/core_cm0plus.h ****        (((priority << (8U - __NVIC_PRIO_BITS)) & (uint32_t)0xFFUL) << _BIT_SHIFT(IRQn)));
 438              		.loc 2 854 30
 439 0060 C033     		adds	r3, r3, #192
 440 0062 9B00     		lsls	r3, r3, #2
 441 0064 1A50     		str	r2, [r3, r0]
 856:Drivers/CMSIS/Include/core_cm0plus.h ****   }
 857:Drivers/CMSIS/Include/core_cm0plus.h ****   else
 858:Drivers/CMSIS/Include/core_cm0plus.h ****   {
 859:Drivers/CMSIS/Include/core_cm0plus.h ****     SCB->SHP[_SHP_IDX(IRQn)] = ((uint32_t)(SCB->SHP[_SHP_IDX(IRQn)] & ~(0xFFUL << _BIT_SHIFT(IRQn))
 860:Drivers/CMSIS/Include/core_cm0plus.h ****        (((priority << (8U - __NVIC_PRIO_BITS)) & (uint32_t)0xFFUL) << _BIT_SHIFT(IRQn)));
 861:Drivers/CMSIS/Include/core_cm0plus.h ****   }
 862:Drivers/CMSIS/Include/core_cm0plus.h **** }
 442              		.loc 2 862 1
 443 0066 31E0     		b	.L29
 444              	.L27:
 859:Drivers/CMSIS/Include/core_cm0plus.h ****        (((priority << (8U - __NVIC_PRIO_BITS)) & (uint32_t)0xFFUL) << _BIT_SHIFT(IRQn)));
 445              		.loc 2 859 47
 446 0068 1B4A     		ldr	r2, .L30+4
 859:Drivers/CMSIS/Include/core_cm0plus.h ****        (((priority << (8U - __NVIC_PRIO_BITS)) & (uint32_t)0xFFUL) << _BIT_SHIFT(IRQn)));
 447              		.loc 2 859 53
 448 006a FB1D     		adds	r3, r7, #7
 449 006c 1B78     		ldrb	r3, [r3]
 450 006e 1900     		movs	r1, r3
 451 0070 0F23     		movs	r3, #15
 452 0072 0B40     		ands	r3, r1
 453 0074 083B     		subs	r3, r3, #8
 454 0076 9B08     		lsrs	r3, r3, #2
 859:Drivers/CMSIS/Include/core_cm0plus.h ****        (((priority << (8U - __NVIC_PRIO_BITS)) & (uint32_t)0xFFUL) << _BIT_SHIFT(IRQn)));
 455              		.loc 2 859 52
 456 0078 0633     		adds	r3, r3, #6
 457 007a 9B00     		lsls	r3, r3, #2
 458 007c D318     		adds	r3, r2, r3
 459 007e 0433     		adds	r3, r3, #4
 460 0080 1B68     		ldr	r3, [r3]
 859:Drivers/CMSIS/Include/core_cm0plus.h ****        (((priority << (8U - __NVIC_PRIO_BITS)) & (uint32_t)0xFFUL) << _BIT_SHIFT(IRQn)));
 461              		.loc 2 859 83
 462 0082 FA1D     		adds	r2, r7, #7
 463 0084 1278     		ldrb	r2, [r2]
 464 0086 1100     		movs	r1, r2
 465 0088 0322     		movs	r2, #3
 466 008a 0A40     		ands	r2, r1
 467 008c D200     		lsls	r2, r2, #3
 859:Drivers/CMSIS/Include/core_cm0plus.h ****        (((priority << (8U - __NVIC_PRIO_BITS)) & (uint32_t)0xFFUL) << _BIT_SHIFT(IRQn)));
 468              		.loc 2 859 80
 469 008e FF21     		movs	r1, #255
 470 0090 9140     		lsls	r1, r1, r2
 471 0092 0A00     		movs	r2, r1
ARM GAS  C:\Users\a_hae\AppData\Local\Temp\ccQ76ath.s 			page 41


 859:Drivers/CMSIS/Include/core_cm0plus.h ****        (((priority << (8U - __NVIC_PRIO_BITS)) & (uint32_t)0xFFUL) << _BIT_SHIFT(IRQn)));
 472              		.loc 2 859 71
 473 0094 D243     		mvns	r2, r2
 859:Drivers/CMSIS/Include/core_cm0plus.h ****        (((priority << (8U - __NVIC_PRIO_BITS)) & (uint32_t)0xFFUL) << _BIT_SHIFT(IRQn)));
 474              		.loc 2 859 33
 475 0096 1A40     		ands	r2, r3
 476 0098 1100     		movs	r1, r2
 860:Drivers/CMSIS/Include/core_cm0plus.h ****   }
 477              		.loc 2 860 20
 478 009a 3B68     		ldr	r3, [r7]
 479 009c 9B01     		lsls	r3, r3, #6
 860:Drivers/CMSIS/Include/core_cm0plus.h ****   }
 480              		.loc 2 860 48
 481 009e FF22     		movs	r2, #255
 482 00a0 1A40     		ands	r2, r3
 860:Drivers/CMSIS/Include/core_cm0plus.h ****   }
 483              		.loc 2 860 71
 484 00a2 FB1D     		adds	r3, r7, #7
 485 00a4 1B78     		ldrb	r3, [r3]
 486 00a6 1800     		movs	r0, r3
 487 00a8 0323     		movs	r3, #3
 488 00aa 0340     		ands	r3, r0
 489 00ac DB00     		lsls	r3, r3, #3
 860:Drivers/CMSIS/Include/core_cm0plus.h ****   }
 490              		.loc 2 860 68
 491 00ae 9A40     		lsls	r2, r2, r3
 859:Drivers/CMSIS/Include/core_cm0plus.h ****        (((priority << (8U - __NVIC_PRIO_BITS)) & (uint32_t)0xFFUL) << _BIT_SHIFT(IRQn)));
 492              		.loc 2 859 8
 493 00b0 0948     		ldr	r0, .L30+4
 859:Drivers/CMSIS/Include/core_cm0plus.h ****        (((priority << (8U - __NVIC_PRIO_BITS)) & (uint32_t)0xFFUL) << _BIT_SHIFT(IRQn)));
 494              		.loc 2 859 14
 495 00b2 FB1D     		adds	r3, r7, #7
 496 00b4 1B78     		ldrb	r3, [r3]
 497 00b6 1C00     		movs	r4, r3
 498 00b8 0F23     		movs	r3, #15
 499 00ba 2340     		ands	r3, r4
 500 00bc 083B     		subs	r3, r3, #8
 501 00be 9B08     		lsrs	r3, r3, #2
 859:Drivers/CMSIS/Include/core_cm0plus.h ****        (((priority << (8U - __NVIC_PRIO_BITS)) & (uint32_t)0xFFUL) << _BIT_SHIFT(IRQn)));
 502              		.loc 2 859 102
 503 00c0 0A43     		orrs	r2, r1
 859:Drivers/CMSIS/Include/core_cm0plus.h ****        (((priority << (8U - __NVIC_PRIO_BITS)) & (uint32_t)0xFFUL) << _BIT_SHIFT(IRQn)));
 504              		.loc 2 859 30
 505 00c2 0633     		adds	r3, r3, #6
 506 00c4 9B00     		lsls	r3, r3, #2
 507 00c6 C318     		adds	r3, r0, r3
 508 00c8 0433     		adds	r3, r3, #4
 509 00ca 1A60     		str	r2, [r3]
 510              	.L29:
 511              		.loc 2 862 1
 512 00cc C046     		nop
 513 00ce BD46     		mov	sp, r7
 514 00d0 03B0     		add	sp, sp, #12
 515              		@ sp needed
 516 00d2 90BD     		pop	{r4, r7, pc}
 517              	.L31:
 518              		.align	2
ARM GAS  C:\Users\a_hae\AppData\Local\Temp\ccQ76ath.s 			page 42


 519              	.L30:
 520 00d4 00E100E0 		.word	-536813312
 521 00d8 00ED00E0 		.word	-536810240
 522              		.cfi_endproc
 523              	.LFE33:
 525              		.section	.text.__NVIC_GetPriority,"ax",%progbits
 526              		.align	1
 527              		.syntax unified
 528              		.code	16
 529              		.thumb_func
 531              	__NVIC_GetPriority:
 532              	.LFB34:
 863:Drivers/CMSIS/Include/core_cm0plus.h **** 
 864:Drivers/CMSIS/Include/core_cm0plus.h **** 
 865:Drivers/CMSIS/Include/core_cm0plus.h **** /**
 866:Drivers/CMSIS/Include/core_cm0plus.h ****   \brief   Get Interrupt Priority
 867:Drivers/CMSIS/Include/core_cm0plus.h ****   \details Reads the priority of a device specific interrupt or a processor exception.
 868:Drivers/CMSIS/Include/core_cm0plus.h ****            The interrupt number can be positive to specify a device specific interrupt,
 869:Drivers/CMSIS/Include/core_cm0plus.h ****            or negative to specify a processor exception.
 870:Drivers/CMSIS/Include/core_cm0plus.h ****   \param [in]   IRQn  Interrupt number.
 871:Drivers/CMSIS/Include/core_cm0plus.h ****   \return             Interrupt Priority.
 872:Drivers/CMSIS/Include/core_cm0plus.h ****                       Value is aligned automatically to the implemented priority bits of the microc
 873:Drivers/CMSIS/Include/core_cm0plus.h ****  */
 874:Drivers/CMSIS/Include/core_cm0plus.h **** __STATIC_INLINE uint32_t __NVIC_GetPriority(IRQn_Type IRQn)
 875:Drivers/CMSIS/Include/core_cm0plus.h **** {
 533              		.loc 2 875 1
 534              		.cfi_startproc
 535              		@ args = 0, pretend = 0, frame = 8
 536              		@ frame_needed = 1, uses_anonymous_args = 0
 537 0000 80B5     		push	{r7, lr}
 538              	.LCFI18:
 539              		.cfi_def_cfa_offset 8
 540              		.cfi_offset 7, -8
 541              		.cfi_offset 14, -4
 542 0002 82B0     		sub	sp, sp, #8
 543              	.LCFI19:
 544              		.cfi_def_cfa_offset 16
 545 0004 00AF     		add	r7, sp, #0
 546              	.LCFI20:
 547              		.cfi_def_cfa_register 7
 548 0006 0200     		movs	r2, r0
 549 0008 FB1D     		adds	r3, r7, #7
 550 000a 1A70     		strb	r2, [r3]
 876:Drivers/CMSIS/Include/core_cm0plus.h **** 
 877:Drivers/CMSIS/Include/core_cm0plus.h ****   if ((int32_t)(IRQn) >= 0)
 551              		.loc 2 877 6
 552 000c FB1D     		adds	r3, r7, #7
 553 000e 1B78     		ldrb	r3, [r3]
 554 0010 7F2B     		cmp	r3, #127
 555 0012 13D8     		bhi	.L33
 878:Drivers/CMSIS/Include/core_cm0plus.h ****   {
 879:Drivers/CMSIS/Include/core_cm0plus.h ****     return((uint32_t)(((NVIC->IP[ _IP_IDX(IRQn)] >> _BIT_SHIFT(IRQn) ) & (uint32_t)0xFFUL) >> (8U -
 556              		.loc 2 879 29
 557 0014 174A     		ldr	r2, .L35
 558              		.loc 2 879 35
 559 0016 FB1D     		adds	r3, r7, #7
 560 0018 1B78     		ldrb	r3, [r3]
ARM GAS  C:\Users\a_hae\AppData\Local\Temp\ccQ76ath.s 			page 43


 561 001a 5BB2     		sxtb	r3, r3
 562 001c 9B08     		lsrs	r3, r3, #2
 563              		.loc 2 879 33
 564 001e C033     		adds	r3, r3, #192
 565 0020 9B00     		lsls	r3, r3, #2
 566 0022 9A58     		ldr	r2, [r3, r2]
 567              		.loc 2 879 53
 568 0024 FB1D     		adds	r3, r7, #7
 569 0026 1B78     		ldrb	r3, [r3]
 570 0028 1900     		movs	r1, r3
 571 002a 0323     		movs	r3, #3
 572 002c 0B40     		ands	r3, r1
 573 002e DB00     		lsls	r3, r3, #3
 574              		.loc 2 879 50
 575 0030 DA40     		lsrs	r2, r2, r3
 576 0032 1300     		movs	r3, r2
 577              		.loc 2 879 12
 578 0034 9B09     		lsrs	r3, r3, #6
 579 0036 0322     		movs	r2, #3
 580 0038 1340     		ands	r3, r2
 581 003a 17E0     		b	.L34
 582              	.L33:
 880:Drivers/CMSIS/Include/core_cm0plus.h ****   }
 881:Drivers/CMSIS/Include/core_cm0plus.h ****   else
 882:Drivers/CMSIS/Include/core_cm0plus.h ****   {
 883:Drivers/CMSIS/Include/core_cm0plus.h ****     return((uint32_t)(((SCB->SHP[_SHP_IDX(IRQn)] >> _BIT_SHIFT(IRQn) ) & (uint32_t)0xFFUL) >> (8U -
 583              		.loc 2 883 28
 584 003c 0E4A     		ldr	r2, .L35+4
 585              		.loc 2 883 34
 586 003e FB1D     		adds	r3, r7, #7
 587 0040 1B78     		ldrb	r3, [r3]
 588 0042 1900     		movs	r1, r3
 589 0044 0F23     		movs	r3, #15
 590 0046 0B40     		ands	r3, r1
 591 0048 083B     		subs	r3, r3, #8
 592 004a 9B08     		lsrs	r3, r3, #2
 593              		.loc 2 883 33
 594 004c 0633     		adds	r3, r3, #6
 595 004e 9B00     		lsls	r3, r3, #2
 596 0050 D318     		adds	r3, r2, r3
 597 0052 0433     		adds	r3, r3, #4
 598 0054 1A68     		ldr	r2, [r3]
 599              		.loc 2 883 53
 600 0056 FB1D     		adds	r3, r7, #7
 601 0058 1B78     		ldrb	r3, [r3]
 602 005a 1900     		movs	r1, r3
 603 005c 0323     		movs	r3, #3
 604 005e 0B40     		ands	r3, r1
 605 0060 DB00     		lsls	r3, r3, #3
 606              		.loc 2 883 50
 607 0062 DA40     		lsrs	r2, r2, r3
 608 0064 1300     		movs	r3, r2
 609              		.loc 2 883 12
 610 0066 9B09     		lsrs	r3, r3, #6
 611 0068 0322     		movs	r2, #3
 612 006a 1340     		ands	r3, r2
 613              	.L34:
ARM GAS  C:\Users\a_hae\AppData\Local\Temp\ccQ76ath.s 			page 44


 884:Drivers/CMSIS/Include/core_cm0plus.h ****   }
 885:Drivers/CMSIS/Include/core_cm0plus.h **** }
 614              		.loc 2 885 1
 615 006c 1800     		movs	r0, r3
 616 006e BD46     		mov	sp, r7
 617 0070 02B0     		add	sp, sp, #8
 618              		@ sp needed
 619 0072 80BD     		pop	{r7, pc}
 620              	.L36:
 621              		.align	2
 622              	.L35:
 623 0074 00E100E0 		.word	-536813312
 624 0078 00ED00E0 		.word	-536810240
 625              		.cfi_endproc
 626              	.LFE34:
 628              		.section	.text.__NVIC_SystemReset,"ax",%progbits
 629              		.align	1
 630              		.syntax unified
 631              		.code	16
 632              		.thumb_func
 634              	__NVIC_SystemReset:
 635              	.LFB39:
 886:Drivers/CMSIS/Include/core_cm0plus.h **** 
 887:Drivers/CMSIS/Include/core_cm0plus.h **** 
 888:Drivers/CMSIS/Include/core_cm0plus.h **** /**
 889:Drivers/CMSIS/Include/core_cm0plus.h ****   \brief   Encode Priority
 890:Drivers/CMSIS/Include/core_cm0plus.h ****   \details Encodes the priority for an interrupt with the given priority group,
 891:Drivers/CMSIS/Include/core_cm0plus.h ****            preemptive priority value, and subpriority value.
 892:Drivers/CMSIS/Include/core_cm0plus.h ****            In case of a conflict between priority grouping and available
 893:Drivers/CMSIS/Include/core_cm0plus.h ****            priority bits (__NVIC_PRIO_BITS), the smallest possible priority group is set.
 894:Drivers/CMSIS/Include/core_cm0plus.h ****   \param [in]     PriorityGroup  Used priority group.
 895:Drivers/CMSIS/Include/core_cm0plus.h ****   \param [in]   PreemptPriority  Preemptive priority value (starting from 0).
 896:Drivers/CMSIS/Include/core_cm0plus.h ****   \param [in]       SubPriority  Subpriority value (starting from 0).
 897:Drivers/CMSIS/Include/core_cm0plus.h ****   \return                        Encoded priority. Value can be used in the function \ref NVIC_SetP
 898:Drivers/CMSIS/Include/core_cm0plus.h ****  */
 899:Drivers/CMSIS/Include/core_cm0plus.h **** __STATIC_INLINE uint32_t NVIC_EncodePriority (uint32_t PriorityGroup, uint32_t PreemptPriority, uin
 900:Drivers/CMSIS/Include/core_cm0plus.h **** {
 901:Drivers/CMSIS/Include/core_cm0plus.h ****   uint32_t PriorityGroupTmp = (PriorityGroup & (uint32_t)0x07UL);   /* only values 0..7 are used   
 902:Drivers/CMSIS/Include/core_cm0plus.h ****   uint32_t PreemptPriorityBits;
 903:Drivers/CMSIS/Include/core_cm0plus.h ****   uint32_t SubPriorityBits;
 904:Drivers/CMSIS/Include/core_cm0plus.h **** 
 905:Drivers/CMSIS/Include/core_cm0plus.h ****   PreemptPriorityBits = ((7UL - PriorityGroupTmp) > (uint32_t)(__NVIC_PRIO_BITS)) ? (uint32_t)(__NV
 906:Drivers/CMSIS/Include/core_cm0plus.h ****   SubPriorityBits     = ((PriorityGroupTmp + (uint32_t)(__NVIC_PRIO_BITS)) < (uint32_t)7UL) ? (uint
 907:Drivers/CMSIS/Include/core_cm0plus.h **** 
 908:Drivers/CMSIS/Include/core_cm0plus.h ****   return (
 909:Drivers/CMSIS/Include/core_cm0plus.h ****            ((PreemptPriority & (uint32_t)((1UL << (PreemptPriorityBits)) - 1UL)) << SubPriorityBits
 910:Drivers/CMSIS/Include/core_cm0plus.h ****            ((SubPriority     & (uint32_t)((1UL << (SubPriorityBits    )) - 1UL)))
 911:Drivers/CMSIS/Include/core_cm0plus.h ****          );
 912:Drivers/CMSIS/Include/core_cm0plus.h **** }
 913:Drivers/CMSIS/Include/core_cm0plus.h **** 
 914:Drivers/CMSIS/Include/core_cm0plus.h **** 
 915:Drivers/CMSIS/Include/core_cm0plus.h **** /**
 916:Drivers/CMSIS/Include/core_cm0plus.h ****   \brief   Decode Priority
 917:Drivers/CMSIS/Include/core_cm0plus.h ****   \details Decodes an interrupt priority value with a given priority group to
 918:Drivers/CMSIS/Include/core_cm0plus.h ****            preemptive priority value and subpriority value.
 919:Drivers/CMSIS/Include/core_cm0plus.h ****            In case of a conflict between priority grouping and available
 920:Drivers/CMSIS/Include/core_cm0plus.h ****            priority bits (__NVIC_PRIO_BITS) the smallest possible priority group is set.
ARM GAS  C:\Users\a_hae\AppData\Local\Temp\ccQ76ath.s 			page 45


 921:Drivers/CMSIS/Include/core_cm0plus.h ****   \param [in]         Priority   Priority value, which can be retrieved with the function \ref NVIC
 922:Drivers/CMSIS/Include/core_cm0plus.h ****   \param [in]     PriorityGroup  Used priority group.
 923:Drivers/CMSIS/Include/core_cm0plus.h ****   \param [out] pPreemptPriority  Preemptive priority value (starting from 0).
 924:Drivers/CMSIS/Include/core_cm0plus.h ****   \param [out]     pSubPriority  Subpriority value (starting from 0).
 925:Drivers/CMSIS/Include/core_cm0plus.h ****  */
 926:Drivers/CMSIS/Include/core_cm0plus.h **** __STATIC_INLINE void NVIC_DecodePriority (uint32_t Priority, uint32_t PriorityGroup, uint32_t* cons
 927:Drivers/CMSIS/Include/core_cm0plus.h **** {
 928:Drivers/CMSIS/Include/core_cm0plus.h ****   uint32_t PriorityGroupTmp = (PriorityGroup & (uint32_t)0x07UL);   /* only values 0..7 are used   
 929:Drivers/CMSIS/Include/core_cm0plus.h ****   uint32_t PreemptPriorityBits;
 930:Drivers/CMSIS/Include/core_cm0plus.h ****   uint32_t SubPriorityBits;
 931:Drivers/CMSIS/Include/core_cm0plus.h **** 
 932:Drivers/CMSIS/Include/core_cm0plus.h ****   PreemptPriorityBits = ((7UL - PriorityGroupTmp) > (uint32_t)(__NVIC_PRIO_BITS)) ? (uint32_t)(__NV
 933:Drivers/CMSIS/Include/core_cm0plus.h ****   SubPriorityBits     = ((PriorityGroupTmp + (uint32_t)(__NVIC_PRIO_BITS)) < (uint32_t)7UL) ? (uint
 934:Drivers/CMSIS/Include/core_cm0plus.h **** 
 935:Drivers/CMSIS/Include/core_cm0plus.h ****   *pPreemptPriority = (Priority >> SubPriorityBits) & (uint32_t)((1UL << (PreemptPriorityBits)) - 1
 936:Drivers/CMSIS/Include/core_cm0plus.h ****   *pSubPriority     = (Priority                   ) & (uint32_t)((1UL << (SubPriorityBits    )) - 1
 937:Drivers/CMSIS/Include/core_cm0plus.h **** }
 938:Drivers/CMSIS/Include/core_cm0plus.h **** 
 939:Drivers/CMSIS/Include/core_cm0plus.h **** 
 940:Drivers/CMSIS/Include/core_cm0plus.h **** /**
 941:Drivers/CMSIS/Include/core_cm0plus.h ****   \brief   Set Interrupt Vector
 942:Drivers/CMSIS/Include/core_cm0plus.h ****   \details Sets an interrupt vector in SRAM based interrupt vector table.
 943:Drivers/CMSIS/Include/core_cm0plus.h ****            The interrupt number can be positive to specify a device specific interrupt,
 944:Drivers/CMSIS/Include/core_cm0plus.h ****            or negative to specify a processor exception.
 945:Drivers/CMSIS/Include/core_cm0plus.h ****            VTOR must been relocated to SRAM before.
 946:Drivers/CMSIS/Include/core_cm0plus.h ****            If VTOR is not present address 0 must be mapped to SRAM.
 947:Drivers/CMSIS/Include/core_cm0plus.h ****   \param [in]   IRQn      Interrupt number
 948:Drivers/CMSIS/Include/core_cm0plus.h ****   \param [in]   vector    Address of interrupt handler function
 949:Drivers/CMSIS/Include/core_cm0plus.h ****  */
 950:Drivers/CMSIS/Include/core_cm0plus.h **** __STATIC_INLINE void __NVIC_SetVector(IRQn_Type IRQn, uint32_t vector)
 951:Drivers/CMSIS/Include/core_cm0plus.h **** {
 952:Drivers/CMSIS/Include/core_cm0plus.h **** #if defined (__VTOR_PRESENT) && (__VTOR_PRESENT == 1U)
 953:Drivers/CMSIS/Include/core_cm0plus.h ****   uint32_t vectors = SCB->VTOR;
 954:Drivers/CMSIS/Include/core_cm0plus.h **** #else
 955:Drivers/CMSIS/Include/core_cm0plus.h ****   uint32_t vectors = 0x0U;
 956:Drivers/CMSIS/Include/core_cm0plus.h **** #endif
 957:Drivers/CMSIS/Include/core_cm0plus.h ****   (* (int *) (vectors + ((int32_t)IRQn + NVIC_USER_IRQ_OFFSET) * 4)) = vector;
 958:Drivers/CMSIS/Include/core_cm0plus.h ****   /* ARM Application Note 321 states that the M0+ does not require the architectural barrier */
 959:Drivers/CMSIS/Include/core_cm0plus.h **** }
 960:Drivers/CMSIS/Include/core_cm0plus.h **** 
 961:Drivers/CMSIS/Include/core_cm0plus.h **** 
 962:Drivers/CMSIS/Include/core_cm0plus.h **** /**
 963:Drivers/CMSIS/Include/core_cm0plus.h ****   \brief   Get Interrupt Vector
 964:Drivers/CMSIS/Include/core_cm0plus.h ****   \details Reads an interrupt vector from interrupt vector table.
 965:Drivers/CMSIS/Include/core_cm0plus.h ****            The interrupt number can be positive to specify a device specific interrupt,
 966:Drivers/CMSIS/Include/core_cm0plus.h ****            or negative to specify a processor exception.
 967:Drivers/CMSIS/Include/core_cm0plus.h ****   \param [in]   IRQn      Interrupt number.
 968:Drivers/CMSIS/Include/core_cm0plus.h ****   \return                 Address of interrupt handler function
 969:Drivers/CMSIS/Include/core_cm0plus.h ****  */
 970:Drivers/CMSIS/Include/core_cm0plus.h **** __STATIC_INLINE uint32_t __NVIC_GetVector(IRQn_Type IRQn)
 971:Drivers/CMSIS/Include/core_cm0plus.h **** {
 972:Drivers/CMSIS/Include/core_cm0plus.h **** #if defined (__VTOR_PRESENT) && (__VTOR_PRESENT == 1U)
 973:Drivers/CMSIS/Include/core_cm0plus.h ****   uint32_t vectors = SCB->VTOR;
 974:Drivers/CMSIS/Include/core_cm0plus.h **** #else
 975:Drivers/CMSIS/Include/core_cm0plus.h ****   uint32_t vectors = 0x0U;
 976:Drivers/CMSIS/Include/core_cm0plus.h **** #endif
 977:Drivers/CMSIS/Include/core_cm0plus.h ****   return (uint32_t)(* (int *) (vectors + ((int32_t)IRQn + NVIC_USER_IRQ_OFFSET) * 4));
ARM GAS  C:\Users\a_hae\AppData\Local\Temp\ccQ76ath.s 			page 46


 978:Drivers/CMSIS/Include/core_cm0plus.h **** }
 979:Drivers/CMSIS/Include/core_cm0plus.h **** 
 980:Drivers/CMSIS/Include/core_cm0plus.h **** 
 981:Drivers/CMSIS/Include/core_cm0plus.h **** /**
 982:Drivers/CMSIS/Include/core_cm0plus.h ****   \brief   System Reset
 983:Drivers/CMSIS/Include/core_cm0plus.h ****   \details Initiates a system reset request to reset the MCU.
 984:Drivers/CMSIS/Include/core_cm0plus.h ****  */
 985:Drivers/CMSIS/Include/core_cm0plus.h **** __NO_RETURN __STATIC_INLINE void __NVIC_SystemReset(void)
 986:Drivers/CMSIS/Include/core_cm0plus.h **** {
 636              		.loc 2 986 1
 637              		.cfi_startproc
 638              		@ args = 0, pretend = 0, frame = 0
 639              		@ frame_needed = 1, uses_anonymous_args = 0
 640 0000 80B5     		push	{r7, lr}
 641              	.LCFI21:
 642              		.cfi_def_cfa_offset 8
 643              		.cfi_offset 7, -8
 644              		.cfi_offset 14, -4
 645 0002 00AF     		add	r7, sp, #0
 646              	.LCFI22:
 647              		.cfi_def_cfa_register 7
 648              	.LBB20:
 649              	.LBB21:
 946:Drivers/CMSIS/Include/cmsis_gcc.h **** }
 650              		.loc 3 946 3
 651              		.syntax divided
 652              	@ 946 "Drivers/CMSIS/Include/cmsis_gcc.h" 1
 653 0004 BFF34F8F 		dsb 0xF
 654              	@ 0 "" 2
 655              		.loc 3 947 1
 656              		.thumb
 657              		.syntax unified
 658 0008 C046     		nop
 659              	.LBE21:
 660              	.LBE20:
 987:Drivers/CMSIS/Include/core_cm0plus.h ****   __DSB();                                                          /* Ensure all outstanding memor
 988:Drivers/CMSIS/Include/core_cm0plus.h ****                                                                        buffered write are completed
 989:Drivers/CMSIS/Include/core_cm0plus.h ****   SCB->AIRCR  = ((0x5FAUL << SCB_AIRCR_VECTKEY_Pos) |
 661              		.loc 2 989 6
 662 000a 044B     		ldr	r3, .L39
 663              		.loc 2 989 15
 664 000c 044A     		ldr	r2, .L39+4
 665 000e DA60     		str	r2, [r3, #12]
 666              	.LBB22:
 667              	.LBB23:
 946:Drivers/CMSIS/Include/cmsis_gcc.h **** }
 668              		.loc 3 946 3
 669              		.syntax divided
 670              	@ 946 "Drivers/CMSIS/Include/cmsis_gcc.h" 1
 671 0010 BFF34F8F 		dsb 0xF
 672              	@ 0 "" 2
 673              		.loc 3 947 1
 674              		.thumb
 675              		.syntax unified
 676 0014 C046     		nop
 677              	.L38:
 678              	.LBE23:
ARM GAS  C:\Users\a_hae\AppData\Local\Temp\ccQ76ath.s 			page 47


 679              	.LBE22:
 990:Drivers/CMSIS/Include/core_cm0plus.h ****                  SCB_AIRCR_SYSRESETREQ_Msk);
 991:Drivers/CMSIS/Include/core_cm0plus.h ****   __DSB();                                                          /* Ensure completion of memory 
 992:Drivers/CMSIS/Include/core_cm0plus.h **** 
 993:Drivers/CMSIS/Include/core_cm0plus.h ****   for(;;)                                                           /* wait until reset */
 994:Drivers/CMSIS/Include/core_cm0plus.h ****   {
 995:Drivers/CMSIS/Include/core_cm0plus.h ****     __NOP();
 680              		.loc 2 995 5 discriminator 1
 681              		.syntax divided
 682              	@ 995 "Drivers/CMSIS/Include/core_cm0plus.h" 1
 683 0016 C046     		nop
 684              	@ 0 "" 2
 685              		.thumb
 686              		.syntax unified
 687 0018 FDE7     		b	.L38
 688              	.L40:
 689 001a C046     		.align	2
 690              	.L39:
 691 001c 00ED00E0 		.word	-536810240
 692 0020 0400FA05 		.word	100270084
 693              		.cfi_endproc
 694              	.LFE39:
 696              		.section	.text.SysTick_Config,"ax",%progbits
 697              		.align	1
 698              		.syntax unified
 699              		.code	16
 700              		.thumb_func
 702              	SysTick_Config:
 703              	.LFB48:
 996:Drivers/CMSIS/Include/core_cm0plus.h ****   }
 997:Drivers/CMSIS/Include/core_cm0plus.h **** }
 998:Drivers/CMSIS/Include/core_cm0plus.h **** 
 999:Drivers/CMSIS/Include/core_cm0plus.h **** /*@} end of CMSIS_Core_NVICFunctions */
1000:Drivers/CMSIS/Include/core_cm0plus.h **** 
1001:Drivers/CMSIS/Include/core_cm0plus.h **** /* ##########################  MPU functions  #################################### */
1002:Drivers/CMSIS/Include/core_cm0plus.h **** 
1003:Drivers/CMSIS/Include/core_cm0plus.h **** #if defined (__MPU_PRESENT) && (__MPU_PRESENT == 1U)
1004:Drivers/CMSIS/Include/core_cm0plus.h **** 
1005:Drivers/CMSIS/Include/core_cm0plus.h **** #include "mpu_armv7.h"
1006:Drivers/CMSIS/Include/core_cm0plus.h **** 
1007:Drivers/CMSIS/Include/core_cm0plus.h **** #endif
1008:Drivers/CMSIS/Include/core_cm0plus.h **** 
1009:Drivers/CMSIS/Include/core_cm0plus.h **** /* ##########################  FPU functions  #################################### */
1010:Drivers/CMSIS/Include/core_cm0plus.h **** /**
1011:Drivers/CMSIS/Include/core_cm0plus.h ****   \ingroup  CMSIS_Core_FunctionInterface
1012:Drivers/CMSIS/Include/core_cm0plus.h ****   \defgroup CMSIS_Core_FpuFunctions FPU Functions
1013:Drivers/CMSIS/Include/core_cm0plus.h ****   \brief    Function that provides FPU type.
1014:Drivers/CMSIS/Include/core_cm0plus.h ****   @{
1015:Drivers/CMSIS/Include/core_cm0plus.h ****  */
1016:Drivers/CMSIS/Include/core_cm0plus.h **** 
1017:Drivers/CMSIS/Include/core_cm0plus.h **** /**
1018:Drivers/CMSIS/Include/core_cm0plus.h ****   \brief   get FPU type
1019:Drivers/CMSIS/Include/core_cm0plus.h ****   \details returns the FPU type
1020:Drivers/CMSIS/Include/core_cm0plus.h ****   \returns
1021:Drivers/CMSIS/Include/core_cm0plus.h ****    - \b  0: No FPU
1022:Drivers/CMSIS/Include/core_cm0plus.h ****    - \b  1: Single precision FPU
1023:Drivers/CMSIS/Include/core_cm0plus.h ****    - \b  2: Double + Single precision FPU
ARM GAS  C:\Users\a_hae\AppData\Local\Temp\ccQ76ath.s 			page 48


1024:Drivers/CMSIS/Include/core_cm0plus.h ****  */
1025:Drivers/CMSIS/Include/core_cm0plus.h **** __STATIC_INLINE uint32_t SCB_GetFPUType(void)
1026:Drivers/CMSIS/Include/core_cm0plus.h **** {
1027:Drivers/CMSIS/Include/core_cm0plus.h ****     return 0U;           /* No FPU */
1028:Drivers/CMSIS/Include/core_cm0plus.h **** }
1029:Drivers/CMSIS/Include/core_cm0plus.h **** 
1030:Drivers/CMSIS/Include/core_cm0plus.h **** 
1031:Drivers/CMSIS/Include/core_cm0plus.h **** /*@} end of CMSIS_Core_FpuFunctions */
1032:Drivers/CMSIS/Include/core_cm0plus.h **** 
1033:Drivers/CMSIS/Include/core_cm0plus.h **** 
1034:Drivers/CMSIS/Include/core_cm0plus.h **** 
1035:Drivers/CMSIS/Include/core_cm0plus.h **** /* ##################################    SysTick function  ########################################
1036:Drivers/CMSIS/Include/core_cm0plus.h **** /**
1037:Drivers/CMSIS/Include/core_cm0plus.h ****   \ingroup  CMSIS_Core_FunctionInterface
1038:Drivers/CMSIS/Include/core_cm0plus.h ****   \defgroup CMSIS_Core_SysTickFunctions SysTick Functions
1039:Drivers/CMSIS/Include/core_cm0plus.h ****   \brief    Functions that configure the System.
1040:Drivers/CMSIS/Include/core_cm0plus.h ****   @{
1041:Drivers/CMSIS/Include/core_cm0plus.h ****  */
1042:Drivers/CMSIS/Include/core_cm0plus.h **** 
1043:Drivers/CMSIS/Include/core_cm0plus.h **** #if defined (__Vendor_SysTickConfig) && (__Vendor_SysTickConfig == 0U)
1044:Drivers/CMSIS/Include/core_cm0plus.h **** 
1045:Drivers/CMSIS/Include/core_cm0plus.h **** /**
1046:Drivers/CMSIS/Include/core_cm0plus.h ****   \brief   System Tick Configuration
1047:Drivers/CMSIS/Include/core_cm0plus.h ****   \details Initializes the System Timer and its interrupt, and starts the System Tick Timer.
1048:Drivers/CMSIS/Include/core_cm0plus.h ****            Counter is in free running mode to generate periodic interrupts.
1049:Drivers/CMSIS/Include/core_cm0plus.h ****   \param [in]  ticks  Number of ticks between two interrupts.
1050:Drivers/CMSIS/Include/core_cm0plus.h ****   \return          0  Function succeeded.
1051:Drivers/CMSIS/Include/core_cm0plus.h ****   \return          1  Function failed.
1052:Drivers/CMSIS/Include/core_cm0plus.h ****   \note    When the variable <b>__Vendor_SysTickConfig</b> is set to 1, then the
1053:Drivers/CMSIS/Include/core_cm0plus.h ****            function <b>SysTick_Config</b> is not included. In this case, the file <b><i>device</i>.
1054:Drivers/CMSIS/Include/core_cm0plus.h ****            must contain a vendor-specific implementation of this function.
1055:Drivers/CMSIS/Include/core_cm0plus.h ****  */
1056:Drivers/CMSIS/Include/core_cm0plus.h **** __STATIC_INLINE uint32_t SysTick_Config(uint32_t ticks)
1057:Drivers/CMSIS/Include/core_cm0plus.h **** {
 704              		.loc 2 1057 1
 705              		.cfi_startproc
 706              		@ args = 0, pretend = 0, frame = 8
 707              		@ frame_needed = 1, uses_anonymous_args = 0
 708 0000 80B5     		push	{r7, lr}
 709              	.LCFI23:
 710              		.cfi_def_cfa_offset 8
 711              		.cfi_offset 7, -8
 712              		.cfi_offset 14, -4
 713 0002 82B0     		sub	sp, sp, #8
 714              	.LCFI24:
 715              		.cfi_def_cfa_offset 16
 716 0004 00AF     		add	r7, sp, #0
 717              	.LCFI25:
 718              		.cfi_def_cfa_register 7
 719 0006 7860     		str	r0, [r7, #4]
1058:Drivers/CMSIS/Include/core_cm0plus.h ****   if ((ticks - 1UL) > SysTick_LOAD_RELOAD_Msk)
 720              		.loc 2 1058 14
 721 0008 7B68     		ldr	r3, [r7, #4]
 722 000a 5A1E     		subs	r2, r3, #1
 723              		.loc 2 1058 6
 724 000c 8023     		movs	r3, #128
 725 000e 5B04     		lsls	r3, r3, #17
ARM GAS  C:\Users\a_hae\AppData\Local\Temp\ccQ76ath.s 			page 49


 726 0010 9A42     		cmp	r2, r3
 727 0012 01D3     		bcc	.L42
1059:Drivers/CMSIS/Include/core_cm0plus.h ****   {
1060:Drivers/CMSIS/Include/core_cm0plus.h ****     return (1UL);                                                   /* Reload value impossible */
 728              		.loc 2 1060 12
 729 0014 0123     		movs	r3, #1
 730 0016 10E0     		b	.L43
 731              	.L42:
1061:Drivers/CMSIS/Include/core_cm0plus.h ****   }
1062:Drivers/CMSIS/Include/core_cm0plus.h **** 
1063:Drivers/CMSIS/Include/core_cm0plus.h ****   SysTick->LOAD  = (uint32_t)(ticks - 1UL);                         /* set reload register */
 732              		.loc 2 1063 10
 733 0018 0A4B     		ldr	r3, .L44
 734              		.loc 2 1063 20
 735 001a 7A68     		ldr	r2, [r7, #4]
 736 001c 013A     		subs	r2, r2, #1
 737              		.loc 2 1063 18
 738 001e 5A60     		str	r2, [r3, #4]
1064:Drivers/CMSIS/Include/core_cm0plus.h ****   NVIC_SetPriority (SysTick_IRQn, (1UL << __NVIC_PRIO_BITS) - 1UL); /* set Priority for Systick Int
 739              		.loc 2 1064 3
 740 0020 0123     		movs	r3, #1
 741 0022 5B42     		rsbs	r3, r3, #0
 742 0024 0321     		movs	r1, #3
 743 0026 1800     		movs	r0, r3
 744 0028 FFF7FEFF 		bl	__NVIC_SetPriority
1065:Drivers/CMSIS/Include/core_cm0plus.h ****   SysTick->VAL   = 0UL;                                             /* Load the SysTick Counter Val
 745              		.loc 2 1065 10
 746 002c 054B     		ldr	r3, .L44
 747              		.loc 2 1065 18
 748 002e 0022     		movs	r2, #0
 749 0030 9A60     		str	r2, [r3, #8]
1066:Drivers/CMSIS/Include/core_cm0plus.h ****   SysTick->CTRL  = SysTick_CTRL_CLKSOURCE_Msk |
 750              		.loc 2 1066 10
 751 0032 044B     		ldr	r3, .L44
 752              		.loc 2 1066 18
 753 0034 0722     		movs	r2, #7
 754 0036 1A60     		str	r2, [r3]
1067:Drivers/CMSIS/Include/core_cm0plus.h ****                    SysTick_CTRL_TICKINT_Msk   |
1068:Drivers/CMSIS/Include/core_cm0plus.h ****                    SysTick_CTRL_ENABLE_Msk;                         /* Enable SysTick IRQ and SysTi
1069:Drivers/CMSIS/Include/core_cm0plus.h ****   return (0UL);                                                     /* Function successful */
 755              		.loc 2 1069 10
 756 0038 0023     		movs	r3, #0
 757              	.L43:
1070:Drivers/CMSIS/Include/core_cm0plus.h **** }
 758              		.loc 2 1070 1
 759 003a 1800     		movs	r0, r3
 760 003c BD46     		mov	sp, r7
 761 003e 02B0     		add	sp, sp, #8
 762              		@ sp needed
 763 0040 80BD     		pop	{r7, pc}
 764              	.L45:
 765 0042 C046     		.align	2
 766              	.L44:
 767 0044 10E000E0 		.word	-536813552
 768              		.cfi_endproc
 769              	.LFE48:
 771              		.section	.rodata.CHANNEL_OFFSET_TAB,"a"
ARM GAS  C:\Users\a_hae\AppData\Local\Temp\ccQ76ath.s 			page 50


 772              		.align	2
 775              	CHANNEL_OFFSET_TAB:
 776 0000 081C3044 		.ascii	"\010\0340DXl\200"
 776      586C80
 777              		.section	.text.HAL_NVIC_SetPriority,"ax",%progbits
 778              		.align	1
 779              		.global	HAL_NVIC_SetPriority
 780              		.syntax unified
 781              		.code	16
 782              		.thumb_func
 784              	HAL_NVIC_SetPriority:
 785              	.LFB363:
   1:Drivers/STM32G0xx_HAL_Driver/Src/stm32g0xx_hal_cortex.c **** /**
   2:Drivers/STM32G0xx_HAL_Driver/Src/stm32g0xx_hal_cortex.c ****   ******************************************************************************
   3:Drivers/STM32G0xx_HAL_Driver/Src/stm32g0xx_hal_cortex.c ****   * @file    stm32g0xx_hal_cortex.c
   4:Drivers/STM32G0xx_HAL_Driver/Src/stm32g0xx_hal_cortex.c ****   * @author  MCD Application Team
   5:Drivers/STM32G0xx_HAL_Driver/Src/stm32g0xx_hal_cortex.c ****   * @brief   CORTEX HAL module driver.
   6:Drivers/STM32G0xx_HAL_Driver/Src/stm32g0xx_hal_cortex.c ****   *          This file provides firmware functions to manage the following
   7:Drivers/STM32G0xx_HAL_Driver/Src/stm32g0xx_hal_cortex.c ****   *          functionalities of the CORTEX:
   8:Drivers/STM32G0xx_HAL_Driver/Src/stm32g0xx_hal_cortex.c ****   *           + Initialization and Configuration functions
   9:Drivers/STM32G0xx_HAL_Driver/Src/stm32g0xx_hal_cortex.c ****   *           + Peripheral Control functions
  10:Drivers/STM32G0xx_HAL_Driver/Src/stm32g0xx_hal_cortex.c ****   *
  11:Drivers/STM32G0xx_HAL_Driver/Src/stm32g0xx_hal_cortex.c ****   @verbatim
  12:Drivers/STM32G0xx_HAL_Driver/Src/stm32g0xx_hal_cortex.c ****   ==============================================================================
  13:Drivers/STM32G0xx_HAL_Driver/Src/stm32g0xx_hal_cortex.c ****                         ##### How to use this driver #####
  14:Drivers/STM32G0xx_HAL_Driver/Src/stm32g0xx_hal_cortex.c ****   ==============================================================================
  15:Drivers/STM32G0xx_HAL_Driver/Src/stm32g0xx_hal_cortex.c ****     [..]
  16:Drivers/STM32G0xx_HAL_Driver/Src/stm32g0xx_hal_cortex.c ****     *** How to configure Interrupts using CORTEX HAL driver ***
  17:Drivers/STM32G0xx_HAL_Driver/Src/stm32g0xx_hal_cortex.c ****     ===========================================================
  18:Drivers/STM32G0xx_HAL_Driver/Src/stm32g0xx_hal_cortex.c ****     [..]
  19:Drivers/STM32G0xx_HAL_Driver/Src/stm32g0xx_hal_cortex.c ****     This section provides functions allowing to configure the NVIC interrupts (IRQ).
  20:Drivers/STM32G0xx_HAL_Driver/Src/stm32g0xx_hal_cortex.c ****     The Cortex M0+ exceptions are managed by CMSIS functions.
  21:Drivers/STM32G0xx_HAL_Driver/Src/stm32g0xx_hal_cortex.c ****       (#) Enable and Configure the priority of the selected IRQ Channels.
  22:Drivers/STM32G0xx_HAL_Driver/Src/stm32g0xx_hal_cortex.c ****              The priority can be 0..3.
  23:Drivers/STM32G0xx_HAL_Driver/Src/stm32g0xx_hal_cortex.c **** 
  24:Drivers/STM32G0xx_HAL_Driver/Src/stm32g0xx_hal_cortex.c ****         -@- Lower priority values gives higher priority.
  25:Drivers/STM32G0xx_HAL_Driver/Src/stm32g0xx_hal_cortex.c ****         -@- Priority Order:
  26:Drivers/STM32G0xx_HAL_Driver/Src/stm32g0xx_hal_cortex.c ****             (#@) Lowest priority.
  27:Drivers/STM32G0xx_HAL_Driver/Src/stm32g0xx_hal_cortex.c ****             (#@) Lowest hardware priority (IRQn position).
  28:Drivers/STM32G0xx_HAL_Driver/Src/stm32g0xx_hal_cortex.c **** 
  29:Drivers/STM32G0xx_HAL_Driver/Src/stm32g0xx_hal_cortex.c ****       (#)  Configure the priority of the selected IRQ Channels using HAL_NVIC_SetPriority()
  30:Drivers/STM32G0xx_HAL_Driver/Src/stm32g0xx_hal_cortex.c **** 
  31:Drivers/STM32G0xx_HAL_Driver/Src/stm32g0xx_hal_cortex.c ****       (#)  Enable the selected IRQ Channels using HAL_NVIC_EnableIRQ()
  32:Drivers/STM32G0xx_HAL_Driver/Src/stm32g0xx_hal_cortex.c **** 
  33:Drivers/STM32G0xx_HAL_Driver/Src/stm32g0xx_hal_cortex.c ****       -@-  Negative value of IRQn_Type are not allowed.
  34:Drivers/STM32G0xx_HAL_Driver/Src/stm32g0xx_hal_cortex.c **** 
  35:Drivers/STM32G0xx_HAL_Driver/Src/stm32g0xx_hal_cortex.c ****     *** How to configure Systick using CORTEX HAL driver ***
  36:Drivers/STM32G0xx_HAL_Driver/Src/stm32g0xx_hal_cortex.c ****     ========================================================
  37:Drivers/STM32G0xx_HAL_Driver/Src/stm32g0xx_hal_cortex.c ****     [..]
  38:Drivers/STM32G0xx_HAL_Driver/Src/stm32g0xx_hal_cortex.c ****     Setup SysTick Timer for time base.
  39:Drivers/STM32G0xx_HAL_Driver/Src/stm32g0xx_hal_cortex.c **** 
  40:Drivers/STM32G0xx_HAL_Driver/Src/stm32g0xx_hal_cortex.c ****    (+) The HAL_SYSTICK_Config()function calls the SysTick_Config() function which
  41:Drivers/STM32G0xx_HAL_Driver/Src/stm32g0xx_hal_cortex.c ****        is a CMSIS function that:
  42:Drivers/STM32G0xx_HAL_Driver/Src/stm32g0xx_hal_cortex.c ****         (++) Configures the SysTick Reload register with value passed as function parameter.
  43:Drivers/STM32G0xx_HAL_Driver/Src/stm32g0xx_hal_cortex.c ****         (++) Configures the SysTick IRQ priority to the lowest value (0x03).
  44:Drivers/STM32G0xx_HAL_Driver/Src/stm32g0xx_hal_cortex.c ****         (++) Resets the SysTick Counter register.
  45:Drivers/STM32G0xx_HAL_Driver/Src/stm32g0xx_hal_cortex.c ****         (++) Configures the SysTick Counter clock source to be Core Clock Source (HCLK).
ARM GAS  C:\Users\a_hae\AppData\Local\Temp\ccQ76ath.s 			page 51


  46:Drivers/STM32G0xx_HAL_Driver/Src/stm32g0xx_hal_cortex.c ****         (++) Enables the SysTick Interrupt.
  47:Drivers/STM32G0xx_HAL_Driver/Src/stm32g0xx_hal_cortex.c ****         (++) Starts the SysTick Counter.
  48:Drivers/STM32G0xx_HAL_Driver/Src/stm32g0xx_hal_cortex.c **** 
  49:Drivers/STM32G0xx_HAL_Driver/Src/stm32g0xx_hal_cortex.c ****    (+) You can change the SysTick Clock source to be HCLK_Div8 by calling the macro
  50:Drivers/STM32G0xx_HAL_Driver/Src/stm32g0xx_hal_cortex.c ****        __HAL_CORTEX_SYSTICKCLK_CONFIG(SYSTICK_CLKSOURCE_HCLK_DIV8) just after the
  51:Drivers/STM32G0xx_HAL_Driver/Src/stm32g0xx_hal_cortex.c ****        HAL_SYSTICK_Config() function call. The __HAL_CORTEX_SYSTICKCLK_CONFIG() macro is defined
  52:Drivers/STM32G0xx_HAL_Driver/Src/stm32g0xx_hal_cortex.c ****        inside the stm32g0xx_hal_cortex.h file.
  53:Drivers/STM32G0xx_HAL_Driver/Src/stm32g0xx_hal_cortex.c **** 
  54:Drivers/STM32G0xx_HAL_Driver/Src/stm32g0xx_hal_cortex.c ****    (+) You can change the SysTick IRQ priority by calling the
  55:Drivers/STM32G0xx_HAL_Driver/Src/stm32g0xx_hal_cortex.c ****        HAL_NVIC_SetPriority(SysTick_IRQn,...) function just after the HAL_SYSTICK_Config() function
  56:Drivers/STM32G0xx_HAL_Driver/Src/stm32g0xx_hal_cortex.c ****        call. The HAL_NVIC_SetPriority() call the NVIC_SetPriority() function which is a CMSIS funct
  57:Drivers/STM32G0xx_HAL_Driver/Src/stm32g0xx_hal_cortex.c **** 
  58:Drivers/STM32G0xx_HAL_Driver/Src/stm32g0xx_hal_cortex.c ****    (+) To adjust the SysTick time base, use the following formula:
  59:Drivers/STM32G0xx_HAL_Driver/Src/stm32g0xx_hal_cortex.c **** 
  60:Drivers/STM32G0xx_HAL_Driver/Src/stm32g0xx_hal_cortex.c ****        Reload Value = SysTick Counter Clock (Hz) x  Desired Time base (s)
  61:Drivers/STM32G0xx_HAL_Driver/Src/stm32g0xx_hal_cortex.c ****        (++) Reload Value is the parameter to be passed for HAL_SYSTICK_Config() function
  62:Drivers/STM32G0xx_HAL_Driver/Src/stm32g0xx_hal_cortex.c ****        (++) Reload Value should not exceed 0xFFFFFF
  63:Drivers/STM32G0xx_HAL_Driver/Src/stm32g0xx_hal_cortex.c **** 
  64:Drivers/STM32G0xx_HAL_Driver/Src/stm32g0xx_hal_cortex.c ****   @endverbatim
  65:Drivers/STM32G0xx_HAL_Driver/Src/stm32g0xx_hal_cortex.c ****   ******************************************************************************
  66:Drivers/STM32G0xx_HAL_Driver/Src/stm32g0xx_hal_cortex.c ****   * @attention
  67:Drivers/STM32G0xx_HAL_Driver/Src/stm32g0xx_hal_cortex.c ****   *
  68:Drivers/STM32G0xx_HAL_Driver/Src/stm32g0xx_hal_cortex.c ****   * Copyright (c) 2018 STMicroelectronics.
  69:Drivers/STM32G0xx_HAL_Driver/Src/stm32g0xx_hal_cortex.c ****   * All rights reserved.
  70:Drivers/STM32G0xx_HAL_Driver/Src/stm32g0xx_hal_cortex.c ****   *
  71:Drivers/STM32G0xx_HAL_Driver/Src/stm32g0xx_hal_cortex.c ****   * This software is licensed under terms that can be found in the LICENSE file in
  72:Drivers/STM32G0xx_HAL_Driver/Src/stm32g0xx_hal_cortex.c ****   * the root directory of this software component.
  73:Drivers/STM32G0xx_HAL_Driver/Src/stm32g0xx_hal_cortex.c ****   * If no LICENSE file comes with this software, it is provided AS-IS.
  74:Drivers/STM32G0xx_HAL_Driver/Src/stm32g0xx_hal_cortex.c ****   *
  75:Drivers/STM32G0xx_HAL_Driver/Src/stm32g0xx_hal_cortex.c ****   ******************************************************************************
  76:Drivers/STM32G0xx_HAL_Driver/Src/stm32g0xx_hal_cortex.c ****   */
  77:Drivers/STM32G0xx_HAL_Driver/Src/stm32g0xx_hal_cortex.c **** 
  78:Drivers/STM32G0xx_HAL_Driver/Src/stm32g0xx_hal_cortex.c **** /* Includes ------------------------------------------------------------------*/
  79:Drivers/STM32G0xx_HAL_Driver/Src/stm32g0xx_hal_cortex.c **** #include "stm32g0xx_hal.h"
  80:Drivers/STM32G0xx_HAL_Driver/Src/stm32g0xx_hal_cortex.c **** 
  81:Drivers/STM32G0xx_HAL_Driver/Src/stm32g0xx_hal_cortex.c **** /** @addtogroup STM32G0xx_HAL_Driver
  82:Drivers/STM32G0xx_HAL_Driver/Src/stm32g0xx_hal_cortex.c ****   * @{
  83:Drivers/STM32G0xx_HAL_Driver/Src/stm32g0xx_hal_cortex.c ****   */
  84:Drivers/STM32G0xx_HAL_Driver/Src/stm32g0xx_hal_cortex.c **** 
  85:Drivers/STM32G0xx_HAL_Driver/Src/stm32g0xx_hal_cortex.c **** /** @addtogroup CORTEX
  86:Drivers/STM32G0xx_HAL_Driver/Src/stm32g0xx_hal_cortex.c ****   * @{
  87:Drivers/STM32G0xx_HAL_Driver/Src/stm32g0xx_hal_cortex.c ****   */
  88:Drivers/STM32G0xx_HAL_Driver/Src/stm32g0xx_hal_cortex.c **** 
  89:Drivers/STM32G0xx_HAL_Driver/Src/stm32g0xx_hal_cortex.c **** #ifdef HAL_CORTEX_MODULE_ENABLED
  90:Drivers/STM32G0xx_HAL_Driver/Src/stm32g0xx_hal_cortex.c **** 
  91:Drivers/STM32G0xx_HAL_Driver/Src/stm32g0xx_hal_cortex.c **** /* Private types -------------------------------------------------------------*/
  92:Drivers/STM32G0xx_HAL_Driver/Src/stm32g0xx_hal_cortex.c **** /* Private variables ---------------------------------------------------------*/
  93:Drivers/STM32G0xx_HAL_Driver/Src/stm32g0xx_hal_cortex.c **** /* Private constants ---------------------------------------------------------*/
  94:Drivers/STM32G0xx_HAL_Driver/Src/stm32g0xx_hal_cortex.c **** /* Private macros ------------------------------------------------------------*/
  95:Drivers/STM32G0xx_HAL_Driver/Src/stm32g0xx_hal_cortex.c **** /* Private function prototypes -----------------------------------------------*/
  96:Drivers/STM32G0xx_HAL_Driver/Src/stm32g0xx_hal_cortex.c **** /* Exported functions --------------------------------------------------------*/
  97:Drivers/STM32G0xx_HAL_Driver/Src/stm32g0xx_hal_cortex.c **** 
  98:Drivers/STM32G0xx_HAL_Driver/Src/stm32g0xx_hal_cortex.c **** /** @addtogroup CORTEX_Exported_Functions
  99:Drivers/STM32G0xx_HAL_Driver/Src/stm32g0xx_hal_cortex.c ****   * @{
 100:Drivers/STM32G0xx_HAL_Driver/Src/stm32g0xx_hal_cortex.c ****   */
 101:Drivers/STM32G0xx_HAL_Driver/Src/stm32g0xx_hal_cortex.c **** 
 102:Drivers/STM32G0xx_HAL_Driver/Src/stm32g0xx_hal_cortex.c **** 
ARM GAS  C:\Users\a_hae\AppData\Local\Temp\ccQ76ath.s 			page 52


 103:Drivers/STM32G0xx_HAL_Driver/Src/stm32g0xx_hal_cortex.c **** /** @addtogroup CORTEX_Exported_Functions_Group1
 104:Drivers/STM32G0xx_HAL_Driver/Src/stm32g0xx_hal_cortex.c ****  *  @brief    Initialization and Configuration functions
 105:Drivers/STM32G0xx_HAL_Driver/Src/stm32g0xx_hal_cortex.c ****  *
 106:Drivers/STM32G0xx_HAL_Driver/Src/stm32g0xx_hal_cortex.c **** @verbatim
 107:Drivers/STM32G0xx_HAL_Driver/Src/stm32g0xx_hal_cortex.c ****   ==============================================================================
 108:Drivers/STM32G0xx_HAL_Driver/Src/stm32g0xx_hal_cortex.c ****               ##### Initialization and Configuration functions #####
 109:Drivers/STM32G0xx_HAL_Driver/Src/stm32g0xx_hal_cortex.c ****   ==============================================================================
 110:Drivers/STM32G0xx_HAL_Driver/Src/stm32g0xx_hal_cortex.c ****     [..]
 111:Drivers/STM32G0xx_HAL_Driver/Src/stm32g0xx_hal_cortex.c ****       This section provides the CORTEX HAL driver functions allowing to configure Interrupts
 112:Drivers/STM32G0xx_HAL_Driver/Src/stm32g0xx_hal_cortex.c ****       Systick functionalities
 113:Drivers/STM32G0xx_HAL_Driver/Src/stm32g0xx_hal_cortex.c **** 
 114:Drivers/STM32G0xx_HAL_Driver/Src/stm32g0xx_hal_cortex.c **** @endverbatim
 115:Drivers/STM32G0xx_HAL_Driver/Src/stm32g0xx_hal_cortex.c ****   * @{
 116:Drivers/STM32G0xx_HAL_Driver/Src/stm32g0xx_hal_cortex.c ****   */
 117:Drivers/STM32G0xx_HAL_Driver/Src/stm32g0xx_hal_cortex.c **** 
 118:Drivers/STM32G0xx_HAL_Driver/Src/stm32g0xx_hal_cortex.c **** /**
 119:Drivers/STM32G0xx_HAL_Driver/Src/stm32g0xx_hal_cortex.c ****   * @brief Sets the priority of an interrupt.
 120:Drivers/STM32G0xx_HAL_Driver/Src/stm32g0xx_hal_cortex.c ****   * @param IRQn External interrupt number .
 121:Drivers/STM32G0xx_HAL_Driver/Src/stm32g0xx_hal_cortex.c ****   *         This parameter can be an enumerator of IRQn_Type enumeration
 122:Drivers/STM32G0xx_HAL_Driver/Src/stm32g0xx_hal_cortex.c ****   *         (For the complete STM32 Devices IRQ Channels list, please refer to stm32g0xx.h file)
 123:Drivers/STM32G0xx_HAL_Driver/Src/stm32g0xx_hal_cortex.c ****   * @param PreemptPriority The preemption priority for the IRQn channel.
 124:Drivers/STM32G0xx_HAL_Driver/Src/stm32g0xx_hal_cortex.c ****   *         This parameter can be a value between 0 and 3.
 125:Drivers/STM32G0xx_HAL_Driver/Src/stm32g0xx_hal_cortex.c ****   *         A lower priority value indicates a higher priority
 126:Drivers/STM32G0xx_HAL_Driver/Src/stm32g0xx_hal_cortex.c ****   * @param SubPriority the subpriority level for the IRQ channel.
 127:Drivers/STM32G0xx_HAL_Driver/Src/stm32g0xx_hal_cortex.c ****   *         with stm32g0xx devices, this parameter is a dummy value and it is ignored, because
 128:Drivers/STM32G0xx_HAL_Driver/Src/stm32g0xx_hal_cortex.c ****   *         no subpriority supported in Cortex M0+ based products.
 129:Drivers/STM32G0xx_HAL_Driver/Src/stm32g0xx_hal_cortex.c ****   * @retval None
 130:Drivers/STM32G0xx_HAL_Driver/Src/stm32g0xx_hal_cortex.c ****   */
 131:Drivers/STM32G0xx_HAL_Driver/Src/stm32g0xx_hal_cortex.c **** void HAL_NVIC_SetPriority(IRQn_Type IRQn, uint32_t PreemptPriority, uint32_t SubPriority)
 132:Drivers/STM32G0xx_HAL_Driver/Src/stm32g0xx_hal_cortex.c **** {
 786              		.loc 1 132 1
 787              		.cfi_startproc
 788              		@ args = 0, pretend = 0, frame = 16
 789              		@ frame_needed = 1, uses_anonymous_args = 0
 790 0000 80B5     		push	{r7, lr}
 791              	.LCFI26:
 792              		.cfi_def_cfa_offset 8
 793              		.cfi_offset 7, -8
 794              		.cfi_offset 14, -4
 795 0002 84B0     		sub	sp, sp, #16
 796              	.LCFI27:
 797              		.cfi_def_cfa_offset 24
 798 0004 00AF     		add	r7, sp, #0
 799              	.LCFI28:
 800              		.cfi_def_cfa_register 7
 801 0006 B960     		str	r1, [r7, #8]
 802 0008 7A60     		str	r2, [r7, #4]
 803 000a 0F21     		movs	r1, #15
 804 000c 7B18     		adds	r3, r7, r1
 805 000e 021C     		adds	r2, r0, #0
 806 0010 1A70     		strb	r2, [r3]
 133:Drivers/STM32G0xx_HAL_Driver/Src/stm32g0xx_hal_cortex.c ****   /* Prevent unused argument(s) compilation warning */
 134:Drivers/STM32G0xx_HAL_Driver/Src/stm32g0xx_hal_cortex.c ****   UNUSED(SubPriority);
 135:Drivers/STM32G0xx_HAL_Driver/Src/stm32g0xx_hal_cortex.c **** 
 136:Drivers/STM32G0xx_HAL_Driver/Src/stm32g0xx_hal_cortex.c ****   /* Check the parameters */
 137:Drivers/STM32G0xx_HAL_Driver/Src/stm32g0xx_hal_cortex.c ****   assert_param(IS_NVIC_PREEMPTION_PRIORITY(PreemptPriority));
 138:Drivers/STM32G0xx_HAL_Driver/Src/stm32g0xx_hal_cortex.c ****   NVIC_SetPriority(IRQn, PreemptPriority);
ARM GAS  C:\Users\a_hae\AppData\Local\Temp\ccQ76ath.s 			page 53


 807              		.loc 1 138 3
 808 0012 BA68     		ldr	r2, [r7, #8]
 809 0014 7B18     		adds	r3, r7, r1
 810 0016 1B78     		ldrb	r3, [r3]
 811 0018 5BB2     		sxtb	r3, r3
 812 001a 1100     		movs	r1, r2
 813 001c 1800     		movs	r0, r3
 814 001e FFF7FEFF 		bl	__NVIC_SetPriority
 139:Drivers/STM32G0xx_HAL_Driver/Src/stm32g0xx_hal_cortex.c **** }
 815              		.loc 1 139 1
 816 0022 C046     		nop
 817 0024 BD46     		mov	sp, r7
 818 0026 04B0     		add	sp, sp, #16
 819              		@ sp needed
 820 0028 80BD     		pop	{r7, pc}
 821              		.cfi_endproc
 822              	.LFE363:
 824              		.section	.text.HAL_NVIC_EnableIRQ,"ax",%progbits
 825              		.align	1
 826              		.global	HAL_NVIC_EnableIRQ
 827              		.syntax unified
 828              		.code	16
 829              		.thumb_func
 831              	HAL_NVIC_EnableIRQ:
 832              	.LFB364:
 140:Drivers/STM32G0xx_HAL_Driver/Src/stm32g0xx_hal_cortex.c **** 
 141:Drivers/STM32G0xx_HAL_Driver/Src/stm32g0xx_hal_cortex.c **** /**
 142:Drivers/STM32G0xx_HAL_Driver/Src/stm32g0xx_hal_cortex.c ****   * @brief  Enable a device specific interrupt in the NVIC interrupt controller.
 143:Drivers/STM32G0xx_HAL_Driver/Src/stm32g0xx_hal_cortex.c ****   * @param  IRQn External interrupt number.
 144:Drivers/STM32G0xx_HAL_Driver/Src/stm32g0xx_hal_cortex.c ****   *         This parameter can be an enumerator of IRQn_Type enumeration
 145:Drivers/STM32G0xx_HAL_Driver/Src/stm32g0xx_hal_cortex.c ****   *         (For the complete STM32 Devices IRQ Channels list, please refer to the appropriate CMSI
 146:Drivers/STM32G0xx_HAL_Driver/Src/stm32g0xx_hal_cortex.c ****   * @retval None
 147:Drivers/STM32G0xx_HAL_Driver/Src/stm32g0xx_hal_cortex.c ****   */
 148:Drivers/STM32G0xx_HAL_Driver/Src/stm32g0xx_hal_cortex.c **** void HAL_NVIC_EnableIRQ(IRQn_Type IRQn)
 149:Drivers/STM32G0xx_HAL_Driver/Src/stm32g0xx_hal_cortex.c **** {
 833              		.loc 1 149 1
 834              		.cfi_startproc
 835              		@ args = 0, pretend = 0, frame = 8
 836              		@ frame_needed = 1, uses_anonymous_args = 0
 837 0000 80B5     		push	{r7, lr}
 838              	.LCFI29:
 839              		.cfi_def_cfa_offset 8
 840              		.cfi_offset 7, -8
 841              		.cfi_offset 14, -4
 842 0002 82B0     		sub	sp, sp, #8
 843              	.LCFI30:
 844              		.cfi_def_cfa_offset 16
 845 0004 00AF     		add	r7, sp, #0
 846              	.LCFI31:
 847              		.cfi_def_cfa_register 7
 848 0006 0200     		movs	r2, r0
 849 0008 FB1D     		adds	r3, r7, #7
 850 000a 1A70     		strb	r2, [r3]
 150:Drivers/STM32G0xx_HAL_Driver/Src/stm32g0xx_hal_cortex.c ****   /* Check the parameters */
 151:Drivers/STM32G0xx_HAL_Driver/Src/stm32g0xx_hal_cortex.c ****   assert_param(IS_NVIC_DEVICE_IRQ(IRQn));
 152:Drivers/STM32G0xx_HAL_Driver/Src/stm32g0xx_hal_cortex.c **** 
 153:Drivers/STM32G0xx_HAL_Driver/Src/stm32g0xx_hal_cortex.c ****   /* Enable interrupt */
ARM GAS  C:\Users\a_hae\AppData\Local\Temp\ccQ76ath.s 			page 54


 154:Drivers/STM32G0xx_HAL_Driver/Src/stm32g0xx_hal_cortex.c ****   NVIC_EnableIRQ(IRQn);
 851              		.loc 1 154 3
 852 000c FB1D     		adds	r3, r7, #7
 853 000e 1B78     		ldrb	r3, [r3]
 854 0010 5BB2     		sxtb	r3, r3
 855 0012 1800     		movs	r0, r3
 856 0014 FFF7FEFF 		bl	__NVIC_EnableIRQ
 155:Drivers/STM32G0xx_HAL_Driver/Src/stm32g0xx_hal_cortex.c **** }
 857              		.loc 1 155 1
 858 0018 C046     		nop
 859 001a BD46     		mov	sp, r7
 860 001c 02B0     		add	sp, sp, #8
 861              		@ sp needed
 862 001e 80BD     		pop	{r7, pc}
 863              		.cfi_endproc
 864              	.LFE364:
 866              		.section	.text.HAL_NVIC_DisableIRQ,"ax",%progbits
 867              		.align	1
 868              		.global	HAL_NVIC_DisableIRQ
 869              		.syntax unified
 870              		.code	16
 871              		.thumb_func
 873              	HAL_NVIC_DisableIRQ:
 874              	.LFB365:
 156:Drivers/STM32G0xx_HAL_Driver/Src/stm32g0xx_hal_cortex.c **** 
 157:Drivers/STM32G0xx_HAL_Driver/Src/stm32g0xx_hal_cortex.c **** /**
 158:Drivers/STM32G0xx_HAL_Driver/Src/stm32g0xx_hal_cortex.c ****   * @brief  Disable a device specific interrupt in the NVIC interrupt controller.
 159:Drivers/STM32G0xx_HAL_Driver/Src/stm32g0xx_hal_cortex.c ****   * @param  IRQn External interrupt number.
 160:Drivers/STM32G0xx_HAL_Driver/Src/stm32g0xx_hal_cortex.c ****   *         This parameter can be an enumerator of IRQn_Type enumeration
 161:Drivers/STM32G0xx_HAL_Driver/Src/stm32g0xx_hal_cortex.c ****   *         (For the complete STM32 Devices IRQ Channels list, please refer to the appropriate CMSI
 162:Drivers/STM32G0xx_HAL_Driver/Src/stm32g0xx_hal_cortex.c ****   * @retval None
 163:Drivers/STM32G0xx_HAL_Driver/Src/stm32g0xx_hal_cortex.c ****   */
 164:Drivers/STM32G0xx_HAL_Driver/Src/stm32g0xx_hal_cortex.c **** void HAL_NVIC_DisableIRQ(IRQn_Type IRQn)
 165:Drivers/STM32G0xx_HAL_Driver/Src/stm32g0xx_hal_cortex.c **** {
 875              		.loc 1 165 1
 876              		.cfi_startproc
 877              		@ args = 0, pretend = 0, frame = 8
 878              		@ frame_needed = 1, uses_anonymous_args = 0
 879 0000 80B5     		push	{r7, lr}
 880              	.LCFI32:
 881              		.cfi_def_cfa_offset 8
 882              		.cfi_offset 7, -8
 883              		.cfi_offset 14, -4
 884 0002 82B0     		sub	sp, sp, #8
 885              	.LCFI33:
 886              		.cfi_def_cfa_offset 16
 887 0004 00AF     		add	r7, sp, #0
 888              	.LCFI34:
 889              		.cfi_def_cfa_register 7
 890 0006 0200     		movs	r2, r0
 891 0008 FB1D     		adds	r3, r7, #7
 892 000a 1A70     		strb	r2, [r3]
 166:Drivers/STM32G0xx_HAL_Driver/Src/stm32g0xx_hal_cortex.c ****   /* Check the parameters */
 167:Drivers/STM32G0xx_HAL_Driver/Src/stm32g0xx_hal_cortex.c ****   assert_param(IS_NVIC_DEVICE_IRQ(IRQn));
 168:Drivers/STM32G0xx_HAL_Driver/Src/stm32g0xx_hal_cortex.c **** 
 169:Drivers/STM32G0xx_HAL_Driver/Src/stm32g0xx_hal_cortex.c ****   /* Disable interrupt */
 170:Drivers/STM32G0xx_HAL_Driver/Src/stm32g0xx_hal_cortex.c ****   NVIC_DisableIRQ(IRQn);
ARM GAS  C:\Users\a_hae\AppData\Local\Temp\ccQ76ath.s 			page 55


 893              		.loc 1 170 3
 894 000c FB1D     		adds	r3, r7, #7
 895 000e 1B78     		ldrb	r3, [r3]
 896 0010 5BB2     		sxtb	r3, r3
 897 0012 1800     		movs	r0, r3
 898 0014 FFF7FEFF 		bl	__NVIC_DisableIRQ
 171:Drivers/STM32G0xx_HAL_Driver/Src/stm32g0xx_hal_cortex.c **** }
 899              		.loc 1 171 1
 900 0018 C046     		nop
 901 001a BD46     		mov	sp, r7
 902 001c 02B0     		add	sp, sp, #8
 903              		@ sp needed
 904 001e 80BD     		pop	{r7, pc}
 905              		.cfi_endproc
 906              	.LFE365:
 908              		.section	.text.HAL_NVIC_SystemReset,"ax",%progbits
 909              		.align	1
 910              		.global	HAL_NVIC_SystemReset
 911              		.syntax unified
 912              		.code	16
 913              		.thumb_func
 915              	HAL_NVIC_SystemReset:
 916              	.LFB366:
 172:Drivers/STM32G0xx_HAL_Driver/Src/stm32g0xx_hal_cortex.c **** 
 173:Drivers/STM32G0xx_HAL_Driver/Src/stm32g0xx_hal_cortex.c **** /**
 174:Drivers/STM32G0xx_HAL_Driver/Src/stm32g0xx_hal_cortex.c ****   * @brief  Initiate a system reset request to reset the MCU.
 175:Drivers/STM32G0xx_HAL_Driver/Src/stm32g0xx_hal_cortex.c ****   * @retval None
 176:Drivers/STM32G0xx_HAL_Driver/Src/stm32g0xx_hal_cortex.c ****   */
 177:Drivers/STM32G0xx_HAL_Driver/Src/stm32g0xx_hal_cortex.c **** void HAL_NVIC_SystemReset(void)
 178:Drivers/STM32G0xx_HAL_Driver/Src/stm32g0xx_hal_cortex.c **** {
 917              		.loc 1 178 1
 918              		.cfi_startproc
 919              		@ args = 0, pretend = 0, frame = 0
 920              		@ frame_needed = 1, uses_anonymous_args = 0
 921 0000 80B5     		push	{r7, lr}
 922              	.LCFI35:
 923              		.cfi_def_cfa_offset 8
 924              		.cfi_offset 7, -8
 925              		.cfi_offset 14, -4
 926 0002 00AF     		add	r7, sp, #0
 927              	.LCFI36:
 928              		.cfi_def_cfa_register 7
 179:Drivers/STM32G0xx_HAL_Driver/Src/stm32g0xx_hal_cortex.c ****   /* System Reset */
 180:Drivers/STM32G0xx_HAL_Driver/Src/stm32g0xx_hal_cortex.c ****   NVIC_SystemReset();
 929              		.loc 1 180 3
 930 0004 FFF7FEFF 		bl	__NVIC_SystemReset
 931              		.cfi_endproc
 932              	.LFE366:
 934              		.section	.text.HAL_SYSTICK_Config,"ax",%progbits
 935              		.align	1
 936              		.global	HAL_SYSTICK_Config
 937              		.syntax unified
 938              		.code	16
 939              		.thumb_func
 941              	HAL_SYSTICK_Config:
 942              	.LFB367:
 181:Drivers/STM32G0xx_HAL_Driver/Src/stm32g0xx_hal_cortex.c **** }
ARM GAS  C:\Users\a_hae\AppData\Local\Temp\ccQ76ath.s 			page 56


 182:Drivers/STM32G0xx_HAL_Driver/Src/stm32g0xx_hal_cortex.c **** 
 183:Drivers/STM32G0xx_HAL_Driver/Src/stm32g0xx_hal_cortex.c **** /**
 184:Drivers/STM32G0xx_HAL_Driver/Src/stm32g0xx_hal_cortex.c ****   * @brief  Initialize the System Timer with interrupt enabled and start the System Tick Timer (Sys
 185:Drivers/STM32G0xx_HAL_Driver/Src/stm32g0xx_hal_cortex.c ****   *         Counter is in free running mode to generate periodic interrupts.
 186:Drivers/STM32G0xx_HAL_Driver/Src/stm32g0xx_hal_cortex.c ****   * @param  TicksNumb Specifies the ticks Number of ticks between two interrupts.
 187:Drivers/STM32G0xx_HAL_Driver/Src/stm32g0xx_hal_cortex.c ****   * @retval status:  - 0  Function succeeded.
 188:Drivers/STM32G0xx_HAL_Driver/Src/stm32g0xx_hal_cortex.c ****   *                  - 1  Function failed.
 189:Drivers/STM32G0xx_HAL_Driver/Src/stm32g0xx_hal_cortex.c ****   */
 190:Drivers/STM32G0xx_HAL_Driver/Src/stm32g0xx_hal_cortex.c **** uint32_t HAL_SYSTICK_Config(uint32_t TicksNumb)
 191:Drivers/STM32G0xx_HAL_Driver/Src/stm32g0xx_hal_cortex.c **** {
 943              		.loc 1 191 1
 944              		.cfi_startproc
 945              		@ args = 0, pretend = 0, frame = 8
 946              		@ frame_needed = 1, uses_anonymous_args = 0
 947 0000 80B5     		push	{r7, lr}
 948              	.LCFI37:
 949              		.cfi_def_cfa_offset 8
 950              		.cfi_offset 7, -8
 951              		.cfi_offset 14, -4
 952 0002 82B0     		sub	sp, sp, #8
 953              	.LCFI38:
 954              		.cfi_def_cfa_offset 16
 955 0004 00AF     		add	r7, sp, #0
 956              	.LCFI39:
 957              		.cfi_def_cfa_register 7
 958 0006 7860     		str	r0, [r7, #4]
 192:Drivers/STM32G0xx_HAL_Driver/Src/stm32g0xx_hal_cortex.c ****   return SysTick_Config(TicksNumb);
 959              		.loc 1 192 10
 960 0008 7B68     		ldr	r3, [r7, #4]
 961 000a 1800     		movs	r0, r3
 962 000c FFF7FEFF 		bl	SysTick_Config
 963 0010 0300     		movs	r3, r0
 193:Drivers/STM32G0xx_HAL_Driver/Src/stm32g0xx_hal_cortex.c **** }
 964              		.loc 1 193 1
 965 0012 1800     		movs	r0, r3
 966 0014 BD46     		mov	sp, r7
 967 0016 02B0     		add	sp, sp, #8
 968              		@ sp needed
 969 0018 80BD     		pop	{r7, pc}
 970              		.cfi_endproc
 971              	.LFE367:
 973              		.section	.text.HAL_NVIC_GetPriority,"ax",%progbits
 974              		.align	1
 975              		.global	HAL_NVIC_GetPriority
 976              		.syntax unified
 977              		.code	16
 978              		.thumb_func
 980              	HAL_NVIC_GetPriority:
 981              	.LFB368:
 194:Drivers/STM32G0xx_HAL_Driver/Src/stm32g0xx_hal_cortex.c **** /**
 195:Drivers/STM32G0xx_HAL_Driver/Src/stm32g0xx_hal_cortex.c ****   * @}
 196:Drivers/STM32G0xx_HAL_Driver/Src/stm32g0xx_hal_cortex.c ****   */
 197:Drivers/STM32G0xx_HAL_Driver/Src/stm32g0xx_hal_cortex.c **** 
 198:Drivers/STM32G0xx_HAL_Driver/Src/stm32g0xx_hal_cortex.c **** /** @addtogroup CORTEX_Exported_Functions_Group2
 199:Drivers/STM32G0xx_HAL_Driver/Src/stm32g0xx_hal_cortex.c ****  *  @brief   Cortex control functions
 200:Drivers/STM32G0xx_HAL_Driver/Src/stm32g0xx_hal_cortex.c ****  *
 201:Drivers/STM32G0xx_HAL_Driver/Src/stm32g0xx_hal_cortex.c **** @verbatim
ARM GAS  C:\Users\a_hae\AppData\Local\Temp\ccQ76ath.s 			page 57


 202:Drivers/STM32G0xx_HAL_Driver/Src/stm32g0xx_hal_cortex.c ****   ==============================================================================
 203:Drivers/STM32G0xx_HAL_Driver/Src/stm32g0xx_hal_cortex.c ****                       ##### Peripheral Control functions #####
 204:Drivers/STM32G0xx_HAL_Driver/Src/stm32g0xx_hal_cortex.c ****   ==============================================================================
 205:Drivers/STM32G0xx_HAL_Driver/Src/stm32g0xx_hal_cortex.c ****     [..]
 206:Drivers/STM32G0xx_HAL_Driver/Src/stm32g0xx_hal_cortex.c ****       This subsection provides a set of functions allowing to control the CORTEX
 207:Drivers/STM32G0xx_HAL_Driver/Src/stm32g0xx_hal_cortex.c ****       (NVIC, SYSTICK, MPU) functionalities.
 208:Drivers/STM32G0xx_HAL_Driver/Src/stm32g0xx_hal_cortex.c **** 
 209:Drivers/STM32G0xx_HAL_Driver/Src/stm32g0xx_hal_cortex.c **** 
 210:Drivers/STM32G0xx_HAL_Driver/Src/stm32g0xx_hal_cortex.c **** @endverbatim
 211:Drivers/STM32G0xx_HAL_Driver/Src/stm32g0xx_hal_cortex.c ****   * @{
 212:Drivers/STM32G0xx_HAL_Driver/Src/stm32g0xx_hal_cortex.c ****   */
 213:Drivers/STM32G0xx_HAL_Driver/Src/stm32g0xx_hal_cortex.c **** 
 214:Drivers/STM32G0xx_HAL_Driver/Src/stm32g0xx_hal_cortex.c **** /**
 215:Drivers/STM32G0xx_HAL_Driver/Src/stm32g0xx_hal_cortex.c ****   * @brief  Get the priority of an interrupt.
 216:Drivers/STM32G0xx_HAL_Driver/Src/stm32g0xx_hal_cortex.c ****   * @param  IRQn External interrupt number.
 217:Drivers/STM32G0xx_HAL_Driver/Src/stm32g0xx_hal_cortex.c ****   *         This parameter can be an enumerator of IRQn_Type enumeration
 218:Drivers/STM32G0xx_HAL_Driver/Src/stm32g0xx_hal_cortex.c ****   *         (For the complete STM32 Devices IRQ Channels list, please refer to the appropriate CMSI
 219:Drivers/STM32G0xx_HAL_Driver/Src/stm32g0xx_hal_cortex.c ****   * @retval None
 220:Drivers/STM32G0xx_HAL_Driver/Src/stm32g0xx_hal_cortex.c ****   */
 221:Drivers/STM32G0xx_HAL_Driver/Src/stm32g0xx_hal_cortex.c **** uint32_t HAL_NVIC_GetPriority(IRQn_Type IRQn)
 222:Drivers/STM32G0xx_HAL_Driver/Src/stm32g0xx_hal_cortex.c **** {
 982              		.loc 1 222 1
 983              		.cfi_startproc
 984              		@ args = 0, pretend = 0, frame = 8
 985              		@ frame_needed = 1, uses_anonymous_args = 0
 986 0000 80B5     		push	{r7, lr}
 987              	.LCFI40:
 988              		.cfi_def_cfa_offset 8
 989              		.cfi_offset 7, -8
 990              		.cfi_offset 14, -4
 991 0002 82B0     		sub	sp, sp, #8
 992              	.LCFI41:
 993              		.cfi_def_cfa_offset 16
 994 0004 00AF     		add	r7, sp, #0
 995              	.LCFI42:
 996              		.cfi_def_cfa_register 7
 997 0006 0200     		movs	r2, r0
 998 0008 FB1D     		adds	r3, r7, #7
 999 000a 1A70     		strb	r2, [r3]
 223:Drivers/STM32G0xx_HAL_Driver/Src/stm32g0xx_hal_cortex.c ****   /* Get priority for Cortex-M system or device specific interrupts */
 224:Drivers/STM32G0xx_HAL_Driver/Src/stm32g0xx_hal_cortex.c ****   return NVIC_GetPriority(IRQn);
 1000              		.loc 1 224 10
 1001 000c FB1D     		adds	r3, r7, #7
 1002 000e 1B78     		ldrb	r3, [r3]
 1003 0010 5BB2     		sxtb	r3, r3
 1004 0012 1800     		movs	r0, r3
 1005 0014 FFF7FEFF 		bl	__NVIC_GetPriority
 1006 0018 0300     		movs	r3, r0
 225:Drivers/STM32G0xx_HAL_Driver/Src/stm32g0xx_hal_cortex.c **** }
 1007              		.loc 1 225 1
 1008 001a 1800     		movs	r0, r3
 1009 001c BD46     		mov	sp, r7
 1010 001e 02B0     		add	sp, sp, #8
 1011              		@ sp needed
 1012 0020 80BD     		pop	{r7, pc}
 1013              		.cfi_endproc
 1014              	.LFE368:
ARM GAS  C:\Users\a_hae\AppData\Local\Temp\ccQ76ath.s 			page 58


 1016              		.section	.text.HAL_NVIC_SetPendingIRQ,"ax",%progbits
 1017              		.align	1
 1018              		.global	HAL_NVIC_SetPendingIRQ
 1019              		.syntax unified
 1020              		.code	16
 1021              		.thumb_func
 1023              	HAL_NVIC_SetPendingIRQ:
 1024              	.LFB369:
 226:Drivers/STM32G0xx_HAL_Driver/Src/stm32g0xx_hal_cortex.c **** 
 227:Drivers/STM32G0xx_HAL_Driver/Src/stm32g0xx_hal_cortex.c **** /**
 228:Drivers/STM32G0xx_HAL_Driver/Src/stm32g0xx_hal_cortex.c ****   * @brief  Set Pending bit of an external interrupt.
 229:Drivers/STM32G0xx_HAL_Driver/Src/stm32g0xx_hal_cortex.c ****   * @param  IRQn External interrupt number
 230:Drivers/STM32G0xx_HAL_Driver/Src/stm32g0xx_hal_cortex.c ****   *         This parameter can be an enumerator of IRQn_Type enumeration
 231:Drivers/STM32G0xx_HAL_Driver/Src/stm32g0xx_hal_cortex.c ****   *         (For the complete STM32 Devices IRQ Channels list, please refer to the appropriate CMSI
 232:Drivers/STM32G0xx_HAL_Driver/Src/stm32g0xx_hal_cortex.c ****   * @retval None
 233:Drivers/STM32G0xx_HAL_Driver/Src/stm32g0xx_hal_cortex.c ****   */
 234:Drivers/STM32G0xx_HAL_Driver/Src/stm32g0xx_hal_cortex.c **** void HAL_NVIC_SetPendingIRQ(IRQn_Type IRQn)
 235:Drivers/STM32G0xx_HAL_Driver/Src/stm32g0xx_hal_cortex.c **** {
 1025              		.loc 1 235 1
 1026              		.cfi_startproc
 1027              		@ args = 0, pretend = 0, frame = 8
 1028              		@ frame_needed = 1, uses_anonymous_args = 0
 1029 0000 80B5     		push	{r7, lr}
 1030              	.LCFI43:
 1031              		.cfi_def_cfa_offset 8
 1032              		.cfi_offset 7, -8
 1033              		.cfi_offset 14, -4
 1034 0002 82B0     		sub	sp, sp, #8
 1035              	.LCFI44:
 1036              		.cfi_def_cfa_offset 16
 1037 0004 00AF     		add	r7, sp, #0
 1038              	.LCFI45:
 1039              		.cfi_def_cfa_register 7
 1040 0006 0200     		movs	r2, r0
 1041 0008 FB1D     		adds	r3, r7, #7
 1042 000a 1A70     		strb	r2, [r3]
 236:Drivers/STM32G0xx_HAL_Driver/Src/stm32g0xx_hal_cortex.c ****   /* Check the parameters */
 237:Drivers/STM32G0xx_HAL_Driver/Src/stm32g0xx_hal_cortex.c ****   assert_param(IS_NVIC_DEVICE_IRQ(IRQn));
 238:Drivers/STM32G0xx_HAL_Driver/Src/stm32g0xx_hal_cortex.c **** 
 239:Drivers/STM32G0xx_HAL_Driver/Src/stm32g0xx_hal_cortex.c ****   /* Set interrupt pending */
 240:Drivers/STM32G0xx_HAL_Driver/Src/stm32g0xx_hal_cortex.c ****   NVIC_SetPendingIRQ(IRQn);
 1043              		.loc 1 240 3
 1044 000c FB1D     		adds	r3, r7, #7
 1045 000e 1B78     		ldrb	r3, [r3]
 1046 0010 5BB2     		sxtb	r3, r3
 1047 0012 1800     		movs	r0, r3
 1048 0014 FFF7FEFF 		bl	__NVIC_SetPendingIRQ
 241:Drivers/STM32G0xx_HAL_Driver/Src/stm32g0xx_hal_cortex.c **** }
 1049              		.loc 1 241 1
 1050 0018 C046     		nop
 1051 001a BD46     		mov	sp, r7
 1052 001c 02B0     		add	sp, sp, #8
 1053              		@ sp needed
 1054 001e 80BD     		pop	{r7, pc}
 1055              		.cfi_endproc
 1056              	.LFE369:
 1058              		.section	.text.HAL_NVIC_GetPendingIRQ,"ax",%progbits
ARM GAS  C:\Users\a_hae\AppData\Local\Temp\ccQ76ath.s 			page 59


 1059              		.align	1
 1060              		.global	HAL_NVIC_GetPendingIRQ
 1061              		.syntax unified
 1062              		.code	16
 1063              		.thumb_func
 1065              	HAL_NVIC_GetPendingIRQ:
 1066              	.LFB370:
 242:Drivers/STM32G0xx_HAL_Driver/Src/stm32g0xx_hal_cortex.c **** 
 243:Drivers/STM32G0xx_HAL_Driver/Src/stm32g0xx_hal_cortex.c **** /**
 244:Drivers/STM32G0xx_HAL_Driver/Src/stm32g0xx_hal_cortex.c ****   * @brief  Get Pending Interrupt (read the pending register in the NVIC
 245:Drivers/STM32G0xx_HAL_Driver/Src/stm32g0xx_hal_cortex.c ****   *         and return the pending bit for the specified interrupt).
 246:Drivers/STM32G0xx_HAL_Driver/Src/stm32g0xx_hal_cortex.c ****   * @param  IRQn External interrupt number.
 247:Drivers/STM32G0xx_HAL_Driver/Src/stm32g0xx_hal_cortex.c ****   *         This parameter can be an enumerator of IRQn_Type enumeration
 248:Drivers/STM32G0xx_HAL_Driver/Src/stm32g0xx_hal_cortex.c ****   *         (For the complete STM32 Devices IRQ Channels list, please refer to the appropriate CMSI
 249:Drivers/STM32G0xx_HAL_Driver/Src/stm32g0xx_hal_cortex.c ****   * @retval status: - 0  Interrupt status is not pending.
 250:Drivers/STM32G0xx_HAL_Driver/Src/stm32g0xx_hal_cortex.c ****   *                 - 1  Interrupt status is pending.
 251:Drivers/STM32G0xx_HAL_Driver/Src/stm32g0xx_hal_cortex.c ****   */
 252:Drivers/STM32G0xx_HAL_Driver/Src/stm32g0xx_hal_cortex.c **** uint32_t HAL_NVIC_GetPendingIRQ(IRQn_Type IRQn)
 253:Drivers/STM32G0xx_HAL_Driver/Src/stm32g0xx_hal_cortex.c **** {
 1067              		.loc 1 253 1
 1068              		.cfi_startproc
 1069              		@ args = 0, pretend = 0, frame = 8
 1070              		@ frame_needed = 1, uses_anonymous_args = 0
 1071 0000 80B5     		push	{r7, lr}
 1072              	.LCFI46:
 1073              		.cfi_def_cfa_offset 8
 1074              		.cfi_offset 7, -8
 1075              		.cfi_offset 14, -4
 1076 0002 82B0     		sub	sp, sp, #8
 1077              	.LCFI47:
 1078              		.cfi_def_cfa_offset 16
 1079 0004 00AF     		add	r7, sp, #0
 1080              	.LCFI48:
 1081              		.cfi_def_cfa_register 7
 1082 0006 0200     		movs	r2, r0
 1083 0008 FB1D     		adds	r3, r7, #7
 1084 000a 1A70     		strb	r2, [r3]
 254:Drivers/STM32G0xx_HAL_Driver/Src/stm32g0xx_hal_cortex.c ****   /* Check the parameters */
 255:Drivers/STM32G0xx_HAL_Driver/Src/stm32g0xx_hal_cortex.c ****   assert_param(IS_NVIC_DEVICE_IRQ(IRQn));
 256:Drivers/STM32G0xx_HAL_Driver/Src/stm32g0xx_hal_cortex.c **** 
 257:Drivers/STM32G0xx_HAL_Driver/Src/stm32g0xx_hal_cortex.c ****   /* Return 1 if pending else 0 */
 258:Drivers/STM32G0xx_HAL_Driver/Src/stm32g0xx_hal_cortex.c ****   return NVIC_GetPendingIRQ(IRQn);
 1085              		.loc 1 258 10
 1086 000c FB1D     		adds	r3, r7, #7
 1087 000e 1B78     		ldrb	r3, [r3]
 1088 0010 5BB2     		sxtb	r3, r3
 1089 0012 1800     		movs	r0, r3
 1090 0014 FFF7FEFF 		bl	__NVIC_GetPendingIRQ
 1091 0018 0300     		movs	r3, r0
 259:Drivers/STM32G0xx_HAL_Driver/Src/stm32g0xx_hal_cortex.c **** }
 1092              		.loc 1 259 1
 1093 001a 1800     		movs	r0, r3
 1094 001c BD46     		mov	sp, r7
 1095 001e 02B0     		add	sp, sp, #8
 1096              		@ sp needed
 1097 0020 80BD     		pop	{r7, pc}
 1098              		.cfi_endproc
ARM GAS  C:\Users\a_hae\AppData\Local\Temp\ccQ76ath.s 			page 60


 1099              	.LFE370:
 1101              		.section	.text.HAL_NVIC_ClearPendingIRQ,"ax",%progbits
 1102              		.align	1
 1103              		.global	HAL_NVIC_ClearPendingIRQ
 1104              		.syntax unified
 1105              		.code	16
 1106              		.thumb_func
 1108              	HAL_NVIC_ClearPendingIRQ:
 1109              	.LFB371:
 260:Drivers/STM32G0xx_HAL_Driver/Src/stm32g0xx_hal_cortex.c **** 
 261:Drivers/STM32G0xx_HAL_Driver/Src/stm32g0xx_hal_cortex.c **** /**
 262:Drivers/STM32G0xx_HAL_Driver/Src/stm32g0xx_hal_cortex.c ****   * @brief  Clear the pending bit of an external interrupt.
 263:Drivers/STM32G0xx_HAL_Driver/Src/stm32g0xx_hal_cortex.c ****   * @param  IRQn External interrupt number.
 264:Drivers/STM32G0xx_HAL_Driver/Src/stm32g0xx_hal_cortex.c ****   *         This parameter can be an enumerator of IRQn_Type enumeration
 265:Drivers/STM32G0xx_HAL_Driver/Src/stm32g0xx_hal_cortex.c ****   *         (For the complete STM32 Devices IRQ Channels list, please refer to the appropriate CMSI
 266:Drivers/STM32G0xx_HAL_Driver/Src/stm32g0xx_hal_cortex.c ****   * @retval None
 267:Drivers/STM32G0xx_HAL_Driver/Src/stm32g0xx_hal_cortex.c ****   */
 268:Drivers/STM32G0xx_HAL_Driver/Src/stm32g0xx_hal_cortex.c **** void HAL_NVIC_ClearPendingIRQ(IRQn_Type IRQn)
 269:Drivers/STM32G0xx_HAL_Driver/Src/stm32g0xx_hal_cortex.c **** {
 1110              		.loc 1 269 1
 1111              		.cfi_startproc
 1112              		@ args = 0, pretend = 0, frame = 8
 1113              		@ frame_needed = 1, uses_anonymous_args = 0
 1114 0000 80B5     		push	{r7, lr}
 1115              	.LCFI49:
 1116              		.cfi_def_cfa_offset 8
 1117              		.cfi_offset 7, -8
 1118              		.cfi_offset 14, -4
 1119 0002 82B0     		sub	sp, sp, #8
 1120              	.LCFI50:
 1121              		.cfi_def_cfa_offset 16
 1122 0004 00AF     		add	r7, sp, #0
 1123              	.LCFI51:
 1124              		.cfi_def_cfa_register 7
 1125 0006 0200     		movs	r2, r0
 1126 0008 FB1D     		adds	r3, r7, #7
 1127 000a 1A70     		strb	r2, [r3]
 270:Drivers/STM32G0xx_HAL_Driver/Src/stm32g0xx_hal_cortex.c ****   /* Check the parameters */
 271:Drivers/STM32G0xx_HAL_Driver/Src/stm32g0xx_hal_cortex.c ****   assert_param(IS_NVIC_DEVICE_IRQ(IRQn));
 272:Drivers/STM32G0xx_HAL_Driver/Src/stm32g0xx_hal_cortex.c **** 
 273:Drivers/STM32G0xx_HAL_Driver/Src/stm32g0xx_hal_cortex.c ****   /* Clear pending interrupt */
 274:Drivers/STM32G0xx_HAL_Driver/Src/stm32g0xx_hal_cortex.c ****   NVIC_ClearPendingIRQ(IRQn);
 1128              		.loc 1 274 3
 1129 000c FB1D     		adds	r3, r7, #7
 1130 000e 1B78     		ldrb	r3, [r3]
 1131 0010 5BB2     		sxtb	r3, r3
 1132 0012 1800     		movs	r0, r3
 1133 0014 FFF7FEFF 		bl	__NVIC_ClearPendingIRQ
 275:Drivers/STM32G0xx_HAL_Driver/Src/stm32g0xx_hal_cortex.c **** }
 1134              		.loc 1 275 1
 1135 0018 C046     		nop
 1136 001a BD46     		mov	sp, r7
 1137 001c 02B0     		add	sp, sp, #8
 1138              		@ sp needed
 1139 001e 80BD     		pop	{r7, pc}
 1140              		.cfi_endproc
 1141              	.LFE371:
ARM GAS  C:\Users\a_hae\AppData\Local\Temp\ccQ76ath.s 			page 61


 1143              		.section	.text.HAL_SYSTICK_CLKSourceConfig,"ax",%progbits
 1144              		.align	1
 1145              		.global	HAL_SYSTICK_CLKSourceConfig
 1146              		.syntax unified
 1147              		.code	16
 1148              		.thumb_func
 1150              	HAL_SYSTICK_CLKSourceConfig:
 1151              	.LFB372:
 276:Drivers/STM32G0xx_HAL_Driver/Src/stm32g0xx_hal_cortex.c **** 
 277:Drivers/STM32G0xx_HAL_Driver/Src/stm32g0xx_hal_cortex.c **** /**
 278:Drivers/STM32G0xx_HAL_Driver/Src/stm32g0xx_hal_cortex.c ****   * @brief  Configure the SysTick clock source.
 279:Drivers/STM32G0xx_HAL_Driver/Src/stm32g0xx_hal_cortex.c ****   * @param CLKSource specifies the SysTick clock source.
 280:Drivers/STM32G0xx_HAL_Driver/Src/stm32g0xx_hal_cortex.c ****   *         This parameter can be one of the following values:
 281:Drivers/STM32G0xx_HAL_Driver/Src/stm32g0xx_hal_cortex.c ****   *             @arg SYSTICK_CLKSOURCE_HCLK_DIV8: AHB clock divided by 8 selected as SysTick clock 
 282:Drivers/STM32G0xx_HAL_Driver/Src/stm32g0xx_hal_cortex.c ****   *             @arg SYSTICK_CLKSOURCE_HCLK: AHB clock selected as SysTick clock source.
 283:Drivers/STM32G0xx_HAL_Driver/Src/stm32g0xx_hal_cortex.c ****   * @retval None
 284:Drivers/STM32G0xx_HAL_Driver/Src/stm32g0xx_hal_cortex.c ****   */
 285:Drivers/STM32G0xx_HAL_Driver/Src/stm32g0xx_hal_cortex.c **** void HAL_SYSTICK_CLKSourceConfig(uint32_t CLKSource)
 286:Drivers/STM32G0xx_HAL_Driver/Src/stm32g0xx_hal_cortex.c **** {
 1152              		.loc 1 286 1
 1153              		.cfi_startproc
 1154              		@ args = 0, pretend = 0, frame = 8
 1155              		@ frame_needed = 1, uses_anonymous_args = 0
 1156 0000 80B5     		push	{r7, lr}
 1157              	.LCFI52:
 1158              		.cfi_def_cfa_offset 8
 1159              		.cfi_offset 7, -8
 1160              		.cfi_offset 14, -4
 1161 0002 82B0     		sub	sp, sp, #8
 1162              	.LCFI53:
 1163              		.cfi_def_cfa_offset 16
 1164 0004 00AF     		add	r7, sp, #0
 1165              	.LCFI54:
 1166              		.cfi_def_cfa_register 7
 1167 0006 7860     		str	r0, [r7, #4]
 287:Drivers/STM32G0xx_HAL_Driver/Src/stm32g0xx_hal_cortex.c ****   /* Check the parameters */
 288:Drivers/STM32G0xx_HAL_Driver/Src/stm32g0xx_hal_cortex.c ****   assert_param(IS_SYSTICK_CLK_SOURCE(CLKSource));
 289:Drivers/STM32G0xx_HAL_Driver/Src/stm32g0xx_hal_cortex.c ****   if (CLKSource == SYSTICK_CLKSOURCE_HCLK)
 1168              		.loc 1 289 6
 1169 0008 7B68     		ldr	r3, [r7, #4]
 1170 000a 042B     		cmp	r3, #4
 1171 000c 06D1     		bne	.L59
 290:Drivers/STM32G0xx_HAL_Driver/Src/stm32g0xx_hal_cortex.c ****   {
 291:Drivers/STM32G0xx_HAL_Driver/Src/stm32g0xx_hal_cortex.c ****     SysTick->CTRL |= SYSTICK_CLKSOURCE_HCLK;
 1172              		.loc 1 291 12
 1173 000e 084B     		ldr	r3, .L62
 1174 0010 1A68     		ldr	r2, [r3]
 1175 0012 074B     		ldr	r3, .L62
 1176              		.loc 1 291 19
 1177 0014 0421     		movs	r1, #4
 1178 0016 0A43     		orrs	r2, r1
 1179 0018 1A60     		str	r2, [r3]
 292:Drivers/STM32G0xx_HAL_Driver/Src/stm32g0xx_hal_cortex.c ****   }
 293:Drivers/STM32G0xx_HAL_Driver/Src/stm32g0xx_hal_cortex.c ****   else
 294:Drivers/STM32G0xx_HAL_Driver/Src/stm32g0xx_hal_cortex.c ****   {
 295:Drivers/STM32G0xx_HAL_Driver/Src/stm32g0xx_hal_cortex.c ****     SysTick->CTRL &= ~SYSTICK_CLKSOURCE_HCLK;
 296:Drivers/STM32G0xx_HAL_Driver/Src/stm32g0xx_hal_cortex.c ****   }
ARM GAS  C:\Users\a_hae\AppData\Local\Temp\ccQ76ath.s 			page 62


 297:Drivers/STM32G0xx_HAL_Driver/Src/stm32g0xx_hal_cortex.c **** }
 1180              		.loc 1 297 1
 1181 001a 05E0     		b	.L61
 1182              	.L59:
 295:Drivers/STM32G0xx_HAL_Driver/Src/stm32g0xx_hal_cortex.c ****   }
 1183              		.loc 1 295 12
 1184 001c 044B     		ldr	r3, .L62
 1185 001e 1A68     		ldr	r2, [r3]
 1186 0020 034B     		ldr	r3, .L62
 295:Drivers/STM32G0xx_HAL_Driver/Src/stm32g0xx_hal_cortex.c ****   }
 1187              		.loc 1 295 19
 1188 0022 0421     		movs	r1, #4
 1189 0024 8A43     		bics	r2, r1
 1190 0026 1A60     		str	r2, [r3]
 1191              	.L61:
 1192              		.loc 1 297 1
 1193 0028 C046     		nop
 1194 002a BD46     		mov	sp, r7
 1195 002c 02B0     		add	sp, sp, #8
 1196              		@ sp needed
 1197 002e 80BD     		pop	{r7, pc}
 1198              	.L63:
 1199              		.align	2
 1200              	.L62:
 1201 0030 10E000E0 		.word	-536813552
 1202              		.cfi_endproc
 1203              	.LFE372:
 1205              		.section	.text.HAL_SYSTICK_IRQHandler,"ax",%progbits
 1206              		.align	1
 1207              		.global	HAL_SYSTICK_IRQHandler
 1208              		.syntax unified
 1209              		.code	16
 1210              		.thumb_func
 1212              	HAL_SYSTICK_IRQHandler:
 1213              	.LFB373:
 298:Drivers/STM32G0xx_HAL_Driver/Src/stm32g0xx_hal_cortex.c **** 
 299:Drivers/STM32G0xx_HAL_Driver/Src/stm32g0xx_hal_cortex.c **** /**
 300:Drivers/STM32G0xx_HAL_Driver/Src/stm32g0xx_hal_cortex.c ****   * @brief  Handle SYSTICK interrupt request.
 301:Drivers/STM32G0xx_HAL_Driver/Src/stm32g0xx_hal_cortex.c ****   * @retval None
 302:Drivers/STM32G0xx_HAL_Driver/Src/stm32g0xx_hal_cortex.c ****   */
 303:Drivers/STM32G0xx_HAL_Driver/Src/stm32g0xx_hal_cortex.c **** void HAL_SYSTICK_IRQHandler(void)
 304:Drivers/STM32G0xx_HAL_Driver/Src/stm32g0xx_hal_cortex.c **** {
 1214              		.loc 1 304 1
 1215              		.cfi_startproc
 1216              		@ args = 0, pretend = 0, frame = 0
 1217              		@ frame_needed = 1, uses_anonymous_args = 0
 1218 0000 80B5     		push	{r7, lr}
 1219              	.LCFI55:
 1220              		.cfi_def_cfa_offset 8
 1221              		.cfi_offset 7, -8
 1222              		.cfi_offset 14, -4
 1223 0002 00AF     		add	r7, sp, #0
 1224              	.LCFI56:
 1225              		.cfi_def_cfa_register 7
 305:Drivers/STM32G0xx_HAL_Driver/Src/stm32g0xx_hal_cortex.c ****   HAL_SYSTICK_Callback();
 1226              		.loc 1 305 3
 1227 0004 FFF7FEFF 		bl	HAL_SYSTICK_Callback
ARM GAS  C:\Users\a_hae\AppData\Local\Temp\ccQ76ath.s 			page 63


 306:Drivers/STM32G0xx_HAL_Driver/Src/stm32g0xx_hal_cortex.c **** }
 1228              		.loc 1 306 1
 1229 0008 C046     		nop
 1230 000a BD46     		mov	sp, r7
 1231              		@ sp needed
 1232 000c 80BD     		pop	{r7, pc}
 1233              		.cfi_endproc
 1234              	.LFE373:
 1236              		.section	.text.HAL_SYSTICK_Callback,"ax",%progbits
 1237              		.align	1
 1238              		.weak	HAL_SYSTICK_Callback
 1239              		.syntax unified
 1240              		.code	16
 1241              		.thumb_func
 1243              	HAL_SYSTICK_Callback:
 1244              	.LFB374:
 307:Drivers/STM32G0xx_HAL_Driver/Src/stm32g0xx_hal_cortex.c **** 
 308:Drivers/STM32G0xx_HAL_Driver/Src/stm32g0xx_hal_cortex.c **** /**
 309:Drivers/STM32G0xx_HAL_Driver/Src/stm32g0xx_hal_cortex.c ****   * @brief  SYSTICK callback.
 310:Drivers/STM32G0xx_HAL_Driver/Src/stm32g0xx_hal_cortex.c ****   * @retval None
 311:Drivers/STM32G0xx_HAL_Driver/Src/stm32g0xx_hal_cortex.c ****   */
 312:Drivers/STM32G0xx_HAL_Driver/Src/stm32g0xx_hal_cortex.c **** __weak void HAL_SYSTICK_Callback(void)
 313:Drivers/STM32G0xx_HAL_Driver/Src/stm32g0xx_hal_cortex.c **** {
 1245              		.loc 1 313 1
 1246              		.cfi_startproc
 1247              		@ args = 0, pretend = 0, frame = 0
 1248              		@ frame_needed = 1, uses_anonymous_args = 0
 1249 0000 80B5     		push	{r7, lr}
 1250              	.LCFI57:
 1251              		.cfi_def_cfa_offset 8
 1252              		.cfi_offset 7, -8
 1253              		.cfi_offset 14, -4
 1254 0002 00AF     		add	r7, sp, #0
 1255              	.LCFI58:
 1256              		.cfi_def_cfa_register 7
 314:Drivers/STM32G0xx_HAL_Driver/Src/stm32g0xx_hal_cortex.c ****   /* NOTE : This function should not be modified, when the callback is needed,
 315:Drivers/STM32G0xx_HAL_Driver/Src/stm32g0xx_hal_cortex.c ****             the HAL_SYSTICK_Callback could be implemented in the user file
 316:Drivers/STM32G0xx_HAL_Driver/Src/stm32g0xx_hal_cortex.c ****    */
 317:Drivers/STM32G0xx_HAL_Driver/Src/stm32g0xx_hal_cortex.c **** }
 1257              		.loc 1 317 1
 1258 0004 C046     		nop
 1259 0006 BD46     		mov	sp, r7
 1260              		@ sp needed
 1261 0008 80BD     		pop	{r7, pc}
 1262              		.cfi_endproc
 1263              	.LFE374:
 1265              		.section	.text.HAL_MPU_Enable,"ax",%progbits
 1266              		.align	1
 1267              		.global	HAL_MPU_Enable
 1268              		.syntax unified
 1269              		.code	16
 1270              		.thumb_func
 1272              	HAL_MPU_Enable:
 1273              	.LFB375:
 318:Drivers/STM32G0xx_HAL_Driver/Src/stm32g0xx_hal_cortex.c **** 
 319:Drivers/STM32G0xx_HAL_Driver/Src/stm32g0xx_hal_cortex.c **** #if (__MPU_PRESENT == 1U)
 320:Drivers/STM32G0xx_HAL_Driver/Src/stm32g0xx_hal_cortex.c **** /**
ARM GAS  C:\Users\a_hae\AppData\Local\Temp\ccQ76ath.s 			page 64


 321:Drivers/STM32G0xx_HAL_Driver/Src/stm32g0xx_hal_cortex.c ****   * @brief  Enable the MPU.
 322:Drivers/STM32G0xx_HAL_Driver/Src/stm32g0xx_hal_cortex.c ****   * @param  MPU_Control Specifies the control mode of the MPU during hard fault,
 323:Drivers/STM32G0xx_HAL_Driver/Src/stm32g0xx_hal_cortex.c ****   *          NMI, FAULTMASK and privileged access to the default memory
 324:Drivers/STM32G0xx_HAL_Driver/Src/stm32g0xx_hal_cortex.c ****   *          This parameter can be one of the following values:
 325:Drivers/STM32G0xx_HAL_Driver/Src/stm32g0xx_hal_cortex.c ****   *            @arg MPU_HFNMI_PRIVDEF_NONE
 326:Drivers/STM32G0xx_HAL_Driver/Src/stm32g0xx_hal_cortex.c ****   *            @arg MPU_HARDFAULT_NMI
 327:Drivers/STM32G0xx_HAL_Driver/Src/stm32g0xx_hal_cortex.c ****   *            @arg MPU_PRIVILEGED_DEFAULT
 328:Drivers/STM32G0xx_HAL_Driver/Src/stm32g0xx_hal_cortex.c ****   *            @arg MPU_HFNMI_PRIVDEF
 329:Drivers/STM32G0xx_HAL_Driver/Src/stm32g0xx_hal_cortex.c ****   * @retval None
 330:Drivers/STM32G0xx_HAL_Driver/Src/stm32g0xx_hal_cortex.c ****   */
 331:Drivers/STM32G0xx_HAL_Driver/Src/stm32g0xx_hal_cortex.c **** void HAL_MPU_Enable(uint32_t MPU_Control)
 332:Drivers/STM32G0xx_HAL_Driver/Src/stm32g0xx_hal_cortex.c **** {
 1274              		.loc 1 332 1
 1275              		.cfi_startproc
 1276              		@ args = 0, pretend = 0, frame = 8
 1277              		@ frame_needed = 1, uses_anonymous_args = 0
 1278 0000 80B5     		push	{r7, lr}
 1279              	.LCFI59:
 1280              		.cfi_def_cfa_offset 8
 1281              		.cfi_offset 7, -8
 1282              		.cfi_offset 14, -4
 1283 0002 82B0     		sub	sp, sp, #8
 1284              	.LCFI60:
 1285              		.cfi_def_cfa_offset 16
 1286 0004 00AF     		add	r7, sp, #0
 1287              	.LCFI61:
 1288              		.cfi_def_cfa_register 7
 1289 0006 7860     		str	r0, [r7, #4]
 333:Drivers/STM32G0xx_HAL_Driver/Src/stm32g0xx_hal_cortex.c ****   /* Enable the MPU */
 334:Drivers/STM32G0xx_HAL_Driver/Src/stm32g0xx_hal_cortex.c ****   MPU->CTRL = (MPU_Control | MPU_CTRL_ENABLE_Msk);
 1290              		.loc 1 334 6
 1291 0008 074B     		ldr	r3, .L67
 1292              		.loc 1 334 28
 1293 000a 7A68     		ldr	r2, [r7, #4]
 1294 000c 0121     		movs	r1, #1
 1295 000e 0A43     		orrs	r2, r1
 1296              		.loc 1 334 13
 1297 0010 5A60     		str	r2, [r3, #4]
 1298              	.LBB24:
 1299              	.LBB25:
 946:Drivers/CMSIS/Include/cmsis_gcc.h **** }
 1300              		.loc 3 946 3
 1301              		.syntax divided
 1302              	@ 946 "Drivers/CMSIS/Include/cmsis_gcc.h" 1
 1303 0012 BFF34F8F 		dsb 0xF
 1304              	@ 0 "" 2
 1305              		.loc 3 947 1
 1306              		.thumb
 1307              		.syntax unified
 1308 0016 C046     		nop
 1309              	.LBE25:
 1310              	.LBE24:
 1311              	.LBB26:
 1312              	.LBB27:
 935:Drivers/CMSIS/Include/cmsis_gcc.h **** }
 1313              		.loc 3 935 3
 1314              		.syntax divided
ARM GAS  C:\Users\a_hae\AppData\Local\Temp\ccQ76ath.s 			page 65


 1315              	@ 935 "Drivers/CMSIS/Include/cmsis_gcc.h" 1
 1316 0018 BFF36F8F 		isb 0xF
 1317              	@ 0 "" 2
 936:Drivers/CMSIS/Include/cmsis_gcc.h **** 
 1318              		.loc 3 936 1
 1319              		.thumb
 1320              		.syntax unified
 1321 001c C046     		nop
 1322              	.LBE27:
 1323              	.LBE26:
 335:Drivers/STM32G0xx_HAL_Driver/Src/stm32g0xx_hal_cortex.c **** 
 336:Drivers/STM32G0xx_HAL_Driver/Src/stm32g0xx_hal_cortex.c ****   /* Ensure MPU setting take effects */
 337:Drivers/STM32G0xx_HAL_Driver/Src/stm32g0xx_hal_cortex.c ****   __DSB();
 338:Drivers/STM32G0xx_HAL_Driver/Src/stm32g0xx_hal_cortex.c ****   __ISB();
 339:Drivers/STM32G0xx_HAL_Driver/Src/stm32g0xx_hal_cortex.c **** }
 1324              		.loc 1 339 1
 1325 001e C046     		nop
 1326 0020 BD46     		mov	sp, r7
 1327 0022 02B0     		add	sp, sp, #8
 1328              		@ sp needed
 1329 0024 80BD     		pop	{r7, pc}
 1330              	.L68:
 1331 0026 C046     		.align	2
 1332              	.L67:
 1333 0028 90ED00E0 		.word	-536810096
 1334              		.cfi_endproc
 1335              	.LFE375:
 1337              		.section	.text.HAL_MPU_Disable,"ax",%progbits
 1338              		.align	1
 1339              		.global	HAL_MPU_Disable
 1340              		.syntax unified
 1341              		.code	16
 1342              		.thumb_func
 1344              	HAL_MPU_Disable:
 1345              	.LFB376:
 340:Drivers/STM32G0xx_HAL_Driver/Src/stm32g0xx_hal_cortex.c **** 
 341:Drivers/STM32G0xx_HAL_Driver/Src/stm32g0xx_hal_cortex.c **** 
 342:Drivers/STM32G0xx_HAL_Driver/Src/stm32g0xx_hal_cortex.c **** /**
 343:Drivers/STM32G0xx_HAL_Driver/Src/stm32g0xx_hal_cortex.c ****   * @brief  Disable the MPU.
 344:Drivers/STM32G0xx_HAL_Driver/Src/stm32g0xx_hal_cortex.c ****   * @retval None
 345:Drivers/STM32G0xx_HAL_Driver/Src/stm32g0xx_hal_cortex.c ****   */
 346:Drivers/STM32G0xx_HAL_Driver/Src/stm32g0xx_hal_cortex.c **** void HAL_MPU_Disable(void)
 347:Drivers/STM32G0xx_HAL_Driver/Src/stm32g0xx_hal_cortex.c **** {
 1346              		.loc 1 347 1
 1347              		.cfi_startproc
 1348              		@ args = 0, pretend = 0, frame = 0
 1349              		@ frame_needed = 1, uses_anonymous_args = 0
 1350 0000 80B5     		push	{r7, lr}
 1351              	.LCFI62:
 1352              		.cfi_def_cfa_offset 8
 1353              		.cfi_offset 7, -8
 1354              		.cfi_offset 14, -4
 1355 0002 00AF     		add	r7, sp, #0
 1356              	.LCFI63:
 1357              		.cfi_def_cfa_register 7
 1358              	.LBB28:
 1359              	.LBB29:
ARM GAS  C:\Users\a_hae\AppData\Local\Temp\ccQ76ath.s 			page 66


 948:Drivers/CMSIS/Include/cmsis_gcc.h **** 
 949:Drivers/CMSIS/Include/cmsis_gcc.h **** 
 950:Drivers/CMSIS/Include/cmsis_gcc.h **** /**
 951:Drivers/CMSIS/Include/cmsis_gcc.h ****   \brief   Data Memory Barrier
 952:Drivers/CMSIS/Include/cmsis_gcc.h ****   \details Ensures the apparent order of the explicit memory operations before
 953:Drivers/CMSIS/Include/cmsis_gcc.h ****            and after the instruction, without ensuring their completion.
 954:Drivers/CMSIS/Include/cmsis_gcc.h ****  */
 955:Drivers/CMSIS/Include/cmsis_gcc.h **** __STATIC_FORCEINLINE void __DMB(void)
 956:Drivers/CMSIS/Include/cmsis_gcc.h **** {
 957:Drivers/CMSIS/Include/cmsis_gcc.h ****   __ASM volatile ("dmb 0xF":::"memory");
 1360              		.loc 3 957 3
 1361              		.syntax divided
 1362              	@ 957 "Drivers/CMSIS/Include/cmsis_gcc.h" 1
 1363 0004 BFF35F8F 		dmb 0xF
 1364              	@ 0 "" 2
 958:Drivers/CMSIS/Include/cmsis_gcc.h **** }
 1365              		.loc 3 958 1
 1366              		.thumb
 1367              		.syntax unified
 1368 0008 C046     		nop
 1369              	.LBE29:
 1370              	.LBE28:
 348:Drivers/STM32G0xx_HAL_Driver/Src/stm32g0xx_hal_cortex.c ****   /* Make sure outstanding transfers are done */
 349:Drivers/STM32G0xx_HAL_Driver/Src/stm32g0xx_hal_cortex.c ****   __DMB();
 350:Drivers/STM32G0xx_HAL_Driver/Src/stm32g0xx_hal_cortex.c **** 
 351:Drivers/STM32G0xx_HAL_Driver/Src/stm32g0xx_hal_cortex.c ****   /* Disable the MPU and clear the control register*/
 352:Drivers/STM32G0xx_HAL_Driver/Src/stm32g0xx_hal_cortex.c ****   MPU->CTRL  = 0;
 1371              		.loc 1 352 6
 1372 000a 034B     		ldr	r3, .L70
 1373              		.loc 1 352 14
 1374 000c 0022     		movs	r2, #0
 1375 000e 5A60     		str	r2, [r3, #4]
 353:Drivers/STM32G0xx_HAL_Driver/Src/stm32g0xx_hal_cortex.c **** }
 1376              		.loc 1 353 1
 1377 0010 C046     		nop
 1378 0012 BD46     		mov	sp, r7
 1379              		@ sp needed
 1380 0014 80BD     		pop	{r7, pc}
 1381              	.L71:
 1382 0016 C046     		.align	2
 1383              	.L70:
 1384 0018 90ED00E0 		.word	-536810096
 1385              		.cfi_endproc
 1386              	.LFE376:
 1388              		.section	.text.HAL_MPU_EnableRegion,"ax",%progbits
 1389              		.align	1
 1390              		.global	HAL_MPU_EnableRegion
 1391              		.syntax unified
 1392              		.code	16
 1393              		.thumb_func
 1395              	HAL_MPU_EnableRegion:
 1396              	.LFB377:
 354:Drivers/STM32G0xx_HAL_Driver/Src/stm32g0xx_hal_cortex.c **** 
 355:Drivers/STM32G0xx_HAL_Driver/Src/stm32g0xx_hal_cortex.c **** /**
 356:Drivers/STM32G0xx_HAL_Driver/Src/stm32g0xx_hal_cortex.c ****   * @brief  Enable the MPU Region.
 357:Drivers/STM32G0xx_HAL_Driver/Src/stm32g0xx_hal_cortex.c ****   * @retval None
 358:Drivers/STM32G0xx_HAL_Driver/Src/stm32g0xx_hal_cortex.c ****   */
ARM GAS  C:\Users\a_hae\AppData\Local\Temp\ccQ76ath.s 			page 67


 359:Drivers/STM32G0xx_HAL_Driver/Src/stm32g0xx_hal_cortex.c **** void HAL_MPU_EnableRegion(uint32_t RegionNumber)
 360:Drivers/STM32G0xx_HAL_Driver/Src/stm32g0xx_hal_cortex.c **** {
 1397              		.loc 1 360 1
 1398              		.cfi_startproc
 1399              		@ args = 0, pretend = 0, frame = 8
 1400              		@ frame_needed = 1, uses_anonymous_args = 0
 1401 0000 80B5     		push	{r7, lr}
 1402              	.LCFI64:
 1403              		.cfi_def_cfa_offset 8
 1404              		.cfi_offset 7, -8
 1405              		.cfi_offset 14, -4
 1406 0002 82B0     		sub	sp, sp, #8
 1407              	.LCFI65:
 1408              		.cfi_def_cfa_offset 16
 1409 0004 00AF     		add	r7, sp, #0
 1410              	.LCFI66:
 1411              		.cfi_def_cfa_register 7
 1412 0006 7860     		str	r0, [r7, #4]
 361:Drivers/STM32G0xx_HAL_Driver/Src/stm32g0xx_hal_cortex.c ****   /* Check the parameters */
 362:Drivers/STM32G0xx_HAL_Driver/Src/stm32g0xx_hal_cortex.c ****   assert_param(IS_MPU_REGION_NUMBER(RegionNumber));
 363:Drivers/STM32G0xx_HAL_Driver/Src/stm32g0xx_hal_cortex.c **** 
 364:Drivers/STM32G0xx_HAL_Driver/Src/stm32g0xx_hal_cortex.c ****   /* Set the Region number */
 365:Drivers/STM32G0xx_HAL_Driver/Src/stm32g0xx_hal_cortex.c ****   MPU->RNR = RegionNumber;
 1413              		.loc 1 365 6
 1414 0008 064B     		ldr	r3, .L73
 1415              		.loc 1 365 12
 1416 000a 7A68     		ldr	r2, [r7, #4]
 1417 000c 9A60     		str	r2, [r3, #8]
 366:Drivers/STM32G0xx_HAL_Driver/Src/stm32g0xx_hal_cortex.c **** 
 367:Drivers/STM32G0xx_HAL_Driver/Src/stm32g0xx_hal_cortex.c ****   /* Enable the Region */
 368:Drivers/STM32G0xx_HAL_Driver/Src/stm32g0xx_hal_cortex.c ****   SET_BIT(MPU->RASR, MPU_RASR_ENABLE_Msk);
 1418              		.loc 1 368 3
 1419 000e 054B     		ldr	r3, .L73
 1420 0010 1A69     		ldr	r2, [r3, #16]
 1421 0012 044B     		ldr	r3, .L73
 1422 0014 0121     		movs	r1, #1
 1423 0016 0A43     		orrs	r2, r1
 1424 0018 1A61     		str	r2, [r3, #16]
 369:Drivers/STM32G0xx_HAL_Driver/Src/stm32g0xx_hal_cortex.c **** }
 1425              		.loc 1 369 1
 1426 001a C046     		nop
 1427 001c BD46     		mov	sp, r7
 1428 001e 02B0     		add	sp, sp, #8
 1429              		@ sp needed
 1430 0020 80BD     		pop	{r7, pc}
 1431              	.L74:
 1432 0022 C046     		.align	2
 1433              	.L73:
 1434 0024 90ED00E0 		.word	-536810096
 1435              		.cfi_endproc
 1436              	.LFE377:
 1438              		.section	.text.HAL_MPU_DisableRegion,"ax",%progbits
 1439              		.align	1
 1440              		.global	HAL_MPU_DisableRegion
 1441              		.syntax unified
 1442              		.code	16
 1443              		.thumb_func
ARM GAS  C:\Users\a_hae\AppData\Local\Temp\ccQ76ath.s 			page 68


 1445              	HAL_MPU_DisableRegion:
 1446              	.LFB378:
 370:Drivers/STM32G0xx_HAL_Driver/Src/stm32g0xx_hal_cortex.c **** 
 371:Drivers/STM32G0xx_HAL_Driver/Src/stm32g0xx_hal_cortex.c **** /**
 372:Drivers/STM32G0xx_HAL_Driver/Src/stm32g0xx_hal_cortex.c ****   * @brief  Disable the MPU Region.
 373:Drivers/STM32G0xx_HAL_Driver/Src/stm32g0xx_hal_cortex.c ****   * @retval None
 374:Drivers/STM32G0xx_HAL_Driver/Src/stm32g0xx_hal_cortex.c ****   */
 375:Drivers/STM32G0xx_HAL_Driver/Src/stm32g0xx_hal_cortex.c **** void HAL_MPU_DisableRegion(uint32_t RegionNumber)
 376:Drivers/STM32G0xx_HAL_Driver/Src/stm32g0xx_hal_cortex.c **** {
 1447              		.loc 1 376 1
 1448              		.cfi_startproc
 1449              		@ args = 0, pretend = 0, frame = 8
 1450              		@ frame_needed = 1, uses_anonymous_args = 0
 1451 0000 80B5     		push	{r7, lr}
 1452              	.LCFI67:
 1453              		.cfi_def_cfa_offset 8
 1454              		.cfi_offset 7, -8
 1455              		.cfi_offset 14, -4
 1456 0002 82B0     		sub	sp, sp, #8
 1457              	.LCFI68:
 1458              		.cfi_def_cfa_offset 16
 1459 0004 00AF     		add	r7, sp, #0
 1460              	.LCFI69:
 1461              		.cfi_def_cfa_register 7
 1462 0006 7860     		str	r0, [r7, #4]
 377:Drivers/STM32G0xx_HAL_Driver/Src/stm32g0xx_hal_cortex.c ****   /* Check the parameters */
 378:Drivers/STM32G0xx_HAL_Driver/Src/stm32g0xx_hal_cortex.c ****   assert_param(IS_MPU_REGION_NUMBER(RegionNumber));
 379:Drivers/STM32G0xx_HAL_Driver/Src/stm32g0xx_hal_cortex.c **** 
 380:Drivers/STM32G0xx_HAL_Driver/Src/stm32g0xx_hal_cortex.c ****   /* Set the Region number */
 381:Drivers/STM32G0xx_HAL_Driver/Src/stm32g0xx_hal_cortex.c ****   MPU->RNR = RegionNumber;
 1463              		.loc 1 381 6
 1464 0008 064B     		ldr	r3, .L76
 1465              		.loc 1 381 12
 1466 000a 7A68     		ldr	r2, [r7, #4]
 1467 000c 9A60     		str	r2, [r3, #8]
 382:Drivers/STM32G0xx_HAL_Driver/Src/stm32g0xx_hal_cortex.c **** 
 383:Drivers/STM32G0xx_HAL_Driver/Src/stm32g0xx_hal_cortex.c ****   /* Disable the Region */
 384:Drivers/STM32G0xx_HAL_Driver/Src/stm32g0xx_hal_cortex.c ****   CLEAR_BIT(MPU->RASR, MPU_RASR_ENABLE_Msk);
 1468              		.loc 1 384 3
 1469 000e 054B     		ldr	r3, .L76
 1470 0010 1A69     		ldr	r2, [r3, #16]
 1471 0012 044B     		ldr	r3, .L76
 1472 0014 0121     		movs	r1, #1
 1473 0016 8A43     		bics	r2, r1
 1474 0018 1A61     		str	r2, [r3, #16]
 385:Drivers/STM32G0xx_HAL_Driver/Src/stm32g0xx_hal_cortex.c **** }
 1475              		.loc 1 385 1
 1476 001a C046     		nop
 1477 001c BD46     		mov	sp, r7
 1478 001e 02B0     		add	sp, sp, #8
 1479              		@ sp needed
 1480 0020 80BD     		pop	{r7, pc}
 1481              	.L77:
 1482 0022 C046     		.align	2
 1483              	.L76:
 1484 0024 90ED00E0 		.word	-536810096
 1485              		.cfi_endproc
ARM GAS  C:\Users\a_hae\AppData\Local\Temp\ccQ76ath.s 			page 69


 1486              	.LFE378:
 1488              		.section	.text.HAL_MPU_ConfigRegion,"ax",%progbits
 1489              		.align	1
 1490              		.global	HAL_MPU_ConfigRegion
 1491              		.syntax unified
 1492              		.code	16
 1493              		.thumb_func
 1495              	HAL_MPU_ConfigRegion:
 1496              	.LFB379:
 386:Drivers/STM32G0xx_HAL_Driver/Src/stm32g0xx_hal_cortex.c **** 
 387:Drivers/STM32G0xx_HAL_Driver/Src/stm32g0xx_hal_cortex.c **** /**
 388:Drivers/STM32G0xx_HAL_Driver/Src/stm32g0xx_hal_cortex.c ****   * @brief  Initialize and configure the Region and the memory to be protected.
 389:Drivers/STM32G0xx_HAL_Driver/Src/stm32g0xx_hal_cortex.c ****   * @param MPU_Init Pointer to a MPU_Region_InitTypeDef structure that contains
 390:Drivers/STM32G0xx_HAL_Driver/Src/stm32g0xx_hal_cortex.c ****   *                the initialization and configuration information.
 391:Drivers/STM32G0xx_HAL_Driver/Src/stm32g0xx_hal_cortex.c ****   * @retval None
 392:Drivers/STM32G0xx_HAL_Driver/Src/stm32g0xx_hal_cortex.c ****   */
 393:Drivers/STM32G0xx_HAL_Driver/Src/stm32g0xx_hal_cortex.c **** void HAL_MPU_ConfigRegion(MPU_Region_InitTypeDef *MPU_Init)
 394:Drivers/STM32G0xx_HAL_Driver/Src/stm32g0xx_hal_cortex.c **** {
 1497              		.loc 1 394 1
 1498              		.cfi_startproc
 1499              		@ args = 0, pretend = 0, frame = 8
 1500              		@ frame_needed = 1, uses_anonymous_args = 0
 1501 0000 80B5     		push	{r7, lr}
 1502              	.LCFI70:
 1503              		.cfi_def_cfa_offset 8
 1504              		.cfi_offset 7, -8
 1505              		.cfi_offset 14, -4
 1506 0002 82B0     		sub	sp, sp, #8
 1507              	.LCFI71:
 1508              		.cfi_def_cfa_offset 16
 1509 0004 00AF     		add	r7, sp, #0
 1510              	.LCFI72:
 1511              		.cfi_def_cfa_register 7
 1512 0006 7860     		str	r0, [r7, #4]
 395:Drivers/STM32G0xx_HAL_Driver/Src/stm32g0xx_hal_cortex.c ****   /* Check the parameters */
 396:Drivers/STM32G0xx_HAL_Driver/Src/stm32g0xx_hal_cortex.c ****   assert_param(IS_MPU_REGION_NUMBER(MPU_Init->Number));
 397:Drivers/STM32G0xx_HAL_Driver/Src/stm32g0xx_hal_cortex.c ****   assert_param(IS_MPU_REGION_ENABLE(MPU_Init->Enable));
 398:Drivers/STM32G0xx_HAL_Driver/Src/stm32g0xx_hal_cortex.c ****   assert_param(IS_MPU_INSTRUCTION_ACCESS(MPU_Init->DisableExec));
 399:Drivers/STM32G0xx_HAL_Driver/Src/stm32g0xx_hal_cortex.c ****   assert_param(IS_MPU_REGION_PERMISSION_ATTRIBUTE(MPU_Init->AccessPermission));
 400:Drivers/STM32G0xx_HAL_Driver/Src/stm32g0xx_hal_cortex.c ****   assert_param(IS_MPU_TEX_LEVEL(MPU_Init->TypeExtField));
 401:Drivers/STM32G0xx_HAL_Driver/Src/stm32g0xx_hal_cortex.c ****   assert_param(IS_MPU_ACCESS_SHAREABLE(MPU_Init->IsShareable));
 402:Drivers/STM32G0xx_HAL_Driver/Src/stm32g0xx_hal_cortex.c ****   assert_param(IS_MPU_ACCESS_CACHEABLE(MPU_Init->IsCacheable));
 403:Drivers/STM32G0xx_HAL_Driver/Src/stm32g0xx_hal_cortex.c ****   assert_param(IS_MPU_ACCESS_BUFFERABLE(MPU_Init->IsBufferable));
 404:Drivers/STM32G0xx_HAL_Driver/Src/stm32g0xx_hal_cortex.c ****   assert_param(IS_MPU_SUB_REGION_DISABLE(MPU_Init->SubRegionDisable));
 405:Drivers/STM32G0xx_HAL_Driver/Src/stm32g0xx_hal_cortex.c ****   assert_param(IS_MPU_REGION_SIZE(MPU_Init->Size));
 406:Drivers/STM32G0xx_HAL_Driver/Src/stm32g0xx_hal_cortex.c ****   /* Set the Region number */
 407:Drivers/STM32G0xx_HAL_Driver/Src/stm32g0xx_hal_cortex.c ****   MPU->RNR = MPU_Init->Number;
 1513              		.loc 1 407 22
 1514 0008 7B68     		ldr	r3, [r7, #4]
 1515 000a 5A78     		ldrb	r2, [r3, #1]
 1516              		.loc 1 407 6
 1517 000c 1A4B     		ldr	r3, .L79
 1518              		.loc 1 407 12
 1519 000e 9A60     		str	r2, [r3, #8]
 408:Drivers/STM32G0xx_HAL_Driver/Src/stm32g0xx_hal_cortex.c **** 
 409:Drivers/STM32G0xx_HAL_Driver/Src/stm32g0xx_hal_cortex.c ****     /* Disable the Region */
 410:Drivers/STM32G0xx_HAL_Driver/Src/stm32g0xx_hal_cortex.c ****   CLEAR_BIT(MPU->RASR, MPU_RASR_ENABLE_Msk);
ARM GAS  C:\Users\a_hae\AppData\Local\Temp\ccQ76ath.s 			page 70


 1520              		.loc 1 410 3
 1521 0010 194B     		ldr	r3, .L79
 1522 0012 1A69     		ldr	r2, [r3, #16]
 1523 0014 184B     		ldr	r3, .L79
 1524 0016 0121     		movs	r1, #1
 1525 0018 8A43     		bics	r2, r1
 1526 001a 1A61     		str	r2, [r3, #16]
 411:Drivers/STM32G0xx_HAL_Driver/Src/stm32g0xx_hal_cortex.c **** 
 412:Drivers/STM32G0xx_HAL_Driver/Src/stm32g0xx_hal_cortex.c ****   /* Apply configuration */
 413:Drivers/STM32G0xx_HAL_Driver/Src/stm32g0xx_hal_cortex.c ****   MPU->RBAR = MPU_Init->BaseAddress;
 1527              		.loc 1 413 6
 1528 001c 164A     		ldr	r2, .L79
 1529              		.loc 1 413 23
 1530 001e 7B68     		ldr	r3, [r7, #4]
 1531 0020 5B68     		ldr	r3, [r3, #4]
 1532              		.loc 1 413 13
 1533 0022 D360     		str	r3, [r2, #12]
 414:Drivers/STM32G0xx_HAL_Driver/Src/stm32g0xx_hal_cortex.c ****   MPU->RASR = ((uint32_t)MPU_Init->DisableExec             << MPU_RASR_XN_Pos)   |
 1534              		.loc 1 414 34
 1535 0024 7B68     		ldr	r3, [r7, #4]
 1536 0026 1B7B     		ldrb	r3, [r3, #12]
 1537              		.loc 1 414 60
 1538 0028 1A07     		lsls	r2, r3, #28
 415:Drivers/STM32G0xx_HAL_Driver/Src/stm32g0xx_hal_cortex.c ****               ((uint32_t)MPU_Init->AccessPermission        << MPU_RASR_AP_Pos)   |
 1539              		.loc 1 415 34
 1540 002a 7B68     		ldr	r3, [r7, #4]
 1541 002c DB7A     		ldrb	r3, [r3, #11]
 1542              		.loc 1 415 60
 1543 002e 1B06     		lsls	r3, r3, #24
 414:Drivers/STM32G0xx_HAL_Driver/Src/stm32g0xx_hal_cortex.c ****   MPU->RASR = ((uint32_t)MPU_Init->DisableExec             << MPU_RASR_XN_Pos)   |
 1544              		.loc 1 414 82
 1545 0030 1A43     		orrs	r2, r3
 416:Drivers/STM32G0xx_HAL_Driver/Src/stm32g0xx_hal_cortex.c ****               ((uint32_t)MPU_Init->TypeExtField            << MPU_RASR_TEX_Pos)  |
 1546              		.loc 1 416 34
 1547 0032 7B68     		ldr	r3, [r7, #4]
 1548 0034 9B7A     		ldrb	r3, [r3, #10]
 1549              		.loc 1 416 60
 1550 0036 DB04     		lsls	r3, r3, #19
 415:Drivers/STM32G0xx_HAL_Driver/Src/stm32g0xx_hal_cortex.c ****               ((uint32_t)MPU_Init->AccessPermission        << MPU_RASR_AP_Pos)   |
 1551              		.loc 1 415 82
 1552 0038 1A43     		orrs	r2, r3
 417:Drivers/STM32G0xx_HAL_Driver/Src/stm32g0xx_hal_cortex.c ****               ((uint32_t)MPU_Init->IsShareable             << MPU_RASR_S_Pos)    |
 1553              		.loc 1 417 34
 1554 003a 7B68     		ldr	r3, [r7, #4]
 1555 003c 5B7B     		ldrb	r3, [r3, #13]
 1556              		.loc 1 417 60
 1557 003e 9B04     		lsls	r3, r3, #18
 416:Drivers/STM32G0xx_HAL_Driver/Src/stm32g0xx_hal_cortex.c ****               ((uint32_t)MPU_Init->TypeExtField            << MPU_RASR_TEX_Pos)  |
 1558              		.loc 1 416 82
 1559 0040 1A43     		orrs	r2, r3
 418:Drivers/STM32G0xx_HAL_Driver/Src/stm32g0xx_hal_cortex.c ****               ((uint32_t)MPU_Init->IsCacheable             << MPU_RASR_C_Pos)    |
 1560              		.loc 1 418 34
 1561 0042 7B68     		ldr	r3, [r7, #4]
 1562 0044 9B7B     		ldrb	r3, [r3, #14]
 1563              		.loc 1 418 60
 1564 0046 5B04     		lsls	r3, r3, #17
 417:Drivers/STM32G0xx_HAL_Driver/Src/stm32g0xx_hal_cortex.c ****               ((uint32_t)MPU_Init->IsShareable             << MPU_RASR_S_Pos)    |
ARM GAS  C:\Users\a_hae\AppData\Local\Temp\ccQ76ath.s 			page 71


 1565              		.loc 1 417 82
 1566 0048 1A43     		orrs	r2, r3
 419:Drivers/STM32G0xx_HAL_Driver/Src/stm32g0xx_hal_cortex.c ****               ((uint32_t)MPU_Init->IsBufferable            << MPU_RASR_B_Pos)    |
 1567              		.loc 1 419 34
 1568 004a 7B68     		ldr	r3, [r7, #4]
 1569 004c DB7B     		ldrb	r3, [r3, #15]
 1570              		.loc 1 419 60
 1571 004e 1B04     		lsls	r3, r3, #16
 418:Drivers/STM32G0xx_HAL_Driver/Src/stm32g0xx_hal_cortex.c ****               ((uint32_t)MPU_Init->IsCacheable             << MPU_RASR_C_Pos)    |
 1572              		.loc 1 418 82
 1573 0050 1A43     		orrs	r2, r3
 420:Drivers/STM32G0xx_HAL_Driver/Src/stm32g0xx_hal_cortex.c ****               ((uint32_t)MPU_Init->SubRegionDisable        << MPU_RASR_SRD_Pos)  |
 1574              		.loc 1 420 34
 1575 0052 7B68     		ldr	r3, [r7, #4]
 1576 0054 5B7A     		ldrb	r3, [r3, #9]
 1577              		.loc 1 420 60
 1578 0056 1B02     		lsls	r3, r3, #8
 419:Drivers/STM32G0xx_HAL_Driver/Src/stm32g0xx_hal_cortex.c ****               ((uint32_t)MPU_Init->IsBufferable            << MPU_RASR_B_Pos)    |
 1579              		.loc 1 419 82
 1580 0058 1A43     		orrs	r2, r3
 421:Drivers/STM32G0xx_HAL_Driver/Src/stm32g0xx_hal_cortex.c ****               ((uint32_t)MPU_Init->Size                    << MPU_RASR_SIZE_Pos) |
 1581              		.loc 1 421 34
 1582 005a 7B68     		ldr	r3, [r7, #4]
 1583 005c 1B7A     		ldrb	r3, [r3, #8]
 1584              		.loc 1 421 60
 1585 005e 5B00     		lsls	r3, r3, #1
 420:Drivers/STM32G0xx_HAL_Driver/Src/stm32g0xx_hal_cortex.c ****               ((uint32_t)MPU_Init->SubRegionDisable        << MPU_RASR_SRD_Pos)  |
 1586              		.loc 1 420 82
 1587 0060 1A43     		orrs	r2, r3
 422:Drivers/STM32G0xx_HAL_Driver/Src/stm32g0xx_hal_cortex.c ****               ((uint32_t)MPU_Init->Enable                  << MPU_RASR_ENABLE_Pos);
 1588              		.loc 1 422 34
 1589 0062 7B68     		ldr	r3, [r7, #4]
 1590 0064 1B78     		ldrb	r3, [r3]
 1591              		.loc 1 422 60
 1592 0066 1900     		movs	r1, r3
 414:Drivers/STM32G0xx_HAL_Driver/Src/stm32g0xx_hal_cortex.c ****               ((uint32_t)MPU_Init->AccessPermission        << MPU_RASR_AP_Pos)   |
 1593              		.loc 1 414 6
 1594 0068 034B     		ldr	r3, .L79
 421:Drivers/STM32G0xx_HAL_Driver/Src/stm32g0xx_hal_cortex.c ****               ((uint32_t)MPU_Init->Size                    << MPU_RASR_SIZE_Pos) |
 1595              		.loc 1 421 82
 1596 006a 0A43     		orrs	r2, r1
 414:Drivers/STM32G0xx_HAL_Driver/Src/stm32g0xx_hal_cortex.c ****               ((uint32_t)MPU_Init->AccessPermission        << MPU_RASR_AP_Pos)   |
 1597              		.loc 1 414 13
 1598 006c 1A61     		str	r2, [r3, #16]
 423:Drivers/STM32G0xx_HAL_Driver/Src/stm32g0xx_hal_cortex.c **** 
 424:Drivers/STM32G0xx_HAL_Driver/Src/stm32g0xx_hal_cortex.c **** }
 1599              		.loc 1 424 1
 1600 006e C046     		nop
 1601 0070 BD46     		mov	sp, r7
 1602 0072 02B0     		add	sp, sp, #8
 1603              		@ sp needed
 1604 0074 80BD     		pop	{r7, pc}
 1605              	.L80:
 1606 0076 C046     		.align	2
 1607              	.L79:
 1608 0078 90ED00E0 		.word	-536810096
 1609              		.cfi_endproc
ARM GAS  C:\Users\a_hae\AppData\Local\Temp\ccQ76ath.s 			page 72


 1610              	.LFE379:
 1612              		.text
 1613              	.Letext0:
 1614              		.file 4 "Drivers/CMSIS/Device/ST/STM32G0xx/Include/stm32g0b1xx.h"
 1615              		.file 5 "C:\\ST\\STM32CubeIDE_2.2.0\\STM32CubeIDE\\plugins\\com.st.stm32cube.ide.mcu.externaltools
 1616              		.file 6 "C:\\ST\\STM32CubeIDE_2.2.0\\STM32CubeIDE\\plugins\\com.st.stm32cube.ide.mcu.externaltools
 1617              		.file 7 "Drivers/STM32G0xx_HAL_Driver/Inc/stm32g0xx_hal_cortex.h"
 1618              		.file 8 "Drivers/STM32G0xx_HAL_Driver/Inc/stm32g0xx_ll_dma.h"
ARM GAS  C:\Users\a_hae\AppData\Local\Temp\ccQ76ath.s 			page 73


DEFINED SYMBOLS
                            *ABS*:00000000 stm32g0xx_hal_cortex.c
C:\Users\a_hae\AppData\Local\Temp\ccQ76ath.s:19     .text.__NVIC_EnableIRQ:00000000 $t
C:\Users\a_hae\AppData\Local\Temp\ccQ76ath.s:24     .text.__NVIC_EnableIRQ:00000000 __NVIC_EnableIRQ
C:\Users\a_hae\AppData\Local\Temp\ccQ76ath.s:76     .text.__NVIC_EnableIRQ:00000030 $d
C:\Users\a_hae\AppData\Local\Temp\ccQ76ath.s:81     .text.__NVIC_DisableIRQ:00000000 $t
C:\Users\a_hae\AppData\Local\Temp\ccQ76ath.s:86     .text.__NVIC_DisableIRQ:00000000 __NVIC_DisableIRQ
C:\Users\a_hae\AppData\Local\Temp\ccQ76ath.s:163    .text.__NVIC_DisableIRQ:00000040 $d
C:\Users\a_hae\AppData\Local\Temp\ccQ76ath.s:168    .text.__NVIC_GetPendingIRQ:00000000 $t
C:\Users\a_hae\AppData\Local\Temp\ccQ76ath.s:173    .text.__NVIC_GetPendingIRQ:00000000 __NVIC_GetPendingIRQ
C:\Users\a_hae\AppData\Local\Temp\ccQ76ath.s:230    .text.__NVIC_GetPendingIRQ:0000003c $d
C:\Users\a_hae\AppData\Local\Temp\ccQ76ath.s:235    .text.__NVIC_SetPendingIRQ:00000000 $t
C:\Users\a_hae\AppData\Local\Temp\ccQ76ath.s:240    .text.__NVIC_SetPendingIRQ:00000000 __NVIC_SetPendingIRQ
C:\Users\a_hae\AppData\Local\Temp\ccQ76ath.s:290    .text.__NVIC_SetPendingIRQ:00000034 $d
C:\Users\a_hae\AppData\Local\Temp\ccQ76ath.s:295    .text.__NVIC_ClearPendingIRQ:00000000 $t
C:\Users\a_hae\AppData\Local\Temp\ccQ76ath.s:300    .text.__NVIC_ClearPendingIRQ:00000000 __NVIC_ClearPendingIRQ
C:\Users\a_hae\AppData\Local\Temp\ccQ76ath.s:350    .text.__NVIC_ClearPendingIRQ:00000034 $d
C:\Users\a_hae\AppData\Local\Temp\ccQ76ath.s:355    .text.__NVIC_SetPriority:00000000 $t
C:\Users\a_hae\AppData\Local\Temp\ccQ76ath.s:360    .text.__NVIC_SetPriority:00000000 __NVIC_SetPriority
C:\Users\a_hae\AppData\Local\Temp\ccQ76ath.s:520    .text.__NVIC_SetPriority:000000d4 $d
C:\Users\a_hae\AppData\Local\Temp\ccQ76ath.s:526    .text.__NVIC_GetPriority:00000000 $t
C:\Users\a_hae\AppData\Local\Temp\ccQ76ath.s:531    .text.__NVIC_GetPriority:00000000 __NVIC_GetPriority
C:\Users\a_hae\AppData\Local\Temp\ccQ76ath.s:623    .text.__NVIC_GetPriority:00000074 $d
C:\Users\a_hae\AppData\Local\Temp\ccQ76ath.s:629    .text.__NVIC_SystemReset:00000000 $t
C:\Users\a_hae\AppData\Local\Temp\ccQ76ath.s:634    .text.__NVIC_SystemReset:00000000 __NVIC_SystemReset
C:\Users\a_hae\AppData\Local\Temp\ccQ76ath.s:691    .text.__NVIC_SystemReset:0000001c $d
C:\Users\a_hae\AppData\Local\Temp\ccQ76ath.s:697    .text.SysTick_Config:00000000 $t
C:\Users\a_hae\AppData\Local\Temp\ccQ76ath.s:702    .text.SysTick_Config:00000000 SysTick_Config
C:\Users\a_hae\AppData\Local\Temp\ccQ76ath.s:767    .text.SysTick_Config:00000044 $d
C:\Users\a_hae\AppData\Local\Temp\ccQ76ath.s:772    .rodata.CHANNEL_OFFSET_TAB:00000000 $d
C:\Users\a_hae\AppData\Local\Temp\ccQ76ath.s:775    .rodata.CHANNEL_OFFSET_TAB:00000000 CHANNEL_OFFSET_TAB
C:\Users\a_hae\AppData\Local\Temp\ccQ76ath.s:778    .text.HAL_NVIC_SetPriority:00000000 $t
C:\Users\a_hae\AppData\Local\Temp\ccQ76ath.s:784    .text.HAL_NVIC_SetPriority:00000000 HAL_NVIC_SetPriority
C:\Users\a_hae\AppData\Local\Temp\ccQ76ath.s:825    .text.HAL_NVIC_EnableIRQ:00000000 $t
C:\Users\a_hae\AppData\Local\Temp\ccQ76ath.s:831    .text.HAL_NVIC_EnableIRQ:00000000 HAL_NVIC_EnableIRQ
C:\Users\a_hae\AppData\Local\Temp\ccQ76ath.s:867    .text.HAL_NVIC_DisableIRQ:00000000 $t
C:\Users\a_hae\AppData\Local\Temp\ccQ76ath.s:873    .text.HAL_NVIC_DisableIRQ:00000000 HAL_NVIC_DisableIRQ
C:\Users\a_hae\AppData\Local\Temp\ccQ76ath.s:909    .text.HAL_NVIC_SystemReset:00000000 $t
C:\Users\a_hae\AppData\Local\Temp\ccQ76ath.s:915    .text.HAL_NVIC_SystemReset:00000000 HAL_NVIC_SystemReset
C:\Users\a_hae\AppData\Local\Temp\ccQ76ath.s:935    .text.HAL_SYSTICK_Config:00000000 $t
C:\Users\a_hae\AppData\Local\Temp\ccQ76ath.s:941    .text.HAL_SYSTICK_Config:00000000 HAL_SYSTICK_Config
C:\Users\a_hae\AppData\Local\Temp\ccQ76ath.s:974    .text.HAL_NVIC_GetPriority:00000000 $t
C:\Users\a_hae\AppData\Local\Temp\ccQ76ath.s:980    .text.HAL_NVIC_GetPriority:00000000 HAL_NVIC_GetPriority
C:\Users\a_hae\AppData\Local\Temp\ccQ76ath.s:1017   .text.HAL_NVIC_SetPendingIRQ:00000000 $t
C:\Users\a_hae\AppData\Local\Temp\ccQ76ath.s:1023   .text.HAL_NVIC_SetPendingIRQ:00000000 HAL_NVIC_SetPendingIRQ
C:\Users\a_hae\AppData\Local\Temp\ccQ76ath.s:1059   .text.HAL_NVIC_GetPendingIRQ:00000000 $t
C:\Users\a_hae\AppData\Local\Temp\ccQ76ath.s:1065   .text.HAL_NVIC_GetPendingIRQ:00000000 HAL_NVIC_GetPendingIRQ
C:\Users\a_hae\AppData\Local\Temp\ccQ76ath.s:1102   .text.HAL_NVIC_ClearPendingIRQ:00000000 $t
C:\Users\a_hae\AppData\Local\Temp\ccQ76ath.s:1108   .text.HAL_NVIC_ClearPendingIRQ:00000000 HAL_NVIC_ClearPendingIRQ
C:\Users\a_hae\AppData\Local\Temp\ccQ76ath.s:1144   .text.HAL_SYSTICK_CLKSourceConfig:00000000 $t
C:\Users\a_hae\AppData\Local\Temp\ccQ76ath.s:1150   .text.HAL_SYSTICK_CLKSourceConfig:00000000 HAL_SYSTICK_CLKSourceConfig
C:\Users\a_hae\AppData\Local\Temp\ccQ76ath.s:1201   .text.HAL_SYSTICK_CLKSourceConfig:00000030 $d
C:\Users\a_hae\AppData\Local\Temp\ccQ76ath.s:1206   .text.HAL_SYSTICK_IRQHandler:00000000 $t
C:\Users\a_hae\AppData\Local\Temp\ccQ76ath.s:1212   .text.HAL_SYSTICK_IRQHandler:00000000 HAL_SYSTICK_IRQHandler
C:\Users\a_hae\AppData\Local\Temp\ccQ76ath.s:1243   .text.HAL_SYSTICK_Callback:00000000 HAL_SYSTICK_Callback
C:\Users\a_hae\AppData\Local\Temp\ccQ76ath.s:1237   .text.HAL_SYSTICK_Callback:00000000 $t
C:\Users\a_hae\AppData\Local\Temp\ccQ76ath.s:1266   .text.HAL_MPU_Enable:00000000 $t
ARM GAS  C:\Users\a_hae\AppData\Local\Temp\ccQ76ath.s 			page 74


C:\Users\a_hae\AppData\Local\Temp\ccQ76ath.s:1272   .text.HAL_MPU_Enable:00000000 HAL_MPU_Enable
C:\Users\a_hae\AppData\Local\Temp\ccQ76ath.s:1333   .text.HAL_MPU_Enable:00000028 $d
C:\Users\a_hae\AppData\Local\Temp\ccQ76ath.s:1338   .text.HAL_MPU_Disable:00000000 $t
C:\Users\a_hae\AppData\Local\Temp\ccQ76ath.s:1344   .text.HAL_MPU_Disable:00000000 HAL_MPU_Disable
C:\Users\a_hae\AppData\Local\Temp\ccQ76ath.s:1384   .text.HAL_MPU_Disable:00000018 $d
C:\Users\a_hae\AppData\Local\Temp\ccQ76ath.s:1389   .text.HAL_MPU_EnableRegion:00000000 $t
C:\Users\a_hae\AppData\Local\Temp\ccQ76ath.s:1395   .text.HAL_MPU_EnableRegion:00000000 HAL_MPU_EnableRegion
C:\Users\a_hae\AppData\Local\Temp\ccQ76ath.s:1434   .text.HAL_MPU_EnableRegion:00000024 $d
C:\Users\a_hae\AppData\Local\Temp\ccQ76ath.s:1439   .text.HAL_MPU_DisableRegion:00000000 $t
C:\Users\a_hae\AppData\Local\Temp\ccQ76ath.s:1445   .text.HAL_MPU_DisableRegion:00000000 HAL_MPU_DisableRegion
C:\Users\a_hae\AppData\Local\Temp\ccQ76ath.s:1484   .text.HAL_MPU_DisableRegion:00000024 $d
C:\Users\a_hae\AppData\Local\Temp\ccQ76ath.s:1489   .text.HAL_MPU_ConfigRegion:00000000 $t
C:\Users\a_hae\AppData\Local\Temp\ccQ76ath.s:1495   .text.HAL_MPU_ConfigRegion:00000000 HAL_MPU_ConfigRegion
C:\Users\a_hae\AppData\Local\Temp\ccQ76ath.s:1608   .text.HAL_MPU_ConfigRegion:00000078 $d

NO UNDEFINED SYMBOLS
