ARM GAS  C:\Users\a_hae\AppData\Local\Temp\cclBWf4m.s 			page 1


   1              		.cpu cortex-m0plus
   2              		.arch armv6s-m
   3              		.fpu softvfp
   4              		.eabi_attribute 20, 1
   5              		.eabi_attribute 21, 1
   6              		.eabi_attribute 23, 3
   7              		.eabi_attribute 24, 1
   8              		.eabi_attribute 25, 1
   9              		.eabi_attribute 26, 1
  10              		.eabi_attribute 30, 6
  11              		.eabi_attribute 34, 0
  12              		.eabi_attribute 18, 4
  13              		.file	"stm32g0xx_hal_dac.c"
  14              		.text
  15              	.Ltext0:
  16              		.cfi_sections	.debug_frame
  17              		.file 1 "Drivers/STM32G0xx_HAL_Driver/Src/stm32g0xx_hal_dac.c"
  18              		.section	.rodata.CHANNEL_OFFSET_TAB,"a"
  19              		.align	2
  22              	CHANNEL_OFFSET_TAB:
  23 0000 081C3044 		.ascii	"\010\0340DXl\200"
  23      586C80
  24              		.section	.text.HAL_DAC_Init,"ax",%progbits
  25              		.align	1
  26              		.global	HAL_DAC_Init
  27              		.syntax unified
  28              		.code	16
  29              		.thumb_func
  31              	HAL_DAC_Init:
  32              	.LFB363:
   1:Drivers/STM32G0xx_HAL_Driver/Src/stm32g0xx_hal_dac.c **** /**
   2:Drivers/STM32G0xx_HAL_Driver/Src/stm32g0xx_hal_dac.c ****   ******************************************************************************
   3:Drivers/STM32G0xx_HAL_Driver/Src/stm32g0xx_hal_dac.c ****   * @file    stm32g0xx_hal_dac.c
   4:Drivers/STM32G0xx_HAL_Driver/Src/stm32g0xx_hal_dac.c ****   * @author  MCD Application Team
   5:Drivers/STM32G0xx_HAL_Driver/Src/stm32g0xx_hal_dac.c ****   * @brief   DAC HAL module driver.
   6:Drivers/STM32G0xx_HAL_Driver/Src/stm32g0xx_hal_dac.c ****   *         This file provides firmware functions to manage the following
   7:Drivers/STM32G0xx_HAL_Driver/Src/stm32g0xx_hal_dac.c ****   *         functionalities of the Digital to Analog Converter (DAC) peripheral:
   8:Drivers/STM32G0xx_HAL_Driver/Src/stm32g0xx_hal_dac.c ****   *           + Initialization and de-initialization functions
   9:Drivers/STM32G0xx_HAL_Driver/Src/stm32g0xx_hal_dac.c ****   *           + IO operation functions
  10:Drivers/STM32G0xx_HAL_Driver/Src/stm32g0xx_hal_dac.c ****   *           + Peripheral Control functions
  11:Drivers/STM32G0xx_HAL_Driver/Src/stm32g0xx_hal_dac.c ****   *           + Peripheral State and Errors functions
  12:Drivers/STM32G0xx_HAL_Driver/Src/stm32g0xx_hal_dac.c ****   *
  13:Drivers/STM32G0xx_HAL_Driver/Src/stm32g0xx_hal_dac.c ****   *
  14:Drivers/STM32G0xx_HAL_Driver/Src/stm32g0xx_hal_dac.c ****   ******************************************************************************
  15:Drivers/STM32G0xx_HAL_Driver/Src/stm32g0xx_hal_dac.c ****   * @attention
  16:Drivers/STM32G0xx_HAL_Driver/Src/stm32g0xx_hal_dac.c ****   *
  17:Drivers/STM32G0xx_HAL_Driver/Src/stm32g0xx_hal_dac.c ****   * Copyright (c) 2018 STMicroelectronics.
  18:Drivers/STM32G0xx_HAL_Driver/Src/stm32g0xx_hal_dac.c ****   * All rights reserved.
  19:Drivers/STM32G0xx_HAL_Driver/Src/stm32g0xx_hal_dac.c ****   *
  20:Drivers/STM32G0xx_HAL_Driver/Src/stm32g0xx_hal_dac.c ****   * This software is licensed under terms that can be found in the LICENSE file
  21:Drivers/STM32G0xx_HAL_Driver/Src/stm32g0xx_hal_dac.c ****   * in the root directory of this software component.
  22:Drivers/STM32G0xx_HAL_Driver/Src/stm32g0xx_hal_dac.c ****   * If no LICENSE file comes with this software, it is provided AS-IS.
  23:Drivers/STM32G0xx_HAL_Driver/Src/stm32g0xx_hal_dac.c ****   *
  24:Drivers/STM32G0xx_HAL_Driver/Src/stm32g0xx_hal_dac.c ****   ******************************************************************************
  25:Drivers/STM32G0xx_HAL_Driver/Src/stm32g0xx_hal_dac.c ****   @verbatim
  26:Drivers/STM32G0xx_HAL_Driver/Src/stm32g0xx_hal_dac.c ****   ==============================================================================
  27:Drivers/STM32G0xx_HAL_Driver/Src/stm32g0xx_hal_dac.c ****                       ##### DAC Peripheral features #####
ARM GAS  C:\Users\a_hae\AppData\Local\Temp\cclBWf4m.s 			page 2


  28:Drivers/STM32G0xx_HAL_Driver/Src/stm32g0xx_hal_dac.c ****   ==============================================================================
  29:Drivers/STM32G0xx_HAL_Driver/Src/stm32g0xx_hal_dac.c ****     [..]
  30:Drivers/STM32G0xx_HAL_Driver/Src/stm32g0xx_hal_dac.c ****       *** DAC Channels ***
  31:Drivers/STM32G0xx_HAL_Driver/Src/stm32g0xx_hal_dac.c ****       ====================
  32:Drivers/STM32G0xx_HAL_Driver/Src/stm32g0xx_hal_dac.c ****     [..]
  33:Drivers/STM32G0xx_HAL_Driver/Src/stm32g0xx_hal_dac.c ****     STM32G0 devices integrate two 12-bit Digital Analog Converters
  34:Drivers/STM32G0xx_HAL_Driver/Src/stm32g0xx_hal_dac.c **** 
  35:Drivers/STM32G0xx_HAL_Driver/Src/stm32g0xx_hal_dac.c ****     The 2 converters (i.e. channel1 & channel2)
  36:Drivers/STM32G0xx_HAL_Driver/Src/stm32g0xx_hal_dac.c ****     can be used independently or simultaneously (dual mode):
  37:Drivers/STM32G0xx_HAL_Driver/Src/stm32g0xx_hal_dac.c ****       (#) DAC channel1 with DAC_OUT1 (PA4) as output or connected to on-chip
  38:Drivers/STM32G0xx_HAL_Driver/Src/stm32g0xx_hal_dac.c ****           peripherals (ex. timers).
  39:Drivers/STM32G0xx_HAL_Driver/Src/stm32g0xx_hal_dac.c ****       (#) DAC channel2 with DAC_OUT2 (PA5) as output or connected to on-chip
  40:Drivers/STM32G0xx_HAL_Driver/Src/stm32g0xx_hal_dac.c ****           peripherals (ex. timers).
  41:Drivers/STM32G0xx_HAL_Driver/Src/stm32g0xx_hal_dac.c **** 
  42:Drivers/STM32G0xx_HAL_Driver/Src/stm32g0xx_hal_dac.c ****       *** DAC Triggers ***
  43:Drivers/STM32G0xx_HAL_Driver/Src/stm32g0xx_hal_dac.c ****       ====================
  44:Drivers/STM32G0xx_HAL_Driver/Src/stm32g0xx_hal_dac.c ****     [..]
  45:Drivers/STM32G0xx_HAL_Driver/Src/stm32g0xx_hal_dac.c ****     Digital to Analog conversion can be non-triggered using DAC_TRIGGER_NONE
  46:Drivers/STM32G0xx_HAL_Driver/Src/stm32g0xx_hal_dac.c ****     and DAC_OUT1/DAC_OUT2 is available once writing to DHRx register.
  47:Drivers/STM32G0xx_HAL_Driver/Src/stm32g0xx_hal_dac.c ****     [..]
  48:Drivers/STM32G0xx_HAL_Driver/Src/stm32g0xx_hal_dac.c ****     Digital to Analog conversion can be triggered by:
  49:Drivers/STM32G0xx_HAL_Driver/Src/stm32g0xx_hal_dac.c ****       (#) External event: EXTI Line 9 (any GPIOx_PIN_9) using DAC_TRIGGER_EXT_IT9.
  50:Drivers/STM32G0xx_HAL_Driver/Src/stm32g0xx_hal_dac.c ****           The used pin (GPIOx_PIN_9) must be configured in input mode.
  51:Drivers/STM32G0xx_HAL_Driver/Src/stm32g0xx_hal_dac.c **** 
  52:Drivers/STM32G0xx_HAL_Driver/Src/stm32g0xx_hal_dac.c ****       (#) Timers TRGO: TIM2, TIM3, TIM4, TIM5, TIM6 and TIM7
  53:Drivers/STM32G0xx_HAL_Driver/Src/stm32g0xx_hal_dac.c ****           (DAC_TRIGGER_T2_TRGO, DAC_TRIGGER_T3_TRGO...)
  54:Drivers/STM32G0xx_HAL_Driver/Src/stm32g0xx_hal_dac.c **** 
  55:Drivers/STM32G0xx_HAL_Driver/Src/stm32g0xx_hal_dac.c ****       (#) Software using DAC_TRIGGER_SOFTWARE
  56:Drivers/STM32G0xx_HAL_Driver/Src/stm32g0xx_hal_dac.c **** 
  57:Drivers/STM32G0xx_HAL_Driver/Src/stm32g0xx_hal_dac.c ****       *** DAC Buffer mode feature ***
  58:Drivers/STM32G0xx_HAL_Driver/Src/stm32g0xx_hal_dac.c ****       ===============================
  59:Drivers/STM32G0xx_HAL_Driver/Src/stm32g0xx_hal_dac.c ****       [..]
  60:Drivers/STM32G0xx_HAL_Driver/Src/stm32g0xx_hal_dac.c ****       Each DAC channel integrates an output buffer that can be used to
  61:Drivers/STM32G0xx_HAL_Driver/Src/stm32g0xx_hal_dac.c ****       reduce the output impedance, and to drive external loads directly
  62:Drivers/STM32G0xx_HAL_Driver/Src/stm32g0xx_hal_dac.c ****       without having to add an external operational amplifier.
  63:Drivers/STM32G0xx_HAL_Driver/Src/stm32g0xx_hal_dac.c ****       To enable, the output buffer use
  64:Drivers/STM32G0xx_HAL_Driver/Src/stm32g0xx_hal_dac.c ****       sConfig.DAC_OutputBuffer = DAC_OUTPUTBUFFER_ENABLE;
  65:Drivers/STM32G0xx_HAL_Driver/Src/stm32g0xx_hal_dac.c ****       [..]
  66:Drivers/STM32G0xx_HAL_Driver/Src/stm32g0xx_hal_dac.c ****       (@) Refer to the device datasheet for more details about output
  67:Drivers/STM32G0xx_HAL_Driver/Src/stm32g0xx_hal_dac.c ****           impedance value with and without output buffer.
  68:Drivers/STM32G0xx_HAL_Driver/Src/stm32g0xx_hal_dac.c **** 
  69:Drivers/STM32G0xx_HAL_Driver/Src/stm32g0xx_hal_dac.c ****       *** GPIO configurations guidelines ***
  70:Drivers/STM32G0xx_HAL_Driver/Src/stm32g0xx_hal_dac.c ****       =====================
  71:Drivers/STM32G0xx_HAL_Driver/Src/stm32g0xx_hal_dac.c ****       [..]
  72:Drivers/STM32G0xx_HAL_Driver/Src/stm32g0xx_hal_dac.c ****       When a DAC channel is used (ex channel1 on PA4) and the other is not
  73:Drivers/STM32G0xx_HAL_Driver/Src/stm32g0xx_hal_dac.c ****       (ex channel2 on PA5 is configured in Analog and disabled).
  74:Drivers/STM32G0xx_HAL_Driver/Src/stm32g0xx_hal_dac.c ****       Channel1 may disturb channel2 as coupling effect.
  75:Drivers/STM32G0xx_HAL_Driver/Src/stm32g0xx_hal_dac.c ****       Note that there is no coupling on channel2 as soon as channel2 is turned on.
  76:Drivers/STM32G0xx_HAL_Driver/Src/stm32g0xx_hal_dac.c ****       Coupling on adjacent channel could be avoided as follows:
  77:Drivers/STM32G0xx_HAL_Driver/Src/stm32g0xx_hal_dac.c ****       when unused PA5 is configured as INPUT PULL-UP or DOWN.
  78:Drivers/STM32G0xx_HAL_Driver/Src/stm32g0xx_hal_dac.c ****       PA5 is configured in ANALOG just before it is turned on.
  79:Drivers/STM32G0xx_HAL_Driver/Src/stm32g0xx_hal_dac.c **** 
  80:Drivers/STM32G0xx_HAL_Driver/Src/stm32g0xx_hal_dac.c ****       *** DAC Sample and Hold feature ***
  81:Drivers/STM32G0xx_HAL_Driver/Src/stm32g0xx_hal_dac.c ****       ========================
  82:Drivers/STM32G0xx_HAL_Driver/Src/stm32g0xx_hal_dac.c ****       [..]
  83:Drivers/STM32G0xx_HAL_Driver/Src/stm32g0xx_hal_dac.c ****       For each converter, 2 modes are supported: normal mode and
  84:Drivers/STM32G0xx_HAL_Driver/Src/stm32g0xx_hal_dac.c ****       "sample and hold" mode (i.e. low power mode).
ARM GAS  C:\Users\a_hae\AppData\Local\Temp\cclBWf4m.s 			page 3


  85:Drivers/STM32G0xx_HAL_Driver/Src/stm32g0xx_hal_dac.c ****       In the sample and hold mode, the DAC core converts data, then holds the
  86:Drivers/STM32G0xx_HAL_Driver/Src/stm32g0xx_hal_dac.c ****       converted voltage on a capacitor. When not converting, the DAC cores and
  87:Drivers/STM32G0xx_HAL_Driver/Src/stm32g0xx_hal_dac.c ****       buffer are completely turned off between samples and the DAC output is
  88:Drivers/STM32G0xx_HAL_Driver/Src/stm32g0xx_hal_dac.c ****       tri-stated, therefore  reducing the overall power consumption. A new
  89:Drivers/STM32G0xx_HAL_Driver/Src/stm32g0xx_hal_dac.c ****       stabilization period is needed before each new conversion.
  90:Drivers/STM32G0xx_HAL_Driver/Src/stm32g0xx_hal_dac.c **** 
  91:Drivers/STM32G0xx_HAL_Driver/Src/stm32g0xx_hal_dac.c ****       The sample and hold allow setting internal or external voltage @
  92:Drivers/STM32G0xx_HAL_Driver/Src/stm32g0xx_hal_dac.c ****       low power consumption cost (output value can be at any given rate either
  93:Drivers/STM32G0xx_HAL_Driver/Src/stm32g0xx_hal_dac.c ****       by CPU or DMA).
  94:Drivers/STM32G0xx_HAL_Driver/Src/stm32g0xx_hal_dac.c **** 
  95:Drivers/STM32G0xx_HAL_Driver/Src/stm32g0xx_hal_dac.c ****       The Sample and hold block and registers uses either LSI & run in
  96:Drivers/STM32G0xx_HAL_Driver/Src/stm32g0xx_hal_dac.c ****       several power modes: run mode, sleep mode, low power run, low power sleep
  97:Drivers/STM32G0xx_HAL_Driver/Src/stm32g0xx_hal_dac.c ****       mode & stop1 mode.
  98:Drivers/STM32G0xx_HAL_Driver/Src/stm32g0xx_hal_dac.c **** 
  99:Drivers/STM32G0xx_HAL_Driver/Src/stm32g0xx_hal_dac.c ****       Low power stop1 mode allows only static conversion.
 100:Drivers/STM32G0xx_HAL_Driver/Src/stm32g0xx_hal_dac.c **** 
 101:Drivers/STM32G0xx_HAL_Driver/Src/stm32g0xx_hal_dac.c ****       To enable Sample and Hold mode
 102:Drivers/STM32G0xx_HAL_Driver/Src/stm32g0xx_hal_dac.c ****       Enable LSI using HAL_RCC_OscConfig with RCC_OSCILLATORTYPE_LSI &
 103:Drivers/STM32G0xx_HAL_Driver/Src/stm32g0xx_hal_dac.c ****       RCC_LSI_ON parameters.
 104:Drivers/STM32G0xx_HAL_Driver/Src/stm32g0xx_hal_dac.c **** 
 105:Drivers/STM32G0xx_HAL_Driver/Src/stm32g0xx_hal_dac.c ****       Use DAC_InitStructure.DAC_SampleAndHold = DAC_SAMPLEANDHOLD_ENABLE;
 106:Drivers/STM32G0xx_HAL_Driver/Src/stm32g0xx_hal_dac.c ****          & DAC_ChannelConfTypeDef.DAC_SampleAndHoldConfig.DAC_SampleTime,
 107:Drivers/STM32G0xx_HAL_Driver/Src/stm32g0xx_hal_dac.c ****            DAC_HoldTime & DAC_RefreshTime;
 108:Drivers/STM32G0xx_HAL_Driver/Src/stm32g0xx_hal_dac.c **** 
 109:Drivers/STM32G0xx_HAL_Driver/Src/stm32g0xx_hal_dac.c ****        *** DAC calibration feature ***
 110:Drivers/STM32G0xx_HAL_Driver/Src/stm32g0xx_hal_dac.c ****        ===================================
 111:Drivers/STM32G0xx_HAL_Driver/Src/stm32g0xx_hal_dac.c ****       [..]
 112:Drivers/STM32G0xx_HAL_Driver/Src/stm32g0xx_hal_dac.c ****        (#)  The 2 converters (channel1 & channel2) provide calibration capabilities.
 113:Drivers/STM32G0xx_HAL_Driver/Src/stm32g0xx_hal_dac.c ****        (++) Calibration aims at correcting some offset of output buffer.
 114:Drivers/STM32G0xx_HAL_Driver/Src/stm32g0xx_hal_dac.c ****        (++) The DAC uses either factory calibration settings OR user defined
 115:Drivers/STM32G0xx_HAL_Driver/Src/stm32g0xx_hal_dac.c ****            calibration (trimming) settings (i.e. trimming mode).
 116:Drivers/STM32G0xx_HAL_Driver/Src/stm32g0xx_hal_dac.c ****        (++) The user defined settings can be figured out using self calibration
 117:Drivers/STM32G0xx_HAL_Driver/Src/stm32g0xx_hal_dac.c ****            handled by HAL_DACEx_SelfCalibrate.
 118:Drivers/STM32G0xx_HAL_Driver/Src/stm32g0xx_hal_dac.c ****        (++) HAL_DACEx_SelfCalibrate:
 119:Drivers/STM32G0xx_HAL_Driver/Src/stm32g0xx_hal_dac.c ****        (+++) Runs automatically the calibration.
 120:Drivers/STM32G0xx_HAL_Driver/Src/stm32g0xx_hal_dac.c ****        (+++) Enables the user trimming mode
 121:Drivers/STM32G0xx_HAL_Driver/Src/stm32g0xx_hal_dac.c ****        (+++) Updates a structure with trimming values with fresh calibration
 122:Drivers/STM32G0xx_HAL_Driver/Src/stm32g0xx_hal_dac.c ****             results.
 123:Drivers/STM32G0xx_HAL_Driver/Src/stm32g0xx_hal_dac.c ****             The user may store the calibration results for larger
 124:Drivers/STM32G0xx_HAL_Driver/Src/stm32g0xx_hal_dac.c ****             (ex monitoring the trimming as a function of temperature
 125:Drivers/STM32G0xx_HAL_Driver/Src/stm32g0xx_hal_dac.c ****             for instance)
 126:Drivers/STM32G0xx_HAL_Driver/Src/stm32g0xx_hal_dac.c **** 
 127:Drivers/STM32G0xx_HAL_Driver/Src/stm32g0xx_hal_dac.c ****        *** DAC wave generation feature ***
 128:Drivers/STM32G0xx_HAL_Driver/Src/stm32g0xx_hal_dac.c ****        ===================================
 129:Drivers/STM32G0xx_HAL_Driver/Src/stm32g0xx_hal_dac.c ****        [..]
 130:Drivers/STM32G0xx_HAL_Driver/Src/stm32g0xx_hal_dac.c ****        Both DAC channels can be used to generate
 131:Drivers/STM32G0xx_HAL_Driver/Src/stm32g0xx_hal_dac.c ****          (#) Noise wave
 132:Drivers/STM32G0xx_HAL_Driver/Src/stm32g0xx_hal_dac.c ****          (#) Triangle wave
 133:Drivers/STM32G0xx_HAL_Driver/Src/stm32g0xx_hal_dac.c **** 
 134:Drivers/STM32G0xx_HAL_Driver/Src/stm32g0xx_hal_dac.c ****        *** DAC data format ***
 135:Drivers/STM32G0xx_HAL_Driver/Src/stm32g0xx_hal_dac.c ****        =======================
 136:Drivers/STM32G0xx_HAL_Driver/Src/stm32g0xx_hal_dac.c ****        [..]
 137:Drivers/STM32G0xx_HAL_Driver/Src/stm32g0xx_hal_dac.c ****        The DAC data format can be:
 138:Drivers/STM32G0xx_HAL_Driver/Src/stm32g0xx_hal_dac.c ****          (#) 8-bit right alignment using DAC_ALIGN_8B_R
 139:Drivers/STM32G0xx_HAL_Driver/Src/stm32g0xx_hal_dac.c ****          (#) 12-bit left alignment using DAC_ALIGN_12B_L
 140:Drivers/STM32G0xx_HAL_Driver/Src/stm32g0xx_hal_dac.c ****          (#) 12-bit right alignment using DAC_ALIGN_12B_R
 141:Drivers/STM32G0xx_HAL_Driver/Src/stm32g0xx_hal_dac.c **** 
ARM GAS  C:\Users\a_hae\AppData\Local\Temp\cclBWf4m.s 			page 4


 142:Drivers/STM32G0xx_HAL_Driver/Src/stm32g0xx_hal_dac.c ****        *** DAC data value to voltage correspondence ***
 143:Drivers/STM32G0xx_HAL_Driver/Src/stm32g0xx_hal_dac.c ****        ================================================
 144:Drivers/STM32G0xx_HAL_Driver/Src/stm32g0xx_hal_dac.c ****        [..]
 145:Drivers/STM32G0xx_HAL_Driver/Src/stm32g0xx_hal_dac.c ****        The analog output voltage on each DAC channel pin is determined
 146:Drivers/STM32G0xx_HAL_Driver/Src/stm32g0xx_hal_dac.c ****        by the following equation:
 147:Drivers/STM32G0xx_HAL_Driver/Src/stm32g0xx_hal_dac.c ****        [..]
 148:Drivers/STM32G0xx_HAL_Driver/Src/stm32g0xx_hal_dac.c ****        DAC_OUTx = VREF+ * DOR / 4095
 149:Drivers/STM32G0xx_HAL_Driver/Src/stm32g0xx_hal_dac.c ****        (+) with  DOR is the Data Output Register
 150:Drivers/STM32G0xx_HAL_Driver/Src/stm32g0xx_hal_dac.c ****        [..]
 151:Drivers/STM32G0xx_HAL_Driver/Src/stm32g0xx_hal_dac.c ****           VREF+ is the input voltage reference (refer to the device datasheet)
 152:Drivers/STM32G0xx_HAL_Driver/Src/stm32g0xx_hal_dac.c ****        [..]
 153:Drivers/STM32G0xx_HAL_Driver/Src/stm32g0xx_hal_dac.c ****         e.g. To set DAC_OUT1 to 0.7V, use
 154:Drivers/STM32G0xx_HAL_Driver/Src/stm32g0xx_hal_dac.c ****        (+) Assuming that VREF+ = 3.3V, DAC_OUT1 = (3.3 * 868) / 4095 = 0.7V
 155:Drivers/STM32G0xx_HAL_Driver/Src/stm32g0xx_hal_dac.c **** 
 156:Drivers/STM32G0xx_HAL_Driver/Src/stm32g0xx_hal_dac.c ****        *** DMA requests ***
 157:Drivers/STM32G0xx_HAL_Driver/Src/stm32g0xx_hal_dac.c ****        =====================
 158:Drivers/STM32G0xx_HAL_Driver/Src/stm32g0xx_hal_dac.c ****        [..]
 159:Drivers/STM32G0xx_HAL_Driver/Src/stm32g0xx_hal_dac.c ****        A DMA request can be generated when an external trigger (but not a software trigger)
 160:Drivers/STM32G0xx_HAL_Driver/Src/stm32g0xx_hal_dac.c ****        occurs if DMA1 requests are enabled using HAL_DAC_Start_DMA().
 161:Drivers/STM32G0xx_HAL_Driver/Src/stm32g0xx_hal_dac.c ****        DMA requests are mapped as following:
 162:Drivers/STM32G0xx_HAL_Driver/Src/stm32g0xx_hal_dac.c ****       (#) DAC channel1: mapped on DMA request 8 (can be any DMA channel)
 163:Drivers/STM32G0xx_HAL_Driver/Src/stm32g0xx_hal_dac.c ****       (#) DAC channel2: mapped on DMA request 9 (can be any DMA channel)
 164:Drivers/STM32G0xx_HAL_Driver/Src/stm32g0xx_hal_dac.c **** 
 165:Drivers/STM32G0xx_HAL_Driver/Src/stm32g0xx_hal_dac.c ****      [..]
 166:Drivers/STM32G0xx_HAL_Driver/Src/stm32g0xx_hal_dac.c ****     (@) For Dual mode and specific signal (Triangle and noise) generation please
 167:Drivers/STM32G0xx_HAL_Driver/Src/stm32g0xx_hal_dac.c ****         refer to Extended Features Driver description
 168:Drivers/STM32G0xx_HAL_Driver/Src/stm32g0xx_hal_dac.c **** 
 169:Drivers/STM32G0xx_HAL_Driver/Src/stm32g0xx_hal_dac.c ****                       ##### How to use this driver #####
 170:Drivers/STM32G0xx_HAL_Driver/Src/stm32g0xx_hal_dac.c ****   ==============================================================================
 171:Drivers/STM32G0xx_HAL_Driver/Src/stm32g0xx_hal_dac.c ****     [..]
 172:Drivers/STM32G0xx_HAL_Driver/Src/stm32g0xx_hal_dac.c ****       (+) DAC APB clock must be enabled to get write access to DAC
 173:Drivers/STM32G0xx_HAL_Driver/Src/stm32g0xx_hal_dac.c ****           registers using HAL_DAC_Init()
 174:Drivers/STM32G0xx_HAL_Driver/Src/stm32g0xx_hal_dac.c ****       (+) Configure DAC_OUTx (DAC_OUT1: PA4, DAC_OUT2: PA5) in analog mode.
 175:Drivers/STM32G0xx_HAL_Driver/Src/stm32g0xx_hal_dac.c ****       (+) Configure the DAC channel using HAL_DAC_ConfigChannel() function.
 176:Drivers/STM32G0xx_HAL_Driver/Src/stm32g0xx_hal_dac.c ****       (+) Enable the DAC channel using HAL_DAC_Start() or HAL_DAC_Start_DMA() functions.
 177:Drivers/STM32G0xx_HAL_Driver/Src/stm32g0xx_hal_dac.c **** 
 178:Drivers/STM32G0xx_HAL_Driver/Src/stm32g0xx_hal_dac.c ****      *** Calibration mode IO operation ***
 179:Drivers/STM32G0xx_HAL_Driver/Src/stm32g0xx_hal_dac.c ****      ======================================
 180:Drivers/STM32G0xx_HAL_Driver/Src/stm32g0xx_hal_dac.c ****      [..]
 181:Drivers/STM32G0xx_HAL_Driver/Src/stm32g0xx_hal_dac.c ****        (+) Retrieve the factory trimming (calibration settings) using HAL_DACEx_GetTrimOffset()
 182:Drivers/STM32G0xx_HAL_Driver/Src/stm32g0xx_hal_dac.c ****        (+) Run the calibration using HAL_DACEx_SelfCalibrate()
 183:Drivers/STM32G0xx_HAL_Driver/Src/stm32g0xx_hal_dac.c ****        (+) Update the trimming while DAC running using HAL_DACEx_SetUserTrimming()
 184:Drivers/STM32G0xx_HAL_Driver/Src/stm32g0xx_hal_dac.c **** 
 185:Drivers/STM32G0xx_HAL_Driver/Src/stm32g0xx_hal_dac.c ****      *** Polling mode IO operation ***
 186:Drivers/STM32G0xx_HAL_Driver/Src/stm32g0xx_hal_dac.c ****      =================================
 187:Drivers/STM32G0xx_HAL_Driver/Src/stm32g0xx_hal_dac.c ****      [..]
 188:Drivers/STM32G0xx_HAL_Driver/Src/stm32g0xx_hal_dac.c ****        (+) Start the DAC peripheral using HAL_DAC_Start()
 189:Drivers/STM32G0xx_HAL_Driver/Src/stm32g0xx_hal_dac.c ****        (+) To read the DAC last data output value, use the HAL_DAC_GetValue() function.
 190:Drivers/STM32G0xx_HAL_Driver/Src/stm32g0xx_hal_dac.c ****        (+) Stop the DAC peripheral using HAL_DAC_Stop()
 191:Drivers/STM32G0xx_HAL_Driver/Src/stm32g0xx_hal_dac.c **** 
 192:Drivers/STM32G0xx_HAL_Driver/Src/stm32g0xx_hal_dac.c ****      *** DMA mode IO operation ***
 193:Drivers/STM32G0xx_HAL_Driver/Src/stm32g0xx_hal_dac.c ****      ==============================
 194:Drivers/STM32G0xx_HAL_Driver/Src/stm32g0xx_hal_dac.c ****      [..]
 195:Drivers/STM32G0xx_HAL_Driver/Src/stm32g0xx_hal_dac.c ****        (+) Start the DAC peripheral using HAL_DAC_Start_DMA(), at this stage the user specify the l
 196:Drivers/STM32G0xx_HAL_Driver/Src/stm32g0xx_hal_dac.c ****            of data to be transferred at each end of conversion
 197:Drivers/STM32G0xx_HAL_Driver/Src/stm32g0xx_hal_dac.c ****            First issued trigger will start the conversion of the value previously set by HAL_DAC_Se
 198:Drivers/STM32G0xx_HAL_Driver/Src/stm32g0xx_hal_dac.c ****        (+) At the middle of data transfer HAL_DAC_ConvHalfCpltCallbackCh1() or HAL_DACEx_ConvHalfCp
ARM GAS  C:\Users\a_hae\AppData\Local\Temp\cclBWf4m.s 			page 5


 199:Drivers/STM32G0xx_HAL_Driver/Src/stm32g0xx_hal_dac.c ****            function is executed and user can add his own code by customization of function pointer
 200:Drivers/STM32G0xx_HAL_Driver/Src/stm32g0xx_hal_dac.c ****            HAL_DAC_ConvHalfCpltCallbackCh1() or HAL_DACEx_ConvHalfCpltCallbackCh2()
 201:Drivers/STM32G0xx_HAL_Driver/Src/stm32g0xx_hal_dac.c ****        (+) At The end of data transfer HAL_DAC_ConvCpltCallbackCh1() or HAL_DACEx_ConvHalfCpltCallb
 202:Drivers/STM32G0xx_HAL_Driver/Src/stm32g0xx_hal_dac.c ****            function is executed and user can add his own code by customization of function pointer
 203:Drivers/STM32G0xx_HAL_Driver/Src/stm32g0xx_hal_dac.c ****            HAL_DAC_ConvCpltCallbackCh1() or HAL_DACEx_ConvHalfCpltCallbackCh2()
 204:Drivers/STM32G0xx_HAL_Driver/Src/stm32g0xx_hal_dac.c ****        (+) In case of transfer Error, HAL_DAC_ErrorCallbackCh1() function is executed and user can
 205:Drivers/STM32G0xx_HAL_Driver/Src/stm32g0xx_hal_dac.c ****             add his own code by customization of function pointer HAL_DAC_ErrorCallbackCh1
 206:Drivers/STM32G0xx_HAL_Driver/Src/stm32g0xx_hal_dac.c ****        (+) In case of DMA underrun, DAC interruption triggers and execute internal function HAL_DAC
 207:Drivers/STM32G0xx_HAL_Driver/Src/stm32g0xx_hal_dac.c ****            HAL_DAC_DMAUnderrunCallbackCh1() or HAL_DACEx_DMAUnderrunCallbackCh2()
 208:Drivers/STM32G0xx_HAL_Driver/Src/stm32g0xx_hal_dac.c ****            function is executed and user can add his own code by customization of function pointer
 209:Drivers/STM32G0xx_HAL_Driver/Src/stm32g0xx_hal_dac.c ****            HAL_DAC_DMAUnderrunCallbackCh1() or HAL_DACEx_DMAUnderrunCallbackCh2() and
 210:Drivers/STM32G0xx_HAL_Driver/Src/stm32g0xx_hal_dac.c ****            add his own code by customization of function pointer HAL_DAC_ErrorCallbackCh1()
 211:Drivers/STM32G0xx_HAL_Driver/Src/stm32g0xx_hal_dac.c ****        (+) Stop the DAC peripheral using HAL_DAC_Stop_DMA()
 212:Drivers/STM32G0xx_HAL_Driver/Src/stm32g0xx_hal_dac.c **** 
 213:Drivers/STM32G0xx_HAL_Driver/Src/stm32g0xx_hal_dac.c ****     *** Callback registration ***
 214:Drivers/STM32G0xx_HAL_Driver/Src/stm32g0xx_hal_dac.c ****     =============================================
 215:Drivers/STM32G0xx_HAL_Driver/Src/stm32g0xx_hal_dac.c ****     [..]
 216:Drivers/STM32G0xx_HAL_Driver/Src/stm32g0xx_hal_dac.c ****       The compilation define  USE_HAL_DAC_REGISTER_CALLBACKS when set to 1
 217:Drivers/STM32G0xx_HAL_Driver/Src/stm32g0xx_hal_dac.c ****       allows the user to configure dynamically the driver callbacks.
 218:Drivers/STM32G0xx_HAL_Driver/Src/stm32g0xx_hal_dac.c **** 
 219:Drivers/STM32G0xx_HAL_Driver/Src/stm32g0xx_hal_dac.c ****     Use Functions HAL_DAC_RegisterCallback() to register a user callback,
 220:Drivers/STM32G0xx_HAL_Driver/Src/stm32g0xx_hal_dac.c ****       it allows to register following callbacks:
 221:Drivers/STM32G0xx_HAL_Driver/Src/stm32g0xx_hal_dac.c ****       (+) ConvCpltCallbackCh1     : callback when a half transfer is completed on Ch1.
 222:Drivers/STM32G0xx_HAL_Driver/Src/stm32g0xx_hal_dac.c ****       (+) ConvHalfCpltCallbackCh1 : callback when a transfer is completed on Ch1.
 223:Drivers/STM32G0xx_HAL_Driver/Src/stm32g0xx_hal_dac.c ****       (+) ErrorCallbackCh1        : callback when an error occurs on Ch1.
 224:Drivers/STM32G0xx_HAL_Driver/Src/stm32g0xx_hal_dac.c ****       (+) DMAUnderrunCallbackCh1  : callback when an underrun error occurs on Ch1.
 225:Drivers/STM32G0xx_HAL_Driver/Src/stm32g0xx_hal_dac.c ****       (+) ConvCpltCallbackCh2     : callback when a half transfer is completed on Ch2.
 226:Drivers/STM32G0xx_HAL_Driver/Src/stm32g0xx_hal_dac.c ****       (+) ConvHalfCpltCallbackCh2 : callback when a transfer is completed on Ch2.
 227:Drivers/STM32G0xx_HAL_Driver/Src/stm32g0xx_hal_dac.c ****       (+) ErrorCallbackCh2        : callback when an error occurs on Ch2.
 228:Drivers/STM32G0xx_HAL_Driver/Src/stm32g0xx_hal_dac.c ****       (+) DMAUnderrunCallbackCh2  : callback when an underrun error occurs on Ch2.
 229:Drivers/STM32G0xx_HAL_Driver/Src/stm32g0xx_hal_dac.c ****       (+) MspInitCallback         : DAC MspInit.
 230:Drivers/STM32G0xx_HAL_Driver/Src/stm32g0xx_hal_dac.c ****       (+) MspDeInitCallback       : DAC MspdeInit.
 231:Drivers/STM32G0xx_HAL_Driver/Src/stm32g0xx_hal_dac.c ****       This function takes as parameters the HAL peripheral handle, the Callback ID
 232:Drivers/STM32G0xx_HAL_Driver/Src/stm32g0xx_hal_dac.c ****       and a pointer to the user callback function.
 233:Drivers/STM32G0xx_HAL_Driver/Src/stm32g0xx_hal_dac.c **** 
 234:Drivers/STM32G0xx_HAL_Driver/Src/stm32g0xx_hal_dac.c ****     Use function HAL_DAC_UnRegisterCallback() to reset a callback to the default
 235:Drivers/STM32G0xx_HAL_Driver/Src/stm32g0xx_hal_dac.c ****       weak (overridden) function. It allows to reset following callbacks:
 236:Drivers/STM32G0xx_HAL_Driver/Src/stm32g0xx_hal_dac.c ****       (+) ConvCpltCallbackCh1     : callback when a half transfer is completed on Ch1.
 237:Drivers/STM32G0xx_HAL_Driver/Src/stm32g0xx_hal_dac.c ****       (+) ConvHalfCpltCallbackCh1 : callback when a transfer is completed on Ch1.
 238:Drivers/STM32G0xx_HAL_Driver/Src/stm32g0xx_hal_dac.c ****       (+) ErrorCallbackCh1        : callback when an error occurs on Ch1.
 239:Drivers/STM32G0xx_HAL_Driver/Src/stm32g0xx_hal_dac.c ****       (+) DMAUnderrunCallbackCh1  : callback when an underrun error occurs on Ch1.
 240:Drivers/STM32G0xx_HAL_Driver/Src/stm32g0xx_hal_dac.c ****       (+) ConvCpltCallbackCh2     : callback when a half transfer is completed on Ch2.
 241:Drivers/STM32G0xx_HAL_Driver/Src/stm32g0xx_hal_dac.c ****       (+) ConvHalfCpltCallbackCh2 : callback when a transfer is completed on Ch2.
 242:Drivers/STM32G0xx_HAL_Driver/Src/stm32g0xx_hal_dac.c ****       (+) ErrorCallbackCh2        : callback when an error occurs on Ch2.
 243:Drivers/STM32G0xx_HAL_Driver/Src/stm32g0xx_hal_dac.c ****       (+) DMAUnderrunCallbackCh2  : callback when an underrun error occurs on Ch2.
 244:Drivers/STM32G0xx_HAL_Driver/Src/stm32g0xx_hal_dac.c ****       (+) MspInitCallback         : DAC MspInit.
 245:Drivers/STM32G0xx_HAL_Driver/Src/stm32g0xx_hal_dac.c ****       (+) MspDeInitCallback       : DAC MspdeInit.
 246:Drivers/STM32G0xx_HAL_Driver/Src/stm32g0xx_hal_dac.c ****       (+) All Callbacks
 247:Drivers/STM32G0xx_HAL_Driver/Src/stm32g0xx_hal_dac.c ****       This function) takes as parameters the HAL peripheral handle and the Callback ID.
 248:Drivers/STM32G0xx_HAL_Driver/Src/stm32g0xx_hal_dac.c **** 
 249:Drivers/STM32G0xx_HAL_Driver/Src/stm32g0xx_hal_dac.c ****       By default, after the HAL_DAC_Init and if the state is HAL_DAC_STATE_RESET
 250:Drivers/STM32G0xx_HAL_Driver/Src/stm32g0xx_hal_dac.c ****       all callbacks are reset to the corresponding legacy weak (overridden) functions.
 251:Drivers/STM32G0xx_HAL_Driver/Src/stm32g0xx_hal_dac.c ****       Exception done for MspInit and MspDeInit callbacks that are respectively
 252:Drivers/STM32G0xx_HAL_Driver/Src/stm32g0xx_hal_dac.c ****       reset to the legacy weak (overridden) functions in the HAL_DAC_Init
 253:Drivers/STM32G0xx_HAL_Driver/Src/stm32g0xx_hal_dac.c ****       and  HAL_DAC_DeInit only when these callbacks are null (not registered beforehand).
 254:Drivers/STM32G0xx_HAL_Driver/Src/stm32g0xx_hal_dac.c ****       If not, MspInit or MspDeInit are not null, the HAL_DAC_Init and HAL_DAC_DeInit
 255:Drivers/STM32G0xx_HAL_Driver/Src/stm32g0xx_hal_dac.c ****       keep and use the user MspInit/MspDeInit callbacks (registered beforehand)
ARM GAS  C:\Users\a_hae\AppData\Local\Temp\cclBWf4m.s 			page 6


 256:Drivers/STM32G0xx_HAL_Driver/Src/stm32g0xx_hal_dac.c **** 
 257:Drivers/STM32G0xx_HAL_Driver/Src/stm32g0xx_hal_dac.c ****       Callbacks can be registered/unregistered in READY state only.
 258:Drivers/STM32G0xx_HAL_Driver/Src/stm32g0xx_hal_dac.c ****       Exception done for MspInit/MspDeInit callbacks that can be registered/unregistered
 259:Drivers/STM32G0xx_HAL_Driver/Src/stm32g0xx_hal_dac.c ****       in READY or RESET state, thus registered (user) MspInit/DeInit callbacks can be used
 260:Drivers/STM32G0xx_HAL_Driver/Src/stm32g0xx_hal_dac.c ****       during the Init/DeInit.
 261:Drivers/STM32G0xx_HAL_Driver/Src/stm32g0xx_hal_dac.c ****       In that case first register the MspInit/MspDeInit user callbacks
 262:Drivers/STM32G0xx_HAL_Driver/Src/stm32g0xx_hal_dac.c ****       using HAL_DAC_RegisterCallback before calling HAL_DAC_DeInit
 263:Drivers/STM32G0xx_HAL_Driver/Src/stm32g0xx_hal_dac.c ****       or HAL_DAC_Init function.
 264:Drivers/STM32G0xx_HAL_Driver/Src/stm32g0xx_hal_dac.c **** 
 265:Drivers/STM32G0xx_HAL_Driver/Src/stm32g0xx_hal_dac.c ****       When The compilation define USE_HAL_DAC_REGISTER_CALLBACKS is set to 0 or
 266:Drivers/STM32G0xx_HAL_Driver/Src/stm32g0xx_hal_dac.c ****       not defined, the callback registering feature is not available
 267:Drivers/STM32G0xx_HAL_Driver/Src/stm32g0xx_hal_dac.c ****       and weak (overridden) callbacks are used.
 268:Drivers/STM32G0xx_HAL_Driver/Src/stm32g0xx_hal_dac.c **** 
 269:Drivers/STM32G0xx_HAL_Driver/Src/stm32g0xx_hal_dac.c ****      *** DAC HAL driver macros list ***
 270:Drivers/STM32G0xx_HAL_Driver/Src/stm32g0xx_hal_dac.c ****      =============================================
 271:Drivers/STM32G0xx_HAL_Driver/Src/stm32g0xx_hal_dac.c ****      [..]
 272:Drivers/STM32G0xx_HAL_Driver/Src/stm32g0xx_hal_dac.c ****        Below the list of most used macros in DAC HAL driver.
 273:Drivers/STM32G0xx_HAL_Driver/Src/stm32g0xx_hal_dac.c **** 
 274:Drivers/STM32G0xx_HAL_Driver/Src/stm32g0xx_hal_dac.c ****       (+) __HAL_DAC_ENABLE : Enable the DAC peripheral
 275:Drivers/STM32G0xx_HAL_Driver/Src/stm32g0xx_hal_dac.c ****       (+) __HAL_DAC_DISABLE : Disable the DAC peripheral
 276:Drivers/STM32G0xx_HAL_Driver/Src/stm32g0xx_hal_dac.c ****       (+) __HAL_DAC_CLEAR_FLAG: Clear the DAC's pending flags
 277:Drivers/STM32G0xx_HAL_Driver/Src/stm32g0xx_hal_dac.c ****       (+) __HAL_DAC_GET_FLAG: Get the selected DAC's flag status
 278:Drivers/STM32G0xx_HAL_Driver/Src/stm32g0xx_hal_dac.c **** 
 279:Drivers/STM32G0xx_HAL_Driver/Src/stm32g0xx_hal_dac.c ****      [..]
 280:Drivers/STM32G0xx_HAL_Driver/Src/stm32g0xx_hal_dac.c ****       (@) You can refer to the DAC HAL driver header file for more useful macros
 281:Drivers/STM32G0xx_HAL_Driver/Src/stm32g0xx_hal_dac.c **** 
 282:Drivers/STM32G0xx_HAL_Driver/Src/stm32g0xx_hal_dac.c **** @endverbatim
 283:Drivers/STM32G0xx_HAL_Driver/Src/stm32g0xx_hal_dac.c ****   ******************************************************************************
 284:Drivers/STM32G0xx_HAL_Driver/Src/stm32g0xx_hal_dac.c ****   */
 285:Drivers/STM32G0xx_HAL_Driver/Src/stm32g0xx_hal_dac.c **** 
 286:Drivers/STM32G0xx_HAL_Driver/Src/stm32g0xx_hal_dac.c **** /* Includes ------------------------------------------------------------------*/
 287:Drivers/STM32G0xx_HAL_Driver/Src/stm32g0xx_hal_dac.c **** #include "stm32g0xx_hal.h"
 288:Drivers/STM32G0xx_HAL_Driver/Src/stm32g0xx_hal_dac.c **** 
 289:Drivers/STM32G0xx_HAL_Driver/Src/stm32g0xx_hal_dac.c **** /** @addtogroup STM32G0xx_HAL_Driver
 290:Drivers/STM32G0xx_HAL_Driver/Src/stm32g0xx_hal_dac.c ****   * @{
 291:Drivers/STM32G0xx_HAL_Driver/Src/stm32g0xx_hal_dac.c ****   */
 292:Drivers/STM32G0xx_HAL_Driver/Src/stm32g0xx_hal_dac.c **** 
 293:Drivers/STM32G0xx_HAL_Driver/Src/stm32g0xx_hal_dac.c **** #ifdef HAL_DAC_MODULE_ENABLED
 294:Drivers/STM32G0xx_HAL_Driver/Src/stm32g0xx_hal_dac.c **** #if defined(DAC1)
 295:Drivers/STM32G0xx_HAL_Driver/Src/stm32g0xx_hal_dac.c **** 
 296:Drivers/STM32G0xx_HAL_Driver/Src/stm32g0xx_hal_dac.c **** /** @defgroup DAC DAC
 297:Drivers/STM32G0xx_HAL_Driver/Src/stm32g0xx_hal_dac.c ****   * @brief DAC driver modules
 298:Drivers/STM32G0xx_HAL_Driver/Src/stm32g0xx_hal_dac.c ****   * @{
 299:Drivers/STM32G0xx_HAL_Driver/Src/stm32g0xx_hal_dac.c ****   */
 300:Drivers/STM32G0xx_HAL_Driver/Src/stm32g0xx_hal_dac.c **** 
 301:Drivers/STM32G0xx_HAL_Driver/Src/stm32g0xx_hal_dac.c **** /* Private typedef -----------------------------------------------------------*/
 302:Drivers/STM32G0xx_HAL_Driver/Src/stm32g0xx_hal_dac.c **** /* Private define ------------------------------------------------------------*/
 303:Drivers/STM32G0xx_HAL_Driver/Src/stm32g0xx_hal_dac.c **** /* Private constants ---------------------------------------------------------*/
 304:Drivers/STM32G0xx_HAL_Driver/Src/stm32g0xx_hal_dac.c **** /** @addtogroup DAC_Private_Constants DAC Private Constants
 305:Drivers/STM32G0xx_HAL_Driver/Src/stm32g0xx_hal_dac.c ****   * @{
 306:Drivers/STM32G0xx_HAL_Driver/Src/stm32g0xx_hal_dac.c ****   */
 307:Drivers/STM32G0xx_HAL_Driver/Src/stm32g0xx_hal_dac.c **** #define TIMEOUT_DAC_CALIBCONFIG        1U         /* 1   ms        */
 308:Drivers/STM32G0xx_HAL_Driver/Src/stm32g0xx_hal_dac.c **** 
 309:Drivers/STM32G0xx_HAL_Driver/Src/stm32g0xx_hal_dac.c **** /**
 310:Drivers/STM32G0xx_HAL_Driver/Src/stm32g0xx_hal_dac.c ****   * @}
 311:Drivers/STM32G0xx_HAL_Driver/Src/stm32g0xx_hal_dac.c ****   */
 312:Drivers/STM32G0xx_HAL_Driver/Src/stm32g0xx_hal_dac.c **** 
ARM GAS  C:\Users\a_hae\AppData\Local\Temp\cclBWf4m.s 			page 7


 313:Drivers/STM32G0xx_HAL_Driver/Src/stm32g0xx_hal_dac.c **** /* Private macro -------------------------------------------------------------*/
 314:Drivers/STM32G0xx_HAL_Driver/Src/stm32g0xx_hal_dac.c **** /* Private variables ---------------------------------------------------------*/
 315:Drivers/STM32G0xx_HAL_Driver/Src/stm32g0xx_hal_dac.c **** /* Private function prototypes -----------------------------------------------*/
 316:Drivers/STM32G0xx_HAL_Driver/Src/stm32g0xx_hal_dac.c **** /* Exported functions -------------------------------------------------------*/
 317:Drivers/STM32G0xx_HAL_Driver/Src/stm32g0xx_hal_dac.c **** 
 318:Drivers/STM32G0xx_HAL_Driver/Src/stm32g0xx_hal_dac.c **** /** @defgroup DAC_Exported_Functions DAC Exported Functions
 319:Drivers/STM32G0xx_HAL_Driver/Src/stm32g0xx_hal_dac.c ****   * @{
 320:Drivers/STM32G0xx_HAL_Driver/Src/stm32g0xx_hal_dac.c ****   */
 321:Drivers/STM32G0xx_HAL_Driver/Src/stm32g0xx_hal_dac.c **** 
 322:Drivers/STM32G0xx_HAL_Driver/Src/stm32g0xx_hal_dac.c **** /** @defgroup DAC_Exported_Functions_Group1 Initialization and de-initialization functions
 323:Drivers/STM32G0xx_HAL_Driver/Src/stm32g0xx_hal_dac.c ****   *  @brief    Initialization and Configuration functions
 324:Drivers/STM32G0xx_HAL_Driver/Src/stm32g0xx_hal_dac.c ****   *
 325:Drivers/STM32G0xx_HAL_Driver/Src/stm32g0xx_hal_dac.c **** @verbatim
 326:Drivers/STM32G0xx_HAL_Driver/Src/stm32g0xx_hal_dac.c ****   ==============================================================================
 327:Drivers/STM32G0xx_HAL_Driver/Src/stm32g0xx_hal_dac.c ****               ##### Initialization and de-initialization functions #####
 328:Drivers/STM32G0xx_HAL_Driver/Src/stm32g0xx_hal_dac.c ****   ==============================================================================
 329:Drivers/STM32G0xx_HAL_Driver/Src/stm32g0xx_hal_dac.c ****     [..]  This section provides functions allowing to:
 330:Drivers/STM32G0xx_HAL_Driver/Src/stm32g0xx_hal_dac.c ****       (+) Initialize and configure the DAC.
 331:Drivers/STM32G0xx_HAL_Driver/Src/stm32g0xx_hal_dac.c ****       (+) De-initialize the DAC.
 332:Drivers/STM32G0xx_HAL_Driver/Src/stm32g0xx_hal_dac.c **** 
 333:Drivers/STM32G0xx_HAL_Driver/Src/stm32g0xx_hal_dac.c **** @endverbatim
 334:Drivers/STM32G0xx_HAL_Driver/Src/stm32g0xx_hal_dac.c ****   * @{
 335:Drivers/STM32G0xx_HAL_Driver/Src/stm32g0xx_hal_dac.c ****   */
 336:Drivers/STM32G0xx_HAL_Driver/Src/stm32g0xx_hal_dac.c **** 
 337:Drivers/STM32G0xx_HAL_Driver/Src/stm32g0xx_hal_dac.c **** /**
 338:Drivers/STM32G0xx_HAL_Driver/Src/stm32g0xx_hal_dac.c ****   * @brief  Initialize the DAC peripheral according to the specified parameters
 339:Drivers/STM32G0xx_HAL_Driver/Src/stm32g0xx_hal_dac.c ****   *         in the DAC_InitStruct and initialize the associated handle.
 340:Drivers/STM32G0xx_HAL_Driver/Src/stm32g0xx_hal_dac.c ****   * @param  hdac pointer to a DAC_HandleTypeDef structure that contains
 341:Drivers/STM32G0xx_HAL_Driver/Src/stm32g0xx_hal_dac.c ****   *         the configuration information for the specified DAC.
 342:Drivers/STM32G0xx_HAL_Driver/Src/stm32g0xx_hal_dac.c ****   * @retval HAL status
 343:Drivers/STM32G0xx_HAL_Driver/Src/stm32g0xx_hal_dac.c ****   */
 344:Drivers/STM32G0xx_HAL_Driver/Src/stm32g0xx_hal_dac.c **** HAL_StatusTypeDef HAL_DAC_Init(DAC_HandleTypeDef *hdac)
 345:Drivers/STM32G0xx_HAL_Driver/Src/stm32g0xx_hal_dac.c **** {
  33              		.loc 1 345 1
  34              		.cfi_startproc
  35              		@ args = 0, pretend = 0, frame = 8
  36              		@ frame_needed = 1, uses_anonymous_args = 0
  37 0000 80B5     		push	{r7, lr}
  38              	.LCFI0:
  39              		.cfi_def_cfa_offset 8
  40              		.cfi_offset 7, -8
  41              		.cfi_offset 14, -4
  42 0002 82B0     		sub	sp, sp, #8
  43              	.LCFI1:
  44              		.cfi_def_cfa_offset 16
  45 0004 00AF     		add	r7, sp, #0
  46              	.LCFI2:
  47              		.cfi_def_cfa_register 7
  48 0006 7860     		str	r0, [r7, #4]
 346:Drivers/STM32G0xx_HAL_Driver/Src/stm32g0xx_hal_dac.c ****   /* Check the DAC peripheral handle */
 347:Drivers/STM32G0xx_HAL_Driver/Src/stm32g0xx_hal_dac.c ****   if (hdac == NULL)
  49              		.loc 1 347 6
  50 0008 7B68     		ldr	r3, [r7, #4]
  51 000a 002B     		cmp	r3, #0
  52 000c 01D1     		bne	.L2
 348:Drivers/STM32G0xx_HAL_Driver/Src/stm32g0xx_hal_dac.c ****   {
 349:Drivers/STM32G0xx_HAL_Driver/Src/stm32g0xx_hal_dac.c ****     return HAL_ERROR;
ARM GAS  C:\Users\a_hae\AppData\Local\Temp\cclBWf4m.s 			page 8


  53              		.loc 1 349 12
  54 000e 0123     		movs	r3, #1
  55 0010 15E0     		b	.L3
  56              	.L2:
 350:Drivers/STM32G0xx_HAL_Driver/Src/stm32g0xx_hal_dac.c ****   }
 351:Drivers/STM32G0xx_HAL_Driver/Src/stm32g0xx_hal_dac.c ****   /* Check the parameters */
 352:Drivers/STM32G0xx_HAL_Driver/Src/stm32g0xx_hal_dac.c ****   assert_param(IS_DAC_ALL_INSTANCE(hdac->Instance));
 353:Drivers/STM32G0xx_HAL_Driver/Src/stm32g0xx_hal_dac.c **** 
 354:Drivers/STM32G0xx_HAL_Driver/Src/stm32g0xx_hal_dac.c ****   if (hdac->State == HAL_DAC_STATE_RESET)
  57              		.loc 1 354 11
  58 0012 7B68     		ldr	r3, [r7, #4]
  59 0014 1B79     		ldrb	r3, [r3, #4]
  60 0016 DBB2     		uxtb	r3, r3
  61              		.loc 1 354 6
  62 0018 002B     		cmp	r3, #0
  63 001a 06D1     		bne	.L4
 355:Drivers/STM32G0xx_HAL_Driver/Src/stm32g0xx_hal_dac.c ****   {
 356:Drivers/STM32G0xx_HAL_Driver/Src/stm32g0xx_hal_dac.c **** #if (USE_HAL_DAC_REGISTER_CALLBACKS == 1)
 357:Drivers/STM32G0xx_HAL_Driver/Src/stm32g0xx_hal_dac.c ****     /* Init the DAC Callback settings */
 358:Drivers/STM32G0xx_HAL_Driver/Src/stm32g0xx_hal_dac.c ****     hdac->ConvCpltCallbackCh1           = HAL_DAC_ConvCpltCallbackCh1;
 359:Drivers/STM32G0xx_HAL_Driver/Src/stm32g0xx_hal_dac.c ****     hdac->ConvHalfCpltCallbackCh1       = HAL_DAC_ConvHalfCpltCallbackCh1;
 360:Drivers/STM32G0xx_HAL_Driver/Src/stm32g0xx_hal_dac.c ****     hdac->ErrorCallbackCh1              = HAL_DAC_ErrorCallbackCh1;
 361:Drivers/STM32G0xx_HAL_Driver/Src/stm32g0xx_hal_dac.c ****     hdac->DMAUnderrunCallbackCh1        = HAL_DAC_DMAUnderrunCallbackCh1;
 362:Drivers/STM32G0xx_HAL_Driver/Src/stm32g0xx_hal_dac.c **** 
 363:Drivers/STM32G0xx_HAL_Driver/Src/stm32g0xx_hal_dac.c ****     hdac->ConvCpltCallbackCh2           = HAL_DACEx_ConvCpltCallbackCh2;
 364:Drivers/STM32G0xx_HAL_Driver/Src/stm32g0xx_hal_dac.c ****     hdac->ConvHalfCpltCallbackCh2       = HAL_DACEx_ConvHalfCpltCallbackCh2;
 365:Drivers/STM32G0xx_HAL_Driver/Src/stm32g0xx_hal_dac.c ****     hdac->ErrorCallbackCh2              = HAL_DACEx_ErrorCallbackCh2;
 366:Drivers/STM32G0xx_HAL_Driver/Src/stm32g0xx_hal_dac.c ****     hdac->DMAUnderrunCallbackCh2        = HAL_DACEx_DMAUnderrunCallbackCh2;
 367:Drivers/STM32G0xx_HAL_Driver/Src/stm32g0xx_hal_dac.c **** 
 368:Drivers/STM32G0xx_HAL_Driver/Src/stm32g0xx_hal_dac.c ****     if (hdac->MspInitCallback == NULL)
 369:Drivers/STM32G0xx_HAL_Driver/Src/stm32g0xx_hal_dac.c ****     {
 370:Drivers/STM32G0xx_HAL_Driver/Src/stm32g0xx_hal_dac.c ****       hdac->MspInitCallback             = HAL_DAC_MspInit;
 371:Drivers/STM32G0xx_HAL_Driver/Src/stm32g0xx_hal_dac.c ****     }
 372:Drivers/STM32G0xx_HAL_Driver/Src/stm32g0xx_hal_dac.c **** #endif /* USE_HAL_DAC_REGISTER_CALLBACKS */
 373:Drivers/STM32G0xx_HAL_Driver/Src/stm32g0xx_hal_dac.c **** 
 374:Drivers/STM32G0xx_HAL_Driver/Src/stm32g0xx_hal_dac.c ****     /* Allocate lock resource and initialize it */
 375:Drivers/STM32G0xx_HAL_Driver/Src/stm32g0xx_hal_dac.c ****     hdac->Lock = HAL_UNLOCKED;
  64              		.loc 1 375 16
  65 001c 7B68     		ldr	r3, [r7, #4]
  66 001e 0022     		movs	r2, #0
  67 0020 5A71     		strb	r2, [r3, #5]
 376:Drivers/STM32G0xx_HAL_Driver/Src/stm32g0xx_hal_dac.c **** 
 377:Drivers/STM32G0xx_HAL_Driver/Src/stm32g0xx_hal_dac.c **** #if (USE_HAL_DAC_REGISTER_CALLBACKS == 1)
 378:Drivers/STM32G0xx_HAL_Driver/Src/stm32g0xx_hal_dac.c ****     /* Init the low level hardware */
 379:Drivers/STM32G0xx_HAL_Driver/Src/stm32g0xx_hal_dac.c ****     hdac->MspInitCallback(hdac);
 380:Drivers/STM32G0xx_HAL_Driver/Src/stm32g0xx_hal_dac.c **** #else
 381:Drivers/STM32G0xx_HAL_Driver/Src/stm32g0xx_hal_dac.c ****     /* Init the low level hardware */
 382:Drivers/STM32G0xx_HAL_Driver/Src/stm32g0xx_hal_dac.c ****     HAL_DAC_MspInit(hdac);
  68              		.loc 1 382 5
  69 0022 7B68     		ldr	r3, [r7, #4]
  70 0024 1800     		movs	r0, r3
  71 0026 FFF7FEFF 		bl	HAL_DAC_MspInit
  72              	.L4:
 383:Drivers/STM32G0xx_HAL_Driver/Src/stm32g0xx_hal_dac.c **** #endif /* USE_HAL_DAC_REGISTER_CALLBACKS */
 384:Drivers/STM32G0xx_HAL_Driver/Src/stm32g0xx_hal_dac.c ****   }
 385:Drivers/STM32G0xx_HAL_Driver/Src/stm32g0xx_hal_dac.c **** 
 386:Drivers/STM32G0xx_HAL_Driver/Src/stm32g0xx_hal_dac.c ****   /* Initialize the DAC state*/
ARM GAS  C:\Users\a_hae\AppData\Local\Temp\cclBWf4m.s 			page 9


 387:Drivers/STM32G0xx_HAL_Driver/Src/stm32g0xx_hal_dac.c ****   hdac->State = HAL_DAC_STATE_BUSY;
  73              		.loc 1 387 15
  74 002a 7B68     		ldr	r3, [r7, #4]
  75 002c 0222     		movs	r2, #2
  76 002e 1A71     		strb	r2, [r3, #4]
 388:Drivers/STM32G0xx_HAL_Driver/Src/stm32g0xx_hal_dac.c **** 
 389:Drivers/STM32G0xx_HAL_Driver/Src/stm32g0xx_hal_dac.c ****   /* Set DAC error code to none */
 390:Drivers/STM32G0xx_HAL_Driver/Src/stm32g0xx_hal_dac.c ****   hdac->ErrorCode = HAL_DAC_ERROR_NONE;
  77              		.loc 1 390 19
  78 0030 7B68     		ldr	r3, [r7, #4]
  79 0032 0022     		movs	r2, #0
  80 0034 1A61     		str	r2, [r3, #16]
 391:Drivers/STM32G0xx_HAL_Driver/Src/stm32g0xx_hal_dac.c **** 
 392:Drivers/STM32G0xx_HAL_Driver/Src/stm32g0xx_hal_dac.c ****   /* Initialize the DAC state*/
 393:Drivers/STM32G0xx_HAL_Driver/Src/stm32g0xx_hal_dac.c ****   hdac->State = HAL_DAC_STATE_READY;
  81              		.loc 1 393 15
  82 0036 7B68     		ldr	r3, [r7, #4]
  83 0038 0122     		movs	r2, #1
  84 003a 1A71     		strb	r2, [r3, #4]
 394:Drivers/STM32G0xx_HAL_Driver/Src/stm32g0xx_hal_dac.c **** 
 395:Drivers/STM32G0xx_HAL_Driver/Src/stm32g0xx_hal_dac.c ****   /* Return function status */
 396:Drivers/STM32G0xx_HAL_Driver/Src/stm32g0xx_hal_dac.c ****   return HAL_OK;
  85              		.loc 1 396 10
  86 003c 0023     		movs	r3, #0
  87              	.L3:
 397:Drivers/STM32G0xx_HAL_Driver/Src/stm32g0xx_hal_dac.c **** }
  88              		.loc 1 397 1
  89 003e 1800     		movs	r0, r3
  90 0040 BD46     		mov	sp, r7
  91 0042 02B0     		add	sp, sp, #8
  92              		@ sp needed
  93 0044 80BD     		pop	{r7, pc}
  94              		.cfi_endproc
  95              	.LFE363:
  97              		.section	.text.HAL_DAC_DeInit,"ax",%progbits
  98              		.align	1
  99              		.global	HAL_DAC_DeInit
 100              		.syntax unified
 101              		.code	16
 102              		.thumb_func
 104              	HAL_DAC_DeInit:
 105              	.LFB364:
 398:Drivers/STM32G0xx_HAL_Driver/Src/stm32g0xx_hal_dac.c **** 
 399:Drivers/STM32G0xx_HAL_Driver/Src/stm32g0xx_hal_dac.c **** /**
 400:Drivers/STM32G0xx_HAL_Driver/Src/stm32g0xx_hal_dac.c ****   * @brief  Deinitialize the DAC peripheral registers to their default reset values.
 401:Drivers/STM32G0xx_HAL_Driver/Src/stm32g0xx_hal_dac.c ****   * @param  hdac pointer to a DAC_HandleTypeDef structure that contains
 402:Drivers/STM32G0xx_HAL_Driver/Src/stm32g0xx_hal_dac.c ****   *         the configuration information for the specified DAC.
 403:Drivers/STM32G0xx_HAL_Driver/Src/stm32g0xx_hal_dac.c ****   * @retval HAL status
 404:Drivers/STM32G0xx_HAL_Driver/Src/stm32g0xx_hal_dac.c ****   */
 405:Drivers/STM32G0xx_HAL_Driver/Src/stm32g0xx_hal_dac.c **** HAL_StatusTypeDef HAL_DAC_DeInit(DAC_HandleTypeDef *hdac)
 406:Drivers/STM32G0xx_HAL_Driver/Src/stm32g0xx_hal_dac.c **** {
 106              		.loc 1 406 1
 107              		.cfi_startproc
 108              		@ args = 0, pretend = 0, frame = 8
 109              		@ frame_needed = 1, uses_anonymous_args = 0
 110 0000 80B5     		push	{r7, lr}
 111              	.LCFI3:
ARM GAS  C:\Users\a_hae\AppData\Local\Temp\cclBWf4m.s 			page 10


 112              		.cfi_def_cfa_offset 8
 113              		.cfi_offset 7, -8
 114              		.cfi_offset 14, -4
 115 0002 82B0     		sub	sp, sp, #8
 116              	.LCFI4:
 117              		.cfi_def_cfa_offset 16
 118 0004 00AF     		add	r7, sp, #0
 119              	.LCFI5:
 120              		.cfi_def_cfa_register 7
 121 0006 7860     		str	r0, [r7, #4]
 407:Drivers/STM32G0xx_HAL_Driver/Src/stm32g0xx_hal_dac.c ****   /* Check the DAC peripheral handle */
 408:Drivers/STM32G0xx_HAL_Driver/Src/stm32g0xx_hal_dac.c ****   if (hdac == NULL)
 122              		.loc 1 408 6
 123 0008 7B68     		ldr	r3, [r7, #4]
 124 000a 002B     		cmp	r3, #0
 125 000c 01D1     		bne	.L6
 409:Drivers/STM32G0xx_HAL_Driver/Src/stm32g0xx_hal_dac.c ****   {
 410:Drivers/STM32G0xx_HAL_Driver/Src/stm32g0xx_hal_dac.c ****     return HAL_ERROR;
 126              		.loc 1 410 12
 127 000e 0123     		movs	r3, #1
 128 0010 10E0     		b	.L7
 129              	.L6:
 411:Drivers/STM32G0xx_HAL_Driver/Src/stm32g0xx_hal_dac.c ****   }
 412:Drivers/STM32G0xx_HAL_Driver/Src/stm32g0xx_hal_dac.c **** 
 413:Drivers/STM32G0xx_HAL_Driver/Src/stm32g0xx_hal_dac.c ****   /* Check the parameters */
 414:Drivers/STM32G0xx_HAL_Driver/Src/stm32g0xx_hal_dac.c ****   assert_param(IS_DAC_ALL_INSTANCE(hdac->Instance));
 415:Drivers/STM32G0xx_HAL_Driver/Src/stm32g0xx_hal_dac.c **** 
 416:Drivers/STM32G0xx_HAL_Driver/Src/stm32g0xx_hal_dac.c ****   /* Change DAC state */
 417:Drivers/STM32G0xx_HAL_Driver/Src/stm32g0xx_hal_dac.c ****   hdac->State = HAL_DAC_STATE_BUSY;
 130              		.loc 1 417 15
 131 0012 7B68     		ldr	r3, [r7, #4]
 132 0014 0222     		movs	r2, #2
 133 0016 1A71     		strb	r2, [r3, #4]
 418:Drivers/STM32G0xx_HAL_Driver/Src/stm32g0xx_hal_dac.c **** 
 419:Drivers/STM32G0xx_HAL_Driver/Src/stm32g0xx_hal_dac.c **** #if (USE_HAL_DAC_REGISTER_CALLBACKS == 1)
 420:Drivers/STM32G0xx_HAL_Driver/Src/stm32g0xx_hal_dac.c ****   if (hdac->MspDeInitCallback == NULL)
 421:Drivers/STM32G0xx_HAL_Driver/Src/stm32g0xx_hal_dac.c ****   {
 422:Drivers/STM32G0xx_HAL_Driver/Src/stm32g0xx_hal_dac.c ****     hdac->MspDeInitCallback = HAL_DAC_MspDeInit;
 423:Drivers/STM32G0xx_HAL_Driver/Src/stm32g0xx_hal_dac.c ****   }
 424:Drivers/STM32G0xx_HAL_Driver/Src/stm32g0xx_hal_dac.c ****   /* DeInit the low level hardware */
 425:Drivers/STM32G0xx_HAL_Driver/Src/stm32g0xx_hal_dac.c ****   hdac->MspDeInitCallback(hdac);
 426:Drivers/STM32G0xx_HAL_Driver/Src/stm32g0xx_hal_dac.c **** #else
 427:Drivers/STM32G0xx_HAL_Driver/Src/stm32g0xx_hal_dac.c ****   /* DeInit the low level hardware */
 428:Drivers/STM32G0xx_HAL_Driver/Src/stm32g0xx_hal_dac.c ****   HAL_DAC_MspDeInit(hdac);
 134              		.loc 1 428 3
 135 0018 7B68     		ldr	r3, [r7, #4]
 136 001a 1800     		movs	r0, r3
 137 001c FFF7FEFF 		bl	HAL_DAC_MspDeInit
 429:Drivers/STM32G0xx_HAL_Driver/Src/stm32g0xx_hal_dac.c **** #endif /* USE_HAL_DAC_REGISTER_CALLBACKS */
 430:Drivers/STM32G0xx_HAL_Driver/Src/stm32g0xx_hal_dac.c **** 
 431:Drivers/STM32G0xx_HAL_Driver/Src/stm32g0xx_hal_dac.c ****   /* Set DAC error code to none */
 432:Drivers/STM32G0xx_HAL_Driver/Src/stm32g0xx_hal_dac.c ****   hdac->ErrorCode = HAL_DAC_ERROR_NONE;
 138              		.loc 1 432 19
 139 0020 7B68     		ldr	r3, [r7, #4]
 140 0022 0022     		movs	r2, #0
 141 0024 1A61     		str	r2, [r3, #16]
 433:Drivers/STM32G0xx_HAL_Driver/Src/stm32g0xx_hal_dac.c **** 
ARM GAS  C:\Users\a_hae\AppData\Local\Temp\cclBWf4m.s 			page 11


 434:Drivers/STM32G0xx_HAL_Driver/Src/stm32g0xx_hal_dac.c ****   /* Change DAC state */
 435:Drivers/STM32G0xx_HAL_Driver/Src/stm32g0xx_hal_dac.c ****   hdac->State = HAL_DAC_STATE_RESET;
 142              		.loc 1 435 15
 143 0026 7B68     		ldr	r3, [r7, #4]
 144 0028 0022     		movs	r2, #0
 145 002a 1A71     		strb	r2, [r3, #4]
 436:Drivers/STM32G0xx_HAL_Driver/Src/stm32g0xx_hal_dac.c **** 
 437:Drivers/STM32G0xx_HAL_Driver/Src/stm32g0xx_hal_dac.c ****   /* Release Lock */
 438:Drivers/STM32G0xx_HAL_Driver/Src/stm32g0xx_hal_dac.c ****   __HAL_UNLOCK(hdac);
 146              		.loc 1 438 3
 147 002c 7B68     		ldr	r3, [r7, #4]
 148 002e 0022     		movs	r2, #0
 149 0030 5A71     		strb	r2, [r3, #5]
 439:Drivers/STM32G0xx_HAL_Driver/Src/stm32g0xx_hal_dac.c **** 
 440:Drivers/STM32G0xx_HAL_Driver/Src/stm32g0xx_hal_dac.c ****   /* Return function status */
 441:Drivers/STM32G0xx_HAL_Driver/Src/stm32g0xx_hal_dac.c ****   return HAL_OK;
 150              		.loc 1 441 10
 151 0032 0023     		movs	r3, #0
 152              	.L7:
 442:Drivers/STM32G0xx_HAL_Driver/Src/stm32g0xx_hal_dac.c **** }
 153              		.loc 1 442 1
 154 0034 1800     		movs	r0, r3
 155 0036 BD46     		mov	sp, r7
 156 0038 02B0     		add	sp, sp, #8
 157              		@ sp needed
 158 003a 80BD     		pop	{r7, pc}
 159              		.cfi_endproc
 160              	.LFE364:
 162              		.section	.text.HAL_DAC_MspInit,"ax",%progbits
 163              		.align	1
 164              		.weak	HAL_DAC_MspInit
 165              		.syntax unified
 166              		.code	16
 167              		.thumb_func
 169              	HAL_DAC_MspInit:
 170              	.LFB365:
 443:Drivers/STM32G0xx_HAL_Driver/Src/stm32g0xx_hal_dac.c **** 
 444:Drivers/STM32G0xx_HAL_Driver/Src/stm32g0xx_hal_dac.c **** /**
 445:Drivers/STM32G0xx_HAL_Driver/Src/stm32g0xx_hal_dac.c ****   * @brief  Initialize the DAC MSP.
 446:Drivers/STM32G0xx_HAL_Driver/Src/stm32g0xx_hal_dac.c ****   * @param  hdac pointer to a DAC_HandleTypeDef structure that contains
 447:Drivers/STM32G0xx_HAL_Driver/Src/stm32g0xx_hal_dac.c ****   *         the configuration information for the specified DAC.
 448:Drivers/STM32G0xx_HAL_Driver/Src/stm32g0xx_hal_dac.c ****   * @retval None
 449:Drivers/STM32G0xx_HAL_Driver/Src/stm32g0xx_hal_dac.c ****   */
 450:Drivers/STM32G0xx_HAL_Driver/Src/stm32g0xx_hal_dac.c **** __weak void HAL_DAC_MspInit(DAC_HandleTypeDef *hdac)
 451:Drivers/STM32G0xx_HAL_Driver/Src/stm32g0xx_hal_dac.c **** {
 171              		.loc 1 451 1
 172              		.cfi_startproc
 173              		@ args = 0, pretend = 0, frame = 8
 174              		@ frame_needed = 1, uses_anonymous_args = 0
 175 0000 80B5     		push	{r7, lr}
 176              	.LCFI6:
 177              		.cfi_def_cfa_offset 8
 178              		.cfi_offset 7, -8
 179              		.cfi_offset 14, -4
 180 0002 82B0     		sub	sp, sp, #8
 181              	.LCFI7:
 182              		.cfi_def_cfa_offset 16
ARM GAS  C:\Users\a_hae\AppData\Local\Temp\cclBWf4m.s 			page 12


 183 0004 00AF     		add	r7, sp, #0
 184              	.LCFI8:
 185              		.cfi_def_cfa_register 7
 186 0006 7860     		str	r0, [r7, #4]
 452:Drivers/STM32G0xx_HAL_Driver/Src/stm32g0xx_hal_dac.c ****   /* Prevent unused argument(s) compilation warning */
 453:Drivers/STM32G0xx_HAL_Driver/Src/stm32g0xx_hal_dac.c ****   UNUSED(hdac);
 454:Drivers/STM32G0xx_HAL_Driver/Src/stm32g0xx_hal_dac.c **** 
 455:Drivers/STM32G0xx_HAL_Driver/Src/stm32g0xx_hal_dac.c ****   /* NOTE : This function should not be modified, when the callback is needed,
 456:Drivers/STM32G0xx_HAL_Driver/Src/stm32g0xx_hal_dac.c ****             the HAL_DAC_MspInit could be implemented in the user file
 457:Drivers/STM32G0xx_HAL_Driver/Src/stm32g0xx_hal_dac.c ****    */
 458:Drivers/STM32G0xx_HAL_Driver/Src/stm32g0xx_hal_dac.c **** }
 187              		.loc 1 458 1
 188 0008 C046     		nop
 189 000a BD46     		mov	sp, r7
 190 000c 02B0     		add	sp, sp, #8
 191              		@ sp needed
 192 000e 80BD     		pop	{r7, pc}
 193              		.cfi_endproc
 194              	.LFE365:
 196              		.section	.text.HAL_DAC_MspDeInit,"ax",%progbits
 197              		.align	1
 198              		.weak	HAL_DAC_MspDeInit
 199              		.syntax unified
 200              		.code	16
 201              		.thumb_func
 203              	HAL_DAC_MspDeInit:
 204              	.LFB366:
 459:Drivers/STM32G0xx_HAL_Driver/Src/stm32g0xx_hal_dac.c **** 
 460:Drivers/STM32G0xx_HAL_Driver/Src/stm32g0xx_hal_dac.c **** /**
 461:Drivers/STM32G0xx_HAL_Driver/Src/stm32g0xx_hal_dac.c ****   * @brief  DeInitialize the DAC MSP.
 462:Drivers/STM32G0xx_HAL_Driver/Src/stm32g0xx_hal_dac.c ****   * @param  hdac pointer to a DAC_HandleTypeDef structure that contains
 463:Drivers/STM32G0xx_HAL_Driver/Src/stm32g0xx_hal_dac.c ****   *         the configuration information for the specified DAC.
 464:Drivers/STM32G0xx_HAL_Driver/Src/stm32g0xx_hal_dac.c ****   * @retval None
 465:Drivers/STM32G0xx_HAL_Driver/Src/stm32g0xx_hal_dac.c ****   */
 466:Drivers/STM32G0xx_HAL_Driver/Src/stm32g0xx_hal_dac.c **** __weak void HAL_DAC_MspDeInit(DAC_HandleTypeDef *hdac)
 467:Drivers/STM32G0xx_HAL_Driver/Src/stm32g0xx_hal_dac.c **** {
 205              		.loc 1 467 1
 206              		.cfi_startproc
 207              		@ args = 0, pretend = 0, frame = 8
 208              		@ frame_needed = 1, uses_anonymous_args = 0
 209 0000 80B5     		push	{r7, lr}
 210              	.LCFI9:
 211              		.cfi_def_cfa_offset 8
 212              		.cfi_offset 7, -8
 213              		.cfi_offset 14, -4
 214 0002 82B0     		sub	sp, sp, #8
 215              	.LCFI10:
 216              		.cfi_def_cfa_offset 16
 217 0004 00AF     		add	r7, sp, #0
 218              	.LCFI11:
 219              		.cfi_def_cfa_register 7
 220 0006 7860     		str	r0, [r7, #4]
 468:Drivers/STM32G0xx_HAL_Driver/Src/stm32g0xx_hal_dac.c ****   /* Prevent unused argument(s) compilation warning */
 469:Drivers/STM32G0xx_HAL_Driver/Src/stm32g0xx_hal_dac.c ****   UNUSED(hdac);
 470:Drivers/STM32G0xx_HAL_Driver/Src/stm32g0xx_hal_dac.c **** 
 471:Drivers/STM32G0xx_HAL_Driver/Src/stm32g0xx_hal_dac.c ****   /* NOTE : This function should not be modified, when the callback is needed,
 472:Drivers/STM32G0xx_HAL_Driver/Src/stm32g0xx_hal_dac.c ****             the HAL_DAC_MspDeInit could be implemented in the user file
ARM GAS  C:\Users\a_hae\AppData\Local\Temp\cclBWf4m.s 			page 13


 473:Drivers/STM32G0xx_HAL_Driver/Src/stm32g0xx_hal_dac.c ****    */
 474:Drivers/STM32G0xx_HAL_Driver/Src/stm32g0xx_hal_dac.c **** }
 221              		.loc 1 474 1
 222 0008 C046     		nop
 223 000a BD46     		mov	sp, r7
 224 000c 02B0     		add	sp, sp, #8
 225              		@ sp needed
 226 000e 80BD     		pop	{r7, pc}
 227              		.cfi_endproc
 228              	.LFE366:
 230              		.section	.text.HAL_DAC_Start,"ax",%progbits
 231              		.align	1
 232              		.global	HAL_DAC_Start
 233              		.syntax unified
 234              		.code	16
 235              		.thumb_func
 237              	HAL_DAC_Start:
 238              	.LFB367:
 475:Drivers/STM32G0xx_HAL_Driver/Src/stm32g0xx_hal_dac.c **** 
 476:Drivers/STM32G0xx_HAL_Driver/Src/stm32g0xx_hal_dac.c **** /**
 477:Drivers/STM32G0xx_HAL_Driver/Src/stm32g0xx_hal_dac.c ****   * @}
 478:Drivers/STM32G0xx_HAL_Driver/Src/stm32g0xx_hal_dac.c ****   */
 479:Drivers/STM32G0xx_HAL_Driver/Src/stm32g0xx_hal_dac.c **** 
 480:Drivers/STM32G0xx_HAL_Driver/Src/stm32g0xx_hal_dac.c **** /** @defgroup DAC_Exported_Functions_Group2 IO operation functions
 481:Drivers/STM32G0xx_HAL_Driver/Src/stm32g0xx_hal_dac.c ****   *  @brief    IO operation functions
 482:Drivers/STM32G0xx_HAL_Driver/Src/stm32g0xx_hal_dac.c ****   *
 483:Drivers/STM32G0xx_HAL_Driver/Src/stm32g0xx_hal_dac.c **** @verbatim
 484:Drivers/STM32G0xx_HAL_Driver/Src/stm32g0xx_hal_dac.c ****   ==============================================================================
 485:Drivers/STM32G0xx_HAL_Driver/Src/stm32g0xx_hal_dac.c ****              ##### IO operation functions #####
 486:Drivers/STM32G0xx_HAL_Driver/Src/stm32g0xx_hal_dac.c ****   ==============================================================================
 487:Drivers/STM32G0xx_HAL_Driver/Src/stm32g0xx_hal_dac.c ****     [..]  This section provides functions allowing to:
 488:Drivers/STM32G0xx_HAL_Driver/Src/stm32g0xx_hal_dac.c ****       (+) Start conversion.
 489:Drivers/STM32G0xx_HAL_Driver/Src/stm32g0xx_hal_dac.c ****       (+) Stop conversion.
 490:Drivers/STM32G0xx_HAL_Driver/Src/stm32g0xx_hal_dac.c ****       (+) Start conversion and enable DMA transfer.
 491:Drivers/STM32G0xx_HAL_Driver/Src/stm32g0xx_hal_dac.c ****       (+) Stop conversion and disable DMA transfer.
 492:Drivers/STM32G0xx_HAL_Driver/Src/stm32g0xx_hal_dac.c ****       (+) Get result of conversion.
 493:Drivers/STM32G0xx_HAL_Driver/Src/stm32g0xx_hal_dac.c **** 
 494:Drivers/STM32G0xx_HAL_Driver/Src/stm32g0xx_hal_dac.c **** @endverbatim
 495:Drivers/STM32G0xx_HAL_Driver/Src/stm32g0xx_hal_dac.c ****   * @{
 496:Drivers/STM32G0xx_HAL_Driver/Src/stm32g0xx_hal_dac.c ****   */
 497:Drivers/STM32G0xx_HAL_Driver/Src/stm32g0xx_hal_dac.c **** 
 498:Drivers/STM32G0xx_HAL_Driver/Src/stm32g0xx_hal_dac.c **** /**
 499:Drivers/STM32G0xx_HAL_Driver/Src/stm32g0xx_hal_dac.c ****   * @brief  Enables DAC and starts conversion of channel.
 500:Drivers/STM32G0xx_HAL_Driver/Src/stm32g0xx_hal_dac.c ****   * @param  hdac pointer to a DAC_HandleTypeDef structure that contains
 501:Drivers/STM32G0xx_HAL_Driver/Src/stm32g0xx_hal_dac.c ****   *         the configuration information for the specified DAC.
 502:Drivers/STM32G0xx_HAL_Driver/Src/stm32g0xx_hal_dac.c ****   * @param  Channel The selected DAC channel.
 503:Drivers/STM32G0xx_HAL_Driver/Src/stm32g0xx_hal_dac.c ****   *          This parameter can be one of the following values:
 504:Drivers/STM32G0xx_HAL_Driver/Src/stm32g0xx_hal_dac.c ****   *            @arg DAC_CHANNEL_1: DAC Channel1 selected
 505:Drivers/STM32G0xx_HAL_Driver/Src/stm32g0xx_hal_dac.c ****   *            @arg DAC_CHANNEL_2: DAC Channel2 selected
 506:Drivers/STM32G0xx_HAL_Driver/Src/stm32g0xx_hal_dac.c ****   * @retval HAL status
 507:Drivers/STM32G0xx_HAL_Driver/Src/stm32g0xx_hal_dac.c ****   */
 508:Drivers/STM32G0xx_HAL_Driver/Src/stm32g0xx_hal_dac.c **** HAL_StatusTypeDef HAL_DAC_Start(DAC_HandleTypeDef *hdac, uint32_t Channel)
 509:Drivers/STM32G0xx_HAL_Driver/Src/stm32g0xx_hal_dac.c **** {
 239              		.loc 1 509 1
 240              		.cfi_startproc
 241              		@ args = 0, pretend = 0, frame = 8
 242              		@ frame_needed = 1, uses_anonymous_args = 0
ARM GAS  C:\Users\a_hae\AppData\Local\Temp\cclBWf4m.s 			page 14


 243 0000 80B5     		push	{r7, lr}
 244              	.LCFI12:
 245              		.cfi_def_cfa_offset 8
 246              		.cfi_offset 7, -8
 247              		.cfi_offset 14, -4
 248 0002 82B0     		sub	sp, sp, #8
 249              	.LCFI13:
 250              		.cfi_def_cfa_offset 16
 251 0004 00AF     		add	r7, sp, #0
 252              	.LCFI14:
 253              		.cfi_def_cfa_register 7
 254 0006 7860     		str	r0, [r7, #4]
 255 0008 3960     		str	r1, [r7]
 510:Drivers/STM32G0xx_HAL_Driver/Src/stm32g0xx_hal_dac.c ****   /* Check the DAC peripheral handle */
 511:Drivers/STM32G0xx_HAL_Driver/Src/stm32g0xx_hal_dac.c ****   if (hdac == NULL)
 256              		.loc 1 511 6
 257 000a 7B68     		ldr	r3, [r7, #4]
 258 000c 002B     		cmp	r3, #0
 259 000e 01D1     		bne	.L11
 512:Drivers/STM32G0xx_HAL_Driver/Src/stm32g0xx_hal_dac.c ****   {
 513:Drivers/STM32G0xx_HAL_Driver/Src/stm32g0xx_hal_dac.c ****     return HAL_ERROR;
 260              		.loc 1 513 12
 261 0010 0123     		movs	r3, #1
 262 0012 47E0     		b	.L12
 263              	.L11:
 514:Drivers/STM32G0xx_HAL_Driver/Src/stm32g0xx_hal_dac.c ****   }
 515:Drivers/STM32G0xx_HAL_Driver/Src/stm32g0xx_hal_dac.c **** 
 516:Drivers/STM32G0xx_HAL_Driver/Src/stm32g0xx_hal_dac.c ****   /* Check the parameters */
 517:Drivers/STM32G0xx_HAL_Driver/Src/stm32g0xx_hal_dac.c ****   assert_param(IS_DAC_CHANNEL(Channel));
 518:Drivers/STM32G0xx_HAL_Driver/Src/stm32g0xx_hal_dac.c **** 
 519:Drivers/STM32G0xx_HAL_Driver/Src/stm32g0xx_hal_dac.c ****   /* Process locked */
 520:Drivers/STM32G0xx_HAL_Driver/Src/stm32g0xx_hal_dac.c ****   __HAL_LOCK(hdac);
 264              		.loc 1 520 3
 265 0014 7B68     		ldr	r3, [r7, #4]
 266 0016 5B79     		ldrb	r3, [r3, #5]
 267 0018 012B     		cmp	r3, #1
 268 001a 01D1     		bne	.L13
 269              		.loc 1 520 3 is_stmt 0 discriminator 1
 270 001c 0223     		movs	r3, #2
 271              		.loc 1 520 3
 272 001e 41E0     		b	.L12
 273              	.L13:
 274              		.loc 1 520 3 discriminator 2
 275 0020 7B68     		ldr	r3, [r7, #4]
 276 0022 0122     		movs	r2, #1
 277 0024 5A71     		strb	r2, [r3, #5]
 521:Drivers/STM32G0xx_HAL_Driver/Src/stm32g0xx_hal_dac.c **** 
 522:Drivers/STM32G0xx_HAL_Driver/Src/stm32g0xx_hal_dac.c ****   /* Change DAC state */
 523:Drivers/STM32G0xx_HAL_Driver/Src/stm32g0xx_hal_dac.c ****   hdac->State = HAL_DAC_STATE_BUSY;
 278              		.loc 1 523 15 is_stmt 1
 279 0026 7B68     		ldr	r3, [r7, #4]
 280 0028 0222     		movs	r2, #2
 281 002a 1A71     		strb	r2, [r3, #4]
 524:Drivers/STM32G0xx_HAL_Driver/Src/stm32g0xx_hal_dac.c **** 
 525:Drivers/STM32G0xx_HAL_Driver/Src/stm32g0xx_hal_dac.c ****   /* Enable the Peripheral */
 526:Drivers/STM32G0xx_HAL_Driver/Src/stm32g0xx_hal_dac.c ****   __HAL_DAC_ENABLE(hdac, Channel);
 282              		.loc 1 526 3
ARM GAS  C:\Users\a_hae\AppData\Local\Temp\cclBWf4m.s 			page 15


 283 002c 7B68     		ldr	r3, [r7, #4]
 284 002e 1B68     		ldr	r3, [r3]
 285 0030 1968     		ldr	r1, [r3]
 286 0032 3B68     		ldr	r3, [r7]
 287 0034 1022     		movs	r2, #16
 288 0036 1340     		ands	r3, r2
 289 0038 0122     		movs	r2, #1
 290 003a 9A40     		lsls	r2, r2, r3
 291 003c 7B68     		ldr	r3, [r7, #4]
 292 003e 1B68     		ldr	r3, [r3]
 293 0040 0A43     		orrs	r2, r1
 294 0042 1A60     		str	r2, [r3]
 527:Drivers/STM32G0xx_HAL_Driver/Src/stm32g0xx_hal_dac.c **** 
 528:Drivers/STM32G0xx_HAL_Driver/Src/stm32g0xx_hal_dac.c ****   if (Channel == DAC_CHANNEL_1)
 295              		.loc 1 528 6
 296 0044 3B68     		ldr	r3, [r7]
 297 0046 002B     		cmp	r3, #0
 298 0048 0FD1     		bne	.L14
 529:Drivers/STM32G0xx_HAL_Driver/Src/stm32g0xx_hal_dac.c ****   {
 530:Drivers/STM32G0xx_HAL_Driver/Src/stm32g0xx_hal_dac.c ****     /* Check if software trigger enabled */
 531:Drivers/STM32G0xx_HAL_Driver/Src/stm32g0xx_hal_dac.c ****     if ((hdac->Instance->CR & (DAC_CR_TEN1 | DAC_CR_TSEL1)) == DAC_TRIGGER_SOFTWARE)
 299              		.loc 1 531 14
 300 004a 7B68     		ldr	r3, [r7, #4]
 301 004c 1B68     		ldr	r3, [r3]
 302              		.loc 1 531 24
 303 004e 1B68     		ldr	r3, [r3]
 304              		.loc 1 531 29
 305 0050 3E22     		movs	r2, #62
 306 0052 1340     		ands	r3, r2
 307              		.loc 1 531 8
 308 0054 022B     		cmp	r3, #2
 309 0056 1ED1     		bne	.L15
 532:Drivers/STM32G0xx_HAL_Driver/Src/stm32g0xx_hal_dac.c ****     {
 533:Drivers/STM32G0xx_HAL_Driver/Src/stm32g0xx_hal_dac.c ****       /* Enable the selected DAC software conversion */
 534:Drivers/STM32G0xx_HAL_Driver/Src/stm32g0xx_hal_dac.c ****       SET_BIT(hdac->Instance->SWTRIGR, DAC_SWTRIGR_SWTRIG1);
 310              		.loc 1 534 7
 311 0058 7B68     		ldr	r3, [r7, #4]
 312 005a 1B68     		ldr	r3, [r3]
 313 005c 5A68     		ldr	r2, [r3, #4]
 314 005e 7B68     		ldr	r3, [r7, #4]
 315 0060 1B68     		ldr	r3, [r3]
 316 0062 0121     		movs	r1, #1
 317 0064 0A43     		orrs	r2, r1
 318 0066 5A60     		str	r2, [r3, #4]
 319 0068 15E0     		b	.L15
 320              	.L14:
 535:Drivers/STM32G0xx_HAL_Driver/Src/stm32g0xx_hal_dac.c ****     }
 536:Drivers/STM32G0xx_HAL_Driver/Src/stm32g0xx_hal_dac.c ****   }
 537:Drivers/STM32G0xx_HAL_Driver/Src/stm32g0xx_hal_dac.c **** 
 538:Drivers/STM32G0xx_HAL_Driver/Src/stm32g0xx_hal_dac.c ****   else
 539:Drivers/STM32G0xx_HAL_Driver/Src/stm32g0xx_hal_dac.c ****   {
 540:Drivers/STM32G0xx_HAL_Driver/Src/stm32g0xx_hal_dac.c ****     /* Check if software trigger enabled */
 541:Drivers/STM32G0xx_HAL_Driver/Src/stm32g0xx_hal_dac.c ****     if ((hdac->Instance->CR & (DAC_CR_TEN2 | DAC_CR_TSEL2)) == (DAC_TRIGGER_SOFTWARE << (Channel & 
 321              		.loc 1 541 14
 322 006a 7B68     		ldr	r3, [r7, #4]
 323 006c 1B68     		ldr	r3, [r3]
 324              		.loc 1 541 24
ARM GAS  C:\Users\a_hae\AppData\Local\Temp\cclBWf4m.s 			page 16


 325 006e 1A68     		ldr	r2, [r3]
 326              		.loc 1 541 29
 327 0070 F823     		movs	r3, #248
 328 0072 9B03     		lsls	r3, r3, #14
 329 0074 1A40     		ands	r2, r3
 330              		.loc 1 541 98
 331 0076 3B68     		ldr	r3, [r7]
 332 0078 1021     		movs	r1, #16
 333 007a 0B40     		ands	r3, r1
 334              		.loc 1 541 86
 335 007c 0221     		movs	r1, #2
 336 007e 9940     		lsls	r1, r1, r3
 337 0080 0B00     		movs	r3, r1
 338              		.loc 1 541 8
 339 0082 9A42     		cmp	r2, r3
 340 0084 07D1     		bne	.L15
 542:Drivers/STM32G0xx_HAL_Driver/Src/stm32g0xx_hal_dac.c ****     {
 543:Drivers/STM32G0xx_HAL_Driver/Src/stm32g0xx_hal_dac.c ****       /* Enable the selected DAC software conversion*/
 544:Drivers/STM32G0xx_HAL_Driver/Src/stm32g0xx_hal_dac.c ****       SET_BIT(hdac->Instance->SWTRIGR, DAC_SWTRIGR_SWTRIG2);
 341              		.loc 1 544 7
 342 0086 7B68     		ldr	r3, [r7, #4]
 343 0088 1B68     		ldr	r3, [r3]
 344 008a 5A68     		ldr	r2, [r3, #4]
 345 008c 7B68     		ldr	r3, [r7, #4]
 346 008e 1B68     		ldr	r3, [r3]
 347 0090 0221     		movs	r1, #2
 348 0092 0A43     		orrs	r2, r1
 349 0094 5A60     		str	r2, [r3, #4]
 350              	.L15:
 545:Drivers/STM32G0xx_HAL_Driver/Src/stm32g0xx_hal_dac.c ****     }
 546:Drivers/STM32G0xx_HAL_Driver/Src/stm32g0xx_hal_dac.c ****   }
 547:Drivers/STM32G0xx_HAL_Driver/Src/stm32g0xx_hal_dac.c **** 
 548:Drivers/STM32G0xx_HAL_Driver/Src/stm32g0xx_hal_dac.c **** 
 549:Drivers/STM32G0xx_HAL_Driver/Src/stm32g0xx_hal_dac.c ****   /* Change DAC state */
 550:Drivers/STM32G0xx_HAL_Driver/Src/stm32g0xx_hal_dac.c ****   hdac->State = HAL_DAC_STATE_READY;
 351              		.loc 1 550 15
 352 0096 7B68     		ldr	r3, [r7, #4]
 353 0098 0122     		movs	r2, #1
 354 009a 1A71     		strb	r2, [r3, #4]
 551:Drivers/STM32G0xx_HAL_Driver/Src/stm32g0xx_hal_dac.c **** 
 552:Drivers/STM32G0xx_HAL_Driver/Src/stm32g0xx_hal_dac.c ****   /* Process unlocked */
 553:Drivers/STM32G0xx_HAL_Driver/Src/stm32g0xx_hal_dac.c ****   __HAL_UNLOCK(hdac);
 355              		.loc 1 553 3
 356 009c 7B68     		ldr	r3, [r7, #4]
 357 009e 0022     		movs	r2, #0
 358 00a0 5A71     		strb	r2, [r3, #5]
 554:Drivers/STM32G0xx_HAL_Driver/Src/stm32g0xx_hal_dac.c **** 
 555:Drivers/STM32G0xx_HAL_Driver/Src/stm32g0xx_hal_dac.c ****   /* Return function status */
 556:Drivers/STM32G0xx_HAL_Driver/Src/stm32g0xx_hal_dac.c ****   return HAL_OK;
 359              		.loc 1 556 10
 360 00a2 0023     		movs	r3, #0
 361              	.L12:
 557:Drivers/STM32G0xx_HAL_Driver/Src/stm32g0xx_hal_dac.c **** }
 362              		.loc 1 557 1
 363 00a4 1800     		movs	r0, r3
 364 00a6 BD46     		mov	sp, r7
 365 00a8 02B0     		add	sp, sp, #8
ARM GAS  C:\Users\a_hae\AppData\Local\Temp\cclBWf4m.s 			page 17


 366              		@ sp needed
 367 00aa 80BD     		pop	{r7, pc}
 368              		.cfi_endproc
 369              	.LFE367:
 371              		.section	.text.HAL_DAC_Stop,"ax",%progbits
 372              		.align	1
 373              		.global	HAL_DAC_Stop
 374              		.syntax unified
 375              		.code	16
 376              		.thumb_func
 378              	HAL_DAC_Stop:
 379              	.LFB368:
 558:Drivers/STM32G0xx_HAL_Driver/Src/stm32g0xx_hal_dac.c **** 
 559:Drivers/STM32G0xx_HAL_Driver/Src/stm32g0xx_hal_dac.c **** /**
 560:Drivers/STM32G0xx_HAL_Driver/Src/stm32g0xx_hal_dac.c ****   * @brief  Disables DAC and stop conversion of channel.
 561:Drivers/STM32G0xx_HAL_Driver/Src/stm32g0xx_hal_dac.c ****   * @param  hdac pointer to a DAC_HandleTypeDef structure that contains
 562:Drivers/STM32G0xx_HAL_Driver/Src/stm32g0xx_hal_dac.c ****   *         the configuration information for the specified DAC.
 563:Drivers/STM32G0xx_HAL_Driver/Src/stm32g0xx_hal_dac.c ****   * @param  Channel The selected DAC channel.
 564:Drivers/STM32G0xx_HAL_Driver/Src/stm32g0xx_hal_dac.c ****   *          This parameter can be one of the following values:
 565:Drivers/STM32G0xx_HAL_Driver/Src/stm32g0xx_hal_dac.c ****   *            @arg DAC_CHANNEL_1: DAC Channel1 selected
 566:Drivers/STM32G0xx_HAL_Driver/Src/stm32g0xx_hal_dac.c ****   *            @arg DAC_CHANNEL_2: DAC Channel2 selected
 567:Drivers/STM32G0xx_HAL_Driver/Src/stm32g0xx_hal_dac.c ****   * @retval HAL status
 568:Drivers/STM32G0xx_HAL_Driver/Src/stm32g0xx_hal_dac.c ****   */
 569:Drivers/STM32G0xx_HAL_Driver/Src/stm32g0xx_hal_dac.c **** HAL_StatusTypeDef HAL_DAC_Stop(DAC_HandleTypeDef *hdac, uint32_t Channel)
 570:Drivers/STM32G0xx_HAL_Driver/Src/stm32g0xx_hal_dac.c **** {
 380              		.loc 1 570 1
 381              		.cfi_startproc
 382              		@ args = 0, pretend = 0, frame = 8
 383              		@ frame_needed = 1, uses_anonymous_args = 0
 384 0000 80B5     		push	{r7, lr}
 385              	.LCFI15:
 386              		.cfi_def_cfa_offset 8
 387              		.cfi_offset 7, -8
 388              		.cfi_offset 14, -4
 389 0002 82B0     		sub	sp, sp, #8
 390              	.LCFI16:
 391              		.cfi_def_cfa_offset 16
 392 0004 00AF     		add	r7, sp, #0
 393              	.LCFI17:
 394              		.cfi_def_cfa_register 7
 395 0006 7860     		str	r0, [r7, #4]
 396 0008 3960     		str	r1, [r7]
 571:Drivers/STM32G0xx_HAL_Driver/Src/stm32g0xx_hal_dac.c ****   /* Check the DAC peripheral handle */
 572:Drivers/STM32G0xx_HAL_Driver/Src/stm32g0xx_hal_dac.c ****   if (hdac == NULL)
 397              		.loc 1 572 6
 398 000a 7B68     		ldr	r3, [r7, #4]
 399 000c 002B     		cmp	r3, #0
 400 000e 01D1     		bne	.L17
 573:Drivers/STM32G0xx_HAL_Driver/Src/stm32g0xx_hal_dac.c ****   {
 574:Drivers/STM32G0xx_HAL_Driver/Src/stm32g0xx_hal_dac.c ****     return HAL_ERROR;
 401              		.loc 1 574 12
 402 0010 0123     		movs	r3, #1
 403 0012 11E0     		b	.L18
 404              	.L17:
 575:Drivers/STM32G0xx_HAL_Driver/Src/stm32g0xx_hal_dac.c ****   }
 576:Drivers/STM32G0xx_HAL_Driver/Src/stm32g0xx_hal_dac.c **** 
 577:Drivers/STM32G0xx_HAL_Driver/Src/stm32g0xx_hal_dac.c ****   /* Check the parameters */
ARM GAS  C:\Users\a_hae\AppData\Local\Temp\cclBWf4m.s 			page 18


 578:Drivers/STM32G0xx_HAL_Driver/Src/stm32g0xx_hal_dac.c ****   assert_param(IS_DAC_CHANNEL(Channel));
 579:Drivers/STM32G0xx_HAL_Driver/Src/stm32g0xx_hal_dac.c **** 
 580:Drivers/STM32G0xx_HAL_Driver/Src/stm32g0xx_hal_dac.c ****   /* Disable the Peripheral */
 581:Drivers/STM32G0xx_HAL_Driver/Src/stm32g0xx_hal_dac.c ****   __HAL_DAC_DISABLE(hdac, Channel);
 405              		.loc 1 581 3
 406 0014 7B68     		ldr	r3, [r7, #4]
 407 0016 1B68     		ldr	r3, [r3]
 408 0018 1A68     		ldr	r2, [r3]
 409 001a 3B68     		ldr	r3, [r7]
 410 001c 1021     		movs	r1, #16
 411 001e 0B40     		ands	r3, r1
 412 0020 0121     		movs	r1, #1
 413 0022 9940     		lsls	r1, r1, r3
 414 0024 0B00     		movs	r3, r1
 415 0026 D943     		mvns	r1, r3
 416 0028 7B68     		ldr	r3, [r7, #4]
 417 002a 1B68     		ldr	r3, [r3]
 418 002c 0A40     		ands	r2, r1
 419 002e 1A60     		str	r2, [r3]
 582:Drivers/STM32G0xx_HAL_Driver/Src/stm32g0xx_hal_dac.c **** 
 583:Drivers/STM32G0xx_HAL_Driver/Src/stm32g0xx_hal_dac.c ****   /* Change DAC state */
 584:Drivers/STM32G0xx_HAL_Driver/Src/stm32g0xx_hal_dac.c ****   hdac->State = HAL_DAC_STATE_READY;
 420              		.loc 1 584 15
 421 0030 7B68     		ldr	r3, [r7, #4]
 422 0032 0122     		movs	r2, #1
 423 0034 1A71     		strb	r2, [r3, #4]
 585:Drivers/STM32G0xx_HAL_Driver/Src/stm32g0xx_hal_dac.c **** 
 586:Drivers/STM32G0xx_HAL_Driver/Src/stm32g0xx_hal_dac.c ****   /* Return function status */
 587:Drivers/STM32G0xx_HAL_Driver/Src/stm32g0xx_hal_dac.c ****   return HAL_OK;
 424              		.loc 1 587 10
 425 0036 0023     		movs	r3, #0
 426              	.L18:
 588:Drivers/STM32G0xx_HAL_Driver/Src/stm32g0xx_hal_dac.c **** }
 427              		.loc 1 588 1
 428 0038 1800     		movs	r0, r3
 429 003a BD46     		mov	sp, r7
 430 003c 02B0     		add	sp, sp, #8
 431              		@ sp needed
 432 003e 80BD     		pop	{r7, pc}
 433              		.cfi_endproc
 434              	.LFE368:
 436              		.section	.text.HAL_DAC_Start_DMA,"ax",%progbits
 437              		.align	1
 438              		.global	HAL_DAC_Start_DMA
 439              		.syntax unified
 440              		.code	16
 441              		.thumb_func
 443              	HAL_DAC_Start_DMA:
 444              	.LFB369:
 589:Drivers/STM32G0xx_HAL_Driver/Src/stm32g0xx_hal_dac.c **** 
 590:Drivers/STM32G0xx_HAL_Driver/Src/stm32g0xx_hal_dac.c **** /**
 591:Drivers/STM32G0xx_HAL_Driver/Src/stm32g0xx_hal_dac.c ****   * @brief  Enables DAC and starts conversion of channel.
 592:Drivers/STM32G0xx_HAL_Driver/Src/stm32g0xx_hal_dac.c ****   * @param  hdac pointer to a DAC_HandleTypeDef structure that contains
 593:Drivers/STM32G0xx_HAL_Driver/Src/stm32g0xx_hal_dac.c ****   *         the configuration information for the specified DAC.
 594:Drivers/STM32G0xx_HAL_Driver/Src/stm32g0xx_hal_dac.c ****   * @param  Channel The selected DAC channel.
 595:Drivers/STM32G0xx_HAL_Driver/Src/stm32g0xx_hal_dac.c ****   *          This parameter can be one of the following values:
 596:Drivers/STM32G0xx_HAL_Driver/Src/stm32g0xx_hal_dac.c ****   *            @arg DAC_CHANNEL_1: DAC Channel1 selected
ARM GAS  C:\Users\a_hae\AppData\Local\Temp\cclBWf4m.s 			page 19


 597:Drivers/STM32G0xx_HAL_Driver/Src/stm32g0xx_hal_dac.c ****   *            @arg DAC_CHANNEL_2: DAC Channel2 selected
 598:Drivers/STM32G0xx_HAL_Driver/Src/stm32g0xx_hal_dac.c ****   * @param  pData The source Buffer address.
 599:Drivers/STM32G0xx_HAL_Driver/Src/stm32g0xx_hal_dac.c ****   * @param  Length The length of data to be transferred from memory to DAC peripheral
 600:Drivers/STM32G0xx_HAL_Driver/Src/stm32g0xx_hal_dac.c ****   * @param  Alignment Specifies the data alignment for DAC channel.
 601:Drivers/STM32G0xx_HAL_Driver/Src/stm32g0xx_hal_dac.c ****   *          This parameter can be one of the following values:
 602:Drivers/STM32G0xx_HAL_Driver/Src/stm32g0xx_hal_dac.c ****   *            @arg DAC_ALIGN_8B_R: 8bit right data alignment selected
 603:Drivers/STM32G0xx_HAL_Driver/Src/stm32g0xx_hal_dac.c ****   *            @arg DAC_ALIGN_12B_L: 12bit left data alignment selected
 604:Drivers/STM32G0xx_HAL_Driver/Src/stm32g0xx_hal_dac.c ****   *            @arg DAC_ALIGN_12B_R: 12bit right data alignment selected
 605:Drivers/STM32G0xx_HAL_Driver/Src/stm32g0xx_hal_dac.c ****   * @retval HAL status
 606:Drivers/STM32G0xx_HAL_Driver/Src/stm32g0xx_hal_dac.c ****   */
 607:Drivers/STM32G0xx_HAL_Driver/Src/stm32g0xx_hal_dac.c **** HAL_StatusTypeDef HAL_DAC_Start_DMA(DAC_HandleTypeDef *hdac, uint32_t Channel, const uint32_t *pDat
 608:Drivers/STM32G0xx_HAL_Driver/Src/stm32g0xx_hal_dac.c ****                                     uint32_t Alignment)
 609:Drivers/STM32G0xx_HAL_Driver/Src/stm32g0xx_hal_dac.c **** {
 445              		.loc 1 609 1
 446              		.cfi_startproc
 447              		@ args = 4, pretend = 0, frame = 24
 448              		@ frame_needed = 1, uses_anonymous_args = 0
 449 0000 90B5     		push	{r4, r7, lr}
 450              	.LCFI18:
 451              		.cfi_def_cfa_offset 12
 452              		.cfi_offset 4, -12
 453              		.cfi_offset 7, -8
 454              		.cfi_offset 14, -4
 455 0002 87B0     		sub	sp, sp, #28
 456              	.LCFI19:
 457              		.cfi_def_cfa_offset 40
 458 0004 00AF     		add	r7, sp, #0
 459              	.LCFI20:
 460              		.cfi_def_cfa_register 7
 461 0006 F860     		str	r0, [r7, #12]
 462 0008 B960     		str	r1, [r7, #8]
 463 000a 7A60     		str	r2, [r7, #4]
 464 000c 3B60     		str	r3, [r7]
 610:Drivers/STM32G0xx_HAL_Driver/Src/stm32g0xx_hal_dac.c ****   HAL_StatusTypeDef status;
 611:Drivers/STM32G0xx_HAL_Driver/Src/stm32g0xx_hal_dac.c ****   uint32_t tmpreg;
 612:Drivers/STM32G0xx_HAL_Driver/Src/stm32g0xx_hal_dac.c **** 
 613:Drivers/STM32G0xx_HAL_Driver/Src/stm32g0xx_hal_dac.c ****   /* Check the DAC peripheral handle */
 614:Drivers/STM32G0xx_HAL_Driver/Src/stm32g0xx_hal_dac.c ****   if (hdac == NULL)
 465              		.loc 1 614 6
 466 000e FB68     		ldr	r3, [r7, #12]
 467 0010 002B     		cmp	r3, #0
 468 0012 01D1     		bne	.L20
 615:Drivers/STM32G0xx_HAL_Driver/Src/stm32g0xx_hal_dac.c ****   {
 616:Drivers/STM32G0xx_HAL_Driver/Src/stm32g0xx_hal_dac.c ****     return HAL_ERROR;
 469              		.loc 1 616 12
 470 0014 0123     		movs	r3, #1
 471 0016 AEE0     		b	.L21
 472              	.L20:
 617:Drivers/STM32G0xx_HAL_Driver/Src/stm32g0xx_hal_dac.c ****   }
 618:Drivers/STM32G0xx_HAL_Driver/Src/stm32g0xx_hal_dac.c **** 
 619:Drivers/STM32G0xx_HAL_Driver/Src/stm32g0xx_hal_dac.c ****   /* Check the parameters */
 620:Drivers/STM32G0xx_HAL_Driver/Src/stm32g0xx_hal_dac.c ****   assert_param(IS_DAC_CHANNEL(Channel));
 621:Drivers/STM32G0xx_HAL_Driver/Src/stm32g0xx_hal_dac.c ****   assert_param(IS_DAC_ALIGN(Alignment));
 622:Drivers/STM32G0xx_HAL_Driver/Src/stm32g0xx_hal_dac.c **** 
 623:Drivers/STM32G0xx_HAL_Driver/Src/stm32g0xx_hal_dac.c ****   /* Process locked */
 624:Drivers/STM32G0xx_HAL_Driver/Src/stm32g0xx_hal_dac.c ****   __HAL_LOCK(hdac);
 473              		.loc 1 624 3
ARM GAS  C:\Users\a_hae\AppData\Local\Temp\cclBWf4m.s 			page 20


 474 0018 FB68     		ldr	r3, [r7, #12]
 475 001a 5B79     		ldrb	r3, [r3, #5]
 476 001c 012B     		cmp	r3, #1
 477 001e 01D1     		bne	.L22
 478              		.loc 1 624 3 is_stmt 0 discriminator 1
 479 0020 0223     		movs	r3, #2
 480              		.loc 1 624 3
 481 0022 A8E0     		b	.L21
 482              	.L22:
 483              		.loc 1 624 3 discriminator 2
 484 0024 FB68     		ldr	r3, [r7, #12]
 485 0026 0122     		movs	r2, #1
 486 0028 5A71     		strb	r2, [r3, #5]
 625:Drivers/STM32G0xx_HAL_Driver/Src/stm32g0xx_hal_dac.c **** 
 626:Drivers/STM32G0xx_HAL_Driver/Src/stm32g0xx_hal_dac.c ****   /* Change DAC state */
 627:Drivers/STM32G0xx_HAL_Driver/Src/stm32g0xx_hal_dac.c ****   hdac->State = HAL_DAC_STATE_BUSY;
 487              		.loc 1 627 15 is_stmt 1
 488 002a FB68     		ldr	r3, [r7, #12]
 489 002c 0222     		movs	r2, #2
 490 002e 1A71     		strb	r2, [r3, #4]
 628:Drivers/STM32G0xx_HAL_Driver/Src/stm32g0xx_hal_dac.c **** 
 629:Drivers/STM32G0xx_HAL_Driver/Src/stm32g0xx_hal_dac.c ****   if (Channel == DAC_CHANNEL_1)
 491              		.loc 1 629 6
 492 0030 BB68     		ldr	r3, [r7, #8]
 493 0032 002B     		cmp	r3, #0
 494 0034 2AD1     		bne	.L23
 630:Drivers/STM32G0xx_HAL_Driver/Src/stm32g0xx_hal_dac.c ****   {
 631:Drivers/STM32G0xx_HAL_Driver/Src/stm32g0xx_hal_dac.c ****     /* Set the DMA transfer complete callback for channel1 */
 632:Drivers/STM32G0xx_HAL_Driver/Src/stm32g0xx_hal_dac.c ****     hdac->DMA_Handle1->XferCpltCallback = DAC_DMAConvCpltCh1;
 495              		.loc 1 632 9
 496 0036 FB68     		ldr	r3, [r7, #12]
 497 0038 9B68     		ldr	r3, [r3, #8]
 498              		.loc 1 632 41
 499 003a 514A     		ldr	r2, .L38
 500 003c DA62     		str	r2, [r3, #44]
 633:Drivers/STM32G0xx_HAL_Driver/Src/stm32g0xx_hal_dac.c **** 
 634:Drivers/STM32G0xx_HAL_Driver/Src/stm32g0xx_hal_dac.c ****     /* Set the DMA half transfer complete callback for channel1 */
 635:Drivers/STM32G0xx_HAL_Driver/Src/stm32g0xx_hal_dac.c ****     hdac->DMA_Handle1->XferHalfCpltCallback = DAC_DMAHalfConvCpltCh1;
 501              		.loc 1 635 9
 502 003e FB68     		ldr	r3, [r7, #12]
 503 0040 9B68     		ldr	r3, [r3, #8]
 504              		.loc 1 635 45
 505 0042 504A     		ldr	r2, .L38+4
 506 0044 1A63     		str	r2, [r3, #48]
 636:Drivers/STM32G0xx_HAL_Driver/Src/stm32g0xx_hal_dac.c **** 
 637:Drivers/STM32G0xx_HAL_Driver/Src/stm32g0xx_hal_dac.c ****     /* Set the DMA error callback for channel1 */
 638:Drivers/STM32G0xx_HAL_Driver/Src/stm32g0xx_hal_dac.c ****     hdac->DMA_Handle1->XferErrorCallback = DAC_DMAErrorCh1;
 507              		.loc 1 638 9
 508 0046 FB68     		ldr	r3, [r7, #12]
 509 0048 9B68     		ldr	r3, [r3, #8]
 510              		.loc 1 638 42
 511 004a 4F4A     		ldr	r2, .L38+8
 512 004c 5A63     		str	r2, [r3, #52]
 639:Drivers/STM32G0xx_HAL_Driver/Src/stm32g0xx_hal_dac.c **** 
 640:Drivers/STM32G0xx_HAL_Driver/Src/stm32g0xx_hal_dac.c ****     /* Enable the selected DAC channel1 DMA request */
 641:Drivers/STM32G0xx_HAL_Driver/Src/stm32g0xx_hal_dac.c ****     SET_BIT(hdac->Instance->CR, DAC_CR_DMAEN1);
 513              		.loc 1 641 5
ARM GAS  C:\Users\a_hae\AppData\Local\Temp\cclBWf4m.s 			page 21


 514 004e FB68     		ldr	r3, [r7, #12]
 515 0050 1B68     		ldr	r3, [r3]
 516 0052 1A68     		ldr	r2, [r3]
 517 0054 FB68     		ldr	r3, [r7, #12]
 518 0056 1B68     		ldr	r3, [r3]
 519 0058 8021     		movs	r1, #128
 520 005a 4901     		lsls	r1, r1, #5
 521 005c 0A43     		orrs	r2, r1
 522 005e 1A60     		str	r2, [r3]
 642:Drivers/STM32G0xx_HAL_Driver/Src/stm32g0xx_hal_dac.c **** 
 643:Drivers/STM32G0xx_HAL_Driver/Src/stm32g0xx_hal_dac.c ****     /* Case of use of channel 1 */
 644:Drivers/STM32G0xx_HAL_Driver/Src/stm32g0xx_hal_dac.c ****     switch (Alignment)
 523              		.loc 1 644 5
 524 0060 BB6A     		ldr	r3, [r7, #40]
 525 0062 002B     		cmp	r3, #0
 526 0064 03D0     		beq	.L24
 527 0066 BB6A     		ldr	r3, [r7, #40]
 528 0068 042B     		cmp	r3, #4
 529 006a 05D0     		beq	.L25
 530 006c 09E0     		b	.L36
 531              	.L24:
 645:Drivers/STM32G0xx_HAL_Driver/Src/stm32g0xx_hal_dac.c ****     {
 646:Drivers/STM32G0xx_HAL_Driver/Src/stm32g0xx_hal_dac.c ****       case DAC_ALIGN_12B_R:
 647:Drivers/STM32G0xx_HAL_Driver/Src/stm32g0xx_hal_dac.c ****         /* Get DHR12R1 address */
 648:Drivers/STM32G0xx_HAL_Driver/Src/stm32g0xx_hal_dac.c ****         tmpreg = (uint32_t)&hdac->Instance->DHR12R1;
 532              		.loc 1 648 33
 533 006e FB68     		ldr	r3, [r7, #12]
 534 0070 1B68     		ldr	r3, [r3]
 535              		.loc 1 648 28
 536 0072 0833     		adds	r3, r3, #8
 537              		.loc 1 648 16
 538 0074 3B61     		str	r3, [r7, #16]
 649:Drivers/STM32G0xx_HAL_Driver/Src/stm32g0xx_hal_dac.c ****         break;
 539              		.loc 1 649 9
 540 0076 34E0     		b	.L28
 541              	.L25:
 650:Drivers/STM32G0xx_HAL_Driver/Src/stm32g0xx_hal_dac.c ****       case DAC_ALIGN_12B_L:
 651:Drivers/STM32G0xx_HAL_Driver/Src/stm32g0xx_hal_dac.c ****         /* Get DHR12L1 address */
 652:Drivers/STM32G0xx_HAL_Driver/Src/stm32g0xx_hal_dac.c ****         tmpreg = (uint32_t)&hdac->Instance->DHR12L1;
 542              		.loc 1 652 33
 543 0078 FB68     		ldr	r3, [r7, #12]
 544 007a 1B68     		ldr	r3, [r3]
 545              		.loc 1 652 28
 546 007c 0C33     		adds	r3, r3, #12
 547              		.loc 1 652 16
 548 007e 3B61     		str	r3, [r7, #16]
 653:Drivers/STM32G0xx_HAL_Driver/Src/stm32g0xx_hal_dac.c ****         break;
 549              		.loc 1 653 9
 550 0080 2FE0     		b	.L28
 551              	.L36:
 654:Drivers/STM32G0xx_HAL_Driver/Src/stm32g0xx_hal_dac.c ****       default: /* case DAC_ALIGN_8B_R */
 655:Drivers/STM32G0xx_HAL_Driver/Src/stm32g0xx_hal_dac.c ****         /* Get DHR8R1 address */
 656:Drivers/STM32G0xx_HAL_Driver/Src/stm32g0xx_hal_dac.c ****         tmpreg = (uint32_t)&hdac->Instance->DHR8R1;
 552              		.loc 1 656 33
 553 0082 FB68     		ldr	r3, [r7, #12]
 554 0084 1B68     		ldr	r3, [r3]
 555              		.loc 1 656 28
ARM GAS  C:\Users\a_hae\AppData\Local\Temp\cclBWf4m.s 			page 22


 556 0086 1033     		adds	r3, r3, #16
 557              		.loc 1 656 16
 558 0088 3B61     		str	r3, [r7, #16]
 657:Drivers/STM32G0xx_HAL_Driver/Src/stm32g0xx_hal_dac.c ****         break;
 559              		.loc 1 657 9
 560 008a 2AE0     		b	.L28
 561              	.L23:
 658:Drivers/STM32G0xx_HAL_Driver/Src/stm32g0xx_hal_dac.c ****     }
 659:Drivers/STM32G0xx_HAL_Driver/Src/stm32g0xx_hal_dac.c ****   }
 660:Drivers/STM32G0xx_HAL_Driver/Src/stm32g0xx_hal_dac.c **** 
 661:Drivers/STM32G0xx_HAL_Driver/Src/stm32g0xx_hal_dac.c ****   else
 662:Drivers/STM32G0xx_HAL_Driver/Src/stm32g0xx_hal_dac.c ****   {
 663:Drivers/STM32G0xx_HAL_Driver/Src/stm32g0xx_hal_dac.c ****     /* Set the DMA transfer complete callback for channel2 */
 664:Drivers/STM32G0xx_HAL_Driver/Src/stm32g0xx_hal_dac.c ****     hdac->DMA_Handle2->XferCpltCallback = DAC_DMAConvCpltCh2;
 562              		.loc 1 664 9
 563 008c FB68     		ldr	r3, [r7, #12]
 564 008e DB68     		ldr	r3, [r3, #12]
 565              		.loc 1 664 41
 566 0090 3E4A     		ldr	r2, .L38+12
 567 0092 DA62     		str	r2, [r3, #44]
 665:Drivers/STM32G0xx_HAL_Driver/Src/stm32g0xx_hal_dac.c **** 
 666:Drivers/STM32G0xx_HAL_Driver/Src/stm32g0xx_hal_dac.c ****     /* Set the DMA half transfer complete callback for channel2 */
 667:Drivers/STM32G0xx_HAL_Driver/Src/stm32g0xx_hal_dac.c ****     hdac->DMA_Handle2->XferHalfCpltCallback = DAC_DMAHalfConvCpltCh2;
 568              		.loc 1 667 9
 569 0094 FB68     		ldr	r3, [r7, #12]
 570 0096 DB68     		ldr	r3, [r3, #12]
 571              		.loc 1 667 45
 572 0098 3D4A     		ldr	r2, .L38+16
 573 009a 1A63     		str	r2, [r3, #48]
 668:Drivers/STM32G0xx_HAL_Driver/Src/stm32g0xx_hal_dac.c **** 
 669:Drivers/STM32G0xx_HAL_Driver/Src/stm32g0xx_hal_dac.c ****     /* Set the DMA error callback for channel2 */
 670:Drivers/STM32G0xx_HAL_Driver/Src/stm32g0xx_hal_dac.c ****     hdac->DMA_Handle2->XferErrorCallback = DAC_DMAErrorCh2;
 574              		.loc 1 670 9
 575 009c FB68     		ldr	r3, [r7, #12]
 576 009e DB68     		ldr	r3, [r3, #12]
 577              		.loc 1 670 42
 578 00a0 3C4A     		ldr	r2, .L38+20
 579 00a2 5A63     		str	r2, [r3, #52]
 671:Drivers/STM32G0xx_HAL_Driver/Src/stm32g0xx_hal_dac.c **** 
 672:Drivers/STM32G0xx_HAL_Driver/Src/stm32g0xx_hal_dac.c ****     /* Enable the selected DAC channel2 DMA request */
 673:Drivers/STM32G0xx_HAL_Driver/Src/stm32g0xx_hal_dac.c ****     SET_BIT(hdac->Instance->CR, DAC_CR_DMAEN2);
 580              		.loc 1 673 5
 581 00a4 FB68     		ldr	r3, [r7, #12]
 582 00a6 1B68     		ldr	r3, [r3]
 583 00a8 1A68     		ldr	r2, [r3]
 584 00aa FB68     		ldr	r3, [r7, #12]
 585 00ac 1B68     		ldr	r3, [r3]
 586 00ae 8021     		movs	r1, #128
 587 00b0 4905     		lsls	r1, r1, #21
 588 00b2 0A43     		orrs	r2, r1
 589 00b4 1A60     		str	r2, [r3]
 674:Drivers/STM32G0xx_HAL_Driver/Src/stm32g0xx_hal_dac.c **** 
 675:Drivers/STM32G0xx_HAL_Driver/Src/stm32g0xx_hal_dac.c ****     /* Case of use of channel 2 */
 676:Drivers/STM32G0xx_HAL_Driver/Src/stm32g0xx_hal_dac.c ****     switch (Alignment)
 590              		.loc 1 676 5
 591 00b6 BB6A     		ldr	r3, [r7, #40]
 592 00b8 002B     		cmp	r3, #0
ARM GAS  C:\Users\a_hae\AppData\Local\Temp\cclBWf4m.s 			page 23


 593 00ba 03D0     		beq	.L29
 594 00bc BB6A     		ldr	r3, [r7, #40]
 595 00be 042B     		cmp	r3, #4
 596 00c0 05D0     		beq	.L30
 597 00c2 09E0     		b	.L37
 598              	.L29:
 677:Drivers/STM32G0xx_HAL_Driver/Src/stm32g0xx_hal_dac.c ****     {
 678:Drivers/STM32G0xx_HAL_Driver/Src/stm32g0xx_hal_dac.c ****       case DAC_ALIGN_12B_R:
 679:Drivers/STM32G0xx_HAL_Driver/Src/stm32g0xx_hal_dac.c ****         /* Get DHR12R2 address */
 680:Drivers/STM32G0xx_HAL_Driver/Src/stm32g0xx_hal_dac.c ****         tmpreg = (uint32_t)&hdac->Instance->DHR12R2;
 599              		.loc 1 680 33
 600 00c4 FB68     		ldr	r3, [r7, #12]
 601 00c6 1B68     		ldr	r3, [r3]
 602              		.loc 1 680 28
 603 00c8 1433     		adds	r3, r3, #20
 604              		.loc 1 680 16
 605 00ca 3B61     		str	r3, [r7, #16]
 681:Drivers/STM32G0xx_HAL_Driver/Src/stm32g0xx_hal_dac.c ****         break;
 606              		.loc 1 681 9
 607 00cc 09E0     		b	.L28
 608              	.L30:
 682:Drivers/STM32G0xx_HAL_Driver/Src/stm32g0xx_hal_dac.c ****       case DAC_ALIGN_12B_L:
 683:Drivers/STM32G0xx_HAL_Driver/Src/stm32g0xx_hal_dac.c ****         /* Get DHR12L2 address */
 684:Drivers/STM32G0xx_HAL_Driver/Src/stm32g0xx_hal_dac.c ****         tmpreg = (uint32_t)&hdac->Instance->DHR12L2;
 609              		.loc 1 684 33
 610 00ce FB68     		ldr	r3, [r7, #12]
 611 00d0 1B68     		ldr	r3, [r3]
 612              		.loc 1 684 28
 613 00d2 1833     		adds	r3, r3, #24
 614              		.loc 1 684 16
 615 00d4 3B61     		str	r3, [r7, #16]
 685:Drivers/STM32G0xx_HAL_Driver/Src/stm32g0xx_hal_dac.c ****         break;
 616              		.loc 1 685 9
 617 00d6 04E0     		b	.L28
 618              	.L37:
 686:Drivers/STM32G0xx_HAL_Driver/Src/stm32g0xx_hal_dac.c ****       default: /* case DAC_ALIGN_8B_R */
 687:Drivers/STM32G0xx_HAL_Driver/Src/stm32g0xx_hal_dac.c ****         /* Get DHR8R2 address */
 688:Drivers/STM32G0xx_HAL_Driver/Src/stm32g0xx_hal_dac.c ****         tmpreg = (uint32_t)&hdac->Instance->DHR8R2;
 619              		.loc 1 688 33
 620 00d8 FB68     		ldr	r3, [r7, #12]
 621 00da 1B68     		ldr	r3, [r3]
 622              		.loc 1 688 28
 623 00dc 1C33     		adds	r3, r3, #28
 624              		.loc 1 688 16
 625 00de 3B61     		str	r3, [r7, #16]
 689:Drivers/STM32G0xx_HAL_Driver/Src/stm32g0xx_hal_dac.c ****         break;
 626              		.loc 1 689 9
 627 00e0 C046     		nop
 628              	.L28:
 690:Drivers/STM32G0xx_HAL_Driver/Src/stm32g0xx_hal_dac.c ****     }
 691:Drivers/STM32G0xx_HAL_Driver/Src/stm32g0xx_hal_dac.c ****   }
 692:Drivers/STM32G0xx_HAL_Driver/Src/stm32g0xx_hal_dac.c **** 
 693:Drivers/STM32G0xx_HAL_Driver/Src/stm32g0xx_hal_dac.c ****   if (Channel == DAC_CHANNEL_1)
 629              		.loc 1 693 6
 630 00e2 BB68     		ldr	r3, [r7, #8]
 631 00e4 002B     		cmp	r3, #0
 632 00e6 14D1     		bne	.L32
ARM GAS  C:\Users\a_hae\AppData\Local\Temp\cclBWf4m.s 			page 24


 694:Drivers/STM32G0xx_HAL_Driver/Src/stm32g0xx_hal_dac.c ****   {
 695:Drivers/STM32G0xx_HAL_Driver/Src/stm32g0xx_hal_dac.c ****     /* Enable the DAC DMA underrun interrupt */
 696:Drivers/STM32G0xx_HAL_Driver/Src/stm32g0xx_hal_dac.c ****     __HAL_DAC_ENABLE_IT(hdac, DAC_IT_DMAUDR1);
 633              		.loc 1 696 5
 634 00e8 FB68     		ldr	r3, [r7, #12]
 635 00ea 1B68     		ldr	r3, [r3]
 636 00ec 1A68     		ldr	r2, [r3]
 637 00ee FB68     		ldr	r3, [r7, #12]
 638 00f0 1B68     		ldr	r3, [r3]
 639 00f2 8021     		movs	r1, #128
 640 00f4 8901     		lsls	r1, r1, #6
 641 00f6 0A43     		orrs	r2, r1
 642 00f8 1A60     		str	r2, [r3]
 697:Drivers/STM32G0xx_HAL_Driver/Src/stm32g0xx_hal_dac.c **** 
 698:Drivers/STM32G0xx_HAL_Driver/Src/stm32g0xx_hal_dac.c ****     /* Enable the DMA channel */
 699:Drivers/STM32G0xx_HAL_Driver/Src/stm32g0xx_hal_dac.c ****     status = HAL_DMA_Start_IT(hdac->DMA_Handle1, (uint32_t)pData, tmpreg, Length);
 643              		.loc 1 699 14
 644 00fa FB68     		ldr	r3, [r7, #12]
 645 00fc 9868     		ldr	r0, [r3, #8]
 646 00fe 7968     		ldr	r1, [r7, #4]
 647 0100 1723     		movs	r3, #23
 648 0102 FC18     		adds	r4, r7, r3
 649 0104 3B68     		ldr	r3, [r7]
 650 0106 3A69     		ldr	r2, [r7, #16]
 651 0108 FFF7FEFF 		bl	HAL_DMA_Start_IT
 652 010c 0300     		movs	r3, r0
 653 010e 2370     		strb	r3, [r4]
 654 0110 13E0     		b	.L33
 655              	.L32:
 700:Drivers/STM32G0xx_HAL_Driver/Src/stm32g0xx_hal_dac.c ****   }
 701:Drivers/STM32G0xx_HAL_Driver/Src/stm32g0xx_hal_dac.c **** 
 702:Drivers/STM32G0xx_HAL_Driver/Src/stm32g0xx_hal_dac.c ****   else
 703:Drivers/STM32G0xx_HAL_Driver/Src/stm32g0xx_hal_dac.c ****   {
 704:Drivers/STM32G0xx_HAL_Driver/Src/stm32g0xx_hal_dac.c ****     /* Enable the DAC DMA underrun interrupt */
 705:Drivers/STM32G0xx_HAL_Driver/Src/stm32g0xx_hal_dac.c ****     __HAL_DAC_ENABLE_IT(hdac, DAC_IT_DMAUDR2);
 656              		.loc 1 705 5
 657 0112 FB68     		ldr	r3, [r7, #12]
 658 0114 1B68     		ldr	r3, [r3]
 659 0116 1A68     		ldr	r2, [r3]
 660 0118 FB68     		ldr	r3, [r7, #12]
 661 011a 1B68     		ldr	r3, [r3]
 662 011c 8021     		movs	r1, #128
 663 011e 8905     		lsls	r1, r1, #22
 664 0120 0A43     		orrs	r2, r1
 665 0122 1A60     		str	r2, [r3]
 706:Drivers/STM32G0xx_HAL_Driver/Src/stm32g0xx_hal_dac.c **** 
 707:Drivers/STM32G0xx_HAL_Driver/Src/stm32g0xx_hal_dac.c ****     /* Enable the DMA channel */
 708:Drivers/STM32G0xx_HAL_Driver/Src/stm32g0xx_hal_dac.c ****     status = HAL_DMA_Start_IT(hdac->DMA_Handle2, (uint32_t)pData, tmpreg, Length);
 666              		.loc 1 708 14
 667 0124 FB68     		ldr	r3, [r7, #12]
 668 0126 D868     		ldr	r0, [r3, #12]
 669 0128 7968     		ldr	r1, [r7, #4]
 670 012a 1723     		movs	r3, #23
 671 012c FC18     		adds	r4, r7, r3
 672 012e 3B68     		ldr	r3, [r7]
 673 0130 3A69     		ldr	r2, [r7, #16]
 674 0132 FFF7FEFF 		bl	HAL_DMA_Start_IT
ARM GAS  C:\Users\a_hae\AppData\Local\Temp\cclBWf4m.s 			page 25


 675 0136 0300     		movs	r3, r0
 676 0138 2370     		strb	r3, [r4]
 677              	.L33:
 709:Drivers/STM32G0xx_HAL_Driver/Src/stm32g0xx_hal_dac.c ****   }
 710:Drivers/STM32G0xx_HAL_Driver/Src/stm32g0xx_hal_dac.c **** 
 711:Drivers/STM32G0xx_HAL_Driver/Src/stm32g0xx_hal_dac.c **** 
 712:Drivers/STM32G0xx_HAL_Driver/Src/stm32g0xx_hal_dac.c ****   /* Process Unlocked */
 713:Drivers/STM32G0xx_HAL_Driver/Src/stm32g0xx_hal_dac.c ****   __HAL_UNLOCK(hdac);
 678              		.loc 1 713 3
 679 013a FB68     		ldr	r3, [r7, #12]
 680 013c 0022     		movs	r2, #0
 681 013e 5A71     		strb	r2, [r3, #5]
 714:Drivers/STM32G0xx_HAL_Driver/Src/stm32g0xx_hal_dac.c **** 
 715:Drivers/STM32G0xx_HAL_Driver/Src/stm32g0xx_hal_dac.c ****   if (status == HAL_OK)
 682              		.loc 1 715 6
 683 0140 1723     		movs	r3, #23
 684 0142 FB18     		adds	r3, r7, r3
 685 0144 1B78     		ldrb	r3, [r3]
 686 0146 002B     		cmp	r3, #0
 687 0148 0CD1     		bne	.L34
 716:Drivers/STM32G0xx_HAL_Driver/Src/stm32g0xx_hal_dac.c ****   {
 717:Drivers/STM32G0xx_HAL_Driver/Src/stm32g0xx_hal_dac.c ****     /* Enable the Peripheral */
 718:Drivers/STM32G0xx_HAL_Driver/Src/stm32g0xx_hal_dac.c ****     __HAL_DAC_ENABLE(hdac, Channel);
 688              		.loc 1 718 5
 689 014a FB68     		ldr	r3, [r7, #12]
 690 014c 1B68     		ldr	r3, [r3]
 691 014e 1968     		ldr	r1, [r3]
 692 0150 BB68     		ldr	r3, [r7, #8]
 693 0152 1022     		movs	r2, #16
 694 0154 1340     		ands	r3, r2
 695 0156 0122     		movs	r2, #1
 696 0158 9A40     		lsls	r2, r2, r3
 697 015a FB68     		ldr	r3, [r7, #12]
 698 015c 1B68     		ldr	r3, [r3]
 699 015e 0A43     		orrs	r2, r1
 700 0160 1A60     		str	r2, [r3]
 701 0162 05E0     		b	.L35
 702              	.L34:
 719:Drivers/STM32G0xx_HAL_Driver/Src/stm32g0xx_hal_dac.c ****   }
 720:Drivers/STM32G0xx_HAL_Driver/Src/stm32g0xx_hal_dac.c ****   else
 721:Drivers/STM32G0xx_HAL_Driver/Src/stm32g0xx_hal_dac.c ****   {
 722:Drivers/STM32G0xx_HAL_Driver/Src/stm32g0xx_hal_dac.c ****     hdac->ErrorCode |= HAL_DAC_ERROR_DMA;
 703              		.loc 1 722 9
 704 0164 FB68     		ldr	r3, [r7, #12]
 705 0166 1B69     		ldr	r3, [r3, #16]
 706              		.loc 1 722 21
 707 0168 0422     		movs	r2, #4
 708 016a 1A43     		orrs	r2, r3
 709 016c FB68     		ldr	r3, [r7, #12]
 710 016e 1A61     		str	r2, [r3, #16]
 711              	.L35:
 723:Drivers/STM32G0xx_HAL_Driver/Src/stm32g0xx_hal_dac.c ****   }
 724:Drivers/STM32G0xx_HAL_Driver/Src/stm32g0xx_hal_dac.c **** 
 725:Drivers/STM32G0xx_HAL_Driver/Src/stm32g0xx_hal_dac.c ****   /* Return function status */
 726:Drivers/STM32G0xx_HAL_Driver/Src/stm32g0xx_hal_dac.c ****   return status;
 712              		.loc 1 726 10
 713 0170 1723     		movs	r3, #23
ARM GAS  C:\Users\a_hae\AppData\Local\Temp\cclBWf4m.s 			page 26


 714 0172 FB18     		adds	r3, r7, r3
 715 0174 1B78     		ldrb	r3, [r3]
 716              	.L21:
 727:Drivers/STM32G0xx_HAL_Driver/Src/stm32g0xx_hal_dac.c **** }
 717              		.loc 1 727 1
 718 0176 1800     		movs	r0, r3
 719 0178 BD46     		mov	sp, r7
 720 017a 07B0     		add	sp, sp, #28
 721              		@ sp needed
 722 017c 90BD     		pop	{r4, r7, pc}
 723              	.L39:
 724 017e C046     		.align	2
 725              	.L38:
 726 0180 00000000 		.word	DAC_DMAConvCpltCh1
 727 0184 00000000 		.word	DAC_DMAHalfConvCpltCh1
 728 0188 00000000 		.word	DAC_DMAErrorCh1
 729 018c 00000000 		.word	DAC_DMAConvCpltCh2
 730 0190 00000000 		.word	DAC_DMAHalfConvCpltCh2
 731 0194 00000000 		.word	DAC_DMAErrorCh2
 732              		.cfi_endproc
 733              	.LFE369:
 735              		.section	.text.HAL_DAC_Stop_DMA,"ax",%progbits
 736              		.align	1
 737              		.global	HAL_DAC_Stop_DMA
 738              		.syntax unified
 739              		.code	16
 740              		.thumb_func
 742              	HAL_DAC_Stop_DMA:
 743              	.LFB370:
 728:Drivers/STM32G0xx_HAL_Driver/Src/stm32g0xx_hal_dac.c **** 
 729:Drivers/STM32G0xx_HAL_Driver/Src/stm32g0xx_hal_dac.c **** /**
 730:Drivers/STM32G0xx_HAL_Driver/Src/stm32g0xx_hal_dac.c ****   * @brief  Disables DAC and stop conversion of channel.
 731:Drivers/STM32G0xx_HAL_Driver/Src/stm32g0xx_hal_dac.c ****   * @param  hdac pointer to a DAC_HandleTypeDef structure that contains
 732:Drivers/STM32G0xx_HAL_Driver/Src/stm32g0xx_hal_dac.c ****   *         the configuration information for the specified DAC.
 733:Drivers/STM32G0xx_HAL_Driver/Src/stm32g0xx_hal_dac.c ****   * @param  Channel The selected DAC channel.
 734:Drivers/STM32G0xx_HAL_Driver/Src/stm32g0xx_hal_dac.c ****   *          This parameter can be one of the following values:
 735:Drivers/STM32G0xx_HAL_Driver/Src/stm32g0xx_hal_dac.c ****   *            @arg DAC_CHANNEL_1: DAC Channel1 selected
 736:Drivers/STM32G0xx_HAL_Driver/Src/stm32g0xx_hal_dac.c ****   *            @arg DAC_CHANNEL_2: DAC Channel2 selected
 737:Drivers/STM32G0xx_HAL_Driver/Src/stm32g0xx_hal_dac.c ****   * @retval HAL status
 738:Drivers/STM32G0xx_HAL_Driver/Src/stm32g0xx_hal_dac.c ****   */
 739:Drivers/STM32G0xx_HAL_Driver/Src/stm32g0xx_hal_dac.c **** HAL_StatusTypeDef HAL_DAC_Stop_DMA(DAC_HandleTypeDef *hdac, uint32_t Channel)
 740:Drivers/STM32G0xx_HAL_Driver/Src/stm32g0xx_hal_dac.c **** {
 744              		.loc 1 740 1
 745              		.cfi_startproc
 746              		@ args = 0, pretend = 0, frame = 8
 747              		@ frame_needed = 1, uses_anonymous_args = 0
 748 0000 80B5     		push	{r7, lr}
 749              	.LCFI21:
 750              		.cfi_def_cfa_offset 8
 751              		.cfi_offset 7, -8
 752              		.cfi_offset 14, -4
 753 0002 82B0     		sub	sp, sp, #8
 754              	.LCFI22:
 755              		.cfi_def_cfa_offset 16
 756 0004 00AF     		add	r7, sp, #0
 757              	.LCFI23:
 758              		.cfi_def_cfa_register 7
ARM GAS  C:\Users\a_hae\AppData\Local\Temp\cclBWf4m.s 			page 27


 759 0006 7860     		str	r0, [r7, #4]
 760 0008 3960     		str	r1, [r7]
 741:Drivers/STM32G0xx_HAL_Driver/Src/stm32g0xx_hal_dac.c ****   /* Check the DAC peripheral handle */
 742:Drivers/STM32G0xx_HAL_Driver/Src/stm32g0xx_hal_dac.c ****   if (hdac == NULL)
 761              		.loc 1 742 6
 762 000a 7B68     		ldr	r3, [r7, #4]
 763 000c 002B     		cmp	r3, #0
 764 000e 01D1     		bne	.L41
 743:Drivers/STM32G0xx_HAL_Driver/Src/stm32g0xx_hal_dac.c ****   {
 744:Drivers/STM32G0xx_HAL_Driver/Src/stm32g0xx_hal_dac.c ****     return HAL_ERROR;
 765              		.loc 1 744 12
 766 0010 0123     		movs	r3, #1
 767 0012 3EE0     		b	.L42
 768              	.L41:
 745:Drivers/STM32G0xx_HAL_Driver/Src/stm32g0xx_hal_dac.c ****   }
 746:Drivers/STM32G0xx_HAL_Driver/Src/stm32g0xx_hal_dac.c **** 
 747:Drivers/STM32G0xx_HAL_Driver/Src/stm32g0xx_hal_dac.c ****   /* Check the parameters */
 748:Drivers/STM32G0xx_HAL_Driver/Src/stm32g0xx_hal_dac.c ****   assert_param(IS_DAC_CHANNEL(Channel));
 749:Drivers/STM32G0xx_HAL_Driver/Src/stm32g0xx_hal_dac.c **** 
 750:Drivers/STM32G0xx_HAL_Driver/Src/stm32g0xx_hal_dac.c ****   /* Disable the selected DAC channel DMA request */
 751:Drivers/STM32G0xx_HAL_Driver/Src/stm32g0xx_hal_dac.c ****   hdac->Instance->CR &= ~(DAC_CR_DMAEN1 << (Channel & 0x10UL));
 769              		.loc 1 751 7
 770 0014 7B68     		ldr	r3, [r7, #4]
 771 0016 1B68     		ldr	r3, [r3]
 772              		.loc 1 751 17
 773 0018 1A68     		ldr	r2, [r3]
 774              		.loc 1 751 53
 775 001a 3B68     		ldr	r3, [r7]
 776 001c 1021     		movs	r1, #16
 777 001e 0B40     		ands	r3, r1
 778              		.loc 1 751 41
 779 0020 8021     		movs	r1, #128
 780 0022 4901     		lsls	r1, r1, #5
 781 0024 9940     		lsls	r1, r1, r3
 782 0026 0B00     		movs	r3, r1
 783              		.loc 1 751 25
 784 0028 D943     		mvns	r1, r3
 785              		.loc 1 751 7
 786 002a 7B68     		ldr	r3, [r7, #4]
 787 002c 1B68     		ldr	r3, [r3]
 788              		.loc 1 751 22
 789 002e 0A40     		ands	r2, r1
 790 0030 1A60     		str	r2, [r3]
 752:Drivers/STM32G0xx_HAL_Driver/Src/stm32g0xx_hal_dac.c **** 
 753:Drivers/STM32G0xx_HAL_Driver/Src/stm32g0xx_hal_dac.c ****   /* Disable the Peripheral */
 754:Drivers/STM32G0xx_HAL_Driver/Src/stm32g0xx_hal_dac.c ****   __HAL_DAC_DISABLE(hdac, Channel);
 791              		.loc 1 754 3
 792 0032 7B68     		ldr	r3, [r7, #4]
 793 0034 1B68     		ldr	r3, [r3]
 794 0036 1A68     		ldr	r2, [r3]
 795 0038 3B68     		ldr	r3, [r7]
 796 003a 1021     		movs	r1, #16
 797 003c 0B40     		ands	r3, r1
 798 003e 0121     		movs	r1, #1
 799 0040 9940     		lsls	r1, r1, r3
 800 0042 0B00     		movs	r3, r1
 801 0044 D943     		mvns	r1, r3
ARM GAS  C:\Users\a_hae\AppData\Local\Temp\cclBWf4m.s 			page 28


 802 0046 7B68     		ldr	r3, [r7, #4]
 803 0048 1B68     		ldr	r3, [r3]
 804 004a 0A40     		ands	r2, r1
 805 004c 1A60     		str	r2, [r3]
 755:Drivers/STM32G0xx_HAL_Driver/Src/stm32g0xx_hal_dac.c **** 
 756:Drivers/STM32G0xx_HAL_Driver/Src/stm32g0xx_hal_dac.c ****   /* Disable the DMA channel */
 757:Drivers/STM32G0xx_HAL_Driver/Src/stm32g0xx_hal_dac.c **** 
 758:Drivers/STM32G0xx_HAL_Driver/Src/stm32g0xx_hal_dac.c ****   /* Channel1 is used */
 759:Drivers/STM32G0xx_HAL_Driver/Src/stm32g0xx_hal_dac.c ****   if (Channel == DAC_CHANNEL_1)
 806              		.loc 1 759 6
 807 004e 3B68     		ldr	r3, [r7]
 808 0050 002B     		cmp	r3, #0
 809 0052 0DD1     		bne	.L43
 760:Drivers/STM32G0xx_HAL_Driver/Src/stm32g0xx_hal_dac.c ****   {
 761:Drivers/STM32G0xx_HAL_Driver/Src/stm32g0xx_hal_dac.c ****     /* Disable the DMA channel */
 762:Drivers/STM32G0xx_HAL_Driver/Src/stm32g0xx_hal_dac.c ****     (void)HAL_DMA_Abort(hdac->DMA_Handle1);
 810              		.loc 1 762 11
 811 0054 7B68     		ldr	r3, [r7, #4]
 812 0056 9B68     		ldr	r3, [r3, #8]
 813 0058 1800     		movs	r0, r3
 814 005a FFF7FEFF 		bl	HAL_DMA_Abort
 763:Drivers/STM32G0xx_HAL_Driver/Src/stm32g0xx_hal_dac.c **** 
 764:Drivers/STM32G0xx_HAL_Driver/Src/stm32g0xx_hal_dac.c ****     /* Disable the DAC DMA underrun interrupt */
 765:Drivers/STM32G0xx_HAL_Driver/Src/stm32g0xx_hal_dac.c ****     __HAL_DAC_DISABLE_IT(hdac, DAC_IT_DMAUDR1);
 815              		.loc 1 765 5
 816 005e 7B68     		ldr	r3, [r7, #4]
 817 0060 1B68     		ldr	r3, [r3]
 818 0062 1A68     		ldr	r2, [r3]
 819 0064 7B68     		ldr	r3, [r7, #4]
 820 0066 1B68     		ldr	r3, [r3]
 821 0068 0C49     		ldr	r1, .L45
 822 006a 0A40     		ands	r2, r1
 823 006c 1A60     		str	r2, [r3]
 824 006e 0CE0     		b	.L44
 825              	.L43:
 766:Drivers/STM32G0xx_HAL_Driver/Src/stm32g0xx_hal_dac.c ****   }
 767:Drivers/STM32G0xx_HAL_Driver/Src/stm32g0xx_hal_dac.c **** 
 768:Drivers/STM32G0xx_HAL_Driver/Src/stm32g0xx_hal_dac.c ****   else /* Channel2 is used for */
 769:Drivers/STM32G0xx_HAL_Driver/Src/stm32g0xx_hal_dac.c ****   {
 770:Drivers/STM32G0xx_HAL_Driver/Src/stm32g0xx_hal_dac.c ****     /* Disable the DMA channel */
 771:Drivers/STM32G0xx_HAL_Driver/Src/stm32g0xx_hal_dac.c ****     (void)HAL_DMA_Abort(hdac->DMA_Handle2);
 826              		.loc 1 771 11
 827 0070 7B68     		ldr	r3, [r7, #4]
 828 0072 DB68     		ldr	r3, [r3, #12]
 829 0074 1800     		movs	r0, r3
 830 0076 FFF7FEFF 		bl	HAL_DMA_Abort
 772:Drivers/STM32G0xx_HAL_Driver/Src/stm32g0xx_hal_dac.c **** 
 773:Drivers/STM32G0xx_HAL_Driver/Src/stm32g0xx_hal_dac.c ****     /* Disable the DAC DMA underrun interrupt */
 774:Drivers/STM32G0xx_HAL_Driver/Src/stm32g0xx_hal_dac.c ****     __HAL_DAC_DISABLE_IT(hdac, DAC_IT_DMAUDR2);
 831              		.loc 1 774 5
 832 007a 7B68     		ldr	r3, [r7, #4]
 833 007c 1B68     		ldr	r3, [r3]
 834 007e 1A68     		ldr	r2, [r3]
 835 0080 7B68     		ldr	r3, [r7, #4]
 836 0082 1B68     		ldr	r3, [r3]
 837 0084 0649     		ldr	r1, .L45+4
 838 0086 0A40     		ands	r2, r1
ARM GAS  C:\Users\a_hae\AppData\Local\Temp\cclBWf4m.s 			page 29


 839 0088 1A60     		str	r2, [r3]
 840              	.L44:
 775:Drivers/STM32G0xx_HAL_Driver/Src/stm32g0xx_hal_dac.c ****   }
 776:Drivers/STM32G0xx_HAL_Driver/Src/stm32g0xx_hal_dac.c **** 
 777:Drivers/STM32G0xx_HAL_Driver/Src/stm32g0xx_hal_dac.c **** 
 778:Drivers/STM32G0xx_HAL_Driver/Src/stm32g0xx_hal_dac.c ****   /* Change DAC state */
 779:Drivers/STM32G0xx_HAL_Driver/Src/stm32g0xx_hal_dac.c ****   hdac->State = HAL_DAC_STATE_READY;
 841              		.loc 1 779 15
 842 008a 7B68     		ldr	r3, [r7, #4]
 843 008c 0122     		movs	r2, #1
 844 008e 1A71     		strb	r2, [r3, #4]
 780:Drivers/STM32G0xx_HAL_Driver/Src/stm32g0xx_hal_dac.c **** 
 781:Drivers/STM32G0xx_HAL_Driver/Src/stm32g0xx_hal_dac.c ****   /* Return function status */
 782:Drivers/STM32G0xx_HAL_Driver/Src/stm32g0xx_hal_dac.c ****   return HAL_OK;
 845              		.loc 1 782 10
 846 0090 0023     		movs	r3, #0
 847              	.L42:
 783:Drivers/STM32G0xx_HAL_Driver/Src/stm32g0xx_hal_dac.c **** }
 848              		.loc 1 783 1
 849 0092 1800     		movs	r0, r3
 850 0094 BD46     		mov	sp, r7
 851 0096 02B0     		add	sp, sp, #8
 852              		@ sp needed
 853 0098 80BD     		pop	{r7, pc}
 854              	.L46:
 855 009a C046     		.align	2
 856              	.L45:
 857 009c FFDFFFFF 		.word	-8193
 858 00a0 FFFFFFDF 		.word	-536870913
 859              		.cfi_endproc
 860              	.LFE370:
 862              		.section	.text.HAL_DAC_IRQHandler,"ax",%progbits
 863              		.align	1
 864              		.global	HAL_DAC_IRQHandler
 865              		.syntax unified
 866              		.code	16
 867              		.thumb_func
 869              	HAL_DAC_IRQHandler:
 870              	.LFB371:
 784:Drivers/STM32G0xx_HAL_Driver/Src/stm32g0xx_hal_dac.c **** 
 785:Drivers/STM32G0xx_HAL_Driver/Src/stm32g0xx_hal_dac.c **** /**
 786:Drivers/STM32G0xx_HAL_Driver/Src/stm32g0xx_hal_dac.c ****   * @brief  Handles DAC interrupt request
 787:Drivers/STM32G0xx_HAL_Driver/Src/stm32g0xx_hal_dac.c ****   *         This function uses the interruption of DMA
 788:Drivers/STM32G0xx_HAL_Driver/Src/stm32g0xx_hal_dac.c ****   *         underrun.
 789:Drivers/STM32G0xx_HAL_Driver/Src/stm32g0xx_hal_dac.c ****   * @param  hdac pointer to a DAC_HandleTypeDef structure that contains
 790:Drivers/STM32G0xx_HAL_Driver/Src/stm32g0xx_hal_dac.c ****   *         the configuration information for the specified DAC.
 791:Drivers/STM32G0xx_HAL_Driver/Src/stm32g0xx_hal_dac.c ****   * @retval None
 792:Drivers/STM32G0xx_HAL_Driver/Src/stm32g0xx_hal_dac.c ****   */
 793:Drivers/STM32G0xx_HAL_Driver/Src/stm32g0xx_hal_dac.c **** void HAL_DAC_IRQHandler(DAC_HandleTypeDef *hdac)
 794:Drivers/STM32G0xx_HAL_Driver/Src/stm32g0xx_hal_dac.c **** {
 871              		.loc 1 794 1
 872              		.cfi_startproc
 873              		@ args = 0, pretend = 0, frame = 16
 874              		@ frame_needed = 1, uses_anonymous_args = 0
 875 0000 80B5     		push	{r7, lr}
 876              	.LCFI24:
 877              		.cfi_def_cfa_offset 8
ARM GAS  C:\Users\a_hae\AppData\Local\Temp\cclBWf4m.s 			page 30


 878              		.cfi_offset 7, -8
 879              		.cfi_offset 14, -4
 880 0002 84B0     		sub	sp, sp, #16
 881              	.LCFI25:
 882              		.cfi_def_cfa_offset 24
 883 0004 00AF     		add	r7, sp, #0
 884              	.LCFI26:
 885              		.cfi_def_cfa_register 7
 886 0006 7860     		str	r0, [r7, #4]
 795:Drivers/STM32G0xx_HAL_Driver/Src/stm32g0xx_hal_dac.c ****   uint32_t itsource = hdac->Instance->CR;
 887              		.loc 1 795 27
 888 0008 7B68     		ldr	r3, [r7, #4]
 889 000a 1B68     		ldr	r3, [r3]
 890              		.loc 1 795 12
 891 000c 1B68     		ldr	r3, [r3]
 892 000e FB60     		str	r3, [r7, #12]
 796:Drivers/STM32G0xx_HAL_Driver/Src/stm32g0xx_hal_dac.c ****   uint32_t itflag   = hdac->Instance->SR;
 893              		.loc 1 796 27
 894 0010 7B68     		ldr	r3, [r7, #4]
 895 0012 1B68     		ldr	r3, [r3]
 896              		.loc 1 796 12
 897 0014 5B6B     		ldr	r3, [r3, #52]
 898 0016 BB60     		str	r3, [r7, #8]
 797:Drivers/STM32G0xx_HAL_Driver/Src/stm32g0xx_hal_dac.c **** 
 798:Drivers/STM32G0xx_HAL_Driver/Src/stm32g0xx_hal_dac.c ****   if ((itsource & DAC_IT_DMAUDR1) == DAC_IT_DMAUDR1)
 899              		.loc 1 798 17
 900 0018 FA68     		ldr	r2, [r7, #12]
 901 001a 8023     		movs	r3, #128
 902 001c 9B01     		lsls	r3, r3, #6
 903 001e 1340     		ands	r3, r2
 904              		.loc 1 798 6
 905 0020 1ED0     		beq	.L48
 799:Drivers/STM32G0xx_HAL_Driver/Src/stm32g0xx_hal_dac.c ****   {
 800:Drivers/STM32G0xx_HAL_Driver/Src/stm32g0xx_hal_dac.c ****     /* Check underrun flag of DAC channel 1 */
 801:Drivers/STM32G0xx_HAL_Driver/Src/stm32g0xx_hal_dac.c ****     if ((itflag & DAC_FLAG_DMAUDR1) == DAC_FLAG_DMAUDR1)
 906              		.loc 1 801 17
 907 0022 BA68     		ldr	r2, [r7, #8]
 908 0024 8023     		movs	r3, #128
 909 0026 9B01     		lsls	r3, r3, #6
 910 0028 1340     		ands	r3, r2
 911              		.loc 1 801 8
 912 002a 19D0     		beq	.L48
 802:Drivers/STM32G0xx_HAL_Driver/Src/stm32g0xx_hal_dac.c ****     {
 803:Drivers/STM32G0xx_HAL_Driver/Src/stm32g0xx_hal_dac.c ****       /* Change DAC state to error state */
 804:Drivers/STM32G0xx_HAL_Driver/Src/stm32g0xx_hal_dac.c ****       hdac->State = HAL_DAC_STATE_ERROR;
 913              		.loc 1 804 19
 914 002c 7B68     		ldr	r3, [r7, #4]
 915 002e 0422     		movs	r2, #4
 916 0030 1A71     		strb	r2, [r3, #4]
 805:Drivers/STM32G0xx_HAL_Driver/Src/stm32g0xx_hal_dac.c **** 
 806:Drivers/STM32G0xx_HAL_Driver/Src/stm32g0xx_hal_dac.c ****       /* Set DAC error code to channel1 DMA underrun error */
 807:Drivers/STM32G0xx_HAL_Driver/Src/stm32g0xx_hal_dac.c ****       SET_BIT(hdac->ErrorCode, HAL_DAC_ERROR_DMAUNDERRUNCH1);
 917              		.loc 1 807 7
 918 0032 7B68     		ldr	r3, [r7, #4]
 919 0034 1B69     		ldr	r3, [r3, #16]
 920 0036 0122     		movs	r2, #1
 921 0038 1A43     		orrs	r2, r3
ARM GAS  C:\Users\a_hae\AppData\Local\Temp\cclBWf4m.s 			page 31


 922 003a 7B68     		ldr	r3, [r7, #4]
 923 003c 1A61     		str	r2, [r3, #16]
 808:Drivers/STM32G0xx_HAL_Driver/Src/stm32g0xx_hal_dac.c **** 
 809:Drivers/STM32G0xx_HAL_Driver/Src/stm32g0xx_hal_dac.c ****       /* Clear the underrun flag */
 810:Drivers/STM32G0xx_HAL_Driver/Src/stm32g0xx_hal_dac.c ****       __HAL_DAC_CLEAR_FLAG(hdac, DAC_FLAG_DMAUDR1);
 924              		.loc 1 810 7
 925 003e 7B68     		ldr	r3, [r7, #4]
 926 0040 1B68     		ldr	r3, [r3]
 927 0042 8022     		movs	r2, #128
 928 0044 9201     		lsls	r2, r2, #6
 929 0046 5A63     		str	r2, [r3, #52]
 811:Drivers/STM32G0xx_HAL_Driver/Src/stm32g0xx_hal_dac.c **** 
 812:Drivers/STM32G0xx_HAL_Driver/Src/stm32g0xx_hal_dac.c ****       /* Disable the selected DAC channel1 DMA request */
 813:Drivers/STM32G0xx_HAL_Driver/Src/stm32g0xx_hal_dac.c ****       __HAL_DAC_DISABLE_IT(hdac, DAC_CR_DMAEN1);
 930              		.loc 1 813 7
 931 0048 7B68     		ldr	r3, [r7, #4]
 932 004a 1B68     		ldr	r3, [r3]
 933 004c 1A68     		ldr	r2, [r3]
 934 004e 7B68     		ldr	r3, [r7, #4]
 935 0050 1B68     		ldr	r3, [r3]
 936 0052 1749     		ldr	r1, .L51
 937 0054 0A40     		ands	r2, r1
 938 0056 1A60     		str	r2, [r3]
 814:Drivers/STM32G0xx_HAL_Driver/Src/stm32g0xx_hal_dac.c **** 
 815:Drivers/STM32G0xx_HAL_Driver/Src/stm32g0xx_hal_dac.c ****       /* Error callback */
 816:Drivers/STM32G0xx_HAL_Driver/Src/stm32g0xx_hal_dac.c **** #if (USE_HAL_DAC_REGISTER_CALLBACKS == 1)
 817:Drivers/STM32G0xx_HAL_Driver/Src/stm32g0xx_hal_dac.c ****       hdac->DMAUnderrunCallbackCh1(hdac);
 818:Drivers/STM32G0xx_HAL_Driver/Src/stm32g0xx_hal_dac.c **** #else
 819:Drivers/STM32G0xx_HAL_Driver/Src/stm32g0xx_hal_dac.c ****       HAL_DAC_DMAUnderrunCallbackCh1(hdac);
 939              		.loc 1 819 7
 940 0058 7B68     		ldr	r3, [r7, #4]
 941 005a 1800     		movs	r0, r3
 942 005c FFF7FEFF 		bl	HAL_DAC_DMAUnderrunCallbackCh1
 943              	.L48:
 820:Drivers/STM32G0xx_HAL_Driver/Src/stm32g0xx_hal_dac.c **** #endif /* USE_HAL_DAC_REGISTER_CALLBACKS */
 821:Drivers/STM32G0xx_HAL_Driver/Src/stm32g0xx_hal_dac.c ****     }
 822:Drivers/STM32G0xx_HAL_Driver/Src/stm32g0xx_hal_dac.c ****   }
 823:Drivers/STM32G0xx_HAL_Driver/Src/stm32g0xx_hal_dac.c **** 
 824:Drivers/STM32G0xx_HAL_Driver/Src/stm32g0xx_hal_dac.c **** 
 825:Drivers/STM32G0xx_HAL_Driver/Src/stm32g0xx_hal_dac.c ****   if ((itsource & DAC_IT_DMAUDR2) == DAC_IT_DMAUDR2)
 944              		.loc 1 825 17
 945 0060 FA68     		ldr	r2, [r7, #12]
 946 0062 8023     		movs	r3, #128
 947 0064 9B05     		lsls	r3, r3, #22
 948 0066 1340     		ands	r3, r2
 949              		.loc 1 825 6
 950 0068 1ED0     		beq	.L50
 826:Drivers/STM32G0xx_HAL_Driver/Src/stm32g0xx_hal_dac.c ****   {
 827:Drivers/STM32G0xx_HAL_Driver/Src/stm32g0xx_hal_dac.c ****     /* Check underrun flag of DAC channel 2 */
 828:Drivers/STM32G0xx_HAL_Driver/Src/stm32g0xx_hal_dac.c ****     if ((itflag & DAC_FLAG_DMAUDR2) == DAC_FLAG_DMAUDR2)
 951              		.loc 1 828 17
 952 006a BA68     		ldr	r2, [r7, #8]
 953 006c 8023     		movs	r3, #128
 954 006e 9B05     		lsls	r3, r3, #22
 955 0070 1340     		ands	r3, r2
 956              		.loc 1 828 8
 957 0072 19D0     		beq	.L50
ARM GAS  C:\Users\a_hae\AppData\Local\Temp\cclBWf4m.s 			page 32


 829:Drivers/STM32G0xx_HAL_Driver/Src/stm32g0xx_hal_dac.c ****     {
 830:Drivers/STM32G0xx_HAL_Driver/Src/stm32g0xx_hal_dac.c ****       /* Change DAC state to error state */
 831:Drivers/STM32G0xx_HAL_Driver/Src/stm32g0xx_hal_dac.c ****       hdac->State = HAL_DAC_STATE_ERROR;
 958              		.loc 1 831 19
 959 0074 7B68     		ldr	r3, [r7, #4]
 960 0076 0422     		movs	r2, #4
 961 0078 1A71     		strb	r2, [r3, #4]
 832:Drivers/STM32G0xx_HAL_Driver/Src/stm32g0xx_hal_dac.c **** 
 833:Drivers/STM32G0xx_HAL_Driver/Src/stm32g0xx_hal_dac.c ****       /* Set DAC error code to channel2 DMA underrun error */
 834:Drivers/STM32G0xx_HAL_Driver/Src/stm32g0xx_hal_dac.c ****       SET_BIT(hdac->ErrorCode, HAL_DAC_ERROR_DMAUNDERRUNCH2);
 962              		.loc 1 834 7
 963 007a 7B68     		ldr	r3, [r7, #4]
 964 007c 1B69     		ldr	r3, [r3, #16]
 965 007e 0222     		movs	r2, #2
 966 0080 1A43     		orrs	r2, r3
 967 0082 7B68     		ldr	r3, [r7, #4]
 968 0084 1A61     		str	r2, [r3, #16]
 835:Drivers/STM32G0xx_HAL_Driver/Src/stm32g0xx_hal_dac.c **** 
 836:Drivers/STM32G0xx_HAL_Driver/Src/stm32g0xx_hal_dac.c ****       /* Clear the underrun flag */
 837:Drivers/STM32G0xx_HAL_Driver/Src/stm32g0xx_hal_dac.c ****       __HAL_DAC_CLEAR_FLAG(hdac, DAC_FLAG_DMAUDR2);
 969              		.loc 1 837 7
 970 0086 7B68     		ldr	r3, [r7, #4]
 971 0088 1B68     		ldr	r3, [r3]
 972 008a 8022     		movs	r2, #128
 973 008c 9205     		lsls	r2, r2, #22
 974 008e 5A63     		str	r2, [r3, #52]
 838:Drivers/STM32G0xx_HAL_Driver/Src/stm32g0xx_hal_dac.c **** 
 839:Drivers/STM32G0xx_HAL_Driver/Src/stm32g0xx_hal_dac.c ****       /* Disable the selected DAC channel2 DMA request */
 840:Drivers/STM32G0xx_HAL_Driver/Src/stm32g0xx_hal_dac.c ****       __HAL_DAC_DISABLE_IT(hdac, DAC_CR_DMAEN2);
 975              		.loc 1 840 7
 976 0090 7B68     		ldr	r3, [r7, #4]
 977 0092 1B68     		ldr	r3, [r3]
 978 0094 1A68     		ldr	r2, [r3]
 979 0096 7B68     		ldr	r3, [r7, #4]
 980 0098 1B68     		ldr	r3, [r3]
 981 009a 0649     		ldr	r1, .L51+4
 982 009c 0A40     		ands	r2, r1
 983 009e 1A60     		str	r2, [r3]
 841:Drivers/STM32G0xx_HAL_Driver/Src/stm32g0xx_hal_dac.c **** 
 842:Drivers/STM32G0xx_HAL_Driver/Src/stm32g0xx_hal_dac.c ****       /* Error callback */
 843:Drivers/STM32G0xx_HAL_Driver/Src/stm32g0xx_hal_dac.c **** #if (USE_HAL_DAC_REGISTER_CALLBACKS == 1)
 844:Drivers/STM32G0xx_HAL_Driver/Src/stm32g0xx_hal_dac.c ****       hdac->DMAUnderrunCallbackCh2(hdac);
 845:Drivers/STM32G0xx_HAL_Driver/Src/stm32g0xx_hal_dac.c **** #else
 846:Drivers/STM32G0xx_HAL_Driver/Src/stm32g0xx_hal_dac.c ****       HAL_DACEx_DMAUnderrunCallbackCh2(hdac);
 984              		.loc 1 846 7
 985 00a0 7B68     		ldr	r3, [r7, #4]
 986 00a2 1800     		movs	r0, r3
 987 00a4 FFF7FEFF 		bl	HAL_DACEx_DMAUnderrunCallbackCh2
 988              	.L50:
 847:Drivers/STM32G0xx_HAL_Driver/Src/stm32g0xx_hal_dac.c **** #endif /* USE_HAL_DAC_REGISTER_CALLBACKS */
 848:Drivers/STM32G0xx_HAL_Driver/Src/stm32g0xx_hal_dac.c ****     }
 849:Drivers/STM32G0xx_HAL_Driver/Src/stm32g0xx_hal_dac.c ****   }
 850:Drivers/STM32G0xx_HAL_Driver/Src/stm32g0xx_hal_dac.c **** 
 851:Drivers/STM32G0xx_HAL_Driver/Src/stm32g0xx_hal_dac.c **** }
 989              		.loc 1 851 1
 990 00a8 C046     		nop
 991 00aa BD46     		mov	sp, r7
ARM GAS  C:\Users\a_hae\AppData\Local\Temp\cclBWf4m.s 			page 33


 992 00ac 04B0     		add	sp, sp, #16
 993              		@ sp needed
 994 00ae 80BD     		pop	{r7, pc}
 995              	.L52:
 996              		.align	2
 997              	.L51:
 998 00b0 FFEFFFFF 		.word	-4097
 999 00b4 FFFFFFEF 		.word	-268435457
 1000              		.cfi_endproc
 1001              	.LFE371:
 1003              		.section	.text.HAL_DAC_SetValue,"ax",%progbits
 1004              		.align	1
 1005              		.global	HAL_DAC_SetValue
 1006              		.syntax unified
 1007              		.code	16
 1008              		.thumb_func
 1010              	HAL_DAC_SetValue:
 1011              	.LFB372:
 852:Drivers/STM32G0xx_HAL_Driver/Src/stm32g0xx_hal_dac.c **** 
 853:Drivers/STM32G0xx_HAL_Driver/Src/stm32g0xx_hal_dac.c **** /**
 854:Drivers/STM32G0xx_HAL_Driver/Src/stm32g0xx_hal_dac.c ****   * @brief  Set the specified data holding register value for DAC channel.
 855:Drivers/STM32G0xx_HAL_Driver/Src/stm32g0xx_hal_dac.c ****   * @param  hdac pointer to a DAC_HandleTypeDef structure that contains
 856:Drivers/STM32G0xx_HAL_Driver/Src/stm32g0xx_hal_dac.c ****   *         the configuration information for the specified DAC.
 857:Drivers/STM32G0xx_HAL_Driver/Src/stm32g0xx_hal_dac.c ****   * @param  Channel The selected DAC channel.
 858:Drivers/STM32G0xx_HAL_Driver/Src/stm32g0xx_hal_dac.c ****   *          This parameter can be one of the following values:
 859:Drivers/STM32G0xx_HAL_Driver/Src/stm32g0xx_hal_dac.c ****   *            @arg DAC_CHANNEL_1: DAC Channel1 selected
 860:Drivers/STM32G0xx_HAL_Driver/Src/stm32g0xx_hal_dac.c ****   *            @arg DAC_CHANNEL_2: DAC Channel2 selected
 861:Drivers/STM32G0xx_HAL_Driver/Src/stm32g0xx_hal_dac.c ****   * @param  Alignment Specifies the data alignment.
 862:Drivers/STM32G0xx_HAL_Driver/Src/stm32g0xx_hal_dac.c ****   *          This parameter can be one of the following values:
 863:Drivers/STM32G0xx_HAL_Driver/Src/stm32g0xx_hal_dac.c ****   *            @arg DAC_ALIGN_8B_R: 8bit right data alignment selected
 864:Drivers/STM32G0xx_HAL_Driver/Src/stm32g0xx_hal_dac.c ****   *            @arg DAC_ALIGN_12B_L: 12bit left data alignment selected
 865:Drivers/STM32G0xx_HAL_Driver/Src/stm32g0xx_hal_dac.c ****   *            @arg DAC_ALIGN_12B_R: 12bit right data alignment selected
 866:Drivers/STM32G0xx_HAL_Driver/Src/stm32g0xx_hal_dac.c ****   * @param  Data Data to be loaded in the selected data holding register.
 867:Drivers/STM32G0xx_HAL_Driver/Src/stm32g0xx_hal_dac.c ****   * @retval HAL status
 868:Drivers/STM32G0xx_HAL_Driver/Src/stm32g0xx_hal_dac.c ****   */
 869:Drivers/STM32G0xx_HAL_Driver/Src/stm32g0xx_hal_dac.c **** HAL_StatusTypeDef HAL_DAC_SetValue(DAC_HandleTypeDef *hdac, uint32_t Channel, uint32_t Alignment, u
 870:Drivers/STM32G0xx_HAL_Driver/Src/stm32g0xx_hal_dac.c **** {
 1012              		.loc 1 870 1
 1013              		.cfi_startproc
 1014              		@ args = 0, pretend = 0, frame = 24
 1015              		@ frame_needed = 1, uses_anonymous_args = 0
 1016 0000 80B5     		push	{r7, lr}
 1017              	.LCFI27:
 1018              		.cfi_def_cfa_offset 8
 1019              		.cfi_offset 7, -8
 1020              		.cfi_offset 14, -4
 1021 0002 86B0     		sub	sp, sp, #24
 1022              	.LCFI28:
 1023              		.cfi_def_cfa_offset 32
 1024 0004 00AF     		add	r7, sp, #0
 1025              	.LCFI29:
 1026              		.cfi_def_cfa_register 7
 1027 0006 F860     		str	r0, [r7, #12]
 1028 0008 B960     		str	r1, [r7, #8]
 1029 000a 7A60     		str	r2, [r7, #4]
 1030 000c 3B60     		str	r3, [r7]
 871:Drivers/STM32G0xx_HAL_Driver/Src/stm32g0xx_hal_dac.c ****   __IO uint32_t tmp = 0UL;
ARM GAS  C:\Users\a_hae\AppData\Local\Temp\cclBWf4m.s 			page 34


 1031              		.loc 1 871 17
 1032 000e 0023     		movs	r3, #0
 1033 0010 7B61     		str	r3, [r7, #20]
 872:Drivers/STM32G0xx_HAL_Driver/Src/stm32g0xx_hal_dac.c **** 
 873:Drivers/STM32G0xx_HAL_Driver/Src/stm32g0xx_hal_dac.c ****   /* Check the DAC peripheral handle */
 874:Drivers/STM32G0xx_HAL_Driver/Src/stm32g0xx_hal_dac.c ****   if (hdac == NULL)
 1034              		.loc 1 874 6
 1035 0012 FB68     		ldr	r3, [r7, #12]
 1036 0014 002B     		cmp	r3, #0
 1037 0016 01D1     		bne	.L54
 875:Drivers/STM32G0xx_HAL_Driver/Src/stm32g0xx_hal_dac.c ****   {
 876:Drivers/STM32G0xx_HAL_Driver/Src/stm32g0xx_hal_dac.c ****     return HAL_ERROR;
 1038              		.loc 1 876 12
 1039 0018 0123     		movs	r3, #1
 1040 001a 14E0     		b	.L55
 1041              	.L54:
 877:Drivers/STM32G0xx_HAL_Driver/Src/stm32g0xx_hal_dac.c ****   }
 878:Drivers/STM32G0xx_HAL_Driver/Src/stm32g0xx_hal_dac.c **** 
 879:Drivers/STM32G0xx_HAL_Driver/Src/stm32g0xx_hal_dac.c ****   /* Check the parameters */
 880:Drivers/STM32G0xx_HAL_Driver/Src/stm32g0xx_hal_dac.c ****   assert_param(IS_DAC_CHANNEL(Channel));
 881:Drivers/STM32G0xx_HAL_Driver/Src/stm32g0xx_hal_dac.c ****   assert_param(IS_DAC_ALIGN(Alignment));
 882:Drivers/STM32G0xx_HAL_Driver/Src/stm32g0xx_hal_dac.c ****   assert_param(IS_DAC_DATA(Data));
 883:Drivers/STM32G0xx_HAL_Driver/Src/stm32g0xx_hal_dac.c **** 
 884:Drivers/STM32G0xx_HAL_Driver/Src/stm32g0xx_hal_dac.c ****   tmp = (uint32_t)hdac->Instance;
 1042              		.loc 1 884 23
 1043 001c FB68     		ldr	r3, [r7, #12]
 1044 001e 1B68     		ldr	r3, [r3]
 1045              		.loc 1 884 7
 1046 0020 7B61     		str	r3, [r7, #20]
 885:Drivers/STM32G0xx_HAL_Driver/Src/stm32g0xx_hal_dac.c ****   if (Channel == DAC_CHANNEL_1)
 1047              		.loc 1 885 6
 1048 0022 BB68     		ldr	r3, [r7, #8]
 1049 0024 002B     		cmp	r3, #0
 1050 0026 05D1     		bne	.L56
 886:Drivers/STM32G0xx_HAL_Driver/Src/stm32g0xx_hal_dac.c ****   {
 887:Drivers/STM32G0xx_HAL_Driver/Src/stm32g0xx_hal_dac.c ****     tmp += DAC_DHR12R1_ALIGNMENT(Alignment);
 1051              		.loc 1 887 9
 1052 0028 7A69     		ldr	r2, [r7, #20]
 1053 002a 7B68     		ldr	r3, [r7, #4]
 1054 002c D318     		adds	r3, r2, r3
 1055 002e 0833     		adds	r3, r3, #8
 1056 0030 7B61     		str	r3, [r7, #20]
 1057 0032 04E0     		b	.L57
 1058              	.L56:
 888:Drivers/STM32G0xx_HAL_Driver/Src/stm32g0xx_hal_dac.c ****   }
 889:Drivers/STM32G0xx_HAL_Driver/Src/stm32g0xx_hal_dac.c **** 
 890:Drivers/STM32G0xx_HAL_Driver/Src/stm32g0xx_hal_dac.c ****   else
 891:Drivers/STM32G0xx_HAL_Driver/Src/stm32g0xx_hal_dac.c ****   {
 892:Drivers/STM32G0xx_HAL_Driver/Src/stm32g0xx_hal_dac.c ****     tmp += DAC_DHR12R2_ALIGNMENT(Alignment);
 1059              		.loc 1 892 9
 1060 0034 7A69     		ldr	r2, [r7, #20]
 1061 0036 7B68     		ldr	r3, [r7, #4]
 1062 0038 D318     		adds	r3, r2, r3
 1063 003a 1433     		adds	r3, r3, #20
 1064 003c 7B61     		str	r3, [r7, #20]
 1065              	.L57:
 893:Drivers/STM32G0xx_HAL_Driver/Src/stm32g0xx_hal_dac.c ****   }
ARM GAS  C:\Users\a_hae\AppData\Local\Temp\cclBWf4m.s 			page 35


 894:Drivers/STM32G0xx_HAL_Driver/Src/stm32g0xx_hal_dac.c **** 
 895:Drivers/STM32G0xx_HAL_Driver/Src/stm32g0xx_hal_dac.c **** 
 896:Drivers/STM32G0xx_HAL_Driver/Src/stm32g0xx_hal_dac.c ****   /* Set the DAC channel selected data holding register */
 897:Drivers/STM32G0xx_HAL_Driver/Src/stm32g0xx_hal_dac.c ****   *(__IO uint32_t *) tmp = Data;
 1066              		.loc 1 897 4
 1067 003e 7B69     		ldr	r3, [r7, #20]
 1068              		.loc 1 897 26
 1069 0040 3A68     		ldr	r2, [r7]
 1070 0042 1A60     		str	r2, [r3]
 898:Drivers/STM32G0xx_HAL_Driver/Src/stm32g0xx_hal_dac.c **** 
 899:Drivers/STM32G0xx_HAL_Driver/Src/stm32g0xx_hal_dac.c ****   /* Return function status */
 900:Drivers/STM32G0xx_HAL_Driver/Src/stm32g0xx_hal_dac.c ****   return HAL_OK;
 1071              		.loc 1 900 10
 1072 0044 0023     		movs	r3, #0
 1073              	.L55:
 901:Drivers/STM32G0xx_HAL_Driver/Src/stm32g0xx_hal_dac.c **** }
 1074              		.loc 1 901 1
 1075 0046 1800     		movs	r0, r3
 1076 0048 BD46     		mov	sp, r7
 1077 004a 06B0     		add	sp, sp, #24
 1078              		@ sp needed
 1079 004c 80BD     		pop	{r7, pc}
 1080              		.cfi_endproc
 1081              	.LFE372:
 1083              		.section	.text.HAL_DAC_ConvCpltCallbackCh1,"ax",%progbits
 1084              		.align	1
 1085              		.weak	HAL_DAC_ConvCpltCallbackCh1
 1086              		.syntax unified
 1087              		.code	16
 1088              		.thumb_func
 1090              	HAL_DAC_ConvCpltCallbackCh1:
 1091              	.LFB373:
 902:Drivers/STM32G0xx_HAL_Driver/Src/stm32g0xx_hal_dac.c **** 
 903:Drivers/STM32G0xx_HAL_Driver/Src/stm32g0xx_hal_dac.c **** /**
 904:Drivers/STM32G0xx_HAL_Driver/Src/stm32g0xx_hal_dac.c ****   * @brief  Conversion complete callback in non-blocking mode for Channel1
 905:Drivers/STM32G0xx_HAL_Driver/Src/stm32g0xx_hal_dac.c ****   * @param  hdac pointer to a DAC_HandleTypeDef structure that contains
 906:Drivers/STM32G0xx_HAL_Driver/Src/stm32g0xx_hal_dac.c ****   *         the configuration information for the specified DAC.
 907:Drivers/STM32G0xx_HAL_Driver/Src/stm32g0xx_hal_dac.c ****   * @retval None
 908:Drivers/STM32G0xx_HAL_Driver/Src/stm32g0xx_hal_dac.c ****   */
 909:Drivers/STM32G0xx_HAL_Driver/Src/stm32g0xx_hal_dac.c **** __weak void HAL_DAC_ConvCpltCallbackCh1(DAC_HandleTypeDef *hdac)
 910:Drivers/STM32G0xx_HAL_Driver/Src/stm32g0xx_hal_dac.c **** {
 1092              		.loc 1 910 1
 1093              		.cfi_startproc
 1094              		@ args = 0, pretend = 0, frame = 8
 1095              		@ frame_needed = 1, uses_anonymous_args = 0
 1096 0000 80B5     		push	{r7, lr}
 1097              	.LCFI30:
 1098              		.cfi_def_cfa_offset 8
 1099              		.cfi_offset 7, -8
 1100              		.cfi_offset 14, -4
 1101 0002 82B0     		sub	sp, sp, #8
 1102              	.LCFI31:
 1103              		.cfi_def_cfa_offset 16
 1104 0004 00AF     		add	r7, sp, #0
 1105              	.LCFI32:
 1106              		.cfi_def_cfa_register 7
 1107 0006 7860     		str	r0, [r7, #4]
ARM GAS  C:\Users\a_hae\AppData\Local\Temp\cclBWf4m.s 			page 36


 911:Drivers/STM32G0xx_HAL_Driver/Src/stm32g0xx_hal_dac.c ****   /* Prevent unused argument(s) compilation warning */
 912:Drivers/STM32G0xx_HAL_Driver/Src/stm32g0xx_hal_dac.c ****   UNUSED(hdac);
 913:Drivers/STM32G0xx_HAL_Driver/Src/stm32g0xx_hal_dac.c **** 
 914:Drivers/STM32G0xx_HAL_Driver/Src/stm32g0xx_hal_dac.c ****   /* NOTE : This function should not be modified, when the callback is needed,
 915:Drivers/STM32G0xx_HAL_Driver/Src/stm32g0xx_hal_dac.c ****             the HAL_DAC_ConvCpltCallbackCh1 could be implemented in the user file
 916:Drivers/STM32G0xx_HAL_Driver/Src/stm32g0xx_hal_dac.c ****    */
 917:Drivers/STM32G0xx_HAL_Driver/Src/stm32g0xx_hal_dac.c **** }
 1108              		.loc 1 917 1
 1109 0008 C046     		nop
 1110 000a BD46     		mov	sp, r7
 1111 000c 02B0     		add	sp, sp, #8
 1112              		@ sp needed
 1113 000e 80BD     		pop	{r7, pc}
 1114              		.cfi_endproc
 1115              	.LFE373:
 1117              		.section	.text.HAL_DAC_ConvHalfCpltCallbackCh1,"ax",%progbits
 1118              		.align	1
 1119              		.weak	HAL_DAC_ConvHalfCpltCallbackCh1
 1120              		.syntax unified
 1121              		.code	16
 1122              		.thumb_func
 1124              	HAL_DAC_ConvHalfCpltCallbackCh1:
 1125              	.LFB374:
 918:Drivers/STM32G0xx_HAL_Driver/Src/stm32g0xx_hal_dac.c **** 
 919:Drivers/STM32G0xx_HAL_Driver/Src/stm32g0xx_hal_dac.c **** /**
 920:Drivers/STM32G0xx_HAL_Driver/Src/stm32g0xx_hal_dac.c ****   * @brief  Conversion half DMA transfer callback in non-blocking mode for Channel1
 921:Drivers/STM32G0xx_HAL_Driver/Src/stm32g0xx_hal_dac.c ****   * @param  hdac pointer to a DAC_HandleTypeDef structure that contains
 922:Drivers/STM32G0xx_HAL_Driver/Src/stm32g0xx_hal_dac.c ****   *         the configuration information for the specified DAC.
 923:Drivers/STM32G0xx_HAL_Driver/Src/stm32g0xx_hal_dac.c ****   * @retval None
 924:Drivers/STM32G0xx_HAL_Driver/Src/stm32g0xx_hal_dac.c ****   */
 925:Drivers/STM32G0xx_HAL_Driver/Src/stm32g0xx_hal_dac.c **** __weak void HAL_DAC_ConvHalfCpltCallbackCh1(DAC_HandleTypeDef *hdac)
 926:Drivers/STM32G0xx_HAL_Driver/Src/stm32g0xx_hal_dac.c **** {
 1126              		.loc 1 926 1
 1127              		.cfi_startproc
 1128              		@ args = 0, pretend = 0, frame = 8
 1129              		@ frame_needed = 1, uses_anonymous_args = 0
 1130 0000 80B5     		push	{r7, lr}
 1131              	.LCFI33:
 1132              		.cfi_def_cfa_offset 8
 1133              		.cfi_offset 7, -8
 1134              		.cfi_offset 14, -4
 1135 0002 82B0     		sub	sp, sp, #8
 1136              	.LCFI34:
 1137              		.cfi_def_cfa_offset 16
 1138 0004 00AF     		add	r7, sp, #0
 1139              	.LCFI35:
 1140              		.cfi_def_cfa_register 7
 1141 0006 7860     		str	r0, [r7, #4]
 927:Drivers/STM32G0xx_HAL_Driver/Src/stm32g0xx_hal_dac.c ****   /* Prevent unused argument(s) compilation warning */
 928:Drivers/STM32G0xx_HAL_Driver/Src/stm32g0xx_hal_dac.c ****   UNUSED(hdac);
 929:Drivers/STM32G0xx_HAL_Driver/Src/stm32g0xx_hal_dac.c **** 
 930:Drivers/STM32G0xx_HAL_Driver/Src/stm32g0xx_hal_dac.c ****   /* NOTE : This function should not be modified, when the callback is needed,
 931:Drivers/STM32G0xx_HAL_Driver/Src/stm32g0xx_hal_dac.c ****             the HAL_DAC_ConvHalfCpltCallbackCh1 could be implemented in the user file
 932:Drivers/STM32G0xx_HAL_Driver/Src/stm32g0xx_hal_dac.c ****    */
 933:Drivers/STM32G0xx_HAL_Driver/Src/stm32g0xx_hal_dac.c **** }
 1142              		.loc 1 933 1
 1143 0008 C046     		nop
ARM GAS  C:\Users\a_hae\AppData\Local\Temp\cclBWf4m.s 			page 37


 1144 000a BD46     		mov	sp, r7
 1145 000c 02B0     		add	sp, sp, #8
 1146              		@ sp needed
 1147 000e 80BD     		pop	{r7, pc}
 1148              		.cfi_endproc
 1149              	.LFE374:
 1151              		.section	.text.HAL_DAC_ErrorCallbackCh1,"ax",%progbits
 1152              		.align	1
 1153              		.weak	HAL_DAC_ErrorCallbackCh1
 1154              		.syntax unified
 1155              		.code	16
 1156              		.thumb_func
 1158              	HAL_DAC_ErrorCallbackCh1:
 1159              	.LFB375:
 934:Drivers/STM32G0xx_HAL_Driver/Src/stm32g0xx_hal_dac.c **** 
 935:Drivers/STM32G0xx_HAL_Driver/Src/stm32g0xx_hal_dac.c **** /**
 936:Drivers/STM32G0xx_HAL_Driver/Src/stm32g0xx_hal_dac.c ****   * @brief  Error DAC callback for Channel1.
 937:Drivers/STM32G0xx_HAL_Driver/Src/stm32g0xx_hal_dac.c ****   * @param  hdac pointer to a DAC_HandleTypeDef structure that contains
 938:Drivers/STM32G0xx_HAL_Driver/Src/stm32g0xx_hal_dac.c ****   *         the configuration information for the specified DAC.
 939:Drivers/STM32G0xx_HAL_Driver/Src/stm32g0xx_hal_dac.c ****   * @retval None
 940:Drivers/STM32G0xx_HAL_Driver/Src/stm32g0xx_hal_dac.c ****   */
 941:Drivers/STM32G0xx_HAL_Driver/Src/stm32g0xx_hal_dac.c **** __weak void HAL_DAC_ErrorCallbackCh1(DAC_HandleTypeDef *hdac)
 942:Drivers/STM32G0xx_HAL_Driver/Src/stm32g0xx_hal_dac.c **** {
 1160              		.loc 1 942 1
 1161              		.cfi_startproc
 1162              		@ args = 0, pretend = 0, frame = 8
 1163              		@ frame_needed = 1, uses_anonymous_args = 0
 1164 0000 80B5     		push	{r7, lr}
 1165              	.LCFI36:
 1166              		.cfi_def_cfa_offset 8
 1167              		.cfi_offset 7, -8
 1168              		.cfi_offset 14, -4
 1169 0002 82B0     		sub	sp, sp, #8
 1170              	.LCFI37:
 1171              		.cfi_def_cfa_offset 16
 1172 0004 00AF     		add	r7, sp, #0
 1173              	.LCFI38:
 1174              		.cfi_def_cfa_register 7
 1175 0006 7860     		str	r0, [r7, #4]
 943:Drivers/STM32G0xx_HAL_Driver/Src/stm32g0xx_hal_dac.c ****   /* Prevent unused argument(s) compilation warning */
 944:Drivers/STM32G0xx_HAL_Driver/Src/stm32g0xx_hal_dac.c ****   UNUSED(hdac);
 945:Drivers/STM32G0xx_HAL_Driver/Src/stm32g0xx_hal_dac.c **** 
 946:Drivers/STM32G0xx_HAL_Driver/Src/stm32g0xx_hal_dac.c ****   /* NOTE : This function should not be modified, when the callback is needed,
 947:Drivers/STM32G0xx_HAL_Driver/Src/stm32g0xx_hal_dac.c ****             the HAL_DAC_ErrorCallbackCh1 could be implemented in the user file
 948:Drivers/STM32G0xx_HAL_Driver/Src/stm32g0xx_hal_dac.c ****    */
 949:Drivers/STM32G0xx_HAL_Driver/Src/stm32g0xx_hal_dac.c **** }
 1176              		.loc 1 949 1
 1177 0008 C046     		nop
 1178 000a BD46     		mov	sp, r7
 1179 000c 02B0     		add	sp, sp, #8
 1180              		@ sp needed
 1181 000e 80BD     		pop	{r7, pc}
 1182              		.cfi_endproc
 1183              	.LFE375:
 1185              		.section	.text.HAL_DAC_DMAUnderrunCallbackCh1,"ax",%progbits
 1186              		.align	1
 1187              		.weak	HAL_DAC_DMAUnderrunCallbackCh1
ARM GAS  C:\Users\a_hae\AppData\Local\Temp\cclBWf4m.s 			page 38


 1188              		.syntax unified
 1189              		.code	16
 1190              		.thumb_func
 1192              	HAL_DAC_DMAUnderrunCallbackCh1:
 1193              	.LFB376:
 950:Drivers/STM32G0xx_HAL_Driver/Src/stm32g0xx_hal_dac.c **** 
 951:Drivers/STM32G0xx_HAL_Driver/Src/stm32g0xx_hal_dac.c **** /**
 952:Drivers/STM32G0xx_HAL_Driver/Src/stm32g0xx_hal_dac.c ****   * @brief  DMA underrun DAC callback for channel1.
 953:Drivers/STM32G0xx_HAL_Driver/Src/stm32g0xx_hal_dac.c ****   * @param  hdac pointer to a DAC_HandleTypeDef structure that contains
 954:Drivers/STM32G0xx_HAL_Driver/Src/stm32g0xx_hal_dac.c ****   *         the configuration information for the specified DAC.
 955:Drivers/STM32G0xx_HAL_Driver/Src/stm32g0xx_hal_dac.c ****   * @retval None
 956:Drivers/STM32G0xx_HAL_Driver/Src/stm32g0xx_hal_dac.c ****   */
 957:Drivers/STM32G0xx_HAL_Driver/Src/stm32g0xx_hal_dac.c **** __weak void HAL_DAC_DMAUnderrunCallbackCh1(DAC_HandleTypeDef *hdac)
 958:Drivers/STM32G0xx_HAL_Driver/Src/stm32g0xx_hal_dac.c **** {
 1194              		.loc 1 958 1
 1195              		.cfi_startproc
 1196              		@ args = 0, pretend = 0, frame = 8
 1197              		@ frame_needed = 1, uses_anonymous_args = 0
 1198 0000 80B5     		push	{r7, lr}
 1199              	.LCFI39:
 1200              		.cfi_def_cfa_offset 8
 1201              		.cfi_offset 7, -8
 1202              		.cfi_offset 14, -4
 1203 0002 82B0     		sub	sp, sp, #8
 1204              	.LCFI40:
 1205              		.cfi_def_cfa_offset 16
 1206 0004 00AF     		add	r7, sp, #0
 1207              	.LCFI41:
 1208              		.cfi_def_cfa_register 7
 1209 0006 7860     		str	r0, [r7, #4]
 959:Drivers/STM32G0xx_HAL_Driver/Src/stm32g0xx_hal_dac.c ****   /* Prevent unused argument(s) compilation warning */
 960:Drivers/STM32G0xx_HAL_Driver/Src/stm32g0xx_hal_dac.c ****   UNUSED(hdac);
 961:Drivers/STM32G0xx_HAL_Driver/Src/stm32g0xx_hal_dac.c **** 
 962:Drivers/STM32G0xx_HAL_Driver/Src/stm32g0xx_hal_dac.c ****   /* NOTE : This function should not be modified, when the callback is needed,
 963:Drivers/STM32G0xx_HAL_Driver/Src/stm32g0xx_hal_dac.c ****             the HAL_DAC_DMAUnderrunCallbackCh1 could be implemented in the user file
 964:Drivers/STM32G0xx_HAL_Driver/Src/stm32g0xx_hal_dac.c ****    */
 965:Drivers/STM32G0xx_HAL_Driver/Src/stm32g0xx_hal_dac.c **** }
 1210              		.loc 1 965 1
 1211 0008 C046     		nop
 1212 000a BD46     		mov	sp, r7
 1213 000c 02B0     		add	sp, sp, #8
 1214              		@ sp needed
 1215 000e 80BD     		pop	{r7, pc}
 1216              		.cfi_endproc
 1217              	.LFE376:
 1219              		.section	.text.HAL_DAC_GetValue,"ax",%progbits
 1220              		.align	1
 1221              		.global	HAL_DAC_GetValue
 1222              		.syntax unified
 1223              		.code	16
 1224              		.thumb_func
 1226              	HAL_DAC_GetValue:
 1227              	.LFB377:
 966:Drivers/STM32G0xx_HAL_Driver/Src/stm32g0xx_hal_dac.c **** 
 967:Drivers/STM32G0xx_HAL_Driver/Src/stm32g0xx_hal_dac.c **** /**
 968:Drivers/STM32G0xx_HAL_Driver/Src/stm32g0xx_hal_dac.c ****   * @}
 969:Drivers/STM32G0xx_HAL_Driver/Src/stm32g0xx_hal_dac.c ****   */
ARM GAS  C:\Users\a_hae\AppData\Local\Temp\cclBWf4m.s 			page 39


 970:Drivers/STM32G0xx_HAL_Driver/Src/stm32g0xx_hal_dac.c **** 
 971:Drivers/STM32G0xx_HAL_Driver/Src/stm32g0xx_hal_dac.c **** /** @defgroup DAC_Exported_Functions_Group3 Peripheral Control functions
 972:Drivers/STM32G0xx_HAL_Driver/Src/stm32g0xx_hal_dac.c ****   *  @brief    Peripheral Control functions
 973:Drivers/STM32G0xx_HAL_Driver/Src/stm32g0xx_hal_dac.c ****   *
 974:Drivers/STM32G0xx_HAL_Driver/Src/stm32g0xx_hal_dac.c **** @verbatim
 975:Drivers/STM32G0xx_HAL_Driver/Src/stm32g0xx_hal_dac.c ****   ==============================================================================
 976:Drivers/STM32G0xx_HAL_Driver/Src/stm32g0xx_hal_dac.c ****              ##### Peripheral Control functions #####
 977:Drivers/STM32G0xx_HAL_Driver/Src/stm32g0xx_hal_dac.c ****   ==============================================================================
 978:Drivers/STM32G0xx_HAL_Driver/Src/stm32g0xx_hal_dac.c ****     [..]  This section provides functions allowing to:
 979:Drivers/STM32G0xx_HAL_Driver/Src/stm32g0xx_hal_dac.c ****       (+) Configure channels.
 980:Drivers/STM32G0xx_HAL_Driver/Src/stm32g0xx_hal_dac.c ****       (+) Set the specified data holding register value for DAC channel.
 981:Drivers/STM32G0xx_HAL_Driver/Src/stm32g0xx_hal_dac.c **** 
 982:Drivers/STM32G0xx_HAL_Driver/Src/stm32g0xx_hal_dac.c **** @endverbatim
 983:Drivers/STM32G0xx_HAL_Driver/Src/stm32g0xx_hal_dac.c ****   * @{
 984:Drivers/STM32G0xx_HAL_Driver/Src/stm32g0xx_hal_dac.c ****   */
 985:Drivers/STM32G0xx_HAL_Driver/Src/stm32g0xx_hal_dac.c **** 
 986:Drivers/STM32G0xx_HAL_Driver/Src/stm32g0xx_hal_dac.c **** /**
 987:Drivers/STM32G0xx_HAL_Driver/Src/stm32g0xx_hal_dac.c ****   * @brief  Returns the last data output value of the selected DAC channel.
 988:Drivers/STM32G0xx_HAL_Driver/Src/stm32g0xx_hal_dac.c ****   * @param  hdac pointer to a DAC_HandleTypeDef structure that contains
 989:Drivers/STM32G0xx_HAL_Driver/Src/stm32g0xx_hal_dac.c ****   *         the configuration information for the specified DAC.
 990:Drivers/STM32G0xx_HAL_Driver/Src/stm32g0xx_hal_dac.c ****   * @param  Channel The selected DAC channel.
 991:Drivers/STM32G0xx_HAL_Driver/Src/stm32g0xx_hal_dac.c ****   *          This parameter can be one of the following values:
 992:Drivers/STM32G0xx_HAL_Driver/Src/stm32g0xx_hal_dac.c ****   *            @arg DAC_CHANNEL_1: DAC Channel1 selected
 993:Drivers/STM32G0xx_HAL_Driver/Src/stm32g0xx_hal_dac.c ****   *            @arg DAC_CHANNEL_2: DAC Channel2 selected
 994:Drivers/STM32G0xx_HAL_Driver/Src/stm32g0xx_hal_dac.c ****   * @retval The selected DAC channel data output value.
 995:Drivers/STM32G0xx_HAL_Driver/Src/stm32g0xx_hal_dac.c ****   */
 996:Drivers/STM32G0xx_HAL_Driver/Src/stm32g0xx_hal_dac.c **** uint32_t HAL_DAC_GetValue(const DAC_HandleTypeDef *hdac, uint32_t Channel)
 997:Drivers/STM32G0xx_HAL_Driver/Src/stm32g0xx_hal_dac.c **** {
 1228              		.loc 1 997 1
 1229              		.cfi_startproc
 1230              		@ args = 0, pretend = 0, frame = 16
 1231              		@ frame_needed = 1, uses_anonymous_args = 0
 1232 0000 80B5     		push	{r7, lr}
 1233              	.LCFI42:
 1234              		.cfi_def_cfa_offset 8
 1235              		.cfi_offset 7, -8
 1236              		.cfi_offset 14, -4
 1237 0002 84B0     		sub	sp, sp, #16
 1238              	.LCFI43:
 1239              		.cfi_def_cfa_offset 24
 1240 0004 00AF     		add	r7, sp, #0
 1241              	.LCFI44:
 1242              		.cfi_def_cfa_register 7
 1243 0006 7860     		str	r0, [r7, #4]
 1244 0008 3960     		str	r1, [r7]
 998:Drivers/STM32G0xx_HAL_Driver/Src/stm32g0xx_hal_dac.c ****   uint32_t result;
 999:Drivers/STM32G0xx_HAL_Driver/Src/stm32g0xx_hal_dac.c **** 
1000:Drivers/STM32G0xx_HAL_Driver/Src/stm32g0xx_hal_dac.c ****   /* Check the DAC peripheral handle */
1001:Drivers/STM32G0xx_HAL_Driver/Src/stm32g0xx_hal_dac.c ****   assert_param(hdac != NULL);
1002:Drivers/STM32G0xx_HAL_Driver/Src/stm32g0xx_hal_dac.c **** 
1003:Drivers/STM32G0xx_HAL_Driver/Src/stm32g0xx_hal_dac.c ****   /* Check the parameters */
1004:Drivers/STM32G0xx_HAL_Driver/Src/stm32g0xx_hal_dac.c ****   assert_param(IS_DAC_CHANNEL(Channel));
1005:Drivers/STM32G0xx_HAL_Driver/Src/stm32g0xx_hal_dac.c **** 
1006:Drivers/STM32G0xx_HAL_Driver/Src/stm32g0xx_hal_dac.c ****   if (Channel == DAC_CHANNEL_1)
 1245              		.loc 1 1006 6
 1246 000a 3B68     		ldr	r3, [r7]
 1247 000c 002B     		cmp	r3, #0
ARM GAS  C:\Users\a_hae\AppData\Local\Temp\cclBWf4m.s 			page 40


 1248 000e 04D1     		bne	.L63
1007:Drivers/STM32G0xx_HAL_Driver/Src/stm32g0xx_hal_dac.c ****   {
1008:Drivers/STM32G0xx_HAL_Driver/Src/stm32g0xx_hal_dac.c ****     result = hdac->Instance->DOR1;
 1249              		.loc 1 1008 18
 1250 0010 7B68     		ldr	r3, [r7, #4]
 1251 0012 1B68     		ldr	r3, [r3]
 1252              		.loc 1 1008 12
 1253 0014 DB6A     		ldr	r3, [r3, #44]
 1254 0016 FB60     		str	r3, [r7, #12]
 1255 0018 03E0     		b	.L64
 1256              	.L63:
1009:Drivers/STM32G0xx_HAL_Driver/Src/stm32g0xx_hal_dac.c ****   }
1010:Drivers/STM32G0xx_HAL_Driver/Src/stm32g0xx_hal_dac.c **** 
1011:Drivers/STM32G0xx_HAL_Driver/Src/stm32g0xx_hal_dac.c ****   else
1012:Drivers/STM32G0xx_HAL_Driver/Src/stm32g0xx_hal_dac.c ****   {
1013:Drivers/STM32G0xx_HAL_Driver/Src/stm32g0xx_hal_dac.c ****     result = hdac->Instance->DOR2;
 1257              		.loc 1 1013 18
 1258 001a 7B68     		ldr	r3, [r7, #4]
 1259 001c 1B68     		ldr	r3, [r3]
 1260              		.loc 1 1013 12
 1261 001e 1B6B     		ldr	r3, [r3, #48]
 1262 0020 FB60     		str	r3, [r7, #12]
 1263              	.L64:
1014:Drivers/STM32G0xx_HAL_Driver/Src/stm32g0xx_hal_dac.c ****   }
1015:Drivers/STM32G0xx_HAL_Driver/Src/stm32g0xx_hal_dac.c **** 
1016:Drivers/STM32G0xx_HAL_Driver/Src/stm32g0xx_hal_dac.c ****   /* Returns the DAC channel data output register value */
1017:Drivers/STM32G0xx_HAL_Driver/Src/stm32g0xx_hal_dac.c ****   return result;
 1264              		.loc 1 1017 10
 1265 0022 FB68     		ldr	r3, [r7, #12]
1018:Drivers/STM32G0xx_HAL_Driver/Src/stm32g0xx_hal_dac.c **** }
 1266              		.loc 1 1018 1
 1267 0024 1800     		movs	r0, r3
 1268 0026 BD46     		mov	sp, r7
 1269 0028 04B0     		add	sp, sp, #16
 1270              		@ sp needed
 1271 002a 80BD     		pop	{r7, pc}
 1272              		.cfi_endproc
 1273              	.LFE377:
 1275              		.section	.text.HAL_DAC_ConfigChannel,"ax",%progbits
 1276              		.align	1
 1277              		.global	HAL_DAC_ConfigChannel
 1278              		.syntax unified
 1279              		.code	16
 1280              		.thumb_func
 1282              	HAL_DAC_ConfigChannel:
 1283              	.LFB378:
1019:Drivers/STM32G0xx_HAL_Driver/Src/stm32g0xx_hal_dac.c **** 
1020:Drivers/STM32G0xx_HAL_Driver/Src/stm32g0xx_hal_dac.c **** /**
1021:Drivers/STM32G0xx_HAL_Driver/Src/stm32g0xx_hal_dac.c ****   * @brief  Configures the selected DAC channel.
1022:Drivers/STM32G0xx_HAL_Driver/Src/stm32g0xx_hal_dac.c ****   * @param  hdac pointer to a DAC_HandleTypeDef structure that contains
1023:Drivers/STM32G0xx_HAL_Driver/Src/stm32g0xx_hal_dac.c ****   *         the configuration information for the specified DAC.
1024:Drivers/STM32G0xx_HAL_Driver/Src/stm32g0xx_hal_dac.c ****   * @param  sConfig DAC configuration structure.
1025:Drivers/STM32G0xx_HAL_Driver/Src/stm32g0xx_hal_dac.c ****   * @param  Channel The selected DAC channel.
1026:Drivers/STM32G0xx_HAL_Driver/Src/stm32g0xx_hal_dac.c ****   *          This parameter can be one of the following values:
1027:Drivers/STM32G0xx_HAL_Driver/Src/stm32g0xx_hal_dac.c ****   *            @arg DAC_CHANNEL_1: DAC Channel1 selected
1028:Drivers/STM32G0xx_HAL_Driver/Src/stm32g0xx_hal_dac.c ****   *            @arg DAC_CHANNEL_2: DAC Channel2 selected
1029:Drivers/STM32G0xx_HAL_Driver/Src/stm32g0xx_hal_dac.c ****   * @retval HAL status
ARM GAS  C:\Users\a_hae\AppData\Local\Temp\cclBWf4m.s 			page 41


1030:Drivers/STM32G0xx_HAL_Driver/Src/stm32g0xx_hal_dac.c ****   */
1031:Drivers/STM32G0xx_HAL_Driver/Src/stm32g0xx_hal_dac.c **** HAL_StatusTypeDef HAL_DAC_ConfigChannel(DAC_HandleTypeDef *hdac,
1032:Drivers/STM32G0xx_HAL_Driver/Src/stm32g0xx_hal_dac.c ****                                         const DAC_ChannelConfTypeDef *sConfig, uint32_t Channel)
1033:Drivers/STM32G0xx_HAL_Driver/Src/stm32g0xx_hal_dac.c **** {
 1284              		.loc 1 1033 1
 1285              		.cfi_startproc
 1286              		@ args = 0, pretend = 0, frame = 32
 1287              		@ frame_needed = 1, uses_anonymous_args = 0
 1288 0000 80B5     		push	{r7, lr}
 1289              	.LCFI45:
 1290              		.cfi_def_cfa_offset 8
 1291              		.cfi_offset 7, -8
 1292              		.cfi_offset 14, -4
 1293 0002 88B0     		sub	sp, sp, #32
 1294              	.LCFI46:
 1295              		.cfi_def_cfa_offset 40
 1296 0004 00AF     		add	r7, sp, #0
 1297              	.LCFI47:
 1298              		.cfi_def_cfa_register 7
 1299 0006 F860     		str	r0, [r7, #12]
 1300 0008 B960     		str	r1, [r7, #8]
 1301 000a 7A60     		str	r2, [r7, #4]
1034:Drivers/STM32G0xx_HAL_Driver/Src/stm32g0xx_hal_dac.c ****   HAL_StatusTypeDef status = HAL_OK;
 1302              		.loc 1 1034 21
 1303 000c 1F23     		movs	r3, #31
 1304 000e FB18     		adds	r3, r7, r3
 1305 0010 0022     		movs	r2, #0
 1306 0012 1A70     		strb	r2, [r3]
1035:Drivers/STM32G0xx_HAL_Driver/Src/stm32g0xx_hal_dac.c ****   uint32_t tmpreg1;
1036:Drivers/STM32G0xx_HAL_Driver/Src/stm32g0xx_hal_dac.c ****   uint32_t tmpreg2;
1037:Drivers/STM32G0xx_HAL_Driver/Src/stm32g0xx_hal_dac.c ****   uint32_t tickstart;
1038:Drivers/STM32G0xx_HAL_Driver/Src/stm32g0xx_hal_dac.c **** 
1039:Drivers/STM32G0xx_HAL_Driver/Src/stm32g0xx_hal_dac.c ****   /* Check the DAC peripheral handle and channel configuration struct */
1040:Drivers/STM32G0xx_HAL_Driver/Src/stm32g0xx_hal_dac.c ****   if ((hdac == NULL) || (sConfig == NULL))
 1307              		.loc 1 1040 6
 1308 0014 FB68     		ldr	r3, [r7, #12]
 1309 0016 002B     		cmp	r3, #0
 1310 0018 02D0     		beq	.L67
 1311              		.loc 1 1040 22 discriminator 1
 1312 001a BB68     		ldr	r3, [r7, #8]
 1313 001c 002B     		cmp	r3, #0
 1314 001e 01D1     		bne	.L68
 1315              	.L67:
1041:Drivers/STM32G0xx_HAL_Driver/Src/stm32g0xx_hal_dac.c ****   {
1042:Drivers/STM32G0xx_HAL_Driver/Src/stm32g0xx_hal_dac.c ****     return HAL_ERROR;
 1316              		.loc 1 1042 12
 1317 0020 0123     		movs	r3, #1
 1318 0022 15E1     		b	.L69
 1319              	.L68:
1043:Drivers/STM32G0xx_HAL_Driver/Src/stm32g0xx_hal_dac.c ****   }
1044:Drivers/STM32G0xx_HAL_Driver/Src/stm32g0xx_hal_dac.c **** 
1045:Drivers/STM32G0xx_HAL_Driver/Src/stm32g0xx_hal_dac.c ****   /* Check the DAC parameters */
1046:Drivers/STM32G0xx_HAL_Driver/Src/stm32g0xx_hal_dac.c ****   assert_param(IS_DAC_TRIGGER(sConfig->DAC_Trigger));
1047:Drivers/STM32G0xx_HAL_Driver/Src/stm32g0xx_hal_dac.c ****   assert_param(IS_DAC_OUTPUT_BUFFER_STATE(sConfig->DAC_OutputBuffer));
1048:Drivers/STM32G0xx_HAL_Driver/Src/stm32g0xx_hal_dac.c ****   assert_param(IS_DAC_CHIP_CONNECTION(sConfig->DAC_ConnectOnChipPeripheral));
1049:Drivers/STM32G0xx_HAL_Driver/Src/stm32g0xx_hal_dac.c ****   assert_param(IS_DAC_TRIMMING(sConfig->DAC_UserTrimming));
1050:Drivers/STM32G0xx_HAL_Driver/Src/stm32g0xx_hal_dac.c ****   if ((sConfig->DAC_UserTrimming) == DAC_TRIMMING_USER)
ARM GAS  C:\Users\a_hae\AppData\Local\Temp\cclBWf4m.s 			page 42


1051:Drivers/STM32G0xx_HAL_Driver/Src/stm32g0xx_hal_dac.c ****   {
1052:Drivers/STM32G0xx_HAL_Driver/Src/stm32g0xx_hal_dac.c ****     assert_param(IS_DAC_TRIMMINGVALUE(sConfig->DAC_TrimmingValue));
1053:Drivers/STM32G0xx_HAL_Driver/Src/stm32g0xx_hal_dac.c ****   }
1054:Drivers/STM32G0xx_HAL_Driver/Src/stm32g0xx_hal_dac.c ****   assert_param(IS_DAC_SAMPLEANDHOLD(sConfig->DAC_SampleAndHold));
1055:Drivers/STM32G0xx_HAL_Driver/Src/stm32g0xx_hal_dac.c ****   if ((sConfig->DAC_SampleAndHold) == DAC_SAMPLEANDHOLD_ENABLE)
1056:Drivers/STM32G0xx_HAL_Driver/Src/stm32g0xx_hal_dac.c ****   {
1057:Drivers/STM32G0xx_HAL_Driver/Src/stm32g0xx_hal_dac.c ****     assert_param(IS_DAC_SAMPLETIME(sConfig->DAC_SampleAndHoldConfig.DAC_SampleTime));
1058:Drivers/STM32G0xx_HAL_Driver/Src/stm32g0xx_hal_dac.c ****     assert_param(IS_DAC_HOLDTIME(sConfig->DAC_SampleAndHoldConfig.DAC_HoldTime));
1059:Drivers/STM32G0xx_HAL_Driver/Src/stm32g0xx_hal_dac.c ****     assert_param(IS_DAC_REFRESHTIME(sConfig->DAC_SampleAndHoldConfig.DAC_RefreshTime));
1060:Drivers/STM32G0xx_HAL_Driver/Src/stm32g0xx_hal_dac.c ****   }
1061:Drivers/STM32G0xx_HAL_Driver/Src/stm32g0xx_hal_dac.c ****   assert_param(IS_DAC_CHANNEL(Channel));
1062:Drivers/STM32G0xx_HAL_Driver/Src/stm32g0xx_hal_dac.c **** 
1063:Drivers/STM32G0xx_HAL_Driver/Src/stm32g0xx_hal_dac.c ****   /* Process locked */
1064:Drivers/STM32G0xx_HAL_Driver/Src/stm32g0xx_hal_dac.c ****   __HAL_LOCK(hdac);
 1320              		.loc 1 1064 3
 1321 0024 FB68     		ldr	r3, [r7, #12]
 1322 0026 5B79     		ldrb	r3, [r3, #5]
 1323 0028 012B     		cmp	r3, #1
 1324 002a 01D1     		bne	.L70
 1325              		.loc 1 1064 3 is_stmt 0 discriminator 1
 1326 002c 0223     		movs	r3, #2
 1327              		.loc 1 1064 3
 1328 002e 0FE1     		b	.L69
 1329              	.L70:
 1330              		.loc 1 1064 3 discriminator 2
 1331 0030 FB68     		ldr	r3, [r7, #12]
 1332 0032 0122     		movs	r2, #1
 1333 0034 5A71     		strb	r2, [r3, #5]
1065:Drivers/STM32G0xx_HAL_Driver/Src/stm32g0xx_hal_dac.c **** 
1066:Drivers/STM32G0xx_HAL_Driver/Src/stm32g0xx_hal_dac.c ****   /* Change DAC state */
1067:Drivers/STM32G0xx_HAL_Driver/Src/stm32g0xx_hal_dac.c ****   hdac->State = HAL_DAC_STATE_BUSY;
 1334              		.loc 1 1067 15 is_stmt 1
 1335 0036 FB68     		ldr	r3, [r7, #12]
 1336 0038 0222     		movs	r2, #2
 1337 003a 1A71     		strb	r2, [r3, #4]
1068:Drivers/STM32G0xx_HAL_Driver/Src/stm32g0xx_hal_dac.c **** 
1069:Drivers/STM32G0xx_HAL_Driver/Src/stm32g0xx_hal_dac.c ****   /* Sample and hold configuration */
1070:Drivers/STM32G0xx_HAL_Driver/Src/stm32g0xx_hal_dac.c ****   if (sConfig->DAC_SampleAndHold == DAC_SAMPLEANDHOLD_ENABLE)
 1338              		.loc 1 1070 14
 1339 003c BB68     		ldr	r3, [r7, #8]
 1340 003e 1B68     		ldr	r3, [r3]
 1341              		.loc 1 1070 6
 1342 0040 042B     		cmp	r3, #4
 1343 0042 00D0     		beq	.LCB1111
 1344 0044 7AE0     		b	.L71	@long jump
 1345              	.LCB1111:
1071:Drivers/STM32G0xx_HAL_Driver/Src/stm32g0xx_hal_dac.c ****   {
1072:Drivers/STM32G0xx_HAL_Driver/Src/stm32g0xx_hal_dac.c ****     /* Get timeout */
1073:Drivers/STM32G0xx_HAL_Driver/Src/stm32g0xx_hal_dac.c ****     tickstart = HAL_GetTick();
 1346              		.loc 1 1073 17
 1347 0046 FFF7FEFF 		bl	HAL_GetTick
 1348 004a 0300     		movs	r3, r0
 1349 004c BB61     		str	r3, [r7, #24]
1074:Drivers/STM32G0xx_HAL_Driver/Src/stm32g0xx_hal_dac.c **** 
1075:Drivers/STM32G0xx_HAL_Driver/Src/stm32g0xx_hal_dac.c ****     if (Channel == DAC_CHANNEL_1)
 1350              		.loc 1 1075 8
 1351 004e 7B68     		ldr	r3, [r7, #4]
ARM GAS  C:\Users\a_hae\AppData\Local\Temp\cclBWf4m.s 			page 43


 1352 0050 002B     		cmp	r3, #0
 1353 0052 3DD1     		bne	.L77
1076:Drivers/STM32G0xx_HAL_Driver/Src/stm32g0xx_hal_dac.c ****     {
1077:Drivers/STM32G0xx_HAL_Driver/Src/stm32g0xx_hal_dac.c ****       /* SHSR1 can be written when BWST1 is cleared */
1078:Drivers/STM32G0xx_HAL_Driver/Src/stm32g0xx_hal_dac.c ****       while (((hdac->Instance->SR) & DAC_SR_BWST1) != 0UL)
 1354              		.loc 1 1078 13
 1355 0054 18E0     		b	.L73
 1356              	.L75:
1079:Drivers/STM32G0xx_HAL_Driver/Src/stm32g0xx_hal_dac.c ****       {
1080:Drivers/STM32G0xx_HAL_Driver/Src/stm32g0xx_hal_dac.c ****         /* Check for the Timeout */
1081:Drivers/STM32G0xx_HAL_Driver/Src/stm32g0xx_hal_dac.c ****         if ((HAL_GetTick() - tickstart) > TIMEOUT_DAC_CALIBCONFIG)
 1357              		.loc 1 1081 14
 1358 0056 FFF7FEFF 		bl	HAL_GetTick
 1359 005a 0200     		movs	r2, r0
 1360              		.loc 1 1081 28 discriminator 1
 1361 005c BB69     		ldr	r3, [r7, #24]
 1362 005e D31A     		subs	r3, r2, r3
 1363              		.loc 1 1081 12 discriminator 1
 1364 0060 012B     		cmp	r3, #1
 1365 0062 11D9     		bls	.L73
1082:Drivers/STM32G0xx_HAL_Driver/Src/stm32g0xx_hal_dac.c ****         {
1083:Drivers/STM32G0xx_HAL_Driver/Src/stm32g0xx_hal_dac.c ****           /* New check to avoid false timeout detection in case of preemption */
1084:Drivers/STM32G0xx_HAL_Driver/Src/stm32g0xx_hal_dac.c ****           if (((hdac->Instance->SR) & DAC_SR_BWST1) != 0UL)
 1366              		.loc 1 1084 21
 1367 0064 FB68     		ldr	r3, [r7, #12]
 1368 0066 1B68     		ldr	r3, [r3]
 1369              		.loc 1 1084 31
 1370 0068 5A6B     		ldr	r2, [r3, #52]
 1371              		.loc 1 1084 37
 1372 006a 8023     		movs	r3, #128
 1373 006c 1B02     		lsls	r3, r3, #8
 1374 006e 1340     		ands	r3, r2
 1375              		.loc 1 1084 14
 1376 0070 0AD0     		beq	.L73
1085:Drivers/STM32G0xx_HAL_Driver/Src/stm32g0xx_hal_dac.c ****           {
1086:Drivers/STM32G0xx_HAL_Driver/Src/stm32g0xx_hal_dac.c ****             /* Update error code */
1087:Drivers/STM32G0xx_HAL_Driver/Src/stm32g0xx_hal_dac.c ****             SET_BIT(hdac->ErrorCode, HAL_DAC_ERROR_TIMEOUT);
 1377              		.loc 1 1087 13
 1378 0072 FB68     		ldr	r3, [r7, #12]
 1379 0074 1B69     		ldr	r3, [r3, #16]
 1380 0076 0822     		movs	r2, #8
 1381 0078 1A43     		orrs	r2, r3
 1382 007a FB68     		ldr	r3, [r7, #12]
 1383 007c 1A61     		str	r2, [r3, #16]
1088:Drivers/STM32G0xx_HAL_Driver/Src/stm32g0xx_hal_dac.c **** 
1089:Drivers/STM32G0xx_HAL_Driver/Src/stm32g0xx_hal_dac.c ****             /* Change the DMA state */
1090:Drivers/STM32G0xx_HAL_Driver/Src/stm32g0xx_hal_dac.c ****             hdac->State = HAL_DAC_STATE_TIMEOUT;
 1384              		.loc 1 1090 25
 1385 007e FB68     		ldr	r3, [r7, #12]
 1386 0080 0322     		movs	r2, #3
 1387 0082 1A71     		strb	r2, [r3, #4]
1091:Drivers/STM32G0xx_HAL_Driver/Src/stm32g0xx_hal_dac.c **** 
1092:Drivers/STM32G0xx_HAL_Driver/Src/stm32g0xx_hal_dac.c ****             return HAL_TIMEOUT;
 1388              		.loc 1 1092 20
 1389 0084 0323     		movs	r3, #3
 1390 0086 E3E0     		b	.L69
 1391              	.L73:
ARM GAS  C:\Users\a_hae\AppData\Local\Temp\cclBWf4m.s 			page 44


1078:Drivers/STM32G0xx_HAL_Driver/Src/stm32g0xx_hal_dac.c ****       {
 1392              		.loc 1 1078 20
 1393 0088 FB68     		ldr	r3, [r7, #12]
 1394 008a 1B68     		ldr	r3, [r3]
1078:Drivers/STM32G0xx_HAL_Driver/Src/stm32g0xx_hal_dac.c ****       {
 1395              		.loc 1 1078 30
 1396 008c 5A6B     		ldr	r2, [r3, #52]
1078:Drivers/STM32G0xx_HAL_Driver/Src/stm32g0xx_hal_dac.c ****       {
 1397              		.loc 1 1078 36
 1398 008e 8023     		movs	r3, #128
 1399 0090 1B02     		lsls	r3, r3, #8
 1400 0092 1340     		ands	r3, r2
1078:Drivers/STM32G0xx_HAL_Driver/Src/stm32g0xx_hal_dac.c ****       {
 1401              		.loc 1 1078 52
 1402 0094 DFD1     		bne	.L75
1093:Drivers/STM32G0xx_HAL_Driver/Src/stm32g0xx_hal_dac.c ****           }
1094:Drivers/STM32G0xx_HAL_Driver/Src/stm32g0xx_hal_dac.c ****         }
1095:Drivers/STM32G0xx_HAL_Driver/Src/stm32g0xx_hal_dac.c ****       }
1096:Drivers/STM32G0xx_HAL_Driver/Src/stm32g0xx_hal_dac.c ****       hdac->Instance->SHSR1 = sConfig->DAC_SampleAndHoldConfig.DAC_SampleTime;
 1403              		.loc 1 1096 11
 1404 0096 FB68     		ldr	r3, [r7, #12]
 1405 0098 1B68     		ldr	r3, [r3]
 1406              		.loc 1 1096 63
 1407 009a BA68     		ldr	r2, [r7, #8]
 1408 009c 9269     		ldr	r2, [r2, #24]
 1409              		.loc 1 1096 29
 1410 009e 1A64     		str	r2, [r3, #64]
 1411 00a0 20E0     		b	.L76
 1412              	.L79:
1097:Drivers/STM32G0xx_HAL_Driver/Src/stm32g0xx_hal_dac.c ****     }
1098:Drivers/STM32G0xx_HAL_Driver/Src/stm32g0xx_hal_dac.c **** 
1099:Drivers/STM32G0xx_HAL_Driver/Src/stm32g0xx_hal_dac.c ****     else /* Channel 2 */
1100:Drivers/STM32G0xx_HAL_Driver/Src/stm32g0xx_hal_dac.c ****     {
1101:Drivers/STM32G0xx_HAL_Driver/Src/stm32g0xx_hal_dac.c ****       /* SHSR2 can be written when BWST2 is cleared */
1102:Drivers/STM32G0xx_HAL_Driver/Src/stm32g0xx_hal_dac.c ****       while (((hdac->Instance->SR) & DAC_SR_BWST2) != 0UL)
1103:Drivers/STM32G0xx_HAL_Driver/Src/stm32g0xx_hal_dac.c ****       {
1104:Drivers/STM32G0xx_HAL_Driver/Src/stm32g0xx_hal_dac.c ****         /* Check for the Timeout */
1105:Drivers/STM32G0xx_HAL_Driver/Src/stm32g0xx_hal_dac.c ****         if ((HAL_GetTick() - tickstart) > TIMEOUT_DAC_CALIBCONFIG)
 1413              		.loc 1 1105 14
 1414 00a2 FFF7FEFF 		bl	HAL_GetTick
 1415 00a6 0200     		movs	r2, r0
 1416              		.loc 1 1105 28 discriminator 1
 1417 00a8 BB69     		ldr	r3, [r7, #24]
 1418 00aa D31A     		subs	r3, r2, r3
 1419              		.loc 1 1105 12 discriminator 1
 1420 00ac 012B     		cmp	r3, #1
 1421 00ae 0FD9     		bls	.L77
1106:Drivers/STM32G0xx_HAL_Driver/Src/stm32g0xx_hal_dac.c ****         {
1107:Drivers/STM32G0xx_HAL_Driver/Src/stm32g0xx_hal_dac.c ****           /* New check to avoid false timeout detection in case of preemption */
1108:Drivers/STM32G0xx_HAL_Driver/Src/stm32g0xx_hal_dac.c ****           if (((hdac->Instance->SR) & DAC_SR_BWST2) != 0UL)
 1422              		.loc 1 1108 21
 1423 00b0 FB68     		ldr	r3, [r7, #12]
 1424 00b2 1B68     		ldr	r3, [r3]
 1425              		.loc 1 1108 31
 1426 00b4 5B6B     		ldr	r3, [r3, #52]
 1427              		.loc 1 1108 14
 1428 00b6 002B     		cmp	r3, #0
ARM GAS  C:\Users\a_hae\AppData\Local\Temp\cclBWf4m.s 			page 45


 1429 00b8 0ADA     		bge	.L77
1109:Drivers/STM32G0xx_HAL_Driver/Src/stm32g0xx_hal_dac.c ****           {
1110:Drivers/STM32G0xx_HAL_Driver/Src/stm32g0xx_hal_dac.c ****             /* Update error code */
1111:Drivers/STM32G0xx_HAL_Driver/Src/stm32g0xx_hal_dac.c ****             SET_BIT(hdac->ErrorCode, HAL_DAC_ERROR_TIMEOUT);
 1430              		.loc 1 1111 13
 1431 00ba FB68     		ldr	r3, [r7, #12]
 1432 00bc 1B69     		ldr	r3, [r3, #16]
 1433 00be 0822     		movs	r2, #8
 1434 00c0 1A43     		orrs	r2, r3
 1435 00c2 FB68     		ldr	r3, [r7, #12]
 1436 00c4 1A61     		str	r2, [r3, #16]
1112:Drivers/STM32G0xx_HAL_Driver/Src/stm32g0xx_hal_dac.c **** 
1113:Drivers/STM32G0xx_HAL_Driver/Src/stm32g0xx_hal_dac.c ****             /* Change the DMA state */
1114:Drivers/STM32G0xx_HAL_Driver/Src/stm32g0xx_hal_dac.c ****             hdac->State = HAL_DAC_STATE_TIMEOUT;
 1437              		.loc 1 1114 25
 1438 00c6 FB68     		ldr	r3, [r7, #12]
 1439 00c8 0322     		movs	r2, #3
 1440 00ca 1A71     		strb	r2, [r3, #4]
1115:Drivers/STM32G0xx_HAL_Driver/Src/stm32g0xx_hal_dac.c **** 
1116:Drivers/STM32G0xx_HAL_Driver/Src/stm32g0xx_hal_dac.c ****             return HAL_TIMEOUT;
 1441              		.loc 1 1116 20
 1442 00cc 0323     		movs	r3, #3
 1443 00ce BFE0     		b	.L69
 1444              	.L77:
1102:Drivers/STM32G0xx_HAL_Driver/Src/stm32g0xx_hal_dac.c ****       {
 1445              		.loc 1 1102 20
 1446 00d0 FB68     		ldr	r3, [r7, #12]
 1447 00d2 1B68     		ldr	r3, [r3]
1102:Drivers/STM32G0xx_HAL_Driver/Src/stm32g0xx_hal_dac.c ****       {
 1448              		.loc 1 1102 30
 1449 00d4 5B6B     		ldr	r3, [r3, #52]
1102:Drivers/STM32G0xx_HAL_Driver/Src/stm32g0xx_hal_dac.c ****       {
 1450              		.loc 1 1102 52
 1451 00d6 002B     		cmp	r3, #0
 1452 00d8 E3DB     		blt	.L79
1117:Drivers/STM32G0xx_HAL_Driver/Src/stm32g0xx_hal_dac.c ****           }
1118:Drivers/STM32G0xx_HAL_Driver/Src/stm32g0xx_hal_dac.c ****         }
1119:Drivers/STM32G0xx_HAL_Driver/Src/stm32g0xx_hal_dac.c ****       }
1120:Drivers/STM32G0xx_HAL_Driver/Src/stm32g0xx_hal_dac.c ****       hdac->Instance->SHSR2 = sConfig->DAC_SampleAndHoldConfig.DAC_SampleTime;
 1453              		.loc 1 1120 11
 1454 00da FB68     		ldr	r3, [r7, #12]
 1455 00dc 1B68     		ldr	r3, [r3]
 1456              		.loc 1 1120 63
 1457 00de BA68     		ldr	r2, [r7, #8]
 1458 00e0 9269     		ldr	r2, [r2, #24]
 1459              		.loc 1 1120 29
 1460 00e2 5A64     		str	r2, [r3, #68]
 1461              	.L76:
1121:Drivers/STM32G0xx_HAL_Driver/Src/stm32g0xx_hal_dac.c ****     }
1122:Drivers/STM32G0xx_HAL_Driver/Src/stm32g0xx_hal_dac.c **** 
1123:Drivers/STM32G0xx_HAL_Driver/Src/stm32g0xx_hal_dac.c **** 
1124:Drivers/STM32G0xx_HAL_Driver/Src/stm32g0xx_hal_dac.c ****     /* HoldTime */
1125:Drivers/STM32G0xx_HAL_Driver/Src/stm32g0xx_hal_dac.c ****     MODIFY_REG(hdac->Instance->SHHR, DAC_SHHR_THOLD1 << (Channel & 0x10UL),
 1462              		.loc 1 1125 5
 1463 00e4 FB68     		ldr	r3, [r7, #12]
 1464 00e6 1B68     		ldr	r3, [r3]
 1465 00e8 9B6C     		ldr	r3, [r3, #72]
ARM GAS  C:\Users\a_hae\AppData\Local\Temp\cclBWf4m.s 			page 46


 1466 00ea 7A68     		ldr	r2, [r7, #4]
 1467 00ec 1021     		movs	r1, #16
 1468 00ee 0A40     		ands	r2, r1
 1469 00f0 5949     		ldr	r1, .L81
 1470 00f2 9140     		lsls	r1, r1, r2
 1471 00f4 0A00     		movs	r2, r1
 1472 00f6 D243     		mvns	r2, r2
 1473 00f8 1A40     		ands	r2, r3
 1474 00fa 1100     		movs	r1, r2
 1475 00fc BB68     		ldr	r3, [r7, #8]
 1476 00fe DA69     		ldr	r2, [r3, #28]
 1477 0100 7B68     		ldr	r3, [r7, #4]
 1478 0102 1020     		movs	r0, #16
 1479 0104 0340     		ands	r3, r0
 1480 0106 9A40     		lsls	r2, r2, r3
 1481 0108 FB68     		ldr	r3, [r7, #12]
 1482 010a 1B68     		ldr	r3, [r3]
 1483 010c 0A43     		orrs	r2, r1
 1484 010e 9A64     		str	r2, [r3, #72]
1126:Drivers/STM32G0xx_HAL_Driver/Src/stm32g0xx_hal_dac.c ****                (sConfig->DAC_SampleAndHoldConfig.DAC_HoldTime) << (Channel & 0x10UL));
1127:Drivers/STM32G0xx_HAL_Driver/Src/stm32g0xx_hal_dac.c ****     /* RefreshTime */
1128:Drivers/STM32G0xx_HAL_Driver/Src/stm32g0xx_hal_dac.c ****     MODIFY_REG(hdac->Instance->SHRR, DAC_SHRR_TREFRESH1 << (Channel & 0x10UL),
 1485              		.loc 1 1128 5
 1486 0110 FB68     		ldr	r3, [r7, #12]
 1487 0112 1B68     		ldr	r3, [r3]
 1488 0114 DB6C     		ldr	r3, [r3, #76]
 1489 0116 7A68     		ldr	r2, [r7, #4]
 1490 0118 1021     		movs	r1, #16
 1491 011a 0A40     		ands	r2, r1
 1492 011c FF21     		movs	r1, #255
 1493 011e 9140     		lsls	r1, r1, r2
 1494 0120 0A00     		movs	r2, r1
 1495 0122 D243     		mvns	r2, r2
 1496 0124 1A40     		ands	r2, r3
 1497 0126 1100     		movs	r1, r2
 1498 0128 BB68     		ldr	r3, [r7, #8]
 1499 012a 1A6A     		ldr	r2, [r3, #32]
 1500 012c 7B68     		ldr	r3, [r7, #4]
 1501 012e 1020     		movs	r0, #16
 1502 0130 0340     		ands	r3, r0
 1503 0132 9A40     		lsls	r2, r2, r3
 1504 0134 FB68     		ldr	r3, [r7, #12]
 1505 0136 1B68     		ldr	r3, [r3]
 1506 0138 0A43     		orrs	r2, r1
 1507 013a DA64     		str	r2, [r3, #76]
 1508              	.L71:
1129:Drivers/STM32G0xx_HAL_Driver/Src/stm32g0xx_hal_dac.c ****                (sConfig->DAC_SampleAndHoldConfig.DAC_RefreshTime) << (Channel & 0x10UL));
1130:Drivers/STM32G0xx_HAL_Driver/Src/stm32g0xx_hal_dac.c ****   }
1131:Drivers/STM32G0xx_HAL_Driver/Src/stm32g0xx_hal_dac.c **** 
1132:Drivers/STM32G0xx_HAL_Driver/Src/stm32g0xx_hal_dac.c ****   if (sConfig->DAC_UserTrimming == DAC_TRIMMING_USER)
 1509              		.loc 1 1132 14
 1510 013c BB68     		ldr	r3, [r7, #8]
 1511 013e 1B69     		ldr	r3, [r3, #16]
 1512              		.loc 1 1132 6
 1513 0140 012B     		cmp	r3, #1
 1514 0142 1DD1     		bne	.L80
1133:Drivers/STM32G0xx_HAL_Driver/Src/stm32g0xx_hal_dac.c ****     /* USER TRIMMING */
ARM GAS  C:\Users\a_hae\AppData\Local\Temp\cclBWf4m.s 			page 47


1134:Drivers/STM32G0xx_HAL_Driver/Src/stm32g0xx_hal_dac.c ****   {
1135:Drivers/STM32G0xx_HAL_Driver/Src/stm32g0xx_hal_dac.c ****     /* Get the DAC CCR value */
1136:Drivers/STM32G0xx_HAL_Driver/Src/stm32g0xx_hal_dac.c ****     tmpreg1 = hdac->Instance->CCR;
 1515              		.loc 1 1136 19
 1516 0144 FB68     		ldr	r3, [r7, #12]
 1517 0146 1B68     		ldr	r3, [r3]
 1518              		.loc 1 1136 13
 1519 0148 9B6B     		ldr	r3, [r3, #56]
 1520 014a 7B61     		str	r3, [r7, #20]
1137:Drivers/STM32G0xx_HAL_Driver/Src/stm32g0xx_hal_dac.c ****     /* Clear trimming value */
1138:Drivers/STM32G0xx_HAL_Driver/Src/stm32g0xx_hal_dac.c ****     tmpreg1 &= ~(((uint32_t)(DAC_CCR_OTRIM1)) << (Channel & 0x10UL));
 1521              		.loc 1 1138 59
 1522 014c 7B68     		ldr	r3, [r7, #4]
 1523 014e 1022     		movs	r2, #16
 1524 0150 1340     		ands	r3, r2
 1525              		.loc 1 1138 47
 1526 0152 1F22     		movs	r2, #31
 1527 0154 9A40     		lsls	r2, r2, r3
 1528 0156 1300     		movs	r3, r2
 1529              		.loc 1 1138 16
 1530 0158 DA43     		mvns	r2, r3
 1531              		.loc 1 1138 13
 1532 015a 7B69     		ldr	r3, [r7, #20]
 1533 015c 1340     		ands	r3, r2
 1534 015e 7B61     		str	r3, [r7, #20]
1139:Drivers/STM32G0xx_HAL_Driver/Src/stm32g0xx_hal_dac.c ****     /* Configure for the selected trimming offset */
1140:Drivers/STM32G0xx_HAL_Driver/Src/stm32g0xx_hal_dac.c ****     tmpreg2 = sConfig->DAC_TrimmingValue;
 1535              		.loc 1 1140 13
 1536 0160 BB68     		ldr	r3, [r7, #8]
 1537 0162 5B69     		ldr	r3, [r3, #20]
 1538 0164 3B61     		str	r3, [r7, #16]
1141:Drivers/STM32G0xx_HAL_Driver/Src/stm32g0xx_hal_dac.c ****     /* Calculate CCR register value depending on DAC_Channel */
1142:Drivers/STM32G0xx_HAL_Driver/Src/stm32g0xx_hal_dac.c ****     tmpreg1 |= tmpreg2 << (Channel & 0x10UL);
 1539              		.loc 1 1142 36
 1540 0166 7B68     		ldr	r3, [r7, #4]
 1541 0168 1022     		movs	r2, #16
 1542 016a 1340     		ands	r3, r2
 1543              		.loc 1 1142 24
 1544 016c 3A69     		ldr	r2, [r7, #16]
 1545 016e 9A40     		lsls	r2, r2, r3
 1546 0170 1300     		movs	r3, r2
 1547              		.loc 1 1142 13
 1548 0172 7A69     		ldr	r2, [r7, #20]
 1549 0174 1343     		orrs	r3, r2
 1550 0176 7B61     		str	r3, [r7, #20]
1143:Drivers/STM32G0xx_HAL_Driver/Src/stm32g0xx_hal_dac.c ****     /* Write to DAC CCR */
1144:Drivers/STM32G0xx_HAL_Driver/Src/stm32g0xx_hal_dac.c ****     hdac->Instance->CCR = tmpreg1;
 1551              		.loc 1 1144 9
 1552 0178 FB68     		ldr	r3, [r7, #12]
 1553 017a 1B68     		ldr	r3, [r3]
 1554              		.loc 1 1144 25
 1555 017c 7A69     		ldr	r2, [r7, #20]
 1556 017e 9A63     		str	r2, [r3, #56]
 1557              	.L80:
1145:Drivers/STM32G0xx_HAL_Driver/Src/stm32g0xx_hal_dac.c ****   }
1146:Drivers/STM32G0xx_HAL_Driver/Src/stm32g0xx_hal_dac.c ****   /* else factory trimming is used (factory setting are available at reset)*/
1147:Drivers/STM32G0xx_HAL_Driver/Src/stm32g0xx_hal_dac.c ****   /* SW Nothing has nothing to do */
ARM GAS  C:\Users\a_hae\AppData\Local\Temp\cclBWf4m.s 			page 48


1148:Drivers/STM32G0xx_HAL_Driver/Src/stm32g0xx_hal_dac.c **** 
1149:Drivers/STM32G0xx_HAL_Driver/Src/stm32g0xx_hal_dac.c ****   /* Get the DAC MCR value */
1150:Drivers/STM32G0xx_HAL_Driver/Src/stm32g0xx_hal_dac.c ****   tmpreg1 = hdac->Instance->MCR;
 1558              		.loc 1 1150 17
 1559 0180 FB68     		ldr	r3, [r7, #12]
 1560 0182 1B68     		ldr	r3, [r3]
 1561              		.loc 1 1150 11
 1562 0184 DB6B     		ldr	r3, [r3, #60]
 1563 0186 7B61     		str	r3, [r7, #20]
1151:Drivers/STM32G0xx_HAL_Driver/Src/stm32g0xx_hal_dac.c ****   /* Clear DAC_MCR_MODEx bits */
1152:Drivers/STM32G0xx_HAL_Driver/Src/stm32g0xx_hal_dac.c ****   tmpreg1 &= ~(((uint32_t)(DAC_MCR_MODE1)) << (Channel & 0x10UL));
 1564              		.loc 1 1152 56
 1565 0188 7B68     		ldr	r3, [r7, #4]
 1566 018a 1022     		movs	r2, #16
 1567 018c 1340     		ands	r3, r2
 1568              		.loc 1 1152 44
 1569 018e 0722     		movs	r2, #7
 1570 0190 9A40     		lsls	r2, r2, r3
 1571 0192 1300     		movs	r3, r2
 1572              		.loc 1 1152 14
 1573 0194 DA43     		mvns	r2, r3
 1574              		.loc 1 1152 11
 1575 0196 7B69     		ldr	r3, [r7, #20]
 1576 0198 1340     		ands	r3, r2
 1577 019a 7B61     		str	r3, [r7, #20]
1153:Drivers/STM32G0xx_HAL_Driver/Src/stm32g0xx_hal_dac.c ****   /* Configure for the selected DAC channel: mode, buffer output & on chip peripheral connect */
1154:Drivers/STM32G0xx_HAL_Driver/Src/stm32g0xx_hal_dac.c ****   tmpreg2 = (sConfig->DAC_SampleAndHold | sConfig->DAC_OutputBuffer | sConfig->DAC_ConnectOnChipPer
 1578              		.loc 1 1154 21
 1579 019c BB68     		ldr	r3, [r7, #8]
 1580 019e 1A68     		ldr	r2, [r3]
 1581              		.loc 1 1154 50
 1582 01a0 BB68     		ldr	r3, [r7, #8]
 1583 01a2 9B68     		ldr	r3, [r3, #8]
 1584              		.loc 1 1154 41
 1585 01a4 1A43     		orrs	r2, r3
 1586              		.loc 1 1154 78
 1587 01a6 BB68     		ldr	r3, [r7, #8]
 1588 01a8 DB68     		ldr	r3, [r3, #12]
 1589              		.loc 1 1154 11
 1590 01aa 1343     		orrs	r3, r2
 1591 01ac 3B61     		str	r3, [r7, #16]
1155:Drivers/STM32G0xx_HAL_Driver/Src/stm32g0xx_hal_dac.c ****   /* Calculate MCR register value depending on DAC_Channel */
1156:Drivers/STM32G0xx_HAL_Driver/Src/stm32g0xx_hal_dac.c ****   tmpreg1 |= tmpreg2 << (Channel & 0x10UL);
 1592              		.loc 1 1156 34
 1593 01ae 7B68     		ldr	r3, [r7, #4]
 1594 01b0 1022     		movs	r2, #16
 1595 01b2 1340     		ands	r3, r2
 1596              		.loc 1 1156 22
 1597 01b4 3A69     		ldr	r2, [r7, #16]
 1598 01b6 9A40     		lsls	r2, r2, r3
 1599 01b8 1300     		movs	r3, r2
 1600              		.loc 1 1156 11
 1601 01ba 7A69     		ldr	r2, [r7, #20]
 1602 01bc 1343     		orrs	r3, r2
 1603 01be 7B61     		str	r3, [r7, #20]
1157:Drivers/STM32G0xx_HAL_Driver/Src/stm32g0xx_hal_dac.c ****   /* Write to DAC MCR */
1158:Drivers/STM32G0xx_HAL_Driver/Src/stm32g0xx_hal_dac.c ****   hdac->Instance->MCR = tmpreg1;
ARM GAS  C:\Users\a_hae\AppData\Local\Temp\cclBWf4m.s 			page 49


 1604              		.loc 1 1158 7
 1605 01c0 FB68     		ldr	r3, [r7, #12]
 1606 01c2 1B68     		ldr	r3, [r3]
 1607              		.loc 1 1158 23
 1608 01c4 7A69     		ldr	r2, [r7, #20]
 1609 01c6 DA63     		str	r2, [r3, #60]
1159:Drivers/STM32G0xx_HAL_Driver/Src/stm32g0xx_hal_dac.c **** 
1160:Drivers/STM32G0xx_HAL_Driver/Src/stm32g0xx_hal_dac.c ****   /* DAC in normal operating mode hence clear DAC_CR_CENx bit */
1161:Drivers/STM32G0xx_HAL_Driver/Src/stm32g0xx_hal_dac.c ****   CLEAR_BIT(hdac->Instance->CR, DAC_CR_CEN1 << (Channel & 0x10UL));
 1610              		.loc 1 1161 3
 1611 01c8 FB68     		ldr	r3, [r7, #12]
 1612 01ca 1B68     		ldr	r3, [r3]
 1613 01cc 1A68     		ldr	r2, [r3]
 1614 01ce 7B68     		ldr	r3, [r7, #4]
 1615 01d0 1021     		movs	r1, #16
 1616 01d2 0B40     		ands	r3, r1
 1617 01d4 8021     		movs	r1, #128
 1618 01d6 C901     		lsls	r1, r1, #7
 1619 01d8 9940     		lsls	r1, r1, r3
 1620 01da 0B00     		movs	r3, r1
 1621 01dc D943     		mvns	r1, r3
 1622 01de FB68     		ldr	r3, [r7, #12]
 1623 01e0 1B68     		ldr	r3, [r3]
 1624 01e2 0A40     		ands	r2, r1
 1625 01e4 1A60     		str	r2, [r3]
1162:Drivers/STM32G0xx_HAL_Driver/Src/stm32g0xx_hal_dac.c **** 
1163:Drivers/STM32G0xx_HAL_Driver/Src/stm32g0xx_hal_dac.c ****   /* Get the DAC CR value */
1164:Drivers/STM32G0xx_HAL_Driver/Src/stm32g0xx_hal_dac.c ****   tmpreg1 = hdac->Instance->CR;
 1626              		.loc 1 1164 17
 1627 01e6 FB68     		ldr	r3, [r7, #12]
 1628 01e8 1B68     		ldr	r3, [r3]
 1629              		.loc 1 1164 11
 1630 01ea 1B68     		ldr	r3, [r3]
 1631 01ec 7B61     		str	r3, [r7, #20]
1165:Drivers/STM32G0xx_HAL_Driver/Src/stm32g0xx_hal_dac.c ****   /* Clear TENx, TSELx, WAVEx and MAMPx bits */
1166:Drivers/STM32G0xx_HAL_Driver/Src/stm32g0xx_hal_dac.c ****   tmpreg1 &= ~(((uint32_t)(DAC_CR_MAMP1 | DAC_CR_WAVE1 | DAC_CR_TSEL1 | DAC_CR_TEN1)) << (Channel &
 1632              		.loc 1 1166 99
 1633 01ee 7B68     		ldr	r3, [r7, #4]
 1634 01f0 1022     		movs	r2, #16
 1635 01f2 1340     		ands	r3, r2
 1636              		.loc 1 1166 87
 1637 01f4 194A     		ldr	r2, .L81+4
 1638 01f6 9A40     		lsls	r2, r2, r3
 1639 01f8 1300     		movs	r3, r2
 1640              		.loc 1 1166 14
 1641 01fa DA43     		mvns	r2, r3
 1642              		.loc 1 1166 11
 1643 01fc 7B69     		ldr	r3, [r7, #20]
 1644 01fe 1340     		ands	r3, r2
 1645 0200 7B61     		str	r3, [r7, #20]
1167:Drivers/STM32G0xx_HAL_Driver/Src/stm32g0xx_hal_dac.c ****   /* Configure for the selected DAC channel: trigger */
1168:Drivers/STM32G0xx_HAL_Driver/Src/stm32g0xx_hal_dac.c ****   /* Set TSELx and TENx bits according to DAC_Trigger value */
1169:Drivers/STM32G0xx_HAL_Driver/Src/stm32g0xx_hal_dac.c ****   tmpreg2 = sConfig->DAC_Trigger;
 1646              		.loc 1 1169 11
 1647 0202 BB68     		ldr	r3, [r7, #8]
 1648 0204 5B68     		ldr	r3, [r3, #4]
 1649 0206 3B61     		str	r3, [r7, #16]
ARM GAS  C:\Users\a_hae\AppData\Local\Temp\cclBWf4m.s 			page 50


1170:Drivers/STM32G0xx_HAL_Driver/Src/stm32g0xx_hal_dac.c ****   /* Calculate CR register value depending on DAC_Channel */
1171:Drivers/STM32G0xx_HAL_Driver/Src/stm32g0xx_hal_dac.c ****   tmpreg1 |= tmpreg2 << (Channel & 0x10UL);
 1650              		.loc 1 1171 34
 1651 0208 7B68     		ldr	r3, [r7, #4]
 1652 020a 1022     		movs	r2, #16
 1653 020c 1340     		ands	r3, r2
 1654              		.loc 1 1171 22
 1655 020e 3A69     		ldr	r2, [r7, #16]
 1656 0210 9A40     		lsls	r2, r2, r3
 1657 0212 1300     		movs	r3, r2
 1658              		.loc 1 1171 11
 1659 0214 7A69     		ldr	r2, [r7, #20]
 1660 0216 1343     		orrs	r3, r2
 1661 0218 7B61     		str	r3, [r7, #20]
1172:Drivers/STM32G0xx_HAL_Driver/Src/stm32g0xx_hal_dac.c ****   /* Write to DAC CR */
1173:Drivers/STM32G0xx_HAL_Driver/Src/stm32g0xx_hal_dac.c ****   hdac->Instance->CR = tmpreg1;
 1662              		.loc 1 1173 7
 1663 021a FB68     		ldr	r3, [r7, #12]
 1664 021c 1B68     		ldr	r3, [r3]
 1665              		.loc 1 1173 22
 1666 021e 7A69     		ldr	r2, [r7, #20]
 1667 0220 1A60     		str	r2, [r3]
1174:Drivers/STM32G0xx_HAL_Driver/Src/stm32g0xx_hal_dac.c ****   /* Disable wave generation */
1175:Drivers/STM32G0xx_HAL_Driver/Src/stm32g0xx_hal_dac.c ****   CLEAR_BIT(hdac->Instance->CR, (DAC_CR_WAVE1 << (Channel & 0x10UL)));
 1668              		.loc 1 1175 3
 1669 0222 FB68     		ldr	r3, [r7, #12]
 1670 0224 1B68     		ldr	r3, [r3]
 1671 0226 1A68     		ldr	r2, [r3]
 1672 0228 7B68     		ldr	r3, [r7, #4]
 1673 022a 1021     		movs	r1, #16
 1674 022c 0B40     		ands	r3, r1
 1675 022e C021     		movs	r1, #192
 1676 0230 9940     		lsls	r1, r1, r3
 1677 0232 0B00     		movs	r3, r1
 1678 0234 D943     		mvns	r1, r3
 1679 0236 FB68     		ldr	r3, [r7, #12]
 1680 0238 1B68     		ldr	r3, [r3]
 1681 023a 0A40     		ands	r2, r1
 1682 023c 1A60     		str	r2, [r3]
1176:Drivers/STM32G0xx_HAL_Driver/Src/stm32g0xx_hal_dac.c **** 
1177:Drivers/STM32G0xx_HAL_Driver/Src/stm32g0xx_hal_dac.c ****   /* Change DAC state */
1178:Drivers/STM32G0xx_HAL_Driver/Src/stm32g0xx_hal_dac.c ****   hdac->State = HAL_DAC_STATE_READY;
 1683              		.loc 1 1178 15
 1684 023e FB68     		ldr	r3, [r7, #12]
 1685 0240 0122     		movs	r2, #1
 1686 0242 1A71     		strb	r2, [r3, #4]
1179:Drivers/STM32G0xx_HAL_Driver/Src/stm32g0xx_hal_dac.c **** 
1180:Drivers/STM32G0xx_HAL_Driver/Src/stm32g0xx_hal_dac.c ****   /* Process unlocked */
1181:Drivers/STM32G0xx_HAL_Driver/Src/stm32g0xx_hal_dac.c ****   __HAL_UNLOCK(hdac);
 1687              		.loc 1 1181 3
 1688 0244 FB68     		ldr	r3, [r7, #12]
 1689 0246 0022     		movs	r2, #0
 1690 0248 5A71     		strb	r2, [r3, #5]
1182:Drivers/STM32G0xx_HAL_Driver/Src/stm32g0xx_hal_dac.c **** 
1183:Drivers/STM32G0xx_HAL_Driver/Src/stm32g0xx_hal_dac.c ****   /* Return function status */
1184:Drivers/STM32G0xx_HAL_Driver/Src/stm32g0xx_hal_dac.c ****   return status;
 1691              		.loc 1 1184 10
ARM GAS  C:\Users\a_hae\AppData\Local\Temp\cclBWf4m.s 			page 51


 1692 024a 1F23     		movs	r3, #31
 1693 024c FB18     		adds	r3, r7, r3
 1694 024e 1B78     		ldrb	r3, [r3]
 1695              	.L69:
1185:Drivers/STM32G0xx_HAL_Driver/Src/stm32g0xx_hal_dac.c **** }
 1696              		.loc 1 1185 1
 1697 0250 1800     		movs	r0, r3
 1698 0252 BD46     		mov	sp, r7
 1699 0254 08B0     		add	sp, sp, #32
 1700              		@ sp needed
 1701 0256 80BD     		pop	{r7, pc}
 1702              	.L82:
 1703              		.align	2
 1704              	.L81:
 1705 0258 FF030000 		.word	1023
 1706 025c FE0F0000 		.word	4094
 1707              		.cfi_endproc
 1708              	.LFE378:
 1710              		.section	.text.HAL_DAC_GetState,"ax",%progbits
 1711              		.align	1
 1712              		.global	HAL_DAC_GetState
 1713              		.syntax unified
 1714              		.code	16
 1715              		.thumb_func
 1717              	HAL_DAC_GetState:
 1718              	.LFB379:
1186:Drivers/STM32G0xx_HAL_Driver/Src/stm32g0xx_hal_dac.c **** 
1187:Drivers/STM32G0xx_HAL_Driver/Src/stm32g0xx_hal_dac.c **** /**
1188:Drivers/STM32G0xx_HAL_Driver/Src/stm32g0xx_hal_dac.c ****   * @}
1189:Drivers/STM32G0xx_HAL_Driver/Src/stm32g0xx_hal_dac.c ****   */
1190:Drivers/STM32G0xx_HAL_Driver/Src/stm32g0xx_hal_dac.c **** 
1191:Drivers/STM32G0xx_HAL_Driver/Src/stm32g0xx_hal_dac.c **** /** @defgroup DAC_Exported_Functions_Group4 Peripheral State and Errors functions
1192:Drivers/STM32G0xx_HAL_Driver/Src/stm32g0xx_hal_dac.c ****   *  @brief   Peripheral State and Errors functions
1193:Drivers/STM32G0xx_HAL_Driver/Src/stm32g0xx_hal_dac.c ****   *
1194:Drivers/STM32G0xx_HAL_Driver/Src/stm32g0xx_hal_dac.c **** @verbatim
1195:Drivers/STM32G0xx_HAL_Driver/Src/stm32g0xx_hal_dac.c ****   ==============================================================================
1196:Drivers/STM32G0xx_HAL_Driver/Src/stm32g0xx_hal_dac.c ****             ##### Peripheral State and Errors functions #####
1197:Drivers/STM32G0xx_HAL_Driver/Src/stm32g0xx_hal_dac.c ****   ==============================================================================
1198:Drivers/STM32G0xx_HAL_Driver/Src/stm32g0xx_hal_dac.c ****     [..]
1199:Drivers/STM32G0xx_HAL_Driver/Src/stm32g0xx_hal_dac.c ****     This subsection provides functions allowing to
1200:Drivers/STM32G0xx_HAL_Driver/Src/stm32g0xx_hal_dac.c ****       (+) Check the DAC state.
1201:Drivers/STM32G0xx_HAL_Driver/Src/stm32g0xx_hal_dac.c ****       (+) Check the DAC Errors.
1202:Drivers/STM32G0xx_HAL_Driver/Src/stm32g0xx_hal_dac.c **** 
1203:Drivers/STM32G0xx_HAL_Driver/Src/stm32g0xx_hal_dac.c **** @endverbatim
1204:Drivers/STM32G0xx_HAL_Driver/Src/stm32g0xx_hal_dac.c ****   * @{
1205:Drivers/STM32G0xx_HAL_Driver/Src/stm32g0xx_hal_dac.c ****   */
1206:Drivers/STM32G0xx_HAL_Driver/Src/stm32g0xx_hal_dac.c **** 
1207:Drivers/STM32G0xx_HAL_Driver/Src/stm32g0xx_hal_dac.c **** /**
1208:Drivers/STM32G0xx_HAL_Driver/Src/stm32g0xx_hal_dac.c ****   * @brief  return the DAC handle state
1209:Drivers/STM32G0xx_HAL_Driver/Src/stm32g0xx_hal_dac.c ****   * @param  hdac pointer to a DAC_HandleTypeDef structure that contains
1210:Drivers/STM32G0xx_HAL_Driver/Src/stm32g0xx_hal_dac.c ****   *         the configuration information for the specified DAC.
1211:Drivers/STM32G0xx_HAL_Driver/Src/stm32g0xx_hal_dac.c ****   * @retval HAL state
1212:Drivers/STM32G0xx_HAL_Driver/Src/stm32g0xx_hal_dac.c ****   */
1213:Drivers/STM32G0xx_HAL_Driver/Src/stm32g0xx_hal_dac.c **** HAL_DAC_StateTypeDef HAL_DAC_GetState(const DAC_HandleTypeDef *hdac)
1214:Drivers/STM32G0xx_HAL_Driver/Src/stm32g0xx_hal_dac.c **** {
 1719              		.loc 1 1214 1
 1720              		.cfi_startproc
ARM GAS  C:\Users\a_hae\AppData\Local\Temp\cclBWf4m.s 			page 52


 1721              		@ args = 0, pretend = 0, frame = 8
 1722              		@ frame_needed = 1, uses_anonymous_args = 0
 1723 0000 80B5     		push	{r7, lr}
 1724              	.LCFI48:
 1725              		.cfi_def_cfa_offset 8
 1726              		.cfi_offset 7, -8
 1727              		.cfi_offset 14, -4
 1728 0002 82B0     		sub	sp, sp, #8
 1729              	.LCFI49:
 1730              		.cfi_def_cfa_offset 16
 1731 0004 00AF     		add	r7, sp, #0
 1732              	.LCFI50:
 1733              		.cfi_def_cfa_register 7
 1734 0006 7860     		str	r0, [r7, #4]
1215:Drivers/STM32G0xx_HAL_Driver/Src/stm32g0xx_hal_dac.c ****   /* Return DAC handle state */
1216:Drivers/STM32G0xx_HAL_Driver/Src/stm32g0xx_hal_dac.c ****   return hdac->State;
 1735              		.loc 1 1216 14
 1736 0008 7B68     		ldr	r3, [r7, #4]
 1737 000a 1B79     		ldrb	r3, [r3, #4]
 1738 000c DBB2     		uxtb	r3, r3
1217:Drivers/STM32G0xx_HAL_Driver/Src/stm32g0xx_hal_dac.c **** }
 1739              		.loc 1 1217 1
 1740 000e 1800     		movs	r0, r3
 1741 0010 BD46     		mov	sp, r7
 1742 0012 02B0     		add	sp, sp, #8
 1743              		@ sp needed
 1744 0014 80BD     		pop	{r7, pc}
 1745              		.cfi_endproc
 1746              	.LFE379:
 1748              		.section	.text.HAL_DAC_GetError,"ax",%progbits
 1749              		.align	1
 1750              		.global	HAL_DAC_GetError
 1751              		.syntax unified
 1752              		.code	16
 1753              		.thumb_func
 1755              	HAL_DAC_GetError:
 1756              	.LFB380:
1218:Drivers/STM32G0xx_HAL_Driver/Src/stm32g0xx_hal_dac.c **** 
1219:Drivers/STM32G0xx_HAL_Driver/Src/stm32g0xx_hal_dac.c **** 
1220:Drivers/STM32G0xx_HAL_Driver/Src/stm32g0xx_hal_dac.c **** /**
1221:Drivers/STM32G0xx_HAL_Driver/Src/stm32g0xx_hal_dac.c ****   * @brief  Return the DAC error code
1222:Drivers/STM32G0xx_HAL_Driver/Src/stm32g0xx_hal_dac.c ****   * @param  hdac pointer to a DAC_HandleTypeDef structure that contains
1223:Drivers/STM32G0xx_HAL_Driver/Src/stm32g0xx_hal_dac.c ****   *         the configuration information for the specified DAC.
1224:Drivers/STM32G0xx_HAL_Driver/Src/stm32g0xx_hal_dac.c ****   * @retval DAC Error Code
1225:Drivers/STM32G0xx_HAL_Driver/Src/stm32g0xx_hal_dac.c ****   */
1226:Drivers/STM32G0xx_HAL_Driver/Src/stm32g0xx_hal_dac.c **** uint32_t HAL_DAC_GetError(const DAC_HandleTypeDef *hdac)
1227:Drivers/STM32G0xx_HAL_Driver/Src/stm32g0xx_hal_dac.c **** {
 1757              		.loc 1 1227 1
 1758              		.cfi_startproc
 1759              		@ args = 0, pretend = 0, frame = 8
 1760              		@ frame_needed = 1, uses_anonymous_args = 0
 1761 0000 80B5     		push	{r7, lr}
 1762              	.LCFI51:
 1763              		.cfi_def_cfa_offset 8
 1764              		.cfi_offset 7, -8
 1765              		.cfi_offset 14, -4
 1766 0002 82B0     		sub	sp, sp, #8
ARM GAS  C:\Users\a_hae\AppData\Local\Temp\cclBWf4m.s 			page 53


 1767              	.LCFI52:
 1768              		.cfi_def_cfa_offset 16
 1769 0004 00AF     		add	r7, sp, #0
 1770              	.LCFI53:
 1771              		.cfi_def_cfa_register 7
 1772 0006 7860     		str	r0, [r7, #4]
1228:Drivers/STM32G0xx_HAL_Driver/Src/stm32g0xx_hal_dac.c ****   return hdac->ErrorCode;
 1773              		.loc 1 1228 14
 1774 0008 7B68     		ldr	r3, [r7, #4]
 1775 000a 1B69     		ldr	r3, [r3, #16]
1229:Drivers/STM32G0xx_HAL_Driver/Src/stm32g0xx_hal_dac.c **** }
 1776              		.loc 1 1229 1
 1777 000c 1800     		movs	r0, r3
 1778 000e BD46     		mov	sp, r7
 1779 0010 02B0     		add	sp, sp, #8
 1780              		@ sp needed
 1781 0012 80BD     		pop	{r7, pc}
 1782              		.cfi_endproc
 1783              	.LFE380:
 1785              		.section	.text.DAC_DMAConvCpltCh1,"ax",%progbits
 1786              		.align	1
 1787              		.global	DAC_DMAConvCpltCh1
 1788              		.syntax unified
 1789              		.code	16
 1790              		.thumb_func
 1792              	DAC_DMAConvCpltCh1:
 1793              	.LFB381:
1230:Drivers/STM32G0xx_HAL_Driver/Src/stm32g0xx_hal_dac.c **** 
1231:Drivers/STM32G0xx_HAL_Driver/Src/stm32g0xx_hal_dac.c **** /**
1232:Drivers/STM32G0xx_HAL_Driver/Src/stm32g0xx_hal_dac.c ****   * @}
1233:Drivers/STM32G0xx_HAL_Driver/Src/stm32g0xx_hal_dac.c ****   */
1234:Drivers/STM32G0xx_HAL_Driver/Src/stm32g0xx_hal_dac.c **** 
1235:Drivers/STM32G0xx_HAL_Driver/Src/stm32g0xx_hal_dac.c **** /**
1236:Drivers/STM32G0xx_HAL_Driver/Src/stm32g0xx_hal_dac.c ****   * @}
1237:Drivers/STM32G0xx_HAL_Driver/Src/stm32g0xx_hal_dac.c ****   */
1238:Drivers/STM32G0xx_HAL_Driver/Src/stm32g0xx_hal_dac.c **** 
1239:Drivers/STM32G0xx_HAL_Driver/Src/stm32g0xx_hal_dac.c **** /** @addtogroup DAC_Exported_Functions
1240:Drivers/STM32G0xx_HAL_Driver/Src/stm32g0xx_hal_dac.c ****   * @{
1241:Drivers/STM32G0xx_HAL_Driver/Src/stm32g0xx_hal_dac.c ****   */
1242:Drivers/STM32G0xx_HAL_Driver/Src/stm32g0xx_hal_dac.c **** 
1243:Drivers/STM32G0xx_HAL_Driver/Src/stm32g0xx_hal_dac.c **** /** @addtogroup DAC_Exported_Functions_Group1
1244:Drivers/STM32G0xx_HAL_Driver/Src/stm32g0xx_hal_dac.c ****   * @{
1245:Drivers/STM32G0xx_HAL_Driver/Src/stm32g0xx_hal_dac.c ****   */
1246:Drivers/STM32G0xx_HAL_Driver/Src/stm32g0xx_hal_dac.c **** #if (USE_HAL_DAC_REGISTER_CALLBACKS == 1)
1247:Drivers/STM32G0xx_HAL_Driver/Src/stm32g0xx_hal_dac.c **** /**
1248:Drivers/STM32G0xx_HAL_Driver/Src/stm32g0xx_hal_dac.c ****   * @brief  Register a User DAC Callback
1249:Drivers/STM32G0xx_HAL_Driver/Src/stm32g0xx_hal_dac.c ****   *         To be used instead of the weak (overridden) predefined callback
1250:Drivers/STM32G0xx_HAL_Driver/Src/stm32g0xx_hal_dac.c ****   * @note   The HAL_DAC_RegisterCallback() may be called before HAL_DAC_Init() in HAL_DAC_STATE_RES
1251:Drivers/STM32G0xx_HAL_Driver/Src/stm32g0xx_hal_dac.c ****   *         callbacks for HAL_DAC_MSPINIT_CB_ID and HAL_DAC_MSPDEINIT_CB_ID
1252:Drivers/STM32G0xx_HAL_Driver/Src/stm32g0xx_hal_dac.c ****   * @param  hdac DAC handle
1253:Drivers/STM32G0xx_HAL_Driver/Src/stm32g0xx_hal_dac.c ****   * @param  CallbackID ID of the callback to be registered
1254:Drivers/STM32G0xx_HAL_Driver/Src/stm32g0xx_hal_dac.c ****   *         This parameter can be one of the following values:
1255:Drivers/STM32G0xx_HAL_Driver/Src/stm32g0xx_hal_dac.c ****   *          @arg @ref HAL_DAC_ERROR_INVALID_CALLBACK   DAC Error Callback ID
1256:Drivers/STM32G0xx_HAL_Driver/Src/stm32g0xx_hal_dac.c ****   *          @arg @ref HAL_DAC_CH1_COMPLETE_CB_ID       DAC CH1 Complete Callback ID
1257:Drivers/STM32G0xx_HAL_Driver/Src/stm32g0xx_hal_dac.c ****   *          @arg @ref HAL_DAC_CH1_HALF_COMPLETE_CB_ID  DAC CH1 Half Complete Callback ID
1258:Drivers/STM32G0xx_HAL_Driver/Src/stm32g0xx_hal_dac.c ****   *          @arg @ref HAL_DAC_CH1_ERROR_ID             DAC CH1 Error Callback ID
1259:Drivers/STM32G0xx_HAL_Driver/Src/stm32g0xx_hal_dac.c ****   *          @arg @ref HAL_DAC_CH1_UNDERRUN_CB_ID       DAC CH1 UnderRun Callback ID
ARM GAS  C:\Users\a_hae\AppData\Local\Temp\cclBWf4m.s 			page 54


1260:Drivers/STM32G0xx_HAL_Driver/Src/stm32g0xx_hal_dac.c ****   *          @arg @ref HAL_DAC_CH2_COMPLETE_CB_ID       DAC CH2 Complete Callback ID
1261:Drivers/STM32G0xx_HAL_Driver/Src/stm32g0xx_hal_dac.c ****   *          @arg @ref HAL_DAC_CH2_HALF_COMPLETE_CB_ID  DAC CH2 Half Complete Callback ID
1262:Drivers/STM32G0xx_HAL_Driver/Src/stm32g0xx_hal_dac.c ****   *          @arg @ref HAL_DAC_CH2_ERROR_ID             DAC CH2 Error Callback ID
1263:Drivers/STM32G0xx_HAL_Driver/Src/stm32g0xx_hal_dac.c ****   *          @arg @ref HAL_DAC_CH2_UNDERRUN_CB_ID       DAC CH2 UnderRun Callback ID
1264:Drivers/STM32G0xx_HAL_Driver/Src/stm32g0xx_hal_dac.c ****   *          @arg @ref HAL_DAC_MSPINIT_CB_ID            DAC MSP Init Callback ID
1265:Drivers/STM32G0xx_HAL_Driver/Src/stm32g0xx_hal_dac.c ****   *          @arg @ref HAL_DAC_MSPDEINIT_CB_ID          DAC MSP DeInit Callback ID
1266:Drivers/STM32G0xx_HAL_Driver/Src/stm32g0xx_hal_dac.c ****   *
1267:Drivers/STM32G0xx_HAL_Driver/Src/stm32g0xx_hal_dac.c ****   * @param  pCallback pointer to the Callback function
1268:Drivers/STM32G0xx_HAL_Driver/Src/stm32g0xx_hal_dac.c ****   * @retval status
1269:Drivers/STM32G0xx_HAL_Driver/Src/stm32g0xx_hal_dac.c ****   */
1270:Drivers/STM32G0xx_HAL_Driver/Src/stm32g0xx_hal_dac.c **** HAL_StatusTypeDef HAL_DAC_RegisterCallback(DAC_HandleTypeDef *hdac, HAL_DAC_CallbackIDTypeDef Callb
1271:Drivers/STM32G0xx_HAL_Driver/Src/stm32g0xx_hal_dac.c ****                                            pDAC_CallbackTypeDef pCallback)
1272:Drivers/STM32G0xx_HAL_Driver/Src/stm32g0xx_hal_dac.c **** {
1273:Drivers/STM32G0xx_HAL_Driver/Src/stm32g0xx_hal_dac.c ****   HAL_StatusTypeDef status = HAL_OK;
1274:Drivers/STM32G0xx_HAL_Driver/Src/stm32g0xx_hal_dac.c **** 
1275:Drivers/STM32G0xx_HAL_Driver/Src/stm32g0xx_hal_dac.c ****   /* Check the DAC peripheral handle */
1276:Drivers/STM32G0xx_HAL_Driver/Src/stm32g0xx_hal_dac.c ****   if (hdac == NULL)
1277:Drivers/STM32G0xx_HAL_Driver/Src/stm32g0xx_hal_dac.c ****   {
1278:Drivers/STM32G0xx_HAL_Driver/Src/stm32g0xx_hal_dac.c ****     return HAL_ERROR;
1279:Drivers/STM32G0xx_HAL_Driver/Src/stm32g0xx_hal_dac.c ****   }
1280:Drivers/STM32G0xx_HAL_Driver/Src/stm32g0xx_hal_dac.c **** 
1281:Drivers/STM32G0xx_HAL_Driver/Src/stm32g0xx_hal_dac.c ****   if (pCallback == NULL)
1282:Drivers/STM32G0xx_HAL_Driver/Src/stm32g0xx_hal_dac.c ****   {
1283:Drivers/STM32G0xx_HAL_Driver/Src/stm32g0xx_hal_dac.c ****     /* Update the error code */
1284:Drivers/STM32G0xx_HAL_Driver/Src/stm32g0xx_hal_dac.c ****     hdac->ErrorCode |= HAL_DAC_ERROR_INVALID_CALLBACK;
1285:Drivers/STM32G0xx_HAL_Driver/Src/stm32g0xx_hal_dac.c ****     return HAL_ERROR;
1286:Drivers/STM32G0xx_HAL_Driver/Src/stm32g0xx_hal_dac.c ****   }
1287:Drivers/STM32G0xx_HAL_Driver/Src/stm32g0xx_hal_dac.c **** 
1288:Drivers/STM32G0xx_HAL_Driver/Src/stm32g0xx_hal_dac.c ****   if (hdac->State == HAL_DAC_STATE_READY)
1289:Drivers/STM32G0xx_HAL_Driver/Src/stm32g0xx_hal_dac.c ****   {
1290:Drivers/STM32G0xx_HAL_Driver/Src/stm32g0xx_hal_dac.c ****     switch (CallbackID)
1291:Drivers/STM32G0xx_HAL_Driver/Src/stm32g0xx_hal_dac.c ****     {
1292:Drivers/STM32G0xx_HAL_Driver/Src/stm32g0xx_hal_dac.c ****       case HAL_DAC_CH1_COMPLETE_CB_ID :
1293:Drivers/STM32G0xx_HAL_Driver/Src/stm32g0xx_hal_dac.c ****         hdac->ConvCpltCallbackCh1 = pCallback;
1294:Drivers/STM32G0xx_HAL_Driver/Src/stm32g0xx_hal_dac.c ****         break;
1295:Drivers/STM32G0xx_HAL_Driver/Src/stm32g0xx_hal_dac.c ****       case HAL_DAC_CH1_HALF_COMPLETE_CB_ID :
1296:Drivers/STM32G0xx_HAL_Driver/Src/stm32g0xx_hal_dac.c ****         hdac->ConvHalfCpltCallbackCh1 = pCallback;
1297:Drivers/STM32G0xx_HAL_Driver/Src/stm32g0xx_hal_dac.c ****         break;
1298:Drivers/STM32G0xx_HAL_Driver/Src/stm32g0xx_hal_dac.c ****       case HAL_DAC_CH1_ERROR_ID :
1299:Drivers/STM32G0xx_HAL_Driver/Src/stm32g0xx_hal_dac.c ****         hdac->ErrorCallbackCh1 = pCallback;
1300:Drivers/STM32G0xx_HAL_Driver/Src/stm32g0xx_hal_dac.c ****         break;
1301:Drivers/STM32G0xx_HAL_Driver/Src/stm32g0xx_hal_dac.c ****       case HAL_DAC_CH1_UNDERRUN_CB_ID :
1302:Drivers/STM32G0xx_HAL_Driver/Src/stm32g0xx_hal_dac.c ****         hdac->DMAUnderrunCallbackCh1 = pCallback;
1303:Drivers/STM32G0xx_HAL_Driver/Src/stm32g0xx_hal_dac.c ****         break;
1304:Drivers/STM32G0xx_HAL_Driver/Src/stm32g0xx_hal_dac.c **** 
1305:Drivers/STM32G0xx_HAL_Driver/Src/stm32g0xx_hal_dac.c ****       case HAL_DAC_CH2_COMPLETE_CB_ID :
1306:Drivers/STM32G0xx_HAL_Driver/Src/stm32g0xx_hal_dac.c ****         hdac->ConvCpltCallbackCh2 = pCallback;
1307:Drivers/STM32G0xx_HAL_Driver/Src/stm32g0xx_hal_dac.c ****         break;
1308:Drivers/STM32G0xx_HAL_Driver/Src/stm32g0xx_hal_dac.c ****       case HAL_DAC_CH2_HALF_COMPLETE_CB_ID :
1309:Drivers/STM32G0xx_HAL_Driver/Src/stm32g0xx_hal_dac.c ****         hdac->ConvHalfCpltCallbackCh2 = pCallback;
1310:Drivers/STM32G0xx_HAL_Driver/Src/stm32g0xx_hal_dac.c ****         break;
1311:Drivers/STM32G0xx_HAL_Driver/Src/stm32g0xx_hal_dac.c ****       case HAL_DAC_CH2_ERROR_ID :
1312:Drivers/STM32G0xx_HAL_Driver/Src/stm32g0xx_hal_dac.c ****         hdac->ErrorCallbackCh2 = pCallback;
1313:Drivers/STM32G0xx_HAL_Driver/Src/stm32g0xx_hal_dac.c ****         break;
1314:Drivers/STM32G0xx_HAL_Driver/Src/stm32g0xx_hal_dac.c ****       case HAL_DAC_CH2_UNDERRUN_CB_ID :
1315:Drivers/STM32G0xx_HAL_Driver/Src/stm32g0xx_hal_dac.c ****         hdac->DMAUnderrunCallbackCh2 = pCallback;
1316:Drivers/STM32G0xx_HAL_Driver/Src/stm32g0xx_hal_dac.c ****         break;
ARM GAS  C:\Users\a_hae\AppData\Local\Temp\cclBWf4m.s 			page 55


1317:Drivers/STM32G0xx_HAL_Driver/Src/stm32g0xx_hal_dac.c **** 
1318:Drivers/STM32G0xx_HAL_Driver/Src/stm32g0xx_hal_dac.c ****       case HAL_DAC_MSPINIT_CB_ID :
1319:Drivers/STM32G0xx_HAL_Driver/Src/stm32g0xx_hal_dac.c ****         hdac->MspInitCallback = pCallback;
1320:Drivers/STM32G0xx_HAL_Driver/Src/stm32g0xx_hal_dac.c ****         break;
1321:Drivers/STM32G0xx_HAL_Driver/Src/stm32g0xx_hal_dac.c ****       case HAL_DAC_MSPDEINIT_CB_ID :
1322:Drivers/STM32G0xx_HAL_Driver/Src/stm32g0xx_hal_dac.c ****         hdac->MspDeInitCallback = pCallback;
1323:Drivers/STM32G0xx_HAL_Driver/Src/stm32g0xx_hal_dac.c ****         break;
1324:Drivers/STM32G0xx_HAL_Driver/Src/stm32g0xx_hal_dac.c ****       default :
1325:Drivers/STM32G0xx_HAL_Driver/Src/stm32g0xx_hal_dac.c ****         /* Update the error code */
1326:Drivers/STM32G0xx_HAL_Driver/Src/stm32g0xx_hal_dac.c ****         hdac->ErrorCode |= HAL_DAC_ERROR_INVALID_CALLBACK;
1327:Drivers/STM32G0xx_HAL_Driver/Src/stm32g0xx_hal_dac.c ****         /* update return status */
1328:Drivers/STM32G0xx_HAL_Driver/Src/stm32g0xx_hal_dac.c ****         status =  HAL_ERROR;
1329:Drivers/STM32G0xx_HAL_Driver/Src/stm32g0xx_hal_dac.c ****         break;
1330:Drivers/STM32G0xx_HAL_Driver/Src/stm32g0xx_hal_dac.c ****     }
1331:Drivers/STM32G0xx_HAL_Driver/Src/stm32g0xx_hal_dac.c ****   }
1332:Drivers/STM32G0xx_HAL_Driver/Src/stm32g0xx_hal_dac.c ****   else if (hdac->State == HAL_DAC_STATE_RESET)
1333:Drivers/STM32G0xx_HAL_Driver/Src/stm32g0xx_hal_dac.c ****   {
1334:Drivers/STM32G0xx_HAL_Driver/Src/stm32g0xx_hal_dac.c ****     switch (CallbackID)
1335:Drivers/STM32G0xx_HAL_Driver/Src/stm32g0xx_hal_dac.c ****     {
1336:Drivers/STM32G0xx_HAL_Driver/Src/stm32g0xx_hal_dac.c ****       case HAL_DAC_MSPINIT_CB_ID :
1337:Drivers/STM32G0xx_HAL_Driver/Src/stm32g0xx_hal_dac.c ****         hdac->MspInitCallback = pCallback;
1338:Drivers/STM32G0xx_HAL_Driver/Src/stm32g0xx_hal_dac.c ****         break;
1339:Drivers/STM32G0xx_HAL_Driver/Src/stm32g0xx_hal_dac.c ****       case HAL_DAC_MSPDEINIT_CB_ID :
1340:Drivers/STM32G0xx_HAL_Driver/Src/stm32g0xx_hal_dac.c ****         hdac->MspDeInitCallback = pCallback;
1341:Drivers/STM32G0xx_HAL_Driver/Src/stm32g0xx_hal_dac.c ****         break;
1342:Drivers/STM32G0xx_HAL_Driver/Src/stm32g0xx_hal_dac.c ****       default :
1343:Drivers/STM32G0xx_HAL_Driver/Src/stm32g0xx_hal_dac.c ****         /* Update the error code */
1344:Drivers/STM32G0xx_HAL_Driver/Src/stm32g0xx_hal_dac.c ****         hdac->ErrorCode |= HAL_DAC_ERROR_INVALID_CALLBACK;
1345:Drivers/STM32G0xx_HAL_Driver/Src/stm32g0xx_hal_dac.c ****         /* update return status */
1346:Drivers/STM32G0xx_HAL_Driver/Src/stm32g0xx_hal_dac.c ****         status =  HAL_ERROR;
1347:Drivers/STM32G0xx_HAL_Driver/Src/stm32g0xx_hal_dac.c ****         break;
1348:Drivers/STM32G0xx_HAL_Driver/Src/stm32g0xx_hal_dac.c ****     }
1349:Drivers/STM32G0xx_HAL_Driver/Src/stm32g0xx_hal_dac.c ****   }
1350:Drivers/STM32G0xx_HAL_Driver/Src/stm32g0xx_hal_dac.c ****   else
1351:Drivers/STM32G0xx_HAL_Driver/Src/stm32g0xx_hal_dac.c ****   {
1352:Drivers/STM32G0xx_HAL_Driver/Src/stm32g0xx_hal_dac.c ****     /* Update the error code */
1353:Drivers/STM32G0xx_HAL_Driver/Src/stm32g0xx_hal_dac.c ****     hdac->ErrorCode |= HAL_DAC_ERROR_INVALID_CALLBACK;
1354:Drivers/STM32G0xx_HAL_Driver/Src/stm32g0xx_hal_dac.c ****     /* update return status */
1355:Drivers/STM32G0xx_HAL_Driver/Src/stm32g0xx_hal_dac.c ****     status =  HAL_ERROR;
1356:Drivers/STM32G0xx_HAL_Driver/Src/stm32g0xx_hal_dac.c ****   }
1357:Drivers/STM32G0xx_HAL_Driver/Src/stm32g0xx_hal_dac.c **** 
1358:Drivers/STM32G0xx_HAL_Driver/Src/stm32g0xx_hal_dac.c ****   return status;
1359:Drivers/STM32G0xx_HAL_Driver/Src/stm32g0xx_hal_dac.c **** }
1360:Drivers/STM32G0xx_HAL_Driver/Src/stm32g0xx_hal_dac.c **** 
1361:Drivers/STM32G0xx_HAL_Driver/Src/stm32g0xx_hal_dac.c **** /**
1362:Drivers/STM32G0xx_HAL_Driver/Src/stm32g0xx_hal_dac.c ****   * @brief  Unregister a User DAC Callback
1363:Drivers/STM32G0xx_HAL_Driver/Src/stm32g0xx_hal_dac.c ****   *         DAC Callback is redirected to the weak (overridden) predefined callback
1364:Drivers/STM32G0xx_HAL_Driver/Src/stm32g0xx_hal_dac.c ****   * @note   The HAL_DAC_UnRegisterCallback() may be called before HAL_DAC_Init() in HAL_DAC_STATE_R
1365:Drivers/STM32G0xx_HAL_Driver/Src/stm32g0xx_hal_dac.c ****   *         callbacks for HAL_DAC_MSPINIT_CB_ID and HAL_DAC_MSPDEINIT_CB_ID
1366:Drivers/STM32G0xx_HAL_Driver/Src/stm32g0xx_hal_dac.c ****   * @param  hdac DAC handle
1367:Drivers/STM32G0xx_HAL_Driver/Src/stm32g0xx_hal_dac.c ****   * @param  CallbackID ID of the callback to be unregistered
1368:Drivers/STM32G0xx_HAL_Driver/Src/stm32g0xx_hal_dac.c ****   *         This parameter can be one of the following values:
1369:Drivers/STM32G0xx_HAL_Driver/Src/stm32g0xx_hal_dac.c ****   *          @arg @ref HAL_DAC_CH1_COMPLETE_CB_ID          DAC CH1 transfer Complete Callback ID
1370:Drivers/STM32G0xx_HAL_Driver/Src/stm32g0xx_hal_dac.c ****   *          @arg @ref HAL_DAC_CH1_HALF_COMPLETE_CB_ID     DAC CH1 Half Complete Callback ID
1371:Drivers/STM32G0xx_HAL_Driver/Src/stm32g0xx_hal_dac.c ****   *          @arg @ref HAL_DAC_CH1_ERROR_ID                DAC CH1 Error Callback ID
1372:Drivers/STM32G0xx_HAL_Driver/Src/stm32g0xx_hal_dac.c ****   *          @arg @ref HAL_DAC_CH1_UNDERRUN_CB_ID          DAC CH1 UnderRun Callback ID
1373:Drivers/STM32G0xx_HAL_Driver/Src/stm32g0xx_hal_dac.c ****   *          @arg @ref HAL_DAC_CH2_COMPLETE_CB_ID          DAC CH2 Complete Callback ID
ARM GAS  C:\Users\a_hae\AppData\Local\Temp\cclBWf4m.s 			page 56


1374:Drivers/STM32G0xx_HAL_Driver/Src/stm32g0xx_hal_dac.c ****   *          @arg @ref HAL_DAC_CH2_HALF_COMPLETE_CB_ID     DAC CH2 Half Complete Callback ID
1375:Drivers/STM32G0xx_HAL_Driver/Src/stm32g0xx_hal_dac.c ****   *          @arg @ref HAL_DAC_CH2_ERROR_ID                DAC CH2 Error Callback ID
1376:Drivers/STM32G0xx_HAL_Driver/Src/stm32g0xx_hal_dac.c ****   *          @arg @ref HAL_DAC_CH2_UNDERRUN_CB_ID          DAC CH2 UnderRun Callback ID
1377:Drivers/STM32G0xx_HAL_Driver/Src/stm32g0xx_hal_dac.c ****   *          @arg @ref HAL_DAC_MSPINIT_CB_ID               DAC MSP Init Callback ID
1378:Drivers/STM32G0xx_HAL_Driver/Src/stm32g0xx_hal_dac.c ****   *          @arg @ref HAL_DAC_MSPDEINIT_CB_ID             DAC MSP DeInit Callback ID
1379:Drivers/STM32G0xx_HAL_Driver/Src/stm32g0xx_hal_dac.c ****   *          @arg @ref HAL_DAC_ALL_CB_ID                   DAC All callbacks
1380:Drivers/STM32G0xx_HAL_Driver/Src/stm32g0xx_hal_dac.c ****   * @retval status
1381:Drivers/STM32G0xx_HAL_Driver/Src/stm32g0xx_hal_dac.c ****   */
1382:Drivers/STM32G0xx_HAL_Driver/Src/stm32g0xx_hal_dac.c **** HAL_StatusTypeDef HAL_DAC_UnRegisterCallback(DAC_HandleTypeDef *hdac, HAL_DAC_CallbackIDTypeDef Cal
1383:Drivers/STM32G0xx_HAL_Driver/Src/stm32g0xx_hal_dac.c **** {
1384:Drivers/STM32G0xx_HAL_Driver/Src/stm32g0xx_hal_dac.c ****   HAL_StatusTypeDef status = HAL_OK;
1385:Drivers/STM32G0xx_HAL_Driver/Src/stm32g0xx_hal_dac.c **** 
1386:Drivers/STM32G0xx_HAL_Driver/Src/stm32g0xx_hal_dac.c ****   /* Check the DAC peripheral handle */
1387:Drivers/STM32G0xx_HAL_Driver/Src/stm32g0xx_hal_dac.c ****   if (hdac == NULL)
1388:Drivers/STM32G0xx_HAL_Driver/Src/stm32g0xx_hal_dac.c ****   {
1389:Drivers/STM32G0xx_HAL_Driver/Src/stm32g0xx_hal_dac.c ****     return HAL_ERROR;
1390:Drivers/STM32G0xx_HAL_Driver/Src/stm32g0xx_hal_dac.c ****   }
1391:Drivers/STM32G0xx_HAL_Driver/Src/stm32g0xx_hal_dac.c **** 
1392:Drivers/STM32G0xx_HAL_Driver/Src/stm32g0xx_hal_dac.c ****   if (hdac->State == HAL_DAC_STATE_READY)
1393:Drivers/STM32G0xx_HAL_Driver/Src/stm32g0xx_hal_dac.c ****   {
1394:Drivers/STM32G0xx_HAL_Driver/Src/stm32g0xx_hal_dac.c ****     switch (CallbackID)
1395:Drivers/STM32G0xx_HAL_Driver/Src/stm32g0xx_hal_dac.c ****     {
1396:Drivers/STM32G0xx_HAL_Driver/Src/stm32g0xx_hal_dac.c ****       case HAL_DAC_CH1_COMPLETE_CB_ID :
1397:Drivers/STM32G0xx_HAL_Driver/Src/stm32g0xx_hal_dac.c ****         hdac->ConvCpltCallbackCh1 = HAL_DAC_ConvCpltCallbackCh1;
1398:Drivers/STM32G0xx_HAL_Driver/Src/stm32g0xx_hal_dac.c ****         break;
1399:Drivers/STM32G0xx_HAL_Driver/Src/stm32g0xx_hal_dac.c ****       case HAL_DAC_CH1_HALF_COMPLETE_CB_ID :
1400:Drivers/STM32G0xx_HAL_Driver/Src/stm32g0xx_hal_dac.c ****         hdac->ConvHalfCpltCallbackCh1 = HAL_DAC_ConvHalfCpltCallbackCh1;
1401:Drivers/STM32G0xx_HAL_Driver/Src/stm32g0xx_hal_dac.c ****         break;
1402:Drivers/STM32G0xx_HAL_Driver/Src/stm32g0xx_hal_dac.c ****       case HAL_DAC_CH1_ERROR_ID :
1403:Drivers/STM32G0xx_HAL_Driver/Src/stm32g0xx_hal_dac.c ****         hdac->ErrorCallbackCh1 = HAL_DAC_ErrorCallbackCh1;
1404:Drivers/STM32G0xx_HAL_Driver/Src/stm32g0xx_hal_dac.c ****         break;
1405:Drivers/STM32G0xx_HAL_Driver/Src/stm32g0xx_hal_dac.c ****       case HAL_DAC_CH1_UNDERRUN_CB_ID :
1406:Drivers/STM32G0xx_HAL_Driver/Src/stm32g0xx_hal_dac.c ****         hdac->DMAUnderrunCallbackCh1 = HAL_DAC_DMAUnderrunCallbackCh1;
1407:Drivers/STM32G0xx_HAL_Driver/Src/stm32g0xx_hal_dac.c ****         break;
1408:Drivers/STM32G0xx_HAL_Driver/Src/stm32g0xx_hal_dac.c **** 
1409:Drivers/STM32G0xx_HAL_Driver/Src/stm32g0xx_hal_dac.c ****       case HAL_DAC_CH2_COMPLETE_CB_ID :
1410:Drivers/STM32G0xx_HAL_Driver/Src/stm32g0xx_hal_dac.c ****         hdac->ConvCpltCallbackCh2 = HAL_DACEx_ConvCpltCallbackCh2;
1411:Drivers/STM32G0xx_HAL_Driver/Src/stm32g0xx_hal_dac.c ****         break;
1412:Drivers/STM32G0xx_HAL_Driver/Src/stm32g0xx_hal_dac.c ****       case HAL_DAC_CH2_HALF_COMPLETE_CB_ID :
1413:Drivers/STM32G0xx_HAL_Driver/Src/stm32g0xx_hal_dac.c ****         hdac->ConvHalfCpltCallbackCh2 = HAL_DACEx_ConvHalfCpltCallbackCh2;
1414:Drivers/STM32G0xx_HAL_Driver/Src/stm32g0xx_hal_dac.c ****         break;
1415:Drivers/STM32G0xx_HAL_Driver/Src/stm32g0xx_hal_dac.c ****       case HAL_DAC_CH2_ERROR_ID :
1416:Drivers/STM32G0xx_HAL_Driver/Src/stm32g0xx_hal_dac.c ****         hdac->ErrorCallbackCh2 = HAL_DACEx_ErrorCallbackCh2;
1417:Drivers/STM32G0xx_HAL_Driver/Src/stm32g0xx_hal_dac.c ****         break;
1418:Drivers/STM32G0xx_HAL_Driver/Src/stm32g0xx_hal_dac.c ****       case HAL_DAC_CH2_UNDERRUN_CB_ID :
1419:Drivers/STM32G0xx_HAL_Driver/Src/stm32g0xx_hal_dac.c ****         hdac->DMAUnderrunCallbackCh2 = HAL_DACEx_DMAUnderrunCallbackCh2;
1420:Drivers/STM32G0xx_HAL_Driver/Src/stm32g0xx_hal_dac.c ****         break;
1421:Drivers/STM32G0xx_HAL_Driver/Src/stm32g0xx_hal_dac.c **** 
1422:Drivers/STM32G0xx_HAL_Driver/Src/stm32g0xx_hal_dac.c ****       case HAL_DAC_MSPINIT_CB_ID :
1423:Drivers/STM32G0xx_HAL_Driver/Src/stm32g0xx_hal_dac.c ****         hdac->MspInitCallback = HAL_DAC_MspInit;
1424:Drivers/STM32G0xx_HAL_Driver/Src/stm32g0xx_hal_dac.c ****         break;
1425:Drivers/STM32G0xx_HAL_Driver/Src/stm32g0xx_hal_dac.c ****       case HAL_DAC_MSPDEINIT_CB_ID :
1426:Drivers/STM32G0xx_HAL_Driver/Src/stm32g0xx_hal_dac.c ****         hdac->MspDeInitCallback = HAL_DAC_MspDeInit;
1427:Drivers/STM32G0xx_HAL_Driver/Src/stm32g0xx_hal_dac.c ****         break;
1428:Drivers/STM32G0xx_HAL_Driver/Src/stm32g0xx_hal_dac.c ****       case HAL_DAC_ALL_CB_ID :
1429:Drivers/STM32G0xx_HAL_Driver/Src/stm32g0xx_hal_dac.c ****         hdac->ConvCpltCallbackCh1 = HAL_DAC_ConvCpltCallbackCh1;
1430:Drivers/STM32G0xx_HAL_Driver/Src/stm32g0xx_hal_dac.c ****         hdac->ConvHalfCpltCallbackCh1 = HAL_DAC_ConvHalfCpltCallbackCh1;
ARM GAS  C:\Users\a_hae\AppData\Local\Temp\cclBWf4m.s 			page 57


1431:Drivers/STM32G0xx_HAL_Driver/Src/stm32g0xx_hal_dac.c ****         hdac->ErrorCallbackCh1 = HAL_DAC_ErrorCallbackCh1;
1432:Drivers/STM32G0xx_HAL_Driver/Src/stm32g0xx_hal_dac.c ****         hdac->DMAUnderrunCallbackCh1 = HAL_DAC_DMAUnderrunCallbackCh1;
1433:Drivers/STM32G0xx_HAL_Driver/Src/stm32g0xx_hal_dac.c **** 
1434:Drivers/STM32G0xx_HAL_Driver/Src/stm32g0xx_hal_dac.c ****         hdac->ConvCpltCallbackCh2 = HAL_DACEx_ConvCpltCallbackCh2;
1435:Drivers/STM32G0xx_HAL_Driver/Src/stm32g0xx_hal_dac.c ****         hdac->ConvHalfCpltCallbackCh2 = HAL_DACEx_ConvHalfCpltCallbackCh2;
1436:Drivers/STM32G0xx_HAL_Driver/Src/stm32g0xx_hal_dac.c ****         hdac->ErrorCallbackCh2 = HAL_DACEx_ErrorCallbackCh2;
1437:Drivers/STM32G0xx_HAL_Driver/Src/stm32g0xx_hal_dac.c ****         hdac->DMAUnderrunCallbackCh2 = HAL_DACEx_DMAUnderrunCallbackCh2;
1438:Drivers/STM32G0xx_HAL_Driver/Src/stm32g0xx_hal_dac.c **** 
1439:Drivers/STM32G0xx_HAL_Driver/Src/stm32g0xx_hal_dac.c ****         hdac->MspInitCallback = HAL_DAC_MspInit;
1440:Drivers/STM32G0xx_HAL_Driver/Src/stm32g0xx_hal_dac.c ****         hdac->MspDeInitCallback = HAL_DAC_MspDeInit;
1441:Drivers/STM32G0xx_HAL_Driver/Src/stm32g0xx_hal_dac.c ****         break;
1442:Drivers/STM32G0xx_HAL_Driver/Src/stm32g0xx_hal_dac.c ****       default :
1443:Drivers/STM32G0xx_HAL_Driver/Src/stm32g0xx_hal_dac.c ****         /* Update the error code */
1444:Drivers/STM32G0xx_HAL_Driver/Src/stm32g0xx_hal_dac.c ****         hdac->ErrorCode |= HAL_DAC_ERROR_INVALID_CALLBACK;
1445:Drivers/STM32G0xx_HAL_Driver/Src/stm32g0xx_hal_dac.c ****         /* update return status */
1446:Drivers/STM32G0xx_HAL_Driver/Src/stm32g0xx_hal_dac.c ****         status =  HAL_ERROR;
1447:Drivers/STM32G0xx_HAL_Driver/Src/stm32g0xx_hal_dac.c ****         break;
1448:Drivers/STM32G0xx_HAL_Driver/Src/stm32g0xx_hal_dac.c ****     }
1449:Drivers/STM32G0xx_HAL_Driver/Src/stm32g0xx_hal_dac.c ****   }
1450:Drivers/STM32G0xx_HAL_Driver/Src/stm32g0xx_hal_dac.c ****   else if (hdac->State == HAL_DAC_STATE_RESET)
1451:Drivers/STM32G0xx_HAL_Driver/Src/stm32g0xx_hal_dac.c ****   {
1452:Drivers/STM32G0xx_HAL_Driver/Src/stm32g0xx_hal_dac.c ****     switch (CallbackID)
1453:Drivers/STM32G0xx_HAL_Driver/Src/stm32g0xx_hal_dac.c ****     {
1454:Drivers/STM32G0xx_HAL_Driver/Src/stm32g0xx_hal_dac.c ****       case HAL_DAC_MSPINIT_CB_ID :
1455:Drivers/STM32G0xx_HAL_Driver/Src/stm32g0xx_hal_dac.c ****         hdac->MspInitCallback = HAL_DAC_MspInit;
1456:Drivers/STM32G0xx_HAL_Driver/Src/stm32g0xx_hal_dac.c ****         break;
1457:Drivers/STM32G0xx_HAL_Driver/Src/stm32g0xx_hal_dac.c ****       case HAL_DAC_MSPDEINIT_CB_ID :
1458:Drivers/STM32G0xx_HAL_Driver/Src/stm32g0xx_hal_dac.c ****         hdac->MspDeInitCallback = HAL_DAC_MspDeInit;
1459:Drivers/STM32G0xx_HAL_Driver/Src/stm32g0xx_hal_dac.c ****         break;
1460:Drivers/STM32G0xx_HAL_Driver/Src/stm32g0xx_hal_dac.c ****       default :
1461:Drivers/STM32G0xx_HAL_Driver/Src/stm32g0xx_hal_dac.c ****         /* Update the error code */
1462:Drivers/STM32G0xx_HAL_Driver/Src/stm32g0xx_hal_dac.c ****         hdac->ErrorCode |= HAL_DAC_ERROR_INVALID_CALLBACK;
1463:Drivers/STM32G0xx_HAL_Driver/Src/stm32g0xx_hal_dac.c ****         /* update return status */
1464:Drivers/STM32G0xx_HAL_Driver/Src/stm32g0xx_hal_dac.c ****         status =  HAL_ERROR;
1465:Drivers/STM32G0xx_HAL_Driver/Src/stm32g0xx_hal_dac.c ****         break;
1466:Drivers/STM32G0xx_HAL_Driver/Src/stm32g0xx_hal_dac.c ****     }
1467:Drivers/STM32G0xx_HAL_Driver/Src/stm32g0xx_hal_dac.c ****   }
1468:Drivers/STM32G0xx_HAL_Driver/Src/stm32g0xx_hal_dac.c ****   else
1469:Drivers/STM32G0xx_HAL_Driver/Src/stm32g0xx_hal_dac.c ****   {
1470:Drivers/STM32G0xx_HAL_Driver/Src/stm32g0xx_hal_dac.c ****     /* Update the error code */
1471:Drivers/STM32G0xx_HAL_Driver/Src/stm32g0xx_hal_dac.c ****     hdac->ErrorCode |= HAL_DAC_ERROR_INVALID_CALLBACK;
1472:Drivers/STM32G0xx_HAL_Driver/Src/stm32g0xx_hal_dac.c ****     /* update return status */
1473:Drivers/STM32G0xx_HAL_Driver/Src/stm32g0xx_hal_dac.c ****     status =  HAL_ERROR;
1474:Drivers/STM32G0xx_HAL_Driver/Src/stm32g0xx_hal_dac.c ****   }
1475:Drivers/STM32G0xx_HAL_Driver/Src/stm32g0xx_hal_dac.c **** 
1476:Drivers/STM32G0xx_HAL_Driver/Src/stm32g0xx_hal_dac.c ****   return status;
1477:Drivers/STM32G0xx_HAL_Driver/Src/stm32g0xx_hal_dac.c **** }
1478:Drivers/STM32G0xx_HAL_Driver/Src/stm32g0xx_hal_dac.c **** #endif /* USE_HAL_DAC_REGISTER_CALLBACKS */
1479:Drivers/STM32G0xx_HAL_Driver/Src/stm32g0xx_hal_dac.c **** 
1480:Drivers/STM32G0xx_HAL_Driver/Src/stm32g0xx_hal_dac.c **** /**
1481:Drivers/STM32G0xx_HAL_Driver/Src/stm32g0xx_hal_dac.c ****   * @}
1482:Drivers/STM32G0xx_HAL_Driver/Src/stm32g0xx_hal_dac.c ****   */
1483:Drivers/STM32G0xx_HAL_Driver/Src/stm32g0xx_hal_dac.c **** 
1484:Drivers/STM32G0xx_HAL_Driver/Src/stm32g0xx_hal_dac.c **** /**
1485:Drivers/STM32G0xx_HAL_Driver/Src/stm32g0xx_hal_dac.c ****   * @}
1486:Drivers/STM32G0xx_HAL_Driver/Src/stm32g0xx_hal_dac.c ****   */
1487:Drivers/STM32G0xx_HAL_Driver/Src/stm32g0xx_hal_dac.c **** 
ARM GAS  C:\Users\a_hae\AppData\Local\Temp\cclBWf4m.s 			page 58


1488:Drivers/STM32G0xx_HAL_Driver/Src/stm32g0xx_hal_dac.c **** /** @addtogroup DAC_Private_Functions
1489:Drivers/STM32G0xx_HAL_Driver/Src/stm32g0xx_hal_dac.c ****   * @{
1490:Drivers/STM32G0xx_HAL_Driver/Src/stm32g0xx_hal_dac.c ****   */
1491:Drivers/STM32G0xx_HAL_Driver/Src/stm32g0xx_hal_dac.c **** 
1492:Drivers/STM32G0xx_HAL_Driver/Src/stm32g0xx_hal_dac.c **** /**
1493:Drivers/STM32G0xx_HAL_Driver/Src/stm32g0xx_hal_dac.c ****   * @brief  DMA conversion complete callback.
1494:Drivers/STM32G0xx_HAL_Driver/Src/stm32g0xx_hal_dac.c ****   * @param  hdma pointer to a DMA_HandleTypeDef structure that contains
1495:Drivers/STM32G0xx_HAL_Driver/Src/stm32g0xx_hal_dac.c ****   *                the configuration information for the specified DMA module.
1496:Drivers/STM32G0xx_HAL_Driver/Src/stm32g0xx_hal_dac.c ****   * @retval None
1497:Drivers/STM32G0xx_HAL_Driver/Src/stm32g0xx_hal_dac.c ****   */
1498:Drivers/STM32G0xx_HAL_Driver/Src/stm32g0xx_hal_dac.c **** void DAC_DMAConvCpltCh1(DMA_HandleTypeDef *hdma)
1499:Drivers/STM32G0xx_HAL_Driver/Src/stm32g0xx_hal_dac.c **** {
 1794              		.loc 1 1499 1
 1795              		.cfi_startproc
 1796              		@ args = 0, pretend = 0, frame = 16
 1797              		@ frame_needed = 1, uses_anonymous_args = 0
 1798 0000 80B5     		push	{r7, lr}
 1799              	.LCFI54:
 1800              		.cfi_def_cfa_offset 8
 1801              		.cfi_offset 7, -8
 1802              		.cfi_offset 14, -4
 1803 0002 84B0     		sub	sp, sp, #16
 1804              	.LCFI55:
 1805              		.cfi_def_cfa_offset 24
 1806 0004 00AF     		add	r7, sp, #0
 1807              	.LCFI56:
 1808              		.cfi_def_cfa_register 7
 1809 0006 7860     		str	r0, [r7, #4]
1500:Drivers/STM32G0xx_HAL_Driver/Src/stm32g0xx_hal_dac.c ****   DAC_HandleTypeDef *hdac = (DAC_HandleTypeDef *)((DMA_HandleTypeDef *)hdma)->Parent;
 1810              		.loc 1 1500 22
 1811 0008 7B68     		ldr	r3, [r7, #4]
 1812 000a 9B6A     		ldr	r3, [r3, #40]
 1813 000c FB60     		str	r3, [r7, #12]
1501:Drivers/STM32G0xx_HAL_Driver/Src/stm32g0xx_hal_dac.c **** 
1502:Drivers/STM32G0xx_HAL_Driver/Src/stm32g0xx_hal_dac.c **** #if (USE_HAL_DAC_REGISTER_CALLBACKS == 1)
1503:Drivers/STM32G0xx_HAL_Driver/Src/stm32g0xx_hal_dac.c ****   hdac->ConvCpltCallbackCh1(hdac);
1504:Drivers/STM32G0xx_HAL_Driver/Src/stm32g0xx_hal_dac.c **** #else
1505:Drivers/STM32G0xx_HAL_Driver/Src/stm32g0xx_hal_dac.c ****   HAL_DAC_ConvCpltCallbackCh1(hdac);
 1814              		.loc 1 1505 3
 1815 000e FB68     		ldr	r3, [r7, #12]
 1816 0010 1800     		movs	r0, r3
 1817 0012 FFF7FEFF 		bl	HAL_DAC_ConvCpltCallbackCh1
1506:Drivers/STM32G0xx_HAL_Driver/Src/stm32g0xx_hal_dac.c **** #endif /* USE_HAL_DAC_REGISTER_CALLBACKS */
1507:Drivers/STM32G0xx_HAL_Driver/Src/stm32g0xx_hal_dac.c **** 
1508:Drivers/STM32G0xx_HAL_Driver/Src/stm32g0xx_hal_dac.c ****   hdac->State = HAL_DAC_STATE_READY;
 1818              		.loc 1 1508 15
 1819 0016 FB68     		ldr	r3, [r7, #12]
 1820 0018 0122     		movs	r2, #1
 1821 001a 1A71     		strb	r2, [r3, #4]
1509:Drivers/STM32G0xx_HAL_Driver/Src/stm32g0xx_hal_dac.c **** }
 1822              		.loc 1 1509 1
 1823 001c C046     		nop
 1824 001e BD46     		mov	sp, r7
 1825 0020 04B0     		add	sp, sp, #16
 1826              		@ sp needed
 1827 0022 80BD     		pop	{r7, pc}
 1828              		.cfi_endproc
ARM GAS  C:\Users\a_hae\AppData\Local\Temp\cclBWf4m.s 			page 59


 1829              	.LFE381:
 1831              		.section	.text.DAC_DMAHalfConvCpltCh1,"ax",%progbits
 1832              		.align	1
 1833              		.global	DAC_DMAHalfConvCpltCh1
 1834              		.syntax unified
 1835              		.code	16
 1836              		.thumb_func
 1838              	DAC_DMAHalfConvCpltCh1:
 1839              	.LFB382:
1510:Drivers/STM32G0xx_HAL_Driver/Src/stm32g0xx_hal_dac.c **** 
1511:Drivers/STM32G0xx_HAL_Driver/Src/stm32g0xx_hal_dac.c **** /**
1512:Drivers/STM32G0xx_HAL_Driver/Src/stm32g0xx_hal_dac.c ****   * @brief  DMA half transfer complete callback.
1513:Drivers/STM32G0xx_HAL_Driver/Src/stm32g0xx_hal_dac.c ****   * @param  hdma pointer to a DMA_HandleTypeDef structure that contains
1514:Drivers/STM32G0xx_HAL_Driver/Src/stm32g0xx_hal_dac.c ****   *                the configuration information for the specified DMA module.
1515:Drivers/STM32G0xx_HAL_Driver/Src/stm32g0xx_hal_dac.c ****   * @retval None
1516:Drivers/STM32G0xx_HAL_Driver/Src/stm32g0xx_hal_dac.c ****   */
1517:Drivers/STM32G0xx_HAL_Driver/Src/stm32g0xx_hal_dac.c **** void DAC_DMAHalfConvCpltCh1(DMA_HandleTypeDef *hdma)
1518:Drivers/STM32G0xx_HAL_Driver/Src/stm32g0xx_hal_dac.c **** {
 1840              		.loc 1 1518 1
 1841              		.cfi_startproc
 1842              		@ args = 0, pretend = 0, frame = 16
 1843              		@ frame_needed = 1, uses_anonymous_args = 0
 1844 0000 80B5     		push	{r7, lr}
 1845              	.LCFI57:
 1846              		.cfi_def_cfa_offset 8
 1847              		.cfi_offset 7, -8
 1848              		.cfi_offset 14, -4
 1849 0002 84B0     		sub	sp, sp, #16
 1850              	.LCFI58:
 1851              		.cfi_def_cfa_offset 24
 1852 0004 00AF     		add	r7, sp, #0
 1853              	.LCFI59:
 1854              		.cfi_def_cfa_register 7
 1855 0006 7860     		str	r0, [r7, #4]
1519:Drivers/STM32G0xx_HAL_Driver/Src/stm32g0xx_hal_dac.c ****   DAC_HandleTypeDef *hdac = (DAC_HandleTypeDef *)((DMA_HandleTypeDef *)hdma)->Parent;
 1856              		.loc 1 1519 22
 1857 0008 7B68     		ldr	r3, [r7, #4]
 1858 000a 9B6A     		ldr	r3, [r3, #40]
 1859 000c FB60     		str	r3, [r7, #12]
1520:Drivers/STM32G0xx_HAL_Driver/Src/stm32g0xx_hal_dac.c ****   /* Conversion complete callback */
1521:Drivers/STM32G0xx_HAL_Driver/Src/stm32g0xx_hal_dac.c **** #if (USE_HAL_DAC_REGISTER_CALLBACKS == 1)
1522:Drivers/STM32G0xx_HAL_Driver/Src/stm32g0xx_hal_dac.c ****   hdac->ConvHalfCpltCallbackCh1(hdac);
1523:Drivers/STM32G0xx_HAL_Driver/Src/stm32g0xx_hal_dac.c **** #else
1524:Drivers/STM32G0xx_HAL_Driver/Src/stm32g0xx_hal_dac.c ****   HAL_DAC_ConvHalfCpltCallbackCh1(hdac);
 1860              		.loc 1 1524 3
 1861 000e FB68     		ldr	r3, [r7, #12]
 1862 0010 1800     		movs	r0, r3
 1863 0012 FFF7FEFF 		bl	HAL_DAC_ConvHalfCpltCallbackCh1
1525:Drivers/STM32G0xx_HAL_Driver/Src/stm32g0xx_hal_dac.c **** #endif  /* USE_HAL_DAC_REGISTER_CALLBACKS */
1526:Drivers/STM32G0xx_HAL_Driver/Src/stm32g0xx_hal_dac.c **** }
 1864              		.loc 1 1526 1
 1865 0016 C046     		nop
 1866 0018 BD46     		mov	sp, r7
 1867 001a 04B0     		add	sp, sp, #16
 1868              		@ sp needed
 1869 001c 80BD     		pop	{r7, pc}
 1870              		.cfi_endproc
ARM GAS  C:\Users\a_hae\AppData\Local\Temp\cclBWf4m.s 			page 60


 1871              	.LFE382:
 1873              		.section	.text.DAC_DMAErrorCh1,"ax",%progbits
 1874              		.align	1
 1875              		.global	DAC_DMAErrorCh1
 1876              		.syntax unified
 1877              		.code	16
 1878              		.thumb_func
 1880              	DAC_DMAErrorCh1:
 1881              	.LFB383:
1527:Drivers/STM32G0xx_HAL_Driver/Src/stm32g0xx_hal_dac.c **** 
1528:Drivers/STM32G0xx_HAL_Driver/Src/stm32g0xx_hal_dac.c **** /**
1529:Drivers/STM32G0xx_HAL_Driver/Src/stm32g0xx_hal_dac.c ****   * @brief  DMA error callback
1530:Drivers/STM32G0xx_HAL_Driver/Src/stm32g0xx_hal_dac.c ****   * @param  hdma pointer to a DMA_HandleTypeDef structure that contains
1531:Drivers/STM32G0xx_HAL_Driver/Src/stm32g0xx_hal_dac.c ****   *                the configuration information for the specified DMA module.
1532:Drivers/STM32G0xx_HAL_Driver/Src/stm32g0xx_hal_dac.c ****   * @retval None
1533:Drivers/STM32G0xx_HAL_Driver/Src/stm32g0xx_hal_dac.c ****   */
1534:Drivers/STM32G0xx_HAL_Driver/Src/stm32g0xx_hal_dac.c **** void DAC_DMAErrorCh1(DMA_HandleTypeDef *hdma)
1535:Drivers/STM32G0xx_HAL_Driver/Src/stm32g0xx_hal_dac.c **** {
 1882              		.loc 1 1535 1
 1883              		.cfi_startproc
 1884              		@ args = 0, pretend = 0, frame = 16
 1885              		@ frame_needed = 1, uses_anonymous_args = 0
 1886 0000 80B5     		push	{r7, lr}
 1887              	.LCFI60:
 1888              		.cfi_def_cfa_offset 8
 1889              		.cfi_offset 7, -8
 1890              		.cfi_offset 14, -4
 1891 0002 84B0     		sub	sp, sp, #16
 1892              	.LCFI61:
 1893              		.cfi_def_cfa_offset 24
 1894 0004 00AF     		add	r7, sp, #0
 1895              	.LCFI62:
 1896              		.cfi_def_cfa_register 7
 1897 0006 7860     		str	r0, [r7, #4]
1536:Drivers/STM32G0xx_HAL_Driver/Src/stm32g0xx_hal_dac.c ****   DAC_HandleTypeDef *hdac = (DAC_HandleTypeDef *)((DMA_HandleTypeDef *)hdma)->Parent;
 1898              		.loc 1 1536 22
 1899 0008 7B68     		ldr	r3, [r7, #4]
 1900 000a 9B6A     		ldr	r3, [r3, #40]
 1901 000c FB60     		str	r3, [r7, #12]
1537:Drivers/STM32G0xx_HAL_Driver/Src/stm32g0xx_hal_dac.c **** 
1538:Drivers/STM32G0xx_HAL_Driver/Src/stm32g0xx_hal_dac.c ****   /* Set DAC error code to DMA error */
1539:Drivers/STM32G0xx_HAL_Driver/Src/stm32g0xx_hal_dac.c ****   hdac->ErrorCode |= HAL_DAC_ERROR_DMA;
 1902              		.loc 1 1539 7
 1903 000e FB68     		ldr	r3, [r7, #12]
 1904 0010 1B69     		ldr	r3, [r3, #16]
 1905              		.loc 1 1539 19
 1906 0012 0422     		movs	r2, #4
 1907 0014 1A43     		orrs	r2, r3
 1908 0016 FB68     		ldr	r3, [r7, #12]
 1909 0018 1A61     		str	r2, [r3, #16]
1540:Drivers/STM32G0xx_HAL_Driver/Src/stm32g0xx_hal_dac.c **** 
1541:Drivers/STM32G0xx_HAL_Driver/Src/stm32g0xx_hal_dac.c **** #if (USE_HAL_DAC_REGISTER_CALLBACKS == 1)
1542:Drivers/STM32G0xx_HAL_Driver/Src/stm32g0xx_hal_dac.c ****   hdac->ErrorCallbackCh1(hdac);
1543:Drivers/STM32G0xx_HAL_Driver/Src/stm32g0xx_hal_dac.c **** #else
1544:Drivers/STM32G0xx_HAL_Driver/Src/stm32g0xx_hal_dac.c ****   HAL_DAC_ErrorCallbackCh1(hdac);
 1910              		.loc 1 1544 3
 1911 001a FB68     		ldr	r3, [r7, #12]
ARM GAS  C:\Users\a_hae\AppData\Local\Temp\cclBWf4m.s 			page 61


 1912 001c 1800     		movs	r0, r3
 1913 001e FFF7FEFF 		bl	HAL_DAC_ErrorCallbackCh1
1545:Drivers/STM32G0xx_HAL_Driver/Src/stm32g0xx_hal_dac.c **** #endif /* USE_HAL_DAC_REGISTER_CALLBACKS */
1546:Drivers/STM32G0xx_HAL_Driver/Src/stm32g0xx_hal_dac.c **** 
1547:Drivers/STM32G0xx_HAL_Driver/Src/stm32g0xx_hal_dac.c ****   hdac->State = HAL_DAC_STATE_READY;
 1914              		.loc 1 1547 15
 1915 0022 FB68     		ldr	r3, [r7, #12]
 1916 0024 0122     		movs	r2, #1
 1917 0026 1A71     		strb	r2, [r3, #4]
1548:Drivers/STM32G0xx_HAL_Driver/Src/stm32g0xx_hal_dac.c **** }
 1918              		.loc 1 1548 1
 1919 0028 C046     		nop
 1920 002a BD46     		mov	sp, r7
 1921 002c 04B0     		add	sp, sp, #16
 1922              		@ sp needed
 1923 002e 80BD     		pop	{r7, pc}
 1924              		.cfi_endproc
 1925              	.LFE383:
 1927              		.text
 1928              	.Letext0:
 1929              		.file 2 "C:\\ST\\STM32CubeIDE_2.2.0\\STM32CubeIDE\\plugins\\com.st.stm32cube.ide.mcu.externaltools
 1930              		.file 3 "C:\\ST\\STM32CubeIDE_2.2.0\\STM32CubeIDE\\plugins\\com.st.stm32cube.ide.mcu.externaltools
 1931              		.file 4 "Drivers/CMSIS/Device/ST/STM32G0xx/Include/stm32g0b1xx.h"
 1932              		.file 5 "Drivers/STM32G0xx_HAL_Driver/Inc/stm32g0xx_hal_def.h"
 1933              		.file 6 "Drivers/STM32G0xx_HAL_Driver/Inc/stm32g0xx_hal_dma.h"
 1934              		.file 7 "Drivers/STM32G0xx_HAL_Driver/Inc/stm32g0xx_hal_dac.h"
 1935              		.file 8 "Drivers/STM32G0xx_HAL_Driver/Inc/stm32g0xx_hal_dac_ex.h"
 1936              		.file 9 "Drivers/STM32G0xx_HAL_Driver/Inc/stm32g0xx_ll_dma.h"
 1937              		.file 10 "Drivers/STM32G0xx_HAL_Driver/Inc/stm32g0xx_hal.h"
ARM GAS  C:\Users\a_hae\AppData\Local\Temp\cclBWf4m.s 			page 62


DEFINED SYMBOLS
                            *ABS*:00000000 stm32g0xx_hal_dac.c
C:\Users\a_hae\AppData\Local\Temp\cclBWf4m.s:19     .rodata.CHANNEL_OFFSET_TAB:00000000 $d
C:\Users\a_hae\AppData\Local\Temp\cclBWf4m.s:22     .rodata.CHANNEL_OFFSET_TAB:00000000 CHANNEL_OFFSET_TAB
C:\Users\a_hae\AppData\Local\Temp\cclBWf4m.s:25     .text.HAL_DAC_Init:00000000 $t
C:\Users\a_hae\AppData\Local\Temp\cclBWf4m.s:31     .text.HAL_DAC_Init:00000000 HAL_DAC_Init
C:\Users\a_hae\AppData\Local\Temp\cclBWf4m.s:169    .text.HAL_DAC_MspInit:00000000 HAL_DAC_MspInit
C:\Users\a_hae\AppData\Local\Temp\cclBWf4m.s:98     .text.HAL_DAC_DeInit:00000000 $t
C:\Users\a_hae\AppData\Local\Temp\cclBWf4m.s:104    .text.HAL_DAC_DeInit:00000000 HAL_DAC_DeInit
C:\Users\a_hae\AppData\Local\Temp\cclBWf4m.s:203    .text.HAL_DAC_MspDeInit:00000000 HAL_DAC_MspDeInit
C:\Users\a_hae\AppData\Local\Temp\cclBWf4m.s:163    .text.HAL_DAC_MspInit:00000000 $t
C:\Users\a_hae\AppData\Local\Temp\cclBWf4m.s:197    .text.HAL_DAC_MspDeInit:00000000 $t
C:\Users\a_hae\AppData\Local\Temp\cclBWf4m.s:231    .text.HAL_DAC_Start:00000000 $t
C:\Users\a_hae\AppData\Local\Temp\cclBWf4m.s:237    .text.HAL_DAC_Start:00000000 HAL_DAC_Start
C:\Users\a_hae\AppData\Local\Temp\cclBWf4m.s:372    .text.HAL_DAC_Stop:00000000 $t
C:\Users\a_hae\AppData\Local\Temp\cclBWf4m.s:378    .text.HAL_DAC_Stop:00000000 HAL_DAC_Stop
C:\Users\a_hae\AppData\Local\Temp\cclBWf4m.s:437    .text.HAL_DAC_Start_DMA:00000000 $t
C:\Users\a_hae\AppData\Local\Temp\cclBWf4m.s:443    .text.HAL_DAC_Start_DMA:00000000 HAL_DAC_Start_DMA
C:\Users\a_hae\AppData\Local\Temp\cclBWf4m.s:726    .text.HAL_DAC_Start_DMA:00000180 $d
C:\Users\a_hae\AppData\Local\Temp\cclBWf4m.s:1792   .text.DAC_DMAConvCpltCh1:00000000 DAC_DMAConvCpltCh1
C:\Users\a_hae\AppData\Local\Temp\cclBWf4m.s:1838   .text.DAC_DMAHalfConvCpltCh1:00000000 DAC_DMAHalfConvCpltCh1
C:\Users\a_hae\AppData\Local\Temp\cclBWf4m.s:1880   .text.DAC_DMAErrorCh1:00000000 DAC_DMAErrorCh1
C:\Users\a_hae\AppData\Local\Temp\cclBWf4m.s:736    .text.HAL_DAC_Stop_DMA:00000000 $t
C:\Users\a_hae\AppData\Local\Temp\cclBWf4m.s:742    .text.HAL_DAC_Stop_DMA:00000000 HAL_DAC_Stop_DMA
C:\Users\a_hae\AppData\Local\Temp\cclBWf4m.s:857    .text.HAL_DAC_Stop_DMA:0000009c $d
C:\Users\a_hae\AppData\Local\Temp\cclBWf4m.s:863    .text.HAL_DAC_IRQHandler:00000000 $t
C:\Users\a_hae\AppData\Local\Temp\cclBWf4m.s:869    .text.HAL_DAC_IRQHandler:00000000 HAL_DAC_IRQHandler
C:\Users\a_hae\AppData\Local\Temp\cclBWf4m.s:1192   .text.HAL_DAC_DMAUnderrunCallbackCh1:00000000 HAL_DAC_DMAUnderrunCallbackCh1
C:\Users\a_hae\AppData\Local\Temp\cclBWf4m.s:998    .text.HAL_DAC_IRQHandler:000000b0 $d
C:\Users\a_hae\AppData\Local\Temp\cclBWf4m.s:1004   .text.HAL_DAC_SetValue:00000000 $t
C:\Users\a_hae\AppData\Local\Temp\cclBWf4m.s:1010   .text.HAL_DAC_SetValue:00000000 HAL_DAC_SetValue
C:\Users\a_hae\AppData\Local\Temp\cclBWf4m.s:1084   .text.HAL_DAC_ConvCpltCallbackCh1:00000000 $t
C:\Users\a_hae\AppData\Local\Temp\cclBWf4m.s:1090   .text.HAL_DAC_ConvCpltCallbackCh1:00000000 HAL_DAC_ConvCpltCallbackCh1
C:\Users\a_hae\AppData\Local\Temp\cclBWf4m.s:1118   .text.HAL_DAC_ConvHalfCpltCallbackCh1:00000000 $t
C:\Users\a_hae\AppData\Local\Temp\cclBWf4m.s:1124   .text.HAL_DAC_ConvHalfCpltCallbackCh1:00000000 HAL_DAC_ConvHalfCpltCallbackCh1
C:\Users\a_hae\AppData\Local\Temp\cclBWf4m.s:1152   .text.HAL_DAC_ErrorCallbackCh1:00000000 $t
C:\Users\a_hae\AppData\Local\Temp\cclBWf4m.s:1158   .text.HAL_DAC_ErrorCallbackCh1:00000000 HAL_DAC_ErrorCallbackCh1
C:\Users\a_hae\AppData\Local\Temp\cclBWf4m.s:1186   .text.HAL_DAC_DMAUnderrunCallbackCh1:00000000 $t
C:\Users\a_hae\AppData\Local\Temp\cclBWf4m.s:1220   .text.HAL_DAC_GetValue:00000000 $t
C:\Users\a_hae\AppData\Local\Temp\cclBWf4m.s:1226   .text.HAL_DAC_GetValue:00000000 HAL_DAC_GetValue
C:\Users\a_hae\AppData\Local\Temp\cclBWf4m.s:1276   .text.HAL_DAC_ConfigChannel:00000000 $t
C:\Users\a_hae\AppData\Local\Temp\cclBWf4m.s:1282   .text.HAL_DAC_ConfigChannel:00000000 HAL_DAC_ConfigChannel
C:\Users\a_hae\AppData\Local\Temp\cclBWf4m.s:1705   .text.HAL_DAC_ConfigChannel:00000258 $d
C:\Users\a_hae\AppData\Local\Temp\cclBWf4m.s:1711   .text.HAL_DAC_GetState:00000000 $t
C:\Users\a_hae\AppData\Local\Temp\cclBWf4m.s:1717   .text.HAL_DAC_GetState:00000000 HAL_DAC_GetState
C:\Users\a_hae\AppData\Local\Temp\cclBWf4m.s:1749   .text.HAL_DAC_GetError:00000000 $t
C:\Users\a_hae\AppData\Local\Temp\cclBWf4m.s:1755   .text.HAL_DAC_GetError:00000000 HAL_DAC_GetError
C:\Users\a_hae\AppData\Local\Temp\cclBWf4m.s:1786   .text.DAC_DMAConvCpltCh1:00000000 $t
C:\Users\a_hae\AppData\Local\Temp\cclBWf4m.s:1832   .text.DAC_DMAHalfConvCpltCh1:00000000 $t
C:\Users\a_hae\AppData\Local\Temp\cclBWf4m.s:1874   .text.DAC_DMAErrorCh1:00000000 $t

UNDEFINED SYMBOLS
HAL_DMA_Start_IT
DAC_DMAConvCpltCh2
DAC_DMAHalfConvCpltCh2
DAC_DMAErrorCh2
HAL_DMA_Abort
ARM GAS  C:\Users\a_hae\AppData\Local\Temp\cclBWf4m.s 			page 63


HAL_DACEx_DMAUnderrunCallbackCh2
HAL_GetTick
